--
-- PostgreSQL database dump
--

SET statement_timeout = 0;
SET client_encoding = 'UTF8';
SET standard_conforming_strings = on;
SET check_function_bodies = false;
SET client_min_messages = warning;

--
-- Name: plpgsql; Type: EXTENSION; Schema: -; Owner: 
--

CREATE EXTENSION IF NOT EXISTS plpgsql WITH SCHEMA pg_catalog;


--
-- Name: EXTENSION plpgsql; Type: COMMENT; Schema: -; Owner: 
--

COMMENT ON EXTENSION plpgsql IS 'PL/pgSQL procedural language';


SET search_path = public, pg_catalog;

SET default_tablespace = '';

SET default_with_oids = false;

--
-- Name: auth_group; Type: TABLE; Schema: public; Owner: stas; Tablespace: 
--

CREATE TABLE auth_group (
    id integer NOT NULL,
    name character varying(80) NOT NULL
);


ALTER TABLE public.auth_group OWNER TO stas;

--
-- Name: auth_group_id_seq; Type: SEQUENCE; Schema: public; Owner: stas
--

CREATE SEQUENCE auth_group_id_seq
    START WITH 1
    INCREMENT BY 1
    NO MINVALUE
    NO MAXVALUE
    CACHE 1;


ALTER TABLE public.auth_group_id_seq OWNER TO stas;

--
-- Name: auth_group_id_seq; Type: SEQUENCE OWNED BY; Schema: public; Owner: stas
--

ALTER SEQUENCE auth_group_id_seq OWNED BY auth_group.id;


--
-- Name: auth_group_permissions; Type: TABLE; Schema: public; Owner: stas; Tablespace: 
--

CREATE TABLE auth_group_permissions (
    id integer NOT NULL,
    group_id integer NOT NULL,
    permission_id integer NOT NULL
);


ALTER TABLE public.auth_group_permissions OWNER TO stas;

--
-- Name: auth_group_permissions_id_seq; Type: SEQUENCE; Schema: public; Owner: stas
--

CREATE SEQUENCE auth_group_permissions_id_seq
    START WITH 1
    INCREMENT BY 1
    NO MINVALUE
    NO MAXVALUE
    CACHE 1;


ALTER TABLE public.auth_group_permissions_id_seq OWNER TO stas;

--
-- Name: auth_group_permissions_id_seq; Type: SEQUENCE OWNED BY; Schema: public; Owner: stas
--

ALTER SEQUENCE auth_group_permissions_id_seq OWNED BY auth_group_permissions.id;


--
-- Name: auth_permission; Type: TABLE; Schema: public; Owner: stas; Tablespace: 
--

CREATE TABLE auth_permission (
    id integer NOT NULL,
    name character varying(50) NOT NULL,
    content_type_id integer NOT NULL,
    codename character varying(100) NOT NULL
);


ALTER TABLE public.auth_permission OWNER TO stas;

--
-- Name: auth_permission_id_seq; Type: SEQUENCE; Schema: public; Owner: stas
--

CREATE SEQUENCE auth_permission_id_seq
    START WITH 1
    INCREMENT BY 1
    NO MINVALUE
    NO MAXVALUE
    CACHE 1;


ALTER TABLE public.auth_permission_id_seq OWNER TO stas;

--
-- Name: auth_permission_id_seq; Type: SEQUENCE OWNED BY; Schema: public; Owner: stas
--

ALTER SEQUENCE auth_permission_id_seq OWNED BY auth_permission.id;


--
-- Name: auth_user; Type: TABLE; Schema: public; Owner: stas; Tablespace: 
--

CREATE TABLE auth_user (
    id integer NOT NULL,
    password character varying(128) NOT NULL,
    last_login timestamp with time zone NOT NULL,
    is_superuser boolean NOT NULL,
    username character varying(30) NOT NULL,
    first_name character varying(30) NOT NULL,
    last_name character varying(30) NOT NULL,
    email character varying(75) NOT NULL,
    is_staff boolean NOT NULL,
    is_active boolean NOT NULL,
    date_joined timestamp with time zone NOT NULL
);


ALTER TABLE public.auth_user OWNER TO stas;

--
-- Name: auth_user_groups; Type: TABLE; Schema: public; Owner: stas; Tablespace: 
--

CREATE TABLE auth_user_groups (
    id integer NOT NULL,
    user_id integer NOT NULL,
    group_id integer NOT NULL
);


ALTER TABLE public.auth_user_groups OWNER TO stas;

--
-- Name: auth_user_groups_id_seq; Type: SEQUENCE; Schema: public; Owner: stas
--

CREATE SEQUENCE auth_user_groups_id_seq
    START WITH 1
    INCREMENT BY 1
    NO MINVALUE
    NO MAXVALUE
    CACHE 1;


ALTER TABLE public.auth_user_groups_id_seq OWNER TO stas;

--
-- Name: auth_user_groups_id_seq; Type: SEQUENCE OWNED BY; Schema: public; Owner: stas
--

ALTER SEQUENCE auth_user_groups_id_seq OWNED BY auth_user_groups.id;


--
-- Name: auth_user_id_seq; Type: SEQUENCE; Schema: public; Owner: stas
--

CREATE SEQUENCE auth_user_id_seq
    START WITH 1
    INCREMENT BY 1
    NO MINVALUE
    NO MAXVALUE
    CACHE 1;


ALTER TABLE public.auth_user_id_seq OWNER TO stas;

--
-- Name: auth_user_id_seq; Type: SEQUENCE OWNED BY; Schema: public; Owner: stas
--

ALTER SEQUENCE auth_user_id_seq OWNED BY auth_user.id;


--
-- Name: auth_user_user_permissions; Type: TABLE; Schema: public; Owner: stas; Tablespace: 
--

CREATE TABLE auth_user_user_permissions (
    id integer NOT NULL,
    user_id integer NOT NULL,
    permission_id integer NOT NULL
);


ALTER TABLE public.auth_user_user_permissions OWNER TO stas;

--
-- Name: auth_user_user_permissions_id_seq; Type: SEQUENCE; Schema: public; Owner: stas
--

CREATE SEQUENCE auth_user_user_permissions_id_seq
    START WITH 1
    INCREMENT BY 1
    NO MINVALUE
    NO MAXVALUE
    CACHE 1;


ALTER TABLE public.auth_user_user_permissions_id_seq OWNER TO stas;

--
-- Name: auth_user_user_permissions_id_seq; Type: SEQUENCE OWNED BY; Schema: public; Owner: stas
--

ALTER SEQUENCE auth_user_user_permissions_id_seq OWNED BY auth_user_user_permissions.id;


--
-- Name: custom_user_company; Type: TABLE; Schema: public; Owner: stas; Tablespace: 
--

CREATE TABLE custom_user_company (
    id integer NOT NULL,
    title character varying(200),
    city character varying(100) NOT NULL,
    site character varying(100) NOT NULL,
    social character varying(100) NOT NULL,
    icon character varying(100) NOT NULL
);


ALTER TABLE public.custom_user_company OWNER TO stas;

--
-- Name: custom_user_company_id_seq; Type: SEQUENCE; Schema: public; Owner: stas
--

CREATE SEQUENCE custom_user_company_id_seq
    START WITH 1
    INCREMENT BY 1
    NO MINVALUE
    NO MAXVALUE
    CACHE 1;


ALTER TABLE public.custom_user_company_id_seq OWNER TO stas;

--
-- Name: custom_user_company_id_seq; Type: SEQUENCE OWNED BY; Schema: public; Owner: stas
--

ALTER SEQUENCE custom_user_company_id_seq OWNED BY custom_user_company.id;


--
-- Name: custom_user_customuser; Type: TABLE; Schema: public; Owner: stas; Tablespace: 
--

CREATE TABLE custom_user_customuser (
    user_ptr_id integer NOT NULL,
    skype character varying(100),
    "position" character varying(200),
    phone character varying(200),
    department_id integer,
    photo character varying(100),
    company_id integer
);


ALTER TABLE public.custom_user_customuser OWNER TO stas;

--
-- Name: custom_user_customuser_access_to_products; Type: TABLE; Schema: public; Owner: stas; Tablespace: 
--

CREATE TABLE custom_user_customuser_access_to_products (
    id integer NOT NULL,
    customuser_id integer NOT NULL,
    monitoringproduct_id integer NOT NULL
);


ALTER TABLE public.custom_user_customuser_access_to_products OWNER TO stas;

--
-- Name: custom_user_customuser_access_to_products_id_seq; Type: SEQUENCE; Schema: public; Owner: stas
--

CREATE SEQUENCE custom_user_customuser_access_to_products_id_seq
    START WITH 1
    INCREMENT BY 1
    NO MINVALUE
    NO MAXVALUE
    CACHE 1;


ALTER TABLE public.custom_user_customuser_access_to_products_id_seq OWNER TO stas;

--
-- Name: custom_user_customuser_access_to_products_id_seq; Type: SEQUENCE OWNED BY; Schema: public; Owner: stas
--

ALTER SEQUENCE custom_user_customuser_access_to_products_id_seq OWNED BY custom_user_customuser_access_to_products.id;


--
-- Name: custom_user_customuser_project; Type: TABLE; Schema: public; Owner: stas; Tablespace: 
--

CREATE TABLE custom_user_customuser_project (
    id integer NOT NULL,
    customuser_id integer NOT NULL,
    project_id integer NOT NULL
);


ALTER TABLE public.custom_user_customuser_project OWNER TO stas;

--
-- Name: custom_user_customuser_project_id_seq; Type: SEQUENCE; Schema: public; Owner: stas
--

CREATE SEQUENCE custom_user_customuser_project_id_seq
    START WITH 1
    INCREMENT BY 1
    NO MINVALUE
    NO MAXVALUE
    CACHE 1;


ALTER TABLE public.custom_user_customuser_project_id_seq OWNER TO stas;

--
-- Name: custom_user_customuser_project_id_seq; Type: SEQUENCE OWNED BY; Schema: public; Owner: stas
--

ALTER SEQUENCE custom_user_customuser_project_id_seq OWNED BY custom_user_customuser_project.id;


--
-- Name: custom_user_department; Type: TABLE; Schema: public; Owner: stas; Tablespace: 
--

CREATE TABLE custom_user_department (
    id integer NOT NULL,
    title character varying(200),
    company_id integer NOT NULL
);


ALTER TABLE public.custom_user_department OWNER TO stas;

--
-- Name: custom_user_department_id_seq; Type: SEQUENCE; Schema: public; Owner: stas
--

CREATE SEQUENCE custom_user_department_id_seq
    START WITH 1
    INCREMENT BY 1
    NO MINVALUE
    NO MAXVALUE
    CACHE 1;


ALTER TABLE public.custom_user_department_id_seq OWNER TO stas;

--
-- Name: custom_user_department_id_seq; Type: SEQUENCE OWNED BY; Schema: public; Owner: stas
--

ALTER SEQUENCE custom_user_department_id_seq OWNED BY custom_user_department.id;


--
-- Name: custom_user_productrating; Type: TABLE; Schema: public; Owner: stas; Tablespace: 
--

CREATE TABLE custom_user_productrating (
    id integer NOT NULL,
    quality integer,
    term integer,
    product_id integer NOT NULL,
    user_id integer NOT NULL,
    "time" timestamp with time zone NOT NULL,
    CONSTRAINT custom_user_productrating_quality_check CHECK ((quality >= 0)),
    CONSTRAINT custom_user_productrating_term_check CHECK ((term >= 0))
);


ALTER TABLE public.custom_user_productrating OWNER TO stas;

--
-- Name: custom_user_productrating_id_seq; Type: SEQUENCE; Schema: public; Owner: stas
--

CREATE SEQUENCE custom_user_productrating_id_seq
    START WITH 1
    INCREMENT BY 1
    NO MINVALUE
    NO MAXVALUE
    CACHE 1;


ALTER TABLE public.custom_user_productrating_id_seq OWNER TO stas;

--
-- Name: custom_user_productrating_id_seq; Type: SEQUENCE OWNED BY; Schema: public; Owner: stas
--

ALTER SEQUENCE custom_user_productrating_id_seq OWNED BY custom_user_productrating.id;


--
-- Name: custom_user_social; Type: TABLE; Schema: public; Owner: stas; Tablespace: 
--

CREATE TABLE custom_user_social (
    id integer NOT NULL,
    title character varying(200),
    link character varying(200),
    custom_user_id integer NOT NULL
);


ALTER TABLE public.custom_user_social OWNER TO stas;

--
-- Name: custom_user_social_id_seq; Type: SEQUENCE; Schema: public; Owner: stas
--

CREATE SEQUENCE custom_user_social_id_seq
    START WITH 1
    INCREMENT BY 1
    NO MINVALUE
    NO MAXVALUE
    CACHE 1;


ALTER TABLE public.custom_user_social_id_seq OWNER TO stas;

--
-- Name: custom_user_social_id_seq; Type: SEQUENCE OWNED BY; Schema: public; Owner: stas
--

ALTER SEQUENCE custom_user_social_id_seq OWNED BY custom_user_social.id;


--
-- Name: custom_user_useraplicationsettings; Type: TABLE; Schema: public; Owner: stas; Tablespace: 
--

CREATE TABLE custom_user_useraplicationsettings (
    id integer NOT NULL,
    settings text NOT NULL,
    user_id integer NOT NULL
);


ALTER TABLE public.custom_user_useraplicationsettings OWNER TO stas;

--
-- Name: custom_user_useraplicationsettings_id_seq; Type: SEQUENCE; Schema: public; Owner: stas
--

CREATE SEQUENCE custom_user_useraplicationsettings_id_seq
    START WITH 1
    INCREMENT BY 1
    NO MINVALUE
    NO MAXVALUE
    CACHE 1;


ALTER TABLE public.custom_user_useraplicationsettings_id_seq OWNER TO stas;

--
-- Name: custom_user_useraplicationsettings_id_seq; Type: SEQUENCE OWNED BY; Schema: public; Owner: stas
--

ALTER SEQUENCE custom_user_useraplicationsettings_id_seq OWNED BY custom_user_useraplicationsettings.id;


--
-- Name: django_admin_log; Type: TABLE; Schema: public; Owner: stas; Tablespace: 
--

CREATE TABLE django_admin_log (
    id integer NOT NULL,
    action_time timestamp with time zone NOT NULL,
    user_id integer NOT NULL,
    content_type_id integer,
    object_id text,
    object_repr character varying(200) NOT NULL,
    action_flag smallint NOT NULL,
    change_message text NOT NULL,
    CONSTRAINT django_admin_log_action_flag_check CHECK ((action_flag >= 0))
);


ALTER TABLE public.django_admin_log OWNER TO stas;

--
-- Name: django_admin_log_id_seq; Type: SEQUENCE; Schema: public; Owner: stas
--

CREATE SEQUENCE django_admin_log_id_seq
    START WITH 1
    INCREMENT BY 1
    NO MINVALUE
    NO MAXVALUE
    CACHE 1;


ALTER TABLE public.django_admin_log_id_seq OWNER TO stas;

--
-- Name: django_admin_log_id_seq; Type: SEQUENCE OWNED BY; Schema: public; Owner: stas
--

ALTER SEQUENCE django_admin_log_id_seq OWNED BY django_admin_log.id;


--
-- Name: django_content_type; Type: TABLE; Schema: public; Owner: stas; Tablespace: 
--

CREATE TABLE django_content_type (
    id integer NOT NULL,
    name character varying(100) NOT NULL,
    app_label character varying(100) NOT NULL,
    model character varying(100) NOT NULL
);


ALTER TABLE public.django_content_type OWNER TO stas;

--
-- Name: django_content_type_id_seq; Type: SEQUENCE; Schema: public; Owner: stas
--

CREATE SEQUENCE django_content_type_id_seq
    START WITH 1
    INCREMENT BY 1
    NO MINVALUE
    NO MAXVALUE
    CACHE 1;


ALTER TABLE public.django_content_type_id_seq OWNER TO stas;

--
-- Name: django_content_type_id_seq; Type: SEQUENCE OWNED BY; Schema: public; Owner: stas
--

ALTER SEQUENCE django_content_type_id_seq OWNED BY django_content_type.id;


--
-- Name: django_migrations; Type: TABLE; Schema: public; Owner: stas; Tablespace: 
--

CREATE TABLE django_migrations (
    id integer NOT NULL,
    app character varying(255) NOT NULL,
    name character varying(255) NOT NULL,
    applied timestamp with time zone NOT NULL
);


ALTER TABLE public.django_migrations OWNER TO stas;

--
-- Name: django_migrations_id_seq; Type: SEQUENCE; Schema: public; Owner: stas
--

CREATE SEQUENCE django_migrations_id_seq
    START WITH 1
    INCREMENT BY 1
    NO MINVALUE
    NO MAXVALUE
    CACHE 1;


ALTER TABLE public.django_migrations_id_seq OWNER TO stas;

--
-- Name: django_migrations_id_seq; Type: SEQUENCE OWNED BY; Schema: public; Owner: stas
--

ALTER SEQUENCE django_migrations_id_seq OWNED BY django_migrations.id;


--
-- Name: django_session; Type: TABLE; Schema: public; Owner: stas; Tablespace: 
--

CREATE TABLE django_session (
    session_key character varying(40) NOT NULL,
    session_data text NOT NULL,
    expire_date timestamp with time zone NOT NULL
);


ALTER TABLE public.django_session OWNER TO stas;

--
-- Name: django_site; Type: TABLE; Schema: public; Owner: stas; Tablespace: 
--

CREATE TABLE django_site (
    id integer NOT NULL,
    domain character varying(100) NOT NULL,
    name character varying(50) NOT NULL
);


ALTER TABLE public.django_site OWNER TO stas;

--
-- Name: django_site_id_seq; Type: SEQUENCE; Schema: public; Owner: stas
--

CREATE SEQUENCE django_site_id_seq
    START WITH 1
    INCREMENT BY 1
    NO MINVALUE
    NO MAXVALUE
    CACHE 1;


ALTER TABLE public.django_site_id_seq OWNER TO stas;

--
-- Name: django_site_id_seq; Type: SEQUENCE OWNED BY; Schema: public; Owner: stas
--

ALTER SEQUENCE django_site_id_seq OWNED BY django_site.id;


--
-- Name: guardian_groupobjectpermission; Type: TABLE; Schema: public; Owner: stas; Tablespace: 
--

CREATE TABLE guardian_groupobjectpermission (
    id integer NOT NULL,
    permission_id integer NOT NULL,
    content_type_id integer NOT NULL,
    object_pk character varying(255) NOT NULL,
    group_id integer NOT NULL
);


ALTER TABLE public.guardian_groupobjectpermission OWNER TO stas;

--
-- Name: guardian_groupobjectpermission_id_seq; Type: SEQUENCE; Schema: public; Owner: stas
--

CREATE SEQUENCE guardian_groupobjectpermission_id_seq
    START WITH 1
    INCREMENT BY 1
    NO MINVALUE
    NO MAXVALUE
    CACHE 1;


ALTER TABLE public.guardian_groupobjectpermission_id_seq OWNER TO stas;

--
-- Name: guardian_groupobjectpermission_id_seq; Type: SEQUENCE OWNED BY; Schema: public; Owner: stas
--

ALTER SEQUENCE guardian_groupobjectpermission_id_seq OWNED BY guardian_groupobjectpermission.id;


--
-- Name: guardian_userobjectpermission; Type: TABLE; Schema: public; Owner: stas; Tablespace: 
--

CREATE TABLE guardian_userobjectpermission (
    id integer NOT NULL,
    permission_id integer NOT NULL,
    content_type_id integer NOT NULL,
    object_pk character varying(255) NOT NULL,
    user_id integer NOT NULL
);


ALTER TABLE public.guardian_userobjectpermission OWNER TO stas;

--
-- Name: guardian_userobjectpermission_id_seq; Type: SEQUENCE; Schema: public; Owner: stas
--

CREATE SEQUENCE guardian_userobjectpermission_id_seq
    START WITH 1
    INCREMENT BY 1
    NO MINVALUE
    NO MAXVALUE
    CACHE 1;


ALTER TABLE public.guardian_userobjectpermission_id_seq OWNER TO stas;

--
-- Name: guardian_userobjectpermission_id_seq; Type: SEQUENCE OWNED BY; Schema: public; Owner: stas
--

ALTER SEQUENCE guardian_userobjectpermission_id_seq OWNED BY guardian_userobjectpermission.id;


--
-- Name: main_advertisementpromo; Type: TABLE; Schema: public; Owner: stas; Tablespace: 
--

CREATE TABLE main_advertisementpromo (
    id integer NOT NULL,
    title character varying(500),
    project_id integer
);


ALTER TABLE public.main_advertisementpromo OWNER TO stas;

--
-- Name: main_advertisementpromo_id_seq; Type: SEQUENCE; Schema: public; Owner: stas
--

CREATE SEQUENCE main_advertisementpromo_id_seq
    START WITH 1
    INCREMENT BY 1
    NO MINVALUE
    NO MAXVALUE
    CACHE 1;


ALTER TABLE public.main_advertisementpromo_id_seq OWNER TO stas;

--
-- Name: main_advertisementpromo_id_seq; Type: SEQUENCE OWNED BY; Schema: public; Owner: stas
--

ALTER SEQUENCE main_advertisementpromo_id_seq OWNED BY main_advertisementpromo.id;


--
-- Name: main_advertisementpromo_monitoring_product; Type: TABLE; Schema: public; Owner: stas; Tablespace: 
--

CREATE TABLE main_advertisementpromo_monitoring_product (
    id integer NOT NULL,
    advertisementpromo_id integer NOT NULL,
    monitoringproduct_id integer NOT NULL
);


ALTER TABLE public.main_advertisementpromo_monitoring_product OWNER TO stas;

--
-- Name: main_advertisementpromo_monitoring_product_id_seq; Type: SEQUENCE; Schema: public; Owner: stas
--

CREATE SEQUENCE main_advertisementpromo_monitoring_product_id_seq
    START WITH 1
    INCREMENT BY 1
    NO MINVALUE
    NO MAXVALUE
    CACHE 1;


ALTER TABLE public.main_advertisementpromo_monitoring_product_id_seq OWNER TO stas;

--
-- Name: main_advertisementpromo_monitoring_product_id_seq; Type: SEQUENCE OWNED BY; Schema: public; Owner: stas
--

ALTER SEQUENCE main_advertisementpromo_monitoring_product_id_seq OWNED BY main_advertisementpromo_monitoring_product.id;


--
-- Name: main_article; Type: TABLE; Schema: public; Owner: stas; Tablespace: 
--

CREATE TABLE main_article (
    id integer NOT NULL,
    project_id integer,
    date timestamp with time zone,
    date_upload timestamp with time zone,
    day_id integer,
    week_id integer,
    month_id integer,
    media_level_id integer,
    federal_district_id integer,
    region_id integer,
    country_id integer,
    media_view_id integer,
    media_list_id integer,
    media_category_id integer,
    material_genre_id integer,
    image_id integer,
    media_type_id integer,
    interaction_kind_id integer,
    penetration_id integer,
    visibility_id integer,
    macroregion_id integer,
    media_list_special_id integer,
    media_type_special_id integer,
    media_category_special_id integer,
    visibility_special_id integer,
    km_special_id integer,
    brand_or_product_id integer,
    speaker_quote_id integer,
    third_patry_speakers_id integer,
    headder_tonality_id integer,
    main_tonality_id integer,
    global_local_event_id integer,
    emotional_tone_material_id integer,
    emotional_tone_title_id integer,
    city_id integer,
    branch_id integer,
    url_id integer,
    author_id integer,
    source_id integer,
    title_id integer,
    annotation text,
    description text,
    bissines_direction_id integer,
    thematic_category_id integer,
    material_reason_id integer,
    id_press_release_id integer,
    km_result boolean NOT NULL,
    tag_id integer,
    duration_id integer,
    release_time time without time zone,
    cover double precision,
    infographics double precision,
    mo integer,
    category_id integer,
    edge_region_id integer
);


ALTER TABLE public.main_article OWNER TO stas;

--
-- Name: main_article_id_seq; Type: SEQUENCE; Schema: public; Owner: stas
--

CREATE SEQUENCE main_article_id_seq
    START WITH 1
    INCREMENT BY 1
    NO MINVALUE
    NO MAXVALUE
    CACHE 1;


ALTER TABLE public.main_article_id_seq OWNER TO stas;

--
-- Name: main_article_id_seq; Type: SEQUENCE OWNED BY; Schema: public; Owner: stas
--

ALTER SEQUENCE main_article_id_seq OWNED BY main_article.id;


--
-- Name: main_article_monitoring_product; Type: TABLE; Schema: public; Owner: stas; Tablespace: 
--

CREATE TABLE main_article_monitoring_product (
    id integer NOT NULL,
    article_id integer NOT NULL,
    monitoringproduct_id integer NOT NULL
);


ALTER TABLE public.main_article_monitoring_product OWNER TO stas;

--
-- Name: main_article_monitoring_product_id_seq; Type: SEQUENCE; Schema: public; Owner: stas
--

CREATE SEQUENCE main_article_monitoring_product_id_seq
    START WITH 1
    INCREMENT BY 1
    NO MINVALUE
    NO MAXVALUE
    CACHE 1;


ALTER TABLE public.main_article_monitoring_product_id_seq OWNER TO stas;

--
-- Name: main_article_monitoring_product_id_seq; Type: SEQUENCE OWNED BY; Schema: public; Owner: stas
--

ALTER SEQUENCE main_article_monitoring_product_id_seq OWNED BY main_article_monitoring_product.id;


--
-- Name: main_articletitle; Type: TABLE; Schema: public; Owner: stas; Tablespace: 
--

CREATE TABLE main_articletitle (
    id integer NOT NULL,
    title character varying(500),
    project_id integer
);


ALTER TABLE public.main_articletitle OWNER TO stas;

--
-- Name: main_articletitle_id_seq; Type: SEQUENCE; Schema: public; Owner: stas
--

CREATE SEQUENCE main_articletitle_id_seq
    START WITH 1
    INCREMENT BY 1
    NO MINVALUE
    NO MAXVALUE
    CACHE 1;


ALTER TABLE public.main_articletitle_id_seq OWNER TO stas;

--
-- Name: main_articletitle_id_seq; Type: SEQUENCE OWNED BY; Schema: public; Owner: stas
--

ALTER SEQUENCE main_articletitle_id_seq OWNED BY main_articletitle.id;


--
-- Name: main_articletitle_monitoring_product; Type: TABLE; Schema: public; Owner: stas; Tablespace: 
--

CREATE TABLE main_articletitle_monitoring_product (
    id integer NOT NULL,
    articletitle_id integer NOT NULL,
    monitoringproduct_id integer NOT NULL
);


ALTER TABLE public.main_articletitle_monitoring_product OWNER TO stas;

--
-- Name: main_articletitle_monitoring_product_id_seq; Type: SEQUENCE; Schema: public; Owner: stas
--

CREATE SEQUENCE main_articletitle_monitoring_product_id_seq
    START WITH 1
    INCREMENT BY 1
    NO MINVALUE
    NO MAXVALUE
    CACHE 1;


ALTER TABLE public.main_articletitle_monitoring_product_id_seq OWNER TO stas;

--
-- Name: main_articletitle_monitoring_product_id_seq; Type: SEQUENCE OWNED BY; Schema: public; Owner: stas
--

ALTER SEQUENCE main_articletitle_monitoring_product_id_seq OWNED BY main_articletitle_monitoring_product.id;


--
-- Name: main_author; Type: TABLE; Schema: public; Owner: stas; Tablespace: 
--

CREATE TABLE main_author (
    id integer NOT NULL,
    title character varying(500),
    project_id integer
);


ALTER TABLE public.main_author OWNER TO stas;

--
-- Name: main_author_id_seq; Type: SEQUENCE; Schema: public; Owner: stas
--

CREATE SEQUENCE main_author_id_seq
    START WITH 1
    INCREMENT BY 1
    NO MINVALUE
    NO MAXVALUE
    CACHE 1;


ALTER TABLE public.main_author_id_seq OWNER TO stas;

--
-- Name: main_author_id_seq; Type: SEQUENCE OWNED BY; Schema: public; Owner: stas
--

ALTER SEQUENCE main_author_id_seq OWNED BY main_author.id;


--
-- Name: main_author_monitoring_product; Type: TABLE; Schema: public; Owner: stas; Tablespace: 
--

CREATE TABLE main_author_monitoring_product (
    id integer NOT NULL,
    author_id integer NOT NULL,
    monitoringproduct_id integer NOT NULL
);


ALTER TABLE public.main_author_monitoring_product OWNER TO stas;

--
-- Name: main_author_monitoring_product_id_seq; Type: SEQUENCE; Schema: public; Owner: stas
--

CREATE SEQUENCE main_author_monitoring_product_id_seq
    START WITH 1
    INCREMENT BY 1
    NO MINVALUE
    NO MAXVALUE
    CACHE 1;


ALTER TABLE public.main_author_monitoring_product_id_seq OWNER TO stas;

--
-- Name: main_author_monitoring_product_id_seq; Type: SEQUENCE OWNED BY; Schema: public; Owner: stas
--

ALTER SEQUENCE main_author_monitoring_product_id_seq OWNED BY main_author_monitoring_product.id;


--
-- Name: main_bissinesdirection; Type: TABLE; Schema: public; Owner: stas; Tablespace: 
--

CREATE TABLE main_bissinesdirection (
    id integer NOT NULL,
    title character varying(500),
    project_id integer
);


ALTER TABLE public.main_bissinesdirection OWNER TO stas;

--
-- Name: main_bissinesdirection_id_seq; Type: SEQUENCE; Schema: public; Owner: stas
--

CREATE SEQUENCE main_bissinesdirection_id_seq
    START WITH 1
    INCREMENT BY 1
    NO MINVALUE
    NO MAXVALUE
    CACHE 1;


ALTER TABLE public.main_bissinesdirection_id_seq OWNER TO stas;

--
-- Name: main_bissinesdirection_id_seq; Type: SEQUENCE OWNED BY; Schema: public; Owner: stas
--

ALTER SEQUENCE main_bissinesdirection_id_seq OWNED BY main_bissinesdirection.id;


--
-- Name: main_bissinesdirection_monitoring_product; Type: TABLE; Schema: public; Owner: stas; Tablespace: 
--

CREATE TABLE main_bissinesdirection_monitoring_product (
    id integer NOT NULL,
    bissinesdirection_id integer NOT NULL,
    monitoringproduct_id integer NOT NULL
);


ALTER TABLE public.main_bissinesdirection_monitoring_product OWNER TO stas;

--
-- Name: main_bissinesdirection_monitoring_product_id_seq; Type: SEQUENCE; Schema: public; Owner: stas
--

CREATE SEQUENCE main_bissinesdirection_monitoring_product_id_seq
    START WITH 1
    INCREMENT BY 1
    NO MINVALUE
    NO MAXVALUE
    CACHE 1;


ALTER TABLE public.main_bissinesdirection_monitoring_product_id_seq OWNER TO stas;

--
-- Name: main_bissinesdirection_monitoring_product_id_seq; Type: SEQUENCE OWNED BY; Schema: public; Owner: stas
--

ALTER SEQUENCE main_bissinesdirection_monitoring_product_id_seq OWNED BY main_bissinesdirection_monitoring_product.id;


--
-- Name: main_branch; Type: TABLE; Schema: public; Owner: stas; Tablespace: 
--

CREATE TABLE main_branch (
    id integer NOT NULL,
    title character varying(500),
    project_id integer
);


ALTER TABLE public.main_branch OWNER TO stas;

--
-- Name: main_branch_id_seq; Type: SEQUENCE; Schema: public; Owner: stas
--

CREATE SEQUENCE main_branch_id_seq
    START WITH 1
    INCREMENT BY 1
    NO MINVALUE
    NO MAXVALUE
    CACHE 1;


ALTER TABLE public.main_branch_id_seq OWNER TO stas;

--
-- Name: main_branch_id_seq; Type: SEQUENCE OWNED BY; Schema: public; Owner: stas
--

ALTER SEQUENCE main_branch_id_seq OWNED BY main_branch.id;


--
-- Name: main_branch_monitoring_product; Type: TABLE; Schema: public; Owner: stas; Tablespace: 
--

CREATE TABLE main_branch_monitoring_product (
    id integer NOT NULL,
    branch_id integer NOT NULL,
    monitoringproduct_id integer NOT NULL
);


ALTER TABLE public.main_branch_monitoring_product OWNER TO stas;

--
-- Name: main_branch_monitoring_product_id_seq; Type: SEQUENCE; Schema: public; Owner: stas
--

CREATE SEQUENCE main_branch_monitoring_product_id_seq
    START WITH 1
    INCREMENT BY 1
    NO MINVALUE
    NO MAXVALUE
    CACHE 1;


ALTER TABLE public.main_branch_monitoring_product_id_seq OWNER TO stas;

--
-- Name: main_branch_monitoring_product_id_seq; Type: SEQUENCE OWNED BY; Schema: public; Owner: stas
--

ALTER SEQUENCE main_branch_monitoring_product_id_seq OWNED BY main_branch_monitoring_product.id;


--
-- Name: main_brandorproduct; Type: TABLE; Schema: public; Owner: stas; Tablespace: 
--

CREATE TABLE main_brandorproduct (
    id integer NOT NULL,
    title character varying(500),
    project_id integer
);


ALTER TABLE public.main_brandorproduct OWNER TO stas;

--
-- Name: main_brandorproduct_id_seq; Type: SEQUENCE; Schema: public; Owner: stas
--

CREATE SEQUENCE main_brandorproduct_id_seq
    START WITH 1
    INCREMENT BY 1
    NO MINVALUE
    NO MAXVALUE
    CACHE 1;


ALTER TABLE public.main_brandorproduct_id_seq OWNER TO stas;

--
-- Name: main_brandorproduct_id_seq; Type: SEQUENCE OWNED BY; Schema: public; Owner: stas
--

ALTER SEQUENCE main_brandorproduct_id_seq OWNED BY main_brandorproduct.id;


--
-- Name: main_brandorproduct_monitoring_product; Type: TABLE; Schema: public; Owner: stas; Tablespace: 
--

CREATE TABLE main_brandorproduct_monitoring_product (
    id integer NOT NULL,
    brandorproduct_id integer NOT NULL,
    monitoringproduct_id integer NOT NULL
);


ALTER TABLE public.main_brandorproduct_monitoring_product OWNER TO stas;

--
-- Name: main_brandorproduct_monitoring_product_id_seq; Type: SEQUENCE; Schema: public; Owner: stas
--

CREATE SEQUENCE main_brandorproduct_monitoring_product_id_seq
    START WITH 1
    INCREMENT BY 1
    NO MINVALUE
    NO MAXVALUE
    CACHE 1;


ALTER TABLE public.main_brandorproduct_monitoring_product_id_seq OWNER TO stas;

--
-- Name: main_brandorproduct_monitoring_product_id_seq; Type: SEQUENCE OWNED BY; Schema: public; Owner: stas
--

ALTER SEQUENCE main_brandorproduct_monitoring_product_id_seq OWNED BY main_brandorproduct_monitoring_product.id;


--
-- Name: main_category; Type: TABLE; Schema: public; Owner: stas; Tablespace: 
--

CREATE TABLE main_category (
    id integer NOT NULL,
    parent_id integer,
    title character varying(200),
    project_id integer,
    lft integer NOT NULL,
    rght integer NOT NULL,
    tree_id integer NOT NULL,
    level integer NOT NULL,
    CONSTRAINT main_category_level_check CHECK ((level >= 0)),
    CONSTRAINT main_category_lft_check CHECK ((lft >= 0)),
    CONSTRAINT main_category_rght_check CHECK ((rght >= 0)),
    CONSTRAINT main_category_tree_id_check CHECK ((tree_id >= 0))
);


ALTER TABLE public.main_category OWNER TO stas;

--
-- Name: main_category_id_seq; Type: SEQUENCE; Schema: public; Owner: stas
--

CREATE SEQUENCE main_category_id_seq
    START WITH 1
    INCREMENT BY 1
    NO MINVALUE
    NO MAXVALUE
    CACHE 1;


ALTER TABLE public.main_category_id_seq OWNER TO stas;

--
-- Name: main_category_id_seq; Type: SEQUENCE OWNED BY; Schema: public; Owner: stas
--

ALTER SEQUENCE main_category_id_seq OWNED BY main_category.id;


--
-- Name: main_category_monitoring_product; Type: TABLE; Schema: public; Owner: stas; Tablespace: 
--

CREATE TABLE main_category_monitoring_product (
    id integer NOT NULL,
    category_id integer NOT NULL,
    monitoringproduct_id integer NOT NULL
);


ALTER TABLE public.main_category_monitoring_product OWNER TO stas;

--
-- Name: main_category_monitoring_product_id_seq; Type: SEQUENCE; Schema: public; Owner: stas
--

CREATE SEQUENCE main_category_monitoring_product_id_seq
    START WITH 1
    INCREMENT BY 1
    NO MINVALUE
    NO MAXVALUE
    CACHE 1;


ALTER TABLE public.main_category_monitoring_product_id_seq OWNER TO stas;

--
-- Name: main_category_monitoring_product_id_seq; Type: SEQUENCE OWNED BY; Schema: public; Owner: stas
--

ALTER SEQUENCE main_category_monitoring_product_id_seq OWNED BY main_category_monitoring_product.id;


--
-- Name: main_city; Type: TABLE; Schema: public; Owner: stas; Tablespace: 
--

CREATE TABLE main_city (
    id integer NOT NULL,
    title character varying(500),
    project_id integer
);


ALTER TABLE public.main_city OWNER TO stas;

--
-- Name: main_city_id_seq; Type: SEQUENCE; Schema: public; Owner: stas
--

CREATE SEQUENCE main_city_id_seq
    START WITH 1
    INCREMENT BY 1
    NO MINVALUE
    NO MAXVALUE
    CACHE 1;


ALTER TABLE public.main_city_id_seq OWNER TO stas;

--
-- Name: main_city_id_seq; Type: SEQUENCE OWNED BY; Schema: public; Owner: stas
--

ALTER SEQUENCE main_city_id_seq OWNED BY main_city.id;


--
-- Name: main_city_monitoring_product; Type: TABLE; Schema: public; Owner: stas; Tablespace: 
--

CREATE TABLE main_city_monitoring_product (
    id integer NOT NULL,
    city_id integer NOT NULL,
    monitoringproduct_id integer NOT NULL
);


ALTER TABLE public.main_city_monitoring_product OWNER TO stas;

--
-- Name: main_city_monitoring_product_id_seq; Type: SEQUENCE; Schema: public; Owner: stas
--

CREATE SEQUENCE main_city_monitoring_product_id_seq
    START WITH 1
    INCREMENT BY 1
    NO MINVALUE
    NO MAXVALUE
    CACHE 1;


ALTER TABLE public.main_city_monitoring_product_id_seq OWNER TO stas;

--
-- Name: main_city_monitoring_product_id_seq; Type: SEQUENCE OWNED BY; Schema: public; Owner: stas
--

ALTER SEQUENCE main_city_monitoring_product_id_seq OWNED BY main_city_monitoring_product.id;


--
-- Name: main_clientproduct; Type: TABLE; Schema: public; Owner: stas; Tablespace: 
--

CREATE TABLE main_clientproduct (
    id integer NOT NULL,
    project_id integer NOT NULL
);


ALTER TABLE public.main_clientproduct OWNER TO stas;

--
-- Name: main_clientproduct_id_seq; Type: SEQUENCE; Schema: public; Owner: stas
--

CREATE SEQUENCE main_clientproduct_id_seq
    START WITH 1
    INCREMENT BY 1
    NO MINVALUE
    NO MAXVALUE
    CACHE 1;


ALTER TABLE public.main_clientproduct_id_seq OWNER TO stas;

--
-- Name: main_clientproduct_id_seq; Type: SEQUENCE OWNED BY; Schema: public; Owner: stas
--

ALTER SEQUENCE main_clientproduct_id_seq OWNED BY main_clientproduct.id;


--
-- Name: main_country; Type: TABLE; Schema: public; Owner: stas; Tablespace: 
--

CREATE TABLE main_country (
    id integer NOT NULL,
    title character varying(500),
    project_id integer
);


ALTER TABLE public.main_country OWNER TO stas;

--
-- Name: main_country_id_seq; Type: SEQUENCE; Schema: public; Owner: stas
--

CREATE SEQUENCE main_country_id_seq
    START WITH 1
    INCREMENT BY 1
    NO MINVALUE
    NO MAXVALUE
    CACHE 1;


ALTER TABLE public.main_country_id_seq OWNER TO stas;

--
-- Name: main_country_id_seq; Type: SEQUENCE OWNED BY; Schema: public; Owner: stas
--

ALTER SEQUENCE main_country_id_seq OWNED BY main_country.id;


--
-- Name: main_country_monitoring_product; Type: TABLE; Schema: public; Owner: stas; Tablespace: 
--

CREATE TABLE main_country_monitoring_product (
    id integer NOT NULL,
    country_id integer NOT NULL,
    monitoringproduct_id integer NOT NULL
);


ALTER TABLE public.main_country_monitoring_product OWNER TO stas;

--
-- Name: main_country_monitoring_product_id_seq; Type: SEQUENCE; Schema: public; Owner: stas
--

CREATE SEQUENCE main_country_monitoring_product_id_seq
    START WITH 1
    INCREMENT BY 1
    NO MINVALUE
    NO MAXVALUE
    CACHE 1;


ALTER TABLE public.main_country_monitoring_product_id_seq OWNER TO stas;

--
-- Name: main_country_monitoring_product_id_seq; Type: SEQUENCE OWNED BY; Schema: public; Owner: stas
--

ALTER SEQUENCE main_country_monitoring_product_id_seq OWNED BY main_country_monitoring_product.id;


--
-- Name: main_day; Type: TABLE; Schema: public; Owner: stas; Tablespace: 
--

CREATE TABLE main_day (
    id integer NOT NULL,
    title character varying(500),
    project_id integer
);


ALTER TABLE public.main_day OWNER TO stas;

--
-- Name: main_day_id_seq; Type: SEQUENCE; Schema: public; Owner: stas
--

CREATE SEQUENCE main_day_id_seq
    START WITH 1
    INCREMENT BY 1
    NO MINVALUE
    NO MAXVALUE
    CACHE 1;


ALTER TABLE public.main_day_id_seq OWNER TO stas;

--
-- Name: main_day_id_seq; Type: SEQUENCE OWNED BY; Schema: public; Owner: stas
--

ALTER SEQUENCE main_day_id_seq OWNED BY main_day.id;


--
-- Name: main_day_monitoring_product; Type: TABLE; Schema: public; Owner: stas; Tablespace: 
--

CREATE TABLE main_day_monitoring_product (
    id integer NOT NULL,
    day_id integer NOT NULL,
    monitoringproduct_id integer NOT NULL
);


ALTER TABLE public.main_day_monitoring_product OWNER TO stas;

--
-- Name: main_day_monitoring_product_id_seq; Type: SEQUENCE; Schema: public; Owner: stas
--

CREATE SEQUENCE main_day_monitoring_product_id_seq
    START WITH 1
    INCREMENT BY 1
    NO MINVALUE
    NO MAXVALUE
    CACHE 1;


ALTER TABLE public.main_day_monitoring_product_id_seq OWNER TO stas;

--
-- Name: main_day_monitoring_product_id_seq; Type: SEQUENCE OWNED BY; Schema: public; Owner: stas
--

ALTER SEQUENCE main_day_monitoring_product_id_seq OWNED BY main_day_monitoring_product.id;


--
-- Name: main_directorycategory; Type: TABLE; Schema: public; Owner: stas; Tablespace: 
--

CREATE TABLE main_directorycategory (
    id integer NOT NULL,
    parent_id integer,
    title character varying(200),
    lft integer NOT NULL,
    rght integer NOT NULL,
    tree_id integer NOT NULL,
    level integer NOT NULL,
    text text,
    index_sort integer NOT NULL
);


ALTER TABLE public.main_directorycategory OWNER TO stas;

--
-- Name: main_directorycategory_id_seq; Type: SEQUENCE; Schema: public; Owner: stas
--

CREATE SEQUENCE main_directorycategory_id_seq
    START WITH 1
    INCREMENT BY 1
    NO MINVALUE
    NO MAXVALUE
    CACHE 1;


ALTER TABLE public.main_directorycategory_id_seq OWNER TO stas;

--
-- Name: main_directorycategory_id_seq; Type: SEQUENCE OWNED BY; Schema: public; Owner: stas
--

ALTER SEQUENCE main_directorycategory_id_seq OWNED BY main_directorycategory.id;


--
-- Name: main_duration; Type: TABLE; Schema: public; Owner: stas; Tablespace: 
--

CREATE TABLE main_duration (
    id integer NOT NULL,
    title character varying(500),
    project_id integer
);


ALTER TABLE public.main_duration OWNER TO stas;

--
-- Name: main_duration_id_seq; Type: SEQUENCE; Schema: public; Owner: stas
--

CREATE SEQUENCE main_duration_id_seq
    START WITH 1
    INCREMENT BY 1
    NO MINVALUE
    NO MAXVALUE
    CACHE 1;


ALTER TABLE public.main_duration_id_seq OWNER TO stas;

--
-- Name: main_duration_id_seq; Type: SEQUENCE OWNED BY; Schema: public; Owner: stas
--

ALTER SEQUENCE main_duration_id_seq OWNED BY main_duration.id;


--
-- Name: main_duration_monitoring_product; Type: TABLE; Schema: public; Owner: stas; Tablespace: 
--

CREATE TABLE main_duration_monitoring_product (
    id integer NOT NULL,
    duration_id integer NOT NULL,
    monitoringproduct_id integer NOT NULL
);


ALTER TABLE public.main_duration_monitoring_product OWNER TO stas;

--
-- Name: main_duration_monitoring_product_id_seq; Type: SEQUENCE; Schema: public; Owner: stas
--

CREATE SEQUENCE main_duration_monitoring_product_id_seq
    START WITH 1
    INCREMENT BY 1
    NO MINVALUE
    NO MAXVALUE
    CACHE 1;


ALTER TABLE public.main_duration_monitoring_product_id_seq OWNER TO stas;

--
-- Name: main_duration_monitoring_product_id_seq; Type: SEQUENCE OWNED BY; Schema: public; Owner: stas
--

ALTER SEQUENCE main_duration_monitoring_product_id_seq OWNED BY main_duration_monitoring_product.id;


--
-- Name: main_edgeregion; Type: TABLE; Schema: public; Owner: stas; Tablespace: 
--

CREATE TABLE main_edgeregion (
    id integer NOT NULL,
    title character varying(500),
    project_id integer
);


ALTER TABLE public.main_edgeregion OWNER TO stas;

--
-- Name: main_edgeregion_id_seq; Type: SEQUENCE; Schema: public; Owner: stas
--

CREATE SEQUENCE main_edgeregion_id_seq
    START WITH 1
    INCREMENT BY 1
    NO MINVALUE
    NO MAXVALUE
    CACHE 1;


ALTER TABLE public.main_edgeregion_id_seq OWNER TO stas;

--
-- Name: main_edgeregion_id_seq; Type: SEQUENCE OWNED BY; Schema: public; Owner: stas
--

ALTER SEQUENCE main_edgeregion_id_seq OWNED BY main_edgeregion.id;


--
-- Name: main_edgeregion_monitoring_product; Type: TABLE; Schema: public; Owner: stas; Tablespace: 
--

CREATE TABLE main_edgeregion_monitoring_product (
    id integer NOT NULL,
    edgeregion_id integer NOT NULL,
    monitoringproduct_id integer NOT NULL
);


ALTER TABLE public.main_edgeregion_monitoring_product OWNER TO stas;

--
-- Name: main_edgeregion_monitoring_product_id_seq; Type: SEQUENCE; Schema: public; Owner: stas
--

CREATE SEQUENCE main_edgeregion_monitoring_product_id_seq
    START WITH 1
    INCREMENT BY 1
    NO MINVALUE
    NO MAXVALUE
    CACHE 1;


ALTER TABLE public.main_edgeregion_monitoring_product_id_seq OWNER TO stas;

--
-- Name: main_edgeregion_monitoring_product_id_seq; Type: SEQUENCE OWNED BY; Schema: public; Owner: stas
--

ALTER SEQUENCE main_edgeregion_monitoring_product_id_seq OWNED BY main_edgeregion_monitoring_product.id;


--
-- Name: main_emotionaltonematerial; Type: TABLE; Schema: public; Owner: stas; Tablespace: 
--

CREATE TABLE main_emotionaltonematerial (
    id integer NOT NULL,
    title character varying(500),
    project_id integer
);


ALTER TABLE public.main_emotionaltonematerial OWNER TO stas;

--
-- Name: main_emotionaltonematerial_id_seq; Type: SEQUENCE; Schema: public; Owner: stas
--

CREATE SEQUENCE main_emotionaltonematerial_id_seq
    START WITH 1
    INCREMENT BY 1
    NO MINVALUE
    NO MAXVALUE
    CACHE 1;


ALTER TABLE public.main_emotionaltonematerial_id_seq OWNER TO stas;

--
-- Name: main_emotionaltonematerial_id_seq; Type: SEQUENCE OWNED BY; Schema: public; Owner: stas
--

ALTER SEQUENCE main_emotionaltonematerial_id_seq OWNED BY main_emotionaltonematerial.id;


--
-- Name: main_emotionaltonematerial_monitoring_product; Type: TABLE; Schema: public; Owner: stas; Tablespace: 
--

CREATE TABLE main_emotionaltonematerial_monitoring_product (
    id integer NOT NULL,
    emotionaltonematerial_id integer NOT NULL,
    monitoringproduct_id integer NOT NULL
);


ALTER TABLE public.main_emotionaltonematerial_monitoring_product OWNER TO stas;

--
-- Name: main_emotionaltonematerial_monitoring_product_id_seq; Type: SEQUENCE; Schema: public; Owner: stas
--

CREATE SEQUENCE main_emotionaltonematerial_monitoring_product_id_seq
    START WITH 1
    INCREMENT BY 1
    NO MINVALUE
    NO MAXVALUE
    CACHE 1;


ALTER TABLE public.main_emotionaltonematerial_monitoring_product_id_seq OWNER TO stas;

--
-- Name: main_emotionaltonematerial_monitoring_product_id_seq; Type: SEQUENCE OWNED BY; Schema: public; Owner: stas
--

ALTER SEQUENCE main_emotionaltonematerial_monitoring_product_id_seq OWNED BY main_emotionaltonematerial_monitoring_product.id;


--
-- Name: main_emotionaltoneobject; Type: TABLE; Schema: public; Owner: stas; Tablespace: 
--

CREATE TABLE main_emotionaltoneobject (
    id integer NOT NULL,
    title character varying(500),
    project_id integer
);


ALTER TABLE public.main_emotionaltoneobject OWNER TO stas;

--
-- Name: main_emotionaltoneobject_id_seq; Type: SEQUENCE; Schema: public; Owner: stas
--

CREATE SEQUENCE main_emotionaltoneobject_id_seq
    START WITH 1
    INCREMENT BY 1
    NO MINVALUE
    NO MAXVALUE
    CACHE 1;


ALTER TABLE public.main_emotionaltoneobject_id_seq OWNER TO stas;

--
-- Name: main_emotionaltoneobject_id_seq; Type: SEQUENCE OWNED BY; Schema: public; Owner: stas
--

ALTER SEQUENCE main_emotionaltoneobject_id_seq OWNED BY main_emotionaltoneobject.id;


--
-- Name: main_emotionaltoneobject_monitoring_product; Type: TABLE; Schema: public; Owner: stas; Tablespace: 
--

CREATE TABLE main_emotionaltoneobject_monitoring_product (
    id integer NOT NULL,
    emotionaltoneobject_id integer NOT NULL,
    monitoringproduct_id integer NOT NULL
);


ALTER TABLE public.main_emotionaltoneobject_monitoring_product OWNER TO stas;

--
-- Name: main_emotionaltoneobject_monitoring_product_id_seq; Type: SEQUENCE; Schema: public; Owner: stas
--

CREATE SEQUENCE main_emotionaltoneobject_monitoring_product_id_seq
    START WITH 1
    INCREMENT BY 1
    NO MINVALUE
    NO MAXVALUE
    CACHE 1;


ALTER TABLE public.main_emotionaltoneobject_monitoring_product_id_seq OWNER TO stas;

--
-- Name: main_emotionaltoneobject_monitoring_product_id_seq; Type: SEQUENCE OWNED BY; Schema: public; Owner: stas
--

ALTER SEQUENCE main_emotionaltoneobject_monitoring_product_id_seq OWNED BY main_emotionaltoneobject_monitoring_product.id;


--
-- Name: main_emotionaltonetitle; Type: TABLE; Schema: public; Owner: stas; Tablespace: 
--

CREATE TABLE main_emotionaltonetitle (
    id integer NOT NULL,
    title character varying(500),
    project_id integer
);


ALTER TABLE public.main_emotionaltonetitle OWNER TO stas;

--
-- Name: main_emotionaltonetitle_id_seq; Type: SEQUENCE; Schema: public; Owner: stas
--

CREATE SEQUENCE main_emotionaltonetitle_id_seq
    START WITH 1
    INCREMENT BY 1
    NO MINVALUE
    NO MAXVALUE
    CACHE 1;


ALTER TABLE public.main_emotionaltonetitle_id_seq OWNER TO stas;

--
-- Name: main_emotionaltonetitle_id_seq; Type: SEQUENCE OWNED BY; Schema: public; Owner: stas
--

ALTER SEQUENCE main_emotionaltonetitle_id_seq OWNED BY main_emotionaltonetitle.id;


--
-- Name: main_emotionaltonetitle_monitoring_product; Type: TABLE; Schema: public; Owner: stas; Tablespace: 
--

CREATE TABLE main_emotionaltonetitle_monitoring_product (
    id integer NOT NULL,
    emotionaltonetitle_id integer NOT NULL,
    monitoringproduct_id integer NOT NULL
);


ALTER TABLE public.main_emotionaltonetitle_monitoring_product OWNER TO stas;

--
-- Name: main_emotionaltonetitle_monitoring_product_id_seq; Type: SEQUENCE; Schema: public; Owner: stas
--

CREATE SEQUENCE main_emotionaltonetitle_monitoring_product_id_seq
    START WITH 1
    INCREMENT BY 1
    NO MINVALUE
    NO MAXVALUE
    CACHE 1;


ALTER TABLE public.main_emotionaltonetitle_monitoring_product_id_seq OWNER TO stas;

--
-- Name: main_emotionaltonetitle_monitoring_product_id_seq; Type: SEQUENCE OWNED BY; Schema: public; Owner: stas
--

ALTER SEQUENCE main_emotionaltonetitle_monitoring_product_id_seq OWNED BY main_emotionaltonetitle_monitoring_product.id;


--
-- Name: main_emotionaltonetitleobject; Type: TABLE; Schema: public; Owner: stas; Tablespace: 
--

CREATE TABLE main_emotionaltonetitleobject (
    id integer NOT NULL,
    title character varying(500),
    project_id integer
);


ALTER TABLE public.main_emotionaltonetitleobject OWNER TO stas;

--
-- Name: main_emotionaltonetitleobject_id_seq; Type: SEQUENCE; Schema: public; Owner: stas
--

CREATE SEQUENCE main_emotionaltonetitleobject_id_seq
    START WITH 1
    INCREMENT BY 1
    NO MINVALUE
    NO MAXVALUE
    CACHE 1;


ALTER TABLE public.main_emotionaltonetitleobject_id_seq OWNER TO stas;

--
-- Name: main_emotionaltonetitleobject_id_seq; Type: SEQUENCE OWNED BY; Schema: public; Owner: stas
--

ALTER SEQUENCE main_emotionaltonetitleobject_id_seq OWNED BY main_emotionaltonetitleobject.id;


--
-- Name: main_emotionaltonetitleobject_monitoring_product; Type: TABLE; Schema: public; Owner: stas; Tablespace: 
--

CREATE TABLE main_emotionaltonetitleobject_monitoring_product (
    id integer NOT NULL,
    emotionaltonetitleobject_id integer NOT NULL,
    monitoringproduct_id integer NOT NULL
);


ALTER TABLE public.main_emotionaltonetitleobject_monitoring_product OWNER TO stas;

--
-- Name: main_emotionaltonetitleobject_monitoring_product_id_seq; Type: SEQUENCE; Schema: public; Owner: stas
--

CREATE SEQUENCE main_emotionaltonetitleobject_monitoring_product_id_seq
    START WITH 1
    INCREMENT BY 1
    NO MINVALUE
    NO MAXVALUE
    CACHE 1;


ALTER TABLE public.main_emotionaltonetitleobject_monitoring_product_id_seq OWNER TO stas;

--
-- Name: main_emotionaltonetitleobject_monitoring_product_id_seq; Type: SEQUENCE OWNED BY; Schema: public; Owner: stas
--

ALTER SEQUENCE main_emotionaltonetitleobject_monitoring_product_id_seq OWNED BY main_emotionaltonetitleobject_monitoring_product.id;


--
-- Name: main_federaldistrict; Type: TABLE; Schema: public; Owner: stas; Tablespace: 
--

CREATE TABLE main_federaldistrict (
    id integer NOT NULL,
    title character varying(500),
    project_id integer
);


ALTER TABLE public.main_federaldistrict OWNER TO stas;

--
-- Name: main_federaldistrict_id_seq; Type: SEQUENCE; Schema: public; Owner: stas
--

CREATE SEQUENCE main_federaldistrict_id_seq
    START WITH 1
    INCREMENT BY 1
    NO MINVALUE
    NO MAXVALUE
    CACHE 1;


ALTER TABLE public.main_federaldistrict_id_seq OWNER TO stas;

--
-- Name: main_federaldistrict_id_seq; Type: SEQUENCE OWNED BY; Schema: public; Owner: stas
--

ALTER SEQUENCE main_federaldistrict_id_seq OWNED BY main_federaldistrict.id;


--
-- Name: main_federaldistrict_monitoring_product; Type: TABLE; Schema: public; Owner: stas; Tablespace: 
--

CREATE TABLE main_federaldistrict_monitoring_product (
    id integer NOT NULL,
    federaldistrict_id integer NOT NULL,
    monitoringproduct_id integer NOT NULL
);


ALTER TABLE public.main_federaldistrict_monitoring_product OWNER TO stas;

--
-- Name: main_federaldistrict_monitoring_product_id_seq; Type: SEQUENCE; Schema: public; Owner: stas
--

CREATE SEQUENCE main_federaldistrict_monitoring_product_id_seq
    START WITH 1
    INCREMENT BY 1
    NO MINVALUE
    NO MAXVALUE
    CACHE 1;


ALTER TABLE public.main_federaldistrict_monitoring_product_id_seq OWNER TO stas;

--
-- Name: main_federaldistrict_monitoring_product_id_seq; Type: SEQUENCE OWNED BY; Schema: public; Owner: stas
--

ALTER SEQUENCE main_federaldistrict_monitoring_product_id_seq OWNED BY main_federaldistrict_monitoring_product.id;


--
-- Name: main_globallocalevent; Type: TABLE; Schema: public; Owner: stas; Tablespace: 
--

CREATE TABLE main_globallocalevent (
    id integer NOT NULL,
    title character varying(500),
    project_id integer
);


ALTER TABLE public.main_globallocalevent OWNER TO stas;

--
-- Name: main_globallocalevent_id_seq; Type: SEQUENCE; Schema: public; Owner: stas
--

CREATE SEQUENCE main_globallocalevent_id_seq
    START WITH 1
    INCREMENT BY 1
    NO MINVALUE
    NO MAXVALUE
    CACHE 1;


ALTER TABLE public.main_globallocalevent_id_seq OWNER TO stas;

--
-- Name: main_globallocalevent_id_seq; Type: SEQUENCE OWNED BY; Schema: public; Owner: stas
--

ALTER SEQUENCE main_globallocalevent_id_seq OWNED BY main_globallocalevent.id;


--
-- Name: main_globallocalevent_monitoring_product; Type: TABLE; Schema: public; Owner: stas; Tablespace: 
--

CREATE TABLE main_globallocalevent_monitoring_product (
    id integer NOT NULL,
    globallocalevent_id integer NOT NULL,
    monitoringproduct_id integer NOT NULL
);


ALTER TABLE public.main_globallocalevent_monitoring_product OWNER TO stas;

--
-- Name: main_globallocalevent_monitoring_product_id_seq; Type: SEQUENCE; Schema: public; Owner: stas
--

CREATE SEQUENCE main_globallocalevent_monitoring_product_id_seq
    START WITH 1
    INCREMENT BY 1
    NO MINVALUE
    NO MAXVALUE
    CACHE 1;


ALTER TABLE public.main_globallocalevent_monitoring_product_id_seq OWNER TO stas;

--
-- Name: main_globallocalevent_monitoring_product_id_seq; Type: SEQUENCE OWNED BY; Schema: public; Owner: stas
--

ALTER SEQUENCE main_globallocalevent_monitoring_product_id_seq OWNED BY main_globallocalevent_monitoring_product.id;


--
-- Name: main_hashtags; Type: TABLE; Schema: public; Owner: stas; Tablespace: 
--

CREATE TABLE main_hashtags (
    id integer NOT NULL,
    title character varying(200) NOT NULL,
    project_id integer NOT NULL,
    article_id integer NOT NULL
);


ALTER TABLE public.main_hashtags OWNER TO stas;

--
-- Name: main_hashtags_id_seq; Type: SEQUENCE; Schema: public; Owner: stas
--

CREATE SEQUENCE main_hashtags_id_seq
    START WITH 1
    INCREMENT BY 1
    NO MINVALUE
    NO MAXVALUE
    CACHE 1;


ALTER TABLE public.main_hashtags_id_seq OWNER TO stas;

--
-- Name: main_hashtags_id_seq; Type: SEQUENCE OWNED BY; Schema: public; Owner: stas
--

ALTER SEQUENCE main_hashtags_id_seq OWNED BY main_hashtags.id;


--
-- Name: main_hashtags_monitoring_product; Type: TABLE; Schema: public; Owner: stas; Tablespace: 
--

CREATE TABLE main_hashtags_monitoring_product (
    id integer NOT NULL,
    hashtags_id integer NOT NULL,
    monitoringproduct_id integer NOT NULL
);


ALTER TABLE public.main_hashtags_monitoring_product OWNER TO stas;

--
-- Name: main_hashtags_monitoring_product_id_seq; Type: SEQUENCE; Schema: public; Owner: stas
--

CREATE SEQUENCE main_hashtags_monitoring_product_id_seq
    START WITH 1
    INCREMENT BY 1
    NO MINVALUE
    NO MAXVALUE
    CACHE 1;


ALTER TABLE public.main_hashtags_monitoring_product_id_seq OWNER TO stas;

--
-- Name: main_hashtags_monitoring_product_id_seq; Type: SEQUENCE OWNED BY; Schema: public; Owner: stas
--

ALTER SEQUENCE main_hashtags_monitoring_product_id_seq OWNED BY main_hashtags_monitoring_product.id;


--
-- Name: main_headertonality; Type: TABLE; Schema: public; Owner: stas; Tablespace: 
--

CREATE TABLE main_headertonality (
    id integer NOT NULL,
    title character varying(500),
    project_id integer
);


ALTER TABLE public.main_headertonality OWNER TO stas;

--
-- Name: main_headertonality_id_seq; Type: SEQUENCE; Schema: public; Owner: stas
--

CREATE SEQUENCE main_headertonality_id_seq
    START WITH 1
    INCREMENT BY 1
    NO MINVALUE
    NO MAXVALUE
    CACHE 1;


ALTER TABLE public.main_headertonality_id_seq OWNER TO stas;

--
-- Name: main_headertonality_id_seq; Type: SEQUENCE OWNED BY; Schema: public; Owner: stas
--

ALTER SEQUENCE main_headertonality_id_seq OWNED BY main_headertonality.id;


--
-- Name: main_headertonality_monitoring_product; Type: TABLE; Schema: public; Owner: stas; Tablespace: 
--

CREATE TABLE main_headertonality_monitoring_product (
    id integer NOT NULL,
    headertonality_id integer NOT NULL,
    monitoringproduct_id integer NOT NULL
);


ALTER TABLE public.main_headertonality_monitoring_product OWNER TO stas;

--
-- Name: main_headertonality_monitoring_product_id_seq; Type: SEQUENCE; Schema: public; Owner: stas
--

CREATE SEQUENCE main_headertonality_monitoring_product_id_seq
    START WITH 1
    INCREMENT BY 1
    NO MINVALUE
    NO MAXVALUE
    CACHE 1;


ALTER TABLE public.main_headertonality_monitoring_product_id_seq OWNER TO stas;

--
-- Name: main_headertonality_monitoring_product_id_seq; Type: SEQUENCE OWNED BY; Schema: public; Owner: stas
--

ALTER SEQUENCE main_headertonality_monitoring_product_id_seq OWNED BY main_headertonality_monitoring_product.id;


--
-- Name: main_idpressrelease; Type: TABLE; Schema: public; Owner: stas; Tablespace: 
--

CREATE TABLE main_idpressrelease (
    id integer NOT NULL,
    title character varying(500),
    project_id integer
);


ALTER TABLE public.main_idpressrelease OWNER TO stas;

--
-- Name: main_idpressrelease_id_seq; Type: SEQUENCE; Schema: public; Owner: stas
--

CREATE SEQUENCE main_idpressrelease_id_seq
    START WITH 1
    INCREMENT BY 1
    NO MINVALUE
    NO MAXVALUE
    CACHE 1;


ALTER TABLE public.main_idpressrelease_id_seq OWNER TO stas;

--
-- Name: main_idpressrelease_id_seq; Type: SEQUENCE OWNED BY; Schema: public; Owner: stas
--

ALTER SEQUENCE main_idpressrelease_id_seq OWNED BY main_idpressrelease.id;


--
-- Name: main_idpressrelease_monitoring_product; Type: TABLE; Schema: public; Owner: stas; Tablespace: 
--

CREATE TABLE main_idpressrelease_monitoring_product (
    id integer NOT NULL,
    idpressrelease_id integer NOT NULL,
    monitoringproduct_id integer NOT NULL
);


ALTER TABLE public.main_idpressrelease_monitoring_product OWNER TO stas;

--
-- Name: main_idpressrelease_monitoring_product_id_seq; Type: SEQUENCE; Schema: public; Owner: stas
--

CREATE SEQUENCE main_idpressrelease_monitoring_product_id_seq
    START WITH 1
    INCREMENT BY 1
    NO MINVALUE
    NO MAXVALUE
    CACHE 1;


ALTER TABLE public.main_idpressrelease_monitoring_product_id_seq OWNER TO stas;

--
-- Name: main_idpressrelease_monitoring_product_id_seq; Type: SEQUENCE OWNED BY; Schema: public; Owner: stas
--

ALTER SEQUENCE main_idpressrelease_monitoring_product_id_seq OWNED BY main_idpressrelease_monitoring_product.id;


--
-- Name: main_image; Type: TABLE; Schema: public; Owner: stas; Tablespace: 
--

CREATE TABLE main_image (
    id integer NOT NULL,
    title character varying(500),
    project_id integer
);


ALTER TABLE public.main_image OWNER TO stas;

--
-- Name: main_image_id_seq; Type: SEQUENCE; Schema: public; Owner: stas
--

CREATE SEQUENCE main_image_id_seq
    START WITH 1
    INCREMENT BY 1
    NO MINVALUE
    NO MAXVALUE
    CACHE 1;


ALTER TABLE public.main_image_id_seq OWNER TO stas;

--
-- Name: main_image_id_seq; Type: SEQUENCE OWNED BY; Schema: public; Owner: stas
--

ALTER SEQUENCE main_image_id_seq OWNED BY main_image.id;


--
-- Name: main_image_monitoring_product; Type: TABLE; Schema: public; Owner: stas; Tablespace: 
--

CREATE TABLE main_image_monitoring_product (
    id integer NOT NULL,
    image_id integer NOT NULL,
    monitoringproduct_id integer NOT NULL
);


ALTER TABLE public.main_image_monitoring_product OWNER TO stas;

--
-- Name: main_image_monitoring_product_id_seq; Type: SEQUENCE; Schema: public; Owner: stas
--

CREATE SEQUENCE main_image_monitoring_product_id_seq
    START WITH 1
    INCREMENT BY 1
    NO MINVALUE
    NO MAXVALUE
    CACHE 1;


ALTER TABLE public.main_image_monitoring_product_id_seq OWNER TO stas;

--
-- Name: main_image_monitoring_product_id_seq; Type: SEQUENCE OWNED BY; Schema: public; Owner: stas
--

ALTER SEQUENCE main_image_monitoring_product_id_seq OWNED BY main_image_monitoring_product.id;


--
-- Name: main_importfile; Type: TABLE; Schema: public; Owner: stas; Tablespace: 
--

CREATE TABLE main_importfile (
    id integer NOT NULL,
    file_import character varying(100) NOT NULL,
    date timestamp with time zone NOT NULL,
    file_type character varying(200) NOT NULL,
    proccesing character varying(200),
    project_id integer
);


ALTER TABLE public.main_importfile OWNER TO stas;

--
-- Name: main_importfile_id_seq; Type: SEQUENCE; Schema: public; Owner: stas
--

CREATE SEQUENCE main_importfile_id_seq
    START WITH 1
    INCREMENT BY 1
    NO MINVALUE
    NO MAXVALUE
    CACHE 1;


ALTER TABLE public.main_importfile_id_seq OWNER TO stas;

--
-- Name: main_importfile_id_seq; Type: SEQUENCE OWNED BY; Schema: public; Owner: stas
--

ALTER SEQUENCE main_importfile_id_seq OWNED BY main_importfile.id;


--
-- Name: main_importfile_product; Type: TABLE; Schema: public; Owner: stas; Tablespace: 
--

CREATE TABLE main_importfile_product (
    id integer NOT NULL,
    importfile_id integer NOT NULL,
    monitoringproduct_id integer NOT NULL
);


ALTER TABLE public.main_importfile_product OWNER TO stas;

--
-- Name: main_importfile_product_id_seq; Type: SEQUENCE; Schema: public; Owner: stas
--

CREATE SEQUENCE main_importfile_product_id_seq
    START WITH 1
    INCREMENT BY 1
    NO MINVALUE
    NO MAXVALUE
    CACHE 1;


ALTER TABLE public.main_importfile_product_id_seq OWNER TO stas;

--
-- Name: main_importfile_product_id_seq; Type: SEQUENCE OWNED BY; Schema: public; Owner: stas
--

ALTER SEQUENCE main_importfile_product_id_seq OWNED BY main_importfile_product.id;


--
-- Name: main_inforeason; Type: TABLE; Schema: public; Owner: stas; Tablespace: 
--

CREATE TABLE main_inforeason (
    id integer NOT NULL,
    title character varying(500),
    project_id integer
);


ALTER TABLE public.main_inforeason OWNER TO stas;

--
-- Name: main_inforeason_id_seq; Type: SEQUENCE; Schema: public; Owner: stas
--

CREATE SEQUENCE main_inforeason_id_seq
    START WITH 1
    INCREMENT BY 1
    NO MINVALUE
    NO MAXVALUE
    CACHE 1;


ALTER TABLE public.main_inforeason_id_seq OWNER TO stas;

--
-- Name: main_inforeason_id_seq; Type: SEQUENCE OWNED BY; Schema: public; Owner: stas
--

ALTER SEQUENCE main_inforeason_id_seq OWNED BY main_inforeason.id;


--
-- Name: main_inforeason_monitoring_product; Type: TABLE; Schema: public; Owner: stas; Tablespace: 
--

CREATE TABLE main_inforeason_monitoring_product (
    id integer NOT NULL,
    inforeason_id integer NOT NULL,
    monitoringproduct_id integer NOT NULL
);


ALTER TABLE public.main_inforeason_monitoring_product OWNER TO stas;

--
-- Name: main_inforeason_monitoring_product_id_seq; Type: SEQUENCE; Schema: public; Owner: stas
--

CREATE SEQUENCE main_inforeason_monitoring_product_id_seq
    START WITH 1
    INCREMENT BY 1
    NO MINVALUE
    NO MAXVALUE
    CACHE 1;


ALTER TABLE public.main_inforeason_monitoring_product_id_seq OWNER TO stas;

--
-- Name: main_inforeason_monitoring_product_id_seq; Type: SEQUENCE OWNED BY; Schema: public; Owner: stas
--

ALTER SEQUENCE main_inforeason_monitoring_product_id_seq OWNED BY main_inforeason_monitoring_product.id;


--
-- Name: main_initiation; Type: TABLE; Schema: public; Owner: stas; Tablespace: 
--

CREATE TABLE main_initiation (
    id integer NOT NULL,
    title character varying(500),
    project_id integer
);


ALTER TABLE public.main_initiation OWNER TO stas;

--
-- Name: main_initiation_id_seq; Type: SEQUENCE; Schema: public; Owner: stas
--

CREATE SEQUENCE main_initiation_id_seq
    START WITH 1
    INCREMENT BY 1
    NO MINVALUE
    NO MAXVALUE
    CACHE 1;


ALTER TABLE public.main_initiation_id_seq OWNER TO stas;

--
-- Name: main_initiation_id_seq; Type: SEQUENCE OWNED BY; Schema: public; Owner: stas
--

ALTER SEQUENCE main_initiation_id_seq OWNED BY main_initiation.id;


--
-- Name: main_initiation_monitoring_product; Type: TABLE; Schema: public; Owner: stas; Tablespace: 
--

CREATE TABLE main_initiation_monitoring_product (
    id integer NOT NULL,
    initiation_id integer NOT NULL,
    monitoringproduct_id integer NOT NULL
);


ALTER TABLE public.main_initiation_monitoring_product OWNER TO stas;

--
-- Name: main_initiation_monitoring_product_id_seq; Type: SEQUENCE; Schema: public; Owner: stas
--

CREATE SEQUENCE main_initiation_monitoring_product_id_seq
    START WITH 1
    INCREMENT BY 1
    NO MINVALUE
    NO MAXVALUE
    CACHE 1;


ALTER TABLE public.main_initiation_monitoring_product_id_seq OWNER TO stas;

--
-- Name: main_initiation_monitoring_product_id_seq; Type: SEQUENCE OWNED BY; Schema: public; Owner: stas
--

ALTER SEQUENCE main_initiation_monitoring_product_id_seq OWNED BY main_initiation_monitoring_product.id;


--
-- Name: main_interactionkind; Type: TABLE; Schema: public; Owner: stas; Tablespace: 
--

CREATE TABLE main_interactionkind (
    id integer NOT NULL,
    title character varying(500),
    project_id integer
);


ALTER TABLE public.main_interactionkind OWNER TO stas;

--
-- Name: main_interactionkind_id_seq; Type: SEQUENCE; Schema: public; Owner: stas
--

CREATE SEQUENCE main_interactionkind_id_seq
    START WITH 1
    INCREMENT BY 1
    NO MINVALUE
    NO MAXVALUE
    CACHE 1;


ALTER TABLE public.main_interactionkind_id_seq OWNER TO stas;

--
-- Name: main_interactionkind_id_seq; Type: SEQUENCE OWNED BY; Schema: public; Owner: stas
--

ALTER SEQUENCE main_interactionkind_id_seq OWNED BY main_interactionkind.id;


--
-- Name: main_interactionkind_monitoring_product; Type: TABLE; Schema: public; Owner: stas; Tablespace: 
--

CREATE TABLE main_interactionkind_monitoring_product (
    id integer NOT NULL,
    interactionkind_id integer NOT NULL,
    monitoringproduct_id integer NOT NULL
);


ALTER TABLE public.main_interactionkind_monitoring_product OWNER TO stas;

--
-- Name: main_interactionkind_monitoring_product_id_seq; Type: SEQUENCE; Schema: public; Owner: stas
--

CREATE SEQUENCE main_interactionkind_monitoring_product_id_seq
    START WITH 1
    INCREMENT BY 1
    NO MINVALUE
    NO MAXVALUE
    CACHE 1;


ALTER TABLE public.main_interactionkind_monitoring_product_id_seq OWNER TO stas;

--
-- Name: main_interactionkind_monitoring_product_id_seq; Type: SEQUENCE OWNED BY; Schema: public; Owner: stas
--

ALTER SEQUENCE main_interactionkind_monitoring_product_id_seq OWNED BY main_interactionkind_monitoring_product.id;


--
-- Name: main_km; Type: TABLE; Schema: public; Owner: stas; Tablespace: 
--

CREATE TABLE main_km (
    id integer NOT NULL,
    title character varying(500),
    project_id integer,
    index_sort integer NOT NULL
);


ALTER TABLE public.main_km OWNER TO stas;

--
-- Name: main_km_id_seq; Type: SEQUENCE; Schema: public; Owner: stas
--

CREATE SEQUENCE main_km_id_seq
    START WITH 1
    INCREMENT BY 1
    NO MINVALUE
    NO MAXVALUE
    CACHE 1;


ALTER TABLE public.main_km_id_seq OWNER TO stas;

--
-- Name: main_km_id_seq; Type: SEQUENCE OWNED BY; Schema: public; Owner: stas
--

ALTER SEQUENCE main_km_id_seq OWNED BY main_km.id;


--
-- Name: main_km_monitoring_product; Type: TABLE; Schema: public; Owner: stas; Tablespace: 
--

CREATE TABLE main_km_monitoring_product (
    id integer NOT NULL,
    km_id integer NOT NULL,
    monitoringproduct_id integer NOT NULL
);


ALTER TABLE public.main_km_monitoring_product OWNER TO stas;

--
-- Name: main_km_monitoring_product_id_seq; Type: SEQUENCE; Schema: public; Owner: stas
--

CREATE SEQUENCE main_km_monitoring_product_id_seq
    START WITH 1
    INCREMENT BY 1
    NO MINVALUE
    NO MAXVALUE
    CACHE 1;


ALTER TABLE public.main_km_monitoring_product_id_seq OWNER TO stas;

--
-- Name: main_km_monitoring_product_id_seq; Type: SEQUENCE OWNED BY; Schema: public; Owner: stas
--

ALTER SEQUENCE main_km_monitoring_product_id_seq OWNED BY main_km_monitoring_product.id;


--
-- Name: main_kmkeyvalue; Type: TABLE; Schema: public; Owner: stas; Tablespace: 
--

CREATE TABLE main_kmkeyvalue (
    id integer NOT NULL,
    kay integer,
    value text,
    project_id integer
);


ALTER TABLE public.main_kmkeyvalue OWNER TO stas;

--
-- Name: main_kmkeyvalue_id_seq; Type: SEQUENCE; Schema: public; Owner: stas
--

CREATE SEQUENCE main_kmkeyvalue_id_seq
    START WITH 1
    INCREMENT BY 1
    NO MINVALUE
    NO MAXVALUE
    CACHE 1;


ALTER TABLE public.main_kmkeyvalue_id_seq OWNER TO stas;

--
-- Name: main_kmkeyvalue_id_seq; Type: SEQUENCE OWNED BY; Schema: public; Owner: stas
--

ALTER SEQUENCE main_kmkeyvalue_id_seq OWNED BY main_kmkeyvalue.id;


--
-- Name: main_kmkeyvalue_monitoring_product; Type: TABLE; Schema: public; Owner: stas; Tablespace: 
--

CREATE TABLE main_kmkeyvalue_monitoring_product (
    id integer NOT NULL,
    kmkeyvalue_id integer NOT NULL,
    monitoringproduct_id integer NOT NULL
);


ALTER TABLE public.main_kmkeyvalue_monitoring_product OWNER TO stas;

--
-- Name: main_kmkeyvalue_monitoring_product_id_seq; Type: SEQUENCE; Schema: public; Owner: stas
--

CREATE SEQUENCE main_kmkeyvalue_monitoring_product_id_seq
    START WITH 1
    INCREMENT BY 1
    NO MINVALUE
    NO MAXVALUE
    CACHE 1;


ALTER TABLE public.main_kmkeyvalue_monitoring_product_id_seq OWNER TO stas;

--
-- Name: main_kmkeyvalue_monitoring_product_id_seq; Type: SEQUENCE OWNED BY; Schema: public; Owner: stas
--

ALTER SEQUENCE main_kmkeyvalue_monitoring_product_id_seq OWNED BY main_kmkeyvalue_monitoring_product.id;


--
-- Name: main_kmmention; Type: TABLE; Schema: public; Owner: stas; Tablespace: 
--

CREATE TABLE main_kmmention (
    id integer NOT NULL,
    km_id integer,
    key_id integer,
    article_id integer,
    project_id integer
);


ALTER TABLE public.main_kmmention OWNER TO stas;

--
-- Name: main_kmmention_id_seq; Type: SEQUENCE; Schema: public; Owner: stas
--

CREATE SEQUENCE main_kmmention_id_seq
    START WITH 1
    INCREMENT BY 1
    NO MINVALUE
    NO MAXVALUE
    CACHE 1;


ALTER TABLE public.main_kmmention_id_seq OWNER TO stas;

--
-- Name: main_kmmention_id_seq; Type: SEQUENCE OWNED BY; Schema: public; Owner: stas
--

ALTER SEQUENCE main_kmmention_id_seq OWNED BY main_kmmention.id;


--
-- Name: main_kmmention_monitoring_product; Type: TABLE; Schema: public; Owner: stas; Tablespace: 
--

CREATE TABLE main_kmmention_monitoring_product (
    id integer NOT NULL,
    kmmention_id integer NOT NULL,
    monitoringproduct_id integer NOT NULL
);


ALTER TABLE public.main_kmmention_monitoring_product OWNER TO stas;

--
-- Name: main_kmmention_monitoring_product_id_seq; Type: SEQUENCE; Schema: public; Owner: stas
--

CREATE SEQUENCE main_kmmention_monitoring_product_id_seq
    START WITH 1
    INCREMENT BY 1
    NO MINVALUE
    NO MAXVALUE
    CACHE 1;


ALTER TABLE public.main_kmmention_monitoring_product_id_seq OWNER TO stas;

--
-- Name: main_kmmention_monitoring_product_id_seq; Type: SEQUENCE OWNED BY; Schema: public; Owner: stas
--

ALTER SEQUENCE main_kmmention_monitoring_product_id_seq OWNED BY main_kmmention_monitoring_product.id;


--
-- Name: main_kmspecial; Type: TABLE; Schema: public; Owner: stas; Tablespace: 
--

CREATE TABLE main_kmspecial (
    id integer NOT NULL,
    title character varying(500),
    project_id integer
);


ALTER TABLE public.main_kmspecial OWNER TO stas;

--
-- Name: main_kmspecial_id_seq; Type: SEQUENCE; Schema: public; Owner: stas
--

CREATE SEQUENCE main_kmspecial_id_seq
    START WITH 1
    INCREMENT BY 1
    NO MINVALUE
    NO MAXVALUE
    CACHE 1;


ALTER TABLE public.main_kmspecial_id_seq OWNER TO stas;

--
-- Name: main_kmspecial_id_seq; Type: SEQUENCE OWNED BY; Schema: public; Owner: stas
--

ALTER SEQUENCE main_kmspecial_id_seq OWNED BY main_kmspecial.id;


--
-- Name: main_kmspecial_monitoring_product; Type: TABLE; Schema: public; Owner: stas; Tablespace: 
--

CREATE TABLE main_kmspecial_monitoring_product (
    id integer NOT NULL,
    kmspecial_id integer NOT NULL,
    monitoringproduct_id integer NOT NULL
);


ALTER TABLE public.main_kmspecial_monitoring_product OWNER TO stas;

--
-- Name: main_kmspecial_monitoring_product_id_seq; Type: SEQUENCE; Schema: public; Owner: stas
--

CREATE SEQUENCE main_kmspecial_monitoring_product_id_seq
    START WITH 1
    INCREMENT BY 1
    NO MINVALUE
    NO MAXVALUE
    CACHE 1;


ALTER TABLE public.main_kmspecial_monitoring_product_id_seq OWNER TO stas;

--
-- Name: main_kmspecial_monitoring_product_id_seq; Type: SEQUENCE OWNED BY; Schema: public; Owner: stas
--

ALTER SEQUENCE main_kmspecial_monitoring_product_id_seq OWNED BY main_kmspecial_monitoring_product.id;


--
-- Name: main_macroregion; Type: TABLE; Schema: public; Owner: stas; Tablespace: 
--

CREATE TABLE main_macroregion (
    id integer NOT NULL,
    title character varying(500),
    project_id integer
);


ALTER TABLE public.main_macroregion OWNER TO stas;

--
-- Name: main_macroregion_id_seq; Type: SEQUENCE; Schema: public; Owner: stas
--

CREATE SEQUENCE main_macroregion_id_seq
    START WITH 1
    INCREMENT BY 1
    NO MINVALUE
    NO MAXVALUE
    CACHE 1;


ALTER TABLE public.main_macroregion_id_seq OWNER TO stas;

--
-- Name: main_macroregion_id_seq; Type: SEQUENCE OWNED BY; Schema: public; Owner: stas
--

ALTER SEQUENCE main_macroregion_id_seq OWNED BY main_macroregion.id;


--
-- Name: main_macroregion_monitoring_product; Type: TABLE; Schema: public; Owner: stas; Tablespace: 
--

CREATE TABLE main_macroregion_monitoring_product (
    id integer NOT NULL,
    macroregion_id integer NOT NULL,
    monitoringproduct_id integer NOT NULL
);


ALTER TABLE public.main_macroregion_monitoring_product OWNER TO stas;

--
-- Name: main_macroregion_monitoring_product_id_seq; Type: SEQUENCE; Schema: public; Owner: stas
--

CREATE SEQUENCE main_macroregion_monitoring_product_id_seq
    START WITH 1
    INCREMENT BY 1
    NO MINVALUE
    NO MAXVALUE
    CACHE 1;


ALTER TABLE public.main_macroregion_monitoring_product_id_seq OWNER TO stas;

--
-- Name: main_macroregion_monitoring_product_id_seq; Type: SEQUENCE OWNED BY; Schema: public; Owner: stas
--

ALTER SEQUENCE main_macroregion_monitoring_product_id_seq OWNED BY main_macroregion_monitoring_product.id;


--
-- Name: main_maintonality; Type: TABLE; Schema: public; Owner: stas; Tablespace: 
--

CREATE TABLE main_maintonality (
    id integer NOT NULL,
    title character varying(500),
    project_id integer
);


ALTER TABLE public.main_maintonality OWNER TO stas;

--
-- Name: main_maintonality_id_seq; Type: SEQUENCE; Schema: public; Owner: stas
--

CREATE SEQUENCE main_maintonality_id_seq
    START WITH 1
    INCREMENT BY 1
    NO MINVALUE
    NO MAXVALUE
    CACHE 1;


ALTER TABLE public.main_maintonality_id_seq OWNER TO stas;

--
-- Name: main_maintonality_id_seq; Type: SEQUENCE OWNED BY; Schema: public; Owner: stas
--

ALTER SEQUENCE main_maintonality_id_seq OWNED BY main_maintonality.id;


--
-- Name: main_maintonality_monitoring_product; Type: TABLE; Schema: public; Owner: stas; Tablespace: 
--

CREATE TABLE main_maintonality_monitoring_product (
    id integer NOT NULL,
    maintonality_id integer NOT NULL,
    monitoringproduct_id integer NOT NULL
);


ALTER TABLE public.main_maintonality_monitoring_product OWNER TO stas;

--
-- Name: main_maintonality_monitoring_product_id_seq; Type: SEQUENCE; Schema: public; Owner: stas
--

CREATE SEQUENCE main_maintonality_monitoring_product_id_seq
    START WITH 1
    INCREMENT BY 1
    NO MINVALUE
    NO MAXVALUE
    CACHE 1;


ALTER TABLE public.main_maintonality_monitoring_product_id_seq OWNER TO stas;

--
-- Name: main_maintonality_monitoring_product_id_seq; Type: SEQUENCE OWNED BY; Schema: public; Owner: stas
--

ALTER SEQUENCE main_maintonality_monitoring_product_id_seq OWNED BY main_maintonality_monitoring_product.id;


--
-- Name: main_materialgenre; Type: TABLE; Schema: public; Owner: stas; Tablespace: 
--

CREATE TABLE main_materialgenre (
    id integer NOT NULL,
    title character varying(500),
    project_id integer
);


ALTER TABLE public.main_materialgenre OWNER TO stas;

--
-- Name: main_materialgenre_id_seq; Type: SEQUENCE; Schema: public; Owner: stas
--

CREATE SEQUENCE main_materialgenre_id_seq
    START WITH 1
    INCREMENT BY 1
    NO MINVALUE
    NO MAXVALUE
    CACHE 1;


ALTER TABLE public.main_materialgenre_id_seq OWNER TO stas;

--
-- Name: main_materialgenre_id_seq; Type: SEQUENCE OWNED BY; Schema: public; Owner: stas
--

ALTER SEQUENCE main_materialgenre_id_seq OWNED BY main_materialgenre.id;


--
-- Name: main_materialgenre_monitoring_product; Type: TABLE; Schema: public; Owner: stas; Tablespace: 
--

CREATE TABLE main_materialgenre_monitoring_product (
    id integer NOT NULL,
    materialgenre_id integer NOT NULL,
    monitoringproduct_id integer NOT NULL
);


ALTER TABLE public.main_materialgenre_monitoring_product OWNER TO stas;

--
-- Name: main_materialgenre_monitoring_product_id_seq; Type: SEQUENCE; Schema: public; Owner: stas
--

CREATE SEQUENCE main_materialgenre_monitoring_product_id_seq
    START WITH 1
    INCREMENT BY 1
    NO MINVALUE
    NO MAXVALUE
    CACHE 1;


ALTER TABLE public.main_materialgenre_monitoring_product_id_seq OWNER TO stas;

--
-- Name: main_materialgenre_monitoring_product_id_seq; Type: SEQUENCE OWNED BY; Schema: public; Owner: stas
--

ALTER SEQUENCE main_materialgenre_monitoring_product_id_seq OWNED BY main_materialgenre_monitoring_product.id;


--
-- Name: main_materialreason; Type: TABLE; Schema: public; Owner: stas; Tablespace: 
--

CREATE TABLE main_materialreason (
    id integer NOT NULL,
    title character varying(500),
    project_id integer
);


ALTER TABLE public.main_materialreason OWNER TO stas;

--
-- Name: main_materialreason_id_seq; Type: SEQUENCE; Schema: public; Owner: stas
--

CREATE SEQUENCE main_materialreason_id_seq
    START WITH 1
    INCREMENT BY 1
    NO MINVALUE
    NO MAXVALUE
    CACHE 1;


ALTER TABLE public.main_materialreason_id_seq OWNER TO stas;

--
-- Name: main_materialreason_id_seq; Type: SEQUENCE OWNED BY; Schema: public; Owner: stas
--

ALTER SEQUENCE main_materialreason_id_seq OWNED BY main_materialreason.id;


--
-- Name: main_materialreason_monitoring_product; Type: TABLE; Schema: public; Owner: stas; Tablespace: 
--

CREATE TABLE main_materialreason_monitoring_product (
    id integer NOT NULL,
    materialreason_id integer NOT NULL,
    monitoringproduct_id integer NOT NULL
);


ALTER TABLE public.main_materialreason_monitoring_product OWNER TO stas;

--
-- Name: main_materialreason_monitoring_product_id_seq; Type: SEQUENCE; Schema: public; Owner: stas
--

CREATE SEQUENCE main_materialreason_monitoring_product_id_seq
    START WITH 1
    INCREMENT BY 1
    NO MINVALUE
    NO MAXVALUE
    CACHE 1;


ALTER TABLE public.main_materialreason_monitoring_product_id_seq OWNER TO stas;

--
-- Name: main_materialreason_monitoring_product_id_seq; Type: SEQUENCE OWNED BY; Schema: public; Owner: stas
--

ALTER SEQUENCE main_materialreason_monitoring_product_id_seq OWNED BY main_materialreason_monitoring_product.id;


--
-- Name: main_mediacategory; Type: TABLE; Schema: public; Owner: stas; Tablespace: 
--

CREATE TABLE main_mediacategory (
    id integer NOT NULL,
    title character varying(500),
    project_id integer
);


ALTER TABLE public.main_mediacategory OWNER TO stas;

--
-- Name: main_mediacategory_id_seq; Type: SEQUENCE; Schema: public; Owner: stas
--

CREATE SEQUENCE main_mediacategory_id_seq
    START WITH 1
    INCREMENT BY 1
    NO MINVALUE
    NO MAXVALUE
    CACHE 1;


ALTER TABLE public.main_mediacategory_id_seq OWNER TO stas;

--
-- Name: main_mediacategory_id_seq; Type: SEQUENCE OWNED BY; Schema: public; Owner: stas
--

ALTER SEQUENCE main_mediacategory_id_seq OWNED BY main_mediacategory.id;


--
-- Name: main_mediacategory_monitoring_product; Type: TABLE; Schema: public; Owner: stas; Tablespace: 
--

CREATE TABLE main_mediacategory_monitoring_product (
    id integer NOT NULL,
    mediacategory_id integer NOT NULL,
    monitoringproduct_id integer NOT NULL
);


ALTER TABLE public.main_mediacategory_monitoring_product OWNER TO stas;

--
-- Name: main_mediacategory_monitoring_product_id_seq; Type: SEQUENCE; Schema: public; Owner: stas
--

CREATE SEQUENCE main_mediacategory_monitoring_product_id_seq
    START WITH 1
    INCREMENT BY 1
    NO MINVALUE
    NO MAXVALUE
    CACHE 1;


ALTER TABLE public.main_mediacategory_monitoring_product_id_seq OWNER TO stas;

--
-- Name: main_mediacategory_monitoring_product_id_seq; Type: SEQUENCE OWNED BY; Schema: public; Owner: stas
--

ALTER SEQUENCE main_mediacategory_monitoring_product_id_seq OWNED BY main_mediacategory_monitoring_product.id;


--
-- Name: main_mediacategoryspecial; Type: TABLE; Schema: public; Owner: stas; Tablespace: 
--

CREATE TABLE main_mediacategoryspecial (
    id integer NOT NULL,
    title character varying(500),
    project_id integer
);


ALTER TABLE public.main_mediacategoryspecial OWNER TO stas;

--
-- Name: main_mediacategoryspecial_id_seq; Type: SEQUENCE; Schema: public; Owner: stas
--

CREATE SEQUENCE main_mediacategoryspecial_id_seq
    START WITH 1
    INCREMENT BY 1
    NO MINVALUE
    NO MAXVALUE
    CACHE 1;


ALTER TABLE public.main_mediacategoryspecial_id_seq OWNER TO stas;

--
-- Name: main_mediacategoryspecial_id_seq; Type: SEQUENCE OWNED BY; Schema: public; Owner: stas
--

ALTER SEQUENCE main_mediacategoryspecial_id_seq OWNED BY main_mediacategoryspecial.id;


--
-- Name: main_mediacategoryspecial_monitoring_product; Type: TABLE; Schema: public; Owner: stas; Tablespace: 
--

CREATE TABLE main_mediacategoryspecial_monitoring_product (
    id integer NOT NULL,
    mediacategoryspecial_id integer NOT NULL,
    monitoringproduct_id integer NOT NULL
);


ALTER TABLE public.main_mediacategoryspecial_monitoring_product OWNER TO stas;

--
-- Name: main_mediacategoryspecial_monitoring_product_id_seq; Type: SEQUENCE; Schema: public; Owner: stas
--

CREATE SEQUENCE main_mediacategoryspecial_monitoring_product_id_seq
    START WITH 1
    INCREMENT BY 1
    NO MINVALUE
    NO MAXVALUE
    CACHE 1;


ALTER TABLE public.main_mediacategoryspecial_monitoring_product_id_seq OWNER TO stas;

--
-- Name: main_mediacategoryspecial_monitoring_product_id_seq; Type: SEQUENCE OWNED BY; Schema: public; Owner: stas
--

ALTER SEQUENCE main_mediacategoryspecial_monitoring_product_id_seq OWNED BY main_mediacategoryspecial_monitoring_product.id;


--
-- Name: main_medialevel; Type: TABLE; Schema: public; Owner: stas; Tablespace: 
--

CREATE TABLE main_medialevel (
    id integer NOT NULL,
    title character varying(500),
    project_id integer
);


ALTER TABLE public.main_medialevel OWNER TO stas;

--
-- Name: main_medialevel_id_seq; Type: SEQUENCE; Schema: public; Owner: stas
--

CREATE SEQUENCE main_medialevel_id_seq
    START WITH 1
    INCREMENT BY 1
    NO MINVALUE
    NO MAXVALUE
    CACHE 1;


ALTER TABLE public.main_medialevel_id_seq OWNER TO stas;

--
-- Name: main_medialevel_id_seq; Type: SEQUENCE OWNED BY; Schema: public; Owner: stas
--

ALTER SEQUENCE main_medialevel_id_seq OWNED BY main_medialevel.id;


--
-- Name: main_medialevel_monitoring_product; Type: TABLE; Schema: public; Owner: stas; Tablespace: 
--

CREATE TABLE main_medialevel_monitoring_product (
    id integer NOT NULL,
    medialevel_id integer NOT NULL,
    monitoringproduct_id integer NOT NULL
);


ALTER TABLE public.main_medialevel_monitoring_product OWNER TO stas;

--
-- Name: main_medialevel_monitoring_product_id_seq; Type: SEQUENCE; Schema: public; Owner: stas
--

CREATE SEQUENCE main_medialevel_monitoring_product_id_seq
    START WITH 1
    INCREMENT BY 1
    NO MINVALUE
    NO MAXVALUE
    CACHE 1;


ALTER TABLE public.main_medialevel_monitoring_product_id_seq OWNER TO stas;

--
-- Name: main_medialevel_monitoring_product_id_seq; Type: SEQUENCE OWNED BY; Schema: public; Owner: stas
--

ALTER SEQUENCE main_medialevel_monitoring_product_id_seq OWNED BY main_medialevel_monitoring_product.id;


--
-- Name: main_medialist; Type: TABLE; Schema: public; Owner: stas; Tablespace: 
--

CREATE TABLE main_medialist (
    id integer NOT NULL,
    title character varying(500),
    project_id integer
);


ALTER TABLE public.main_medialist OWNER TO stas;

--
-- Name: main_medialist_id_seq; Type: SEQUENCE; Schema: public; Owner: stas
--

CREATE SEQUENCE main_medialist_id_seq
    START WITH 1
    INCREMENT BY 1
    NO MINVALUE
    NO MAXVALUE
    CACHE 1;


ALTER TABLE public.main_medialist_id_seq OWNER TO stas;

--
-- Name: main_medialist_id_seq; Type: SEQUENCE OWNED BY; Schema: public; Owner: stas
--

ALTER SEQUENCE main_medialist_id_seq OWNED BY main_medialist.id;


--
-- Name: main_medialist_monitoring_product; Type: TABLE; Schema: public; Owner: stas; Tablespace: 
--

CREATE TABLE main_medialist_monitoring_product (
    id integer NOT NULL,
    medialist_id integer NOT NULL,
    monitoringproduct_id integer NOT NULL
);


ALTER TABLE public.main_medialist_monitoring_product OWNER TO stas;

--
-- Name: main_medialist_monitoring_product_id_seq; Type: SEQUENCE; Schema: public; Owner: stas
--

CREATE SEQUENCE main_medialist_monitoring_product_id_seq
    START WITH 1
    INCREMENT BY 1
    NO MINVALUE
    NO MAXVALUE
    CACHE 1;


ALTER TABLE public.main_medialist_monitoring_product_id_seq OWNER TO stas;

--
-- Name: main_medialist_monitoring_product_id_seq; Type: SEQUENCE OWNED BY; Schema: public; Owner: stas
--

ALTER SEQUENCE main_medialist_monitoring_product_id_seq OWNED BY main_medialist_monitoring_product.id;


--
-- Name: main_medialistspecial; Type: TABLE; Schema: public; Owner: stas; Tablespace: 
--

CREATE TABLE main_medialistspecial (
    id integer NOT NULL,
    title character varying(500),
    project_id integer
);


ALTER TABLE public.main_medialistspecial OWNER TO stas;

--
-- Name: main_medialistspecial_id_seq; Type: SEQUENCE; Schema: public; Owner: stas
--

CREATE SEQUENCE main_medialistspecial_id_seq
    START WITH 1
    INCREMENT BY 1
    NO MINVALUE
    NO MAXVALUE
    CACHE 1;


ALTER TABLE public.main_medialistspecial_id_seq OWNER TO stas;

--
-- Name: main_medialistspecial_id_seq; Type: SEQUENCE OWNED BY; Schema: public; Owner: stas
--

ALTER SEQUENCE main_medialistspecial_id_seq OWNED BY main_medialistspecial.id;


--
-- Name: main_medialistspecial_monitoring_product; Type: TABLE; Schema: public; Owner: stas; Tablespace: 
--

CREATE TABLE main_medialistspecial_monitoring_product (
    id integer NOT NULL,
    medialistspecial_id integer NOT NULL,
    monitoringproduct_id integer NOT NULL
);


ALTER TABLE public.main_medialistspecial_monitoring_product OWNER TO stas;

--
-- Name: main_medialistspecial_monitoring_product_id_seq; Type: SEQUENCE; Schema: public; Owner: stas
--

CREATE SEQUENCE main_medialistspecial_monitoring_product_id_seq
    START WITH 1
    INCREMENT BY 1
    NO MINVALUE
    NO MAXVALUE
    CACHE 1;


ALTER TABLE public.main_medialistspecial_monitoring_product_id_seq OWNER TO stas;

--
-- Name: main_medialistspecial_monitoring_product_id_seq; Type: SEQUENCE OWNED BY; Schema: public; Owner: stas
--

ALTER SEQUENCE main_medialistspecial_monitoring_product_id_seq OWNED BY main_medialistspecial_monitoring_product.id;


--
-- Name: main_mediatype; Type: TABLE; Schema: public; Owner: stas; Tablespace: 
--

CREATE TABLE main_mediatype (
    id integer NOT NULL,
    title character varying(500),
    project_id integer
);


ALTER TABLE public.main_mediatype OWNER TO stas;

--
-- Name: main_mediatype_id_seq; Type: SEQUENCE; Schema: public; Owner: stas
--

CREATE SEQUENCE main_mediatype_id_seq
    START WITH 1
    INCREMENT BY 1
    NO MINVALUE
    NO MAXVALUE
    CACHE 1;


ALTER TABLE public.main_mediatype_id_seq OWNER TO stas;

--
-- Name: main_mediatype_id_seq; Type: SEQUENCE OWNED BY; Schema: public; Owner: stas
--

ALTER SEQUENCE main_mediatype_id_seq OWNED BY main_mediatype.id;


--
-- Name: main_mediatype_monitoring_product; Type: TABLE; Schema: public; Owner: stas; Tablespace: 
--

CREATE TABLE main_mediatype_monitoring_product (
    id integer NOT NULL,
    mediatype_id integer NOT NULL,
    monitoringproduct_id integer NOT NULL
);


ALTER TABLE public.main_mediatype_monitoring_product OWNER TO stas;

--
-- Name: main_mediatype_monitoring_product_id_seq; Type: SEQUENCE; Schema: public; Owner: stas
--

CREATE SEQUENCE main_mediatype_monitoring_product_id_seq
    START WITH 1
    INCREMENT BY 1
    NO MINVALUE
    NO MAXVALUE
    CACHE 1;


ALTER TABLE public.main_mediatype_monitoring_product_id_seq OWNER TO stas;

--
-- Name: main_mediatype_monitoring_product_id_seq; Type: SEQUENCE OWNED BY; Schema: public; Owner: stas
--

ALTER SEQUENCE main_mediatype_monitoring_product_id_seq OWNED BY main_mediatype_monitoring_product.id;


--
-- Name: main_mediatypespecial; Type: TABLE; Schema: public; Owner: stas; Tablespace: 
--

CREATE TABLE main_mediatypespecial (
    id integer NOT NULL,
    title character varying(500),
    project_id integer
);


ALTER TABLE public.main_mediatypespecial OWNER TO stas;

--
-- Name: main_mediatypespecial_id_seq; Type: SEQUENCE; Schema: public; Owner: stas
--

CREATE SEQUENCE main_mediatypespecial_id_seq
    START WITH 1
    INCREMENT BY 1
    NO MINVALUE
    NO MAXVALUE
    CACHE 1;


ALTER TABLE public.main_mediatypespecial_id_seq OWNER TO stas;

--
-- Name: main_mediatypespecial_id_seq; Type: SEQUENCE OWNED BY; Schema: public; Owner: stas
--

ALTER SEQUENCE main_mediatypespecial_id_seq OWNED BY main_mediatypespecial.id;


--
-- Name: main_mediatypespecial_monitoring_product; Type: TABLE; Schema: public; Owner: stas; Tablespace: 
--

CREATE TABLE main_mediatypespecial_monitoring_product (
    id integer NOT NULL,
    mediatypespecial_id integer NOT NULL,
    monitoringproduct_id integer NOT NULL
);


ALTER TABLE public.main_mediatypespecial_monitoring_product OWNER TO stas;

--
-- Name: main_mediatypespecial_monitoring_product_id_seq; Type: SEQUENCE; Schema: public; Owner: stas
--

CREATE SEQUENCE main_mediatypespecial_monitoring_product_id_seq
    START WITH 1
    INCREMENT BY 1
    NO MINVALUE
    NO MAXVALUE
    CACHE 1;


ALTER TABLE public.main_mediatypespecial_monitoring_product_id_seq OWNER TO stas;

--
-- Name: main_mediatypespecial_monitoring_product_id_seq; Type: SEQUENCE OWNED BY; Schema: public; Owner: stas
--

ALTER SEQUENCE main_mediatypespecial_monitoring_product_id_seq OWNED BY main_mediatypespecial_monitoring_product.id;


--
-- Name: main_mediaview; Type: TABLE; Schema: public; Owner: stas; Tablespace: 
--

CREATE TABLE main_mediaview (
    id integer NOT NULL,
    title character varying(500),
    project_id integer
);


ALTER TABLE public.main_mediaview OWNER TO stas;

--
-- Name: main_mediaview_id_seq; Type: SEQUENCE; Schema: public; Owner: stas
--

CREATE SEQUENCE main_mediaview_id_seq
    START WITH 1
    INCREMENT BY 1
    NO MINVALUE
    NO MAXVALUE
    CACHE 1;


ALTER TABLE public.main_mediaview_id_seq OWNER TO stas;

--
-- Name: main_mediaview_id_seq; Type: SEQUENCE OWNED BY; Schema: public; Owner: stas
--

ALTER SEQUENCE main_mediaview_id_seq OWNED BY main_mediaview.id;


--
-- Name: main_mediaview_monitoring_product; Type: TABLE; Schema: public; Owner: stas; Tablespace: 
--

CREATE TABLE main_mediaview_monitoring_product (
    id integer NOT NULL,
    mediaview_id integer NOT NULL,
    monitoringproduct_id integer NOT NULL
);


ALTER TABLE public.main_mediaview_monitoring_product OWNER TO stas;

--
-- Name: main_mediaview_monitoring_product_id_seq; Type: SEQUENCE; Schema: public; Owner: stas
--

CREATE SEQUENCE main_mediaview_monitoring_product_id_seq
    START WITH 1
    INCREMENT BY 1
    NO MINVALUE
    NO MAXVALUE
    CACHE 1;


ALTER TABLE public.main_mediaview_monitoring_product_id_seq OWNER TO stas;

--
-- Name: main_mediaview_monitoring_product_id_seq; Type: SEQUENCE OWNED BY; Schema: public; Owner: stas
--

ALTER SEQUENCE main_mediaview_monitoring_product_id_seq OWNED BY main_mediaview_monitoring_product.id;


--
-- Name: main_mentionproduct; Type: TABLE; Schema: public; Owner: stas; Tablespace: 
--

CREATE TABLE main_mentionproduct (
    id integer NOT NULL,
    product_id integer,
    mention_product_value_id integer,
    article_id integer
);


ALTER TABLE public.main_mentionproduct OWNER TO stas;

--
-- Name: main_mentionproduct_id_seq; Type: SEQUENCE; Schema: public; Owner: stas
--

CREATE SEQUENCE main_mentionproduct_id_seq
    START WITH 1
    INCREMENT BY 1
    NO MINVALUE
    NO MAXVALUE
    CACHE 1;


ALTER TABLE public.main_mentionproduct_id_seq OWNER TO stas;

--
-- Name: main_mentionproduct_id_seq; Type: SEQUENCE OWNED BY; Schema: public; Owner: stas
--

ALTER SEQUENCE main_mentionproduct_id_seq OWNED BY main_mentionproduct.id;


--
-- Name: main_mentionproduct_monitoring_product; Type: TABLE; Schema: public; Owner: stas; Tablespace: 
--

CREATE TABLE main_mentionproduct_monitoring_product (
    id integer NOT NULL,
    mentionproduct_id integer NOT NULL,
    monitoringproduct_id integer NOT NULL
);


ALTER TABLE public.main_mentionproduct_monitoring_product OWNER TO stas;

--
-- Name: main_mentionproduct_monitoring_product_id_seq; Type: SEQUENCE; Schema: public; Owner: stas
--

CREATE SEQUENCE main_mentionproduct_monitoring_product_id_seq
    START WITH 1
    INCREMENT BY 1
    NO MINVALUE
    NO MAXVALUE
    CACHE 1;


ALTER TABLE public.main_mentionproduct_monitoring_product_id_seq OWNER TO stas;

--
-- Name: main_mentionproduct_monitoring_product_id_seq; Type: SEQUENCE OWNED BY; Schema: public; Owner: stas
--

ALTER SEQUENCE main_mentionproduct_monitoring_product_id_seq OWNED BY main_mentionproduct_monitoring_product.id;


--
-- Name: main_mentionproductvalue; Type: TABLE; Schema: public; Owner: stas; Tablespace: 
--

CREATE TABLE main_mentionproductvalue (
    id integer NOT NULL,
    title character varying(500),
    project_id integer,
    article_id integer
);


ALTER TABLE public.main_mentionproductvalue OWNER TO stas;

--
-- Name: main_mentionproductvalue_id_seq; Type: SEQUENCE; Schema: public; Owner: stas
--

CREATE SEQUENCE main_mentionproductvalue_id_seq
    START WITH 1
    INCREMENT BY 1
    NO MINVALUE
    NO MAXVALUE
    CACHE 1;


ALTER TABLE public.main_mentionproductvalue_id_seq OWNER TO stas;

--
-- Name: main_mentionproductvalue_id_seq; Type: SEQUENCE OWNED BY; Schema: public; Owner: stas
--

ALTER SEQUENCE main_mentionproductvalue_id_seq OWNED BY main_mentionproductvalue.id;


--
-- Name: main_mentionproductvalue_monitoring_product; Type: TABLE; Schema: public; Owner: stas; Tablespace: 
--

CREATE TABLE main_mentionproductvalue_monitoring_product (
    id integer NOT NULL,
    mentionproductvalue_id integer NOT NULL,
    monitoringproduct_id integer NOT NULL
);


ALTER TABLE public.main_mentionproductvalue_monitoring_product OWNER TO stas;

--
-- Name: main_mentionproductvalue_monitoring_product_id_seq; Type: SEQUENCE; Schema: public; Owner: stas
--

CREATE SEQUENCE main_mentionproductvalue_monitoring_product_id_seq
    START WITH 1
    INCREMENT BY 1
    NO MINVALUE
    NO MAXVALUE
    CACHE 1;


ALTER TABLE public.main_mentionproductvalue_monitoring_product_id_seq OWNER TO stas;

--
-- Name: main_mentionproductvalue_monitoring_product_id_seq; Type: SEQUENCE OWNED BY; Schema: public; Owner: stas
--

ALTER SEQUENCE main_mentionproductvalue_monitoring_product_id_seq OWNED BY main_mentionproductvalue_monitoring_product.id;


--
-- Name: main_mentionsobject; Type: TABLE; Schema: public; Owner: stas; Tablespace: 
--

CREATE TABLE main_mentionsobject (
    id integer NOT NULL,
    article_id integer,
    project_id integer,
    referred_object_id integer,
    emotional_tone_object_id integer,
    emotional_tone_title_id integer,
    object_role_id integer,
    advertisement_promo_id integer,
    initiation_id integer,
    info_reason_id integer,
    prt double precision,
    prv double precision,
    mo integer,
    mq double precision
);


ALTER TABLE public.main_mentionsobject OWNER TO stas;

--
-- Name: main_mentionsobject_id_seq; Type: SEQUENCE; Schema: public; Owner: stas
--

CREATE SEQUENCE main_mentionsobject_id_seq
    START WITH 1
    INCREMENT BY 1
    NO MINVALUE
    NO MAXVALUE
    CACHE 1;


ALTER TABLE public.main_mentionsobject_id_seq OWNER TO stas;

--
-- Name: main_mentionsobject_id_seq; Type: SEQUENCE OWNED BY; Schema: public; Owner: stas
--

ALTER SEQUENCE main_mentionsobject_id_seq OWNED BY main_mentionsobject.id;


--
-- Name: main_mentionsobject_monitoring_product; Type: TABLE; Schema: public; Owner: stas; Tablespace: 
--

CREATE TABLE main_mentionsobject_monitoring_product (
    id integer NOT NULL,
    mentionsobject_id integer NOT NULL,
    monitoringproduct_id integer NOT NULL
);


ALTER TABLE public.main_mentionsobject_monitoring_product OWNER TO stas;

--
-- Name: main_mentionsobject_monitoring_product_id_seq; Type: SEQUENCE; Schema: public; Owner: stas
--

CREATE SEQUENCE main_mentionsobject_monitoring_product_id_seq
    START WITH 1
    INCREMENT BY 1
    NO MINVALUE
    NO MAXVALUE
    CACHE 1;


ALTER TABLE public.main_mentionsobject_monitoring_product_id_seq OWNER TO stas;

--
-- Name: main_mentionsobject_monitoring_product_id_seq; Type: SEQUENCE OWNED BY; Schema: public; Owner: stas
--

ALTER SEQUENCE main_mentionsobject_monitoring_product_id_seq OWNED BY main_mentionsobject_monitoring_product.id;


--
-- Name: main_mentionsobject_technologies; Type: TABLE; Schema: public; Owner: stas; Tablespace: 
--

CREATE TABLE main_mentionsobject_technologies (
    id integer NOT NULL,
    mentionsobject_id integer NOT NULL,
    technologies_id integer NOT NULL
);


ALTER TABLE public.main_mentionsobject_technologies OWNER TO stas;

--
-- Name: main_mentionsobject_technologies_id_seq; Type: SEQUENCE; Schema: public; Owner: stas
--

CREATE SEQUENCE main_mentionsobject_technologies_id_seq
    START WITH 1
    INCREMENT BY 1
    NO MINVALUE
    NO MAXVALUE
    CACHE 1;


ALTER TABLE public.main_mentionsobject_technologies_id_seq OWNER TO stas;

--
-- Name: main_mentionsobject_technologies_id_seq; Type: SEQUENCE OWNED BY; Schema: public; Owner: stas
--

ALTER SEQUENCE main_mentionsobject_technologies_id_seq OWNED BY main_mentionsobject_technologies.id;


--
-- Name: main_month; Type: TABLE; Schema: public; Owner: stas; Tablespace: 
--

CREATE TABLE main_month (
    id integer NOT NULL,
    title character varying(500),
    project_id integer
);


ALTER TABLE public.main_month OWNER TO stas;

--
-- Name: main_month_id_seq; Type: SEQUENCE; Schema: public; Owner: stas
--

CREATE SEQUENCE main_month_id_seq
    START WITH 1
    INCREMENT BY 1
    NO MINVALUE
    NO MAXVALUE
    CACHE 1;


ALTER TABLE public.main_month_id_seq OWNER TO stas;

--
-- Name: main_month_id_seq; Type: SEQUENCE OWNED BY; Schema: public; Owner: stas
--

ALTER SEQUENCE main_month_id_seq OWNED BY main_month.id;


--
-- Name: main_month_monitoring_product; Type: TABLE; Schema: public; Owner: stas; Tablespace: 
--

CREATE TABLE main_month_monitoring_product (
    id integer NOT NULL,
    month_id integer NOT NULL,
    monitoringproduct_id integer NOT NULL
);


ALTER TABLE public.main_month_monitoring_product OWNER TO stas;

--
-- Name: main_month_monitoring_product_id_seq; Type: SEQUENCE; Schema: public; Owner: stas
--

CREATE SEQUENCE main_month_monitoring_product_id_seq
    START WITH 1
    INCREMENT BY 1
    NO MINVALUE
    NO MAXVALUE
    CACHE 1;


ALTER TABLE public.main_month_monitoring_product_id_seq OWNER TO stas;

--
-- Name: main_month_monitoring_product_id_seq; Type: SEQUENCE OWNED BY; Schema: public; Owner: stas
--

ALTER SEQUENCE main_month_monitoring_product_id_seq OWNED BY main_month_monitoring_product.id;


--
-- Name: main_objectrole; Type: TABLE; Schema: public; Owner: stas; Tablespace: 
--

CREATE TABLE main_objectrole (
    id integer NOT NULL,
    title character varying(500),
    project_id integer
);


ALTER TABLE public.main_objectrole OWNER TO stas;

--
-- Name: main_objectrole_id_seq; Type: SEQUENCE; Schema: public; Owner: stas
--

CREATE SEQUENCE main_objectrole_id_seq
    START WITH 1
    INCREMENT BY 1
    NO MINVALUE
    NO MAXVALUE
    CACHE 1;


ALTER TABLE public.main_objectrole_id_seq OWNER TO stas;

--
-- Name: main_objectrole_id_seq; Type: SEQUENCE OWNED BY; Schema: public; Owner: stas
--

ALTER SEQUENCE main_objectrole_id_seq OWNED BY main_objectrole.id;


--
-- Name: main_objectrole_monitoring_product; Type: TABLE; Schema: public; Owner: stas; Tablespace: 
--

CREATE TABLE main_objectrole_monitoring_product (
    id integer NOT NULL,
    objectrole_id integer NOT NULL,
    monitoringproduct_id integer NOT NULL
);


ALTER TABLE public.main_objectrole_monitoring_product OWNER TO stas;

--
-- Name: main_objectrole_monitoring_product_id_seq; Type: SEQUENCE; Schema: public; Owner: stas
--

CREATE SEQUENCE main_objectrole_monitoring_product_id_seq
    START WITH 1
    INCREMENT BY 1
    NO MINVALUE
    NO MAXVALUE
    CACHE 1;


ALTER TABLE public.main_objectrole_monitoring_product_id_seq OWNER TO stas;

--
-- Name: main_objectrole_monitoring_product_id_seq; Type: SEQUENCE OWNED BY; Schema: public; Owner: stas
--

ALTER SEQUENCE main_objectrole_monitoring_product_id_seq OWNED BY main_objectrole_monitoring_product.id;


--
-- Name: main_penetration; Type: TABLE; Schema: public; Owner: stas; Tablespace: 
--

CREATE TABLE main_penetration (
    id integer NOT NULL,
    title character varying(500),
    project_id integer
);


ALTER TABLE public.main_penetration OWNER TO stas;

--
-- Name: main_penetration_id_seq; Type: SEQUENCE; Schema: public; Owner: stas
--

CREATE SEQUENCE main_penetration_id_seq
    START WITH 1
    INCREMENT BY 1
    NO MINVALUE
    NO MAXVALUE
    CACHE 1;


ALTER TABLE public.main_penetration_id_seq OWNER TO stas;

--
-- Name: main_penetration_id_seq; Type: SEQUENCE OWNED BY; Schema: public; Owner: stas
--

ALTER SEQUENCE main_penetration_id_seq OWNED BY main_penetration.id;


--
-- Name: main_penetration_monitoring_product; Type: TABLE; Schema: public; Owner: stas; Tablespace: 
--

CREATE TABLE main_penetration_monitoring_product (
    id integer NOT NULL,
    penetration_id integer NOT NULL,
    monitoringproduct_id integer NOT NULL
);


ALTER TABLE public.main_penetration_monitoring_product OWNER TO stas;

--
-- Name: main_penetration_monitoring_product_id_seq; Type: SEQUENCE; Schema: public; Owner: stas
--

CREATE SEQUENCE main_penetration_monitoring_product_id_seq
    START WITH 1
    INCREMENT BY 1
    NO MINVALUE
    NO MAXVALUE
    CACHE 1;


ALTER TABLE public.main_penetration_monitoring_product_id_seq OWNER TO stas;

--
-- Name: main_penetration_monitoring_product_id_seq; Type: SEQUENCE OWNED BY; Schema: public; Owner: stas
--

ALTER SEQUENCE main_penetration_monitoring_product_id_seq OWNED BY main_penetration_monitoring_product.id;


--
-- Name: main_product; Type: TABLE; Schema: public; Owner: stas; Tablespace: 
--

CREATE TABLE main_product (
    id integer NOT NULL,
    title character varying(500),
    project_id integer,
    index_sort integer NOT NULL
);


ALTER TABLE public.main_product OWNER TO stas;

--
-- Name: main_product_id_seq; Type: SEQUENCE; Schema: public; Owner: stas
--

CREATE SEQUENCE main_product_id_seq
    START WITH 1
    INCREMENT BY 1
    NO MINVALUE
    NO MAXVALUE
    CACHE 1;


ALTER TABLE public.main_product_id_seq OWNER TO stas;

--
-- Name: main_product_id_seq; Type: SEQUENCE OWNED BY; Schema: public; Owner: stas
--

ALTER SEQUENCE main_product_id_seq OWNED BY main_product.id;


--
-- Name: main_product_monitoring_product; Type: TABLE; Schema: public; Owner: stas; Tablespace: 
--

CREATE TABLE main_product_monitoring_product (
    id integer NOT NULL,
    product_id integer NOT NULL,
    monitoringproduct_id integer NOT NULL
);


ALTER TABLE public.main_product_monitoring_product OWNER TO stas;

--
-- Name: main_product_monitoring_product_id_seq; Type: SEQUENCE; Schema: public; Owner: stas
--

CREATE SEQUENCE main_product_monitoring_product_id_seq
    START WITH 1
    INCREMENT BY 1
    NO MINVALUE
    NO MAXVALUE
    CACHE 1;


ALTER TABLE public.main_product_monitoring_product_id_seq OWNER TO stas;

--
-- Name: main_product_monitoring_product_id_seq; Type: SEQUENCE OWNED BY; Schema: public; Owner: stas
--

ALTER SEQUENCE main_product_monitoring_product_id_seq OWNED BY main_product_monitoring_product.id;


--
-- Name: main_project; Type: TABLE; Schema: public; Owner: stas; Tablespace: 
--

CREATE TABLE main_project (
    id integer NOT NULL,
    title character varying(200),
    slug character varying(200) NOT NULL,
    login character varying(200),
    access character varying(30) NOT NULL,
    password character varying(200)
);


ALTER TABLE public.main_project OWNER TO stas;

--
-- Name: main_project_id_seq; Type: SEQUENCE; Schema: public; Owner: stas
--

CREATE SEQUENCE main_project_id_seq
    START WITH 1
    INCREMENT BY 1
    NO MINVALUE
    NO MAXVALUE
    CACHE 1;


ALTER TABLE public.main_project_id_seq OWNER TO stas;

--
-- Name: main_project_id_seq; Type: SEQUENCE OWNED BY; Schema: public; Owner: stas
--

ALTER SEQUENCE main_project_id_seq OWNED BY main_project.id;


--
-- Name: main_referredobject; Type: TABLE; Schema: public; Owner: stas; Tablespace: 
--

CREATE TABLE main_referredobject (
    id integer NOT NULL,
    title character varying(200) NOT NULL,
    project_id integer NOT NULL,
    index_sort integer NOT NULL
);


ALTER TABLE public.main_referredobject OWNER TO stas;

--
-- Name: main_referredobject_id_seq; Type: SEQUENCE; Schema: public; Owner: stas
--

CREATE SEQUENCE main_referredobject_id_seq
    START WITH 1
    INCREMENT BY 1
    NO MINVALUE
    NO MAXVALUE
    CACHE 1;


ALTER TABLE public.main_referredobject_id_seq OWNER TO stas;

--
-- Name: main_referredobject_id_seq; Type: SEQUENCE OWNED BY; Schema: public; Owner: stas
--

ALTER SEQUENCE main_referredobject_id_seq OWNED BY main_referredobject.id;


--
-- Name: main_region; Type: TABLE; Schema: public; Owner: stas; Tablespace: 
--

CREATE TABLE main_region (
    id integer NOT NULL,
    title character varying(500),
    project_id integer
);


ALTER TABLE public.main_region OWNER TO stas;

--
-- Name: main_region_id_seq; Type: SEQUENCE; Schema: public; Owner: stas
--

CREATE SEQUENCE main_region_id_seq
    START WITH 1
    INCREMENT BY 1
    NO MINVALUE
    NO MAXVALUE
    CACHE 1;


ALTER TABLE public.main_region_id_seq OWNER TO stas;

--
-- Name: main_region_id_seq; Type: SEQUENCE OWNED BY; Schema: public; Owner: stas
--

ALTER SEQUENCE main_region_id_seq OWNED BY main_region.id;


--
-- Name: main_region_monitoring_product; Type: TABLE; Schema: public; Owner: stas; Tablespace: 
--

CREATE TABLE main_region_monitoring_product (
    id integer NOT NULL,
    region_id integer NOT NULL,
    monitoringproduct_id integer NOT NULL
);


ALTER TABLE public.main_region_monitoring_product OWNER TO stas;

--
-- Name: main_region_monitoring_product_id_seq; Type: SEQUENCE; Schema: public; Owner: stas
--

CREATE SEQUENCE main_region_monitoring_product_id_seq
    START WITH 1
    INCREMENT BY 1
    NO MINVALUE
    NO MAXVALUE
    CACHE 1;


ALTER TABLE public.main_region_monitoring_product_id_seq OWNER TO stas;

--
-- Name: main_region_monitoring_product_id_seq; Type: SEQUENCE OWNED BY; Schema: public; Owner: stas
--

ALTER SEQUENCE main_region_monitoring_product_id_seq OWNED BY main_region_monitoring_product.id;


--
-- Name: main_sidespeaker; Type: TABLE; Schema: public; Owner: stas; Tablespace: 
--

CREATE TABLE main_sidespeaker (
    id integer NOT NULL,
    project_id integer,
    article_id integer,
    mentions_object_id integer,
    fio character varying(300),
    "position" character varying(300),
    side_speaker_tonality_id integer,
    side_speaker_status_id integer
);


ALTER TABLE public.main_sidespeaker OWNER TO stas;

--
-- Name: main_sidespeaker_id_seq; Type: SEQUENCE; Schema: public; Owner: stas
--

CREATE SEQUENCE main_sidespeaker_id_seq
    START WITH 1
    INCREMENT BY 1
    NO MINVALUE
    NO MAXVALUE
    CACHE 1;


ALTER TABLE public.main_sidespeaker_id_seq OWNER TO stas;

--
-- Name: main_sidespeaker_id_seq; Type: SEQUENCE OWNED BY; Schema: public; Owner: stas
--

ALTER SEQUENCE main_sidespeaker_id_seq OWNED BY main_sidespeaker.id;


--
-- Name: main_sidespeaker_monitoring_product; Type: TABLE; Schema: public; Owner: stas; Tablespace: 
--

CREATE TABLE main_sidespeaker_monitoring_product (
    id integer NOT NULL,
    sidespeaker_id integer NOT NULL,
    monitoringproduct_id integer NOT NULL
);


ALTER TABLE public.main_sidespeaker_monitoring_product OWNER TO stas;

--
-- Name: main_sidespeaker_monitoring_product_id_seq; Type: SEQUENCE; Schema: public; Owner: stas
--

CREATE SEQUENCE main_sidespeaker_monitoring_product_id_seq
    START WITH 1
    INCREMENT BY 1
    NO MINVALUE
    NO MAXVALUE
    CACHE 1;


ALTER TABLE public.main_sidespeaker_monitoring_product_id_seq OWNER TO stas;

--
-- Name: main_sidespeaker_monitoring_product_id_seq; Type: SEQUENCE OWNED BY; Schema: public; Owner: stas
--

ALTER SEQUENCE main_sidespeaker_monitoring_product_id_seq OWNED BY main_sidespeaker_monitoring_product.id;


--
-- Name: main_sidespeakerstatus; Type: TABLE; Schema: public; Owner: stas; Tablespace: 
--

CREATE TABLE main_sidespeakerstatus (
    id integer NOT NULL,
    title character varying(500),
    project_id integer
);


ALTER TABLE public.main_sidespeakerstatus OWNER TO stas;

--
-- Name: main_sidespeakerstatus_id_seq; Type: SEQUENCE; Schema: public; Owner: stas
--

CREATE SEQUENCE main_sidespeakerstatus_id_seq
    START WITH 1
    INCREMENT BY 1
    NO MINVALUE
    NO MAXVALUE
    CACHE 1;


ALTER TABLE public.main_sidespeakerstatus_id_seq OWNER TO stas;

--
-- Name: main_sidespeakerstatus_id_seq; Type: SEQUENCE OWNED BY; Schema: public; Owner: stas
--

ALTER SEQUENCE main_sidespeakerstatus_id_seq OWNED BY main_sidespeakerstatus.id;


--
-- Name: main_sidespeakerstatus_monitoring_product; Type: TABLE; Schema: public; Owner: stas; Tablespace: 
--

CREATE TABLE main_sidespeakerstatus_monitoring_product (
    id integer NOT NULL,
    sidespeakerstatus_id integer NOT NULL,
    monitoringproduct_id integer NOT NULL
);


ALTER TABLE public.main_sidespeakerstatus_monitoring_product OWNER TO stas;

--
-- Name: main_sidespeakerstatus_monitoring_product_id_seq; Type: SEQUENCE; Schema: public; Owner: stas
--

CREATE SEQUENCE main_sidespeakerstatus_monitoring_product_id_seq
    START WITH 1
    INCREMENT BY 1
    NO MINVALUE
    NO MAXVALUE
    CACHE 1;


ALTER TABLE public.main_sidespeakerstatus_monitoring_product_id_seq OWNER TO stas;

--
-- Name: main_sidespeakerstatus_monitoring_product_id_seq; Type: SEQUENCE OWNED BY; Schema: public; Owner: stas
--

ALTER SEQUENCE main_sidespeakerstatus_monitoring_product_id_seq OWNED BY main_sidespeakerstatus_monitoring_product.id;


--
-- Name: main_sidespeakertonality; Type: TABLE; Schema: public; Owner: stas; Tablespace: 
--

CREATE TABLE main_sidespeakertonality (
    id integer NOT NULL,
    title character varying(500),
    project_id integer
);


ALTER TABLE public.main_sidespeakertonality OWNER TO stas;

--
-- Name: main_sidespeakertonality_id_seq; Type: SEQUENCE; Schema: public; Owner: stas
--

CREATE SEQUENCE main_sidespeakertonality_id_seq
    START WITH 1
    INCREMENT BY 1
    NO MINVALUE
    NO MAXVALUE
    CACHE 1;


ALTER TABLE public.main_sidespeakertonality_id_seq OWNER TO stas;

--
-- Name: main_sidespeakertonality_id_seq; Type: SEQUENCE OWNED BY; Schema: public; Owner: stas
--

ALTER SEQUENCE main_sidespeakertonality_id_seq OWNED BY main_sidespeakertonality.id;


--
-- Name: main_sidespeakertonality_monitoring_product; Type: TABLE; Schema: public; Owner: stas; Tablespace: 
--

CREATE TABLE main_sidespeakertonality_monitoring_product (
    id integer NOT NULL,
    sidespeakertonality_id integer NOT NULL,
    monitoringproduct_id integer NOT NULL
);


ALTER TABLE public.main_sidespeakertonality_monitoring_product OWNER TO stas;

--
-- Name: main_sidespeakertonality_monitoring_product_id_seq; Type: SEQUENCE; Schema: public; Owner: stas
--

CREATE SEQUENCE main_sidespeakertonality_monitoring_product_id_seq
    START WITH 1
    INCREMENT BY 1
    NO MINVALUE
    NO MAXVALUE
    CACHE 1;


ALTER TABLE public.main_sidespeakertonality_monitoring_product_id_seq OWNER TO stas;

--
-- Name: main_sidespeakertonality_monitoring_product_id_seq; Type: SEQUENCE OWNED BY; Schema: public; Owner: stas
--

ALTER SEQUENCE main_sidespeakertonality_monitoring_product_id_seq OWNED BY main_sidespeakertonality_monitoring_product.id;


--
-- Name: main_source; Type: TABLE; Schema: public; Owner: stas; Tablespace: 
--

CREATE TABLE main_source (
    id integer NOT NULL,
    title character varying(500),
    project_id integer
);


ALTER TABLE public.main_source OWNER TO stas;

--
-- Name: main_source_id_seq; Type: SEQUENCE; Schema: public; Owner: stas
--

CREATE SEQUENCE main_source_id_seq
    START WITH 1
    INCREMENT BY 1
    NO MINVALUE
    NO MAXVALUE
    CACHE 1;


ALTER TABLE public.main_source_id_seq OWNER TO stas;

--
-- Name: main_source_id_seq; Type: SEQUENCE OWNED BY; Schema: public; Owner: stas
--

ALTER SEQUENCE main_source_id_seq OWNED BY main_source.id;


--
-- Name: main_source_monitoring_product; Type: TABLE; Schema: public; Owner: stas; Tablespace: 
--

CREATE TABLE main_source_monitoring_product (
    id integer NOT NULL,
    source_id integer NOT NULL,
    monitoringproduct_id integer NOT NULL
);


ALTER TABLE public.main_source_monitoring_product OWNER TO stas;

--
-- Name: main_source_monitoring_product_id_seq; Type: SEQUENCE; Schema: public; Owner: stas
--

CREATE SEQUENCE main_source_monitoring_product_id_seq
    START WITH 1
    INCREMENT BY 1
    NO MINVALUE
    NO MAXVALUE
    CACHE 1;


ALTER TABLE public.main_source_monitoring_product_id_seq OWNER TO stas;

--
-- Name: main_source_monitoring_product_id_seq; Type: SEQUENCE OWNED BY; Schema: public; Owner: stas
--

ALTER SEQUENCE main_source_monitoring_product_id_seq OWNED BY main_source_monitoring_product.id;


--
-- Name: main_speaker; Type: TABLE; Schema: public; Owner: stas; Tablespace: 
--

CREATE TABLE main_speaker (
    id integer NOT NULL,
    project_id integer,
    fio character varying(300),
    speaker_category_id integer,
    speaker_level_id integer,
    speaker_quote_uniqueness_id integer
);


ALTER TABLE public.main_speaker OWNER TO stas;

--
-- Name: main_speaker_id_seq; Type: SEQUENCE; Schema: public; Owner: stas
--

CREATE SEQUENCE main_speaker_id_seq
    START WITH 1
    INCREMENT BY 1
    NO MINVALUE
    NO MAXVALUE
    CACHE 1;


ALTER TABLE public.main_speaker_id_seq OWNER TO stas;

--
-- Name: main_speaker_id_seq; Type: SEQUENCE OWNED BY; Schema: public; Owner: stas
--

ALTER SEQUENCE main_speaker_id_seq OWNED BY main_speaker.id;


--
-- Name: main_speaker_monitoring_product; Type: TABLE; Schema: public; Owner: stas; Tablespace: 
--

CREATE TABLE main_speaker_monitoring_product (
    id integer NOT NULL,
    speaker_id integer NOT NULL,
    monitoringproduct_id integer NOT NULL
);


ALTER TABLE public.main_speaker_monitoring_product OWNER TO stas;

--
-- Name: main_speaker_monitoring_product_id_seq; Type: SEQUENCE; Schema: public; Owner: stas
--

CREATE SEQUENCE main_speaker_monitoring_product_id_seq
    START WITH 1
    INCREMENT BY 1
    NO MINVALUE
    NO MAXVALUE
    CACHE 1;


ALTER TABLE public.main_speaker_monitoring_product_id_seq OWNER TO stas;

--
-- Name: main_speaker_monitoring_product_id_seq; Type: SEQUENCE OWNED BY; Schema: public; Owner: stas
--

ALTER SEQUENCE main_speaker_monitoring_product_id_seq OWNED BY main_speaker_monitoring_product.id;


--
-- Name: main_speakercategory; Type: TABLE; Schema: public; Owner: stas; Tablespace: 
--

CREATE TABLE main_speakercategory (
    id integer NOT NULL,
    title character varying(500),
    project_id integer
);


ALTER TABLE public.main_speakercategory OWNER TO stas;

--
-- Name: main_speakercategory_id_seq; Type: SEQUENCE; Schema: public; Owner: stas
--

CREATE SEQUENCE main_speakercategory_id_seq
    START WITH 1
    INCREMENT BY 1
    NO MINVALUE
    NO MAXVALUE
    CACHE 1;


ALTER TABLE public.main_speakercategory_id_seq OWNER TO stas;

--
-- Name: main_speakercategory_id_seq; Type: SEQUENCE OWNED BY; Schema: public; Owner: stas
--

ALTER SEQUENCE main_speakercategory_id_seq OWNED BY main_speakercategory.id;


--
-- Name: main_speakercategory_monitoring_product; Type: TABLE; Schema: public; Owner: stas; Tablespace: 
--

CREATE TABLE main_speakercategory_monitoring_product (
    id integer NOT NULL,
    speakercategory_id integer NOT NULL,
    monitoringproduct_id integer NOT NULL
);


ALTER TABLE public.main_speakercategory_monitoring_product OWNER TO stas;

--
-- Name: main_speakercategory_monitoring_product_id_seq; Type: SEQUENCE; Schema: public; Owner: stas
--

CREATE SEQUENCE main_speakercategory_monitoring_product_id_seq
    START WITH 1
    INCREMENT BY 1
    NO MINVALUE
    NO MAXVALUE
    CACHE 1;


ALTER TABLE public.main_speakercategory_monitoring_product_id_seq OWNER TO stas;

--
-- Name: main_speakercategory_monitoring_product_id_seq; Type: SEQUENCE OWNED BY; Schema: public; Owner: stas
--

ALTER SEQUENCE main_speakercategory_monitoring_product_id_seq OWNED BY main_speakercategory_monitoring_product.id;


--
-- Name: main_speakerlevel; Type: TABLE; Schema: public; Owner: stas; Tablespace: 
--

CREATE TABLE main_speakerlevel (
    id integer NOT NULL,
    title character varying(500),
    project_id integer
);


ALTER TABLE public.main_speakerlevel OWNER TO stas;

--
-- Name: main_speakerlevel_id_seq; Type: SEQUENCE; Schema: public; Owner: stas
--

CREATE SEQUENCE main_speakerlevel_id_seq
    START WITH 1
    INCREMENT BY 1
    NO MINVALUE
    NO MAXVALUE
    CACHE 1;


ALTER TABLE public.main_speakerlevel_id_seq OWNER TO stas;

--
-- Name: main_speakerlevel_id_seq; Type: SEQUENCE OWNED BY; Schema: public; Owner: stas
--

ALTER SEQUENCE main_speakerlevel_id_seq OWNED BY main_speakerlevel.id;


--
-- Name: main_speakerlevel_monitoring_product; Type: TABLE; Schema: public; Owner: stas; Tablespace: 
--

CREATE TABLE main_speakerlevel_monitoring_product (
    id integer NOT NULL,
    speakerlevel_id integer NOT NULL,
    monitoringproduct_id integer NOT NULL
);


ALTER TABLE public.main_speakerlevel_monitoring_product OWNER TO stas;

--
-- Name: main_speakerlevel_monitoring_product_id_seq; Type: SEQUENCE; Schema: public; Owner: stas
--

CREATE SEQUENCE main_speakerlevel_monitoring_product_id_seq
    START WITH 1
    INCREMENT BY 1
    NO MINVALUE
    NO MAXVALUE
    CACHE 1;


ALTER TABLE public.main_speakerlevel_monitoring_product_id_seq OWNER TO stas;

--
-- Name: main_speakerlevel_monitoring_product_id_seq; Type: SEQUENCE OWNED BY; Schema: public; Owner: stas
--

ALTER SEQUENCE main_speakerlevel_monitoring_product_id_seq OWNED BY main_speakerlevel_monitoring_product.id;


--
-- Name: main_speakerquote; Type: TABLE; Schema: public; Owner: stas; Tablespace: 
--

CREATE TABLE main_speakerquote (
    id integer NOT NULL,
    title character varying(500),
    project_id integer
);


ALTER TABLE public.main_speakerquote OWNER TO stas;

--
-- Name: main_speakerquote_id_seq; Type: SEQUENCE; Schema: public; Owner: stas
--

CREATE SEQUENCE main_speakerquote_id_seq
    START WITH 1
    INCREMENT BY 1
    NO MINVALUE
    NO MAXVALUE
    CACHE 1;


ALTER TABLE public.main_speakerquote_id_seq OWNER TO stas;

--
-- Name: main_speakerquote_id_seq; Type: SEQUENCE OWNED BY; Schema: public; Owner: stas
--

ALTER SEQUENCE main_speakerquote_id_seq OWNED BY main_speakerquote.id;


--
-- Name: main_speakerquote_monitoring_product; Type: TABLE; Schema: public; Owner: stas; Tablespace: 
--

CREATE TABLE main_speakerquote_monitoring_product (
    id integer NOT NULL,
    speakerquote_id integer NOT NULL,
    monitoringproduct_id integer NOT NULL
);


ALTER TABLE public.main_speakerquote_monitoring_product OWNER TO stas;

--
-- Name: main_speakerquote_monitoring_product_id_seq; Type: SEQUENCE; Schema: public; Owner: stas
--

CREATE SEQUENCE main_speakerquote_monitoring_product_id_seq
    START WITH 1
    INCREMENT BY 1
    NO MINVALUE
    NO MAXVALUE
    CACHE 1;


ALTER TABLE public.main_speakerquote_monitoring_product_id_seq OWNER TO stas;

--
-- Name: main_speakerquote_monitoring_product_id_seq; Type: SEQUENCE OWNED BY; Schema: public; Owner: stas
--

ALTER SEQUENCE main_speakerquote_monitoring_product_id_seq OWNED BY main_speakerquote_monitoring_product.id;


--
-- Name: main_speakerquoteuniqueness; Type: TABLE; Schema: public; Owner: stas; Tablespace: 
--

CREATE TABLE main_speakerquoteuniqueness (
    id integer NOT NULL,
    title character varying(500),
    project_id integer
);


ALTER TABLE public.main_speakerquoteuniqueness OWNER TO stas;

--
-- Name: main_speakerquoteuniqueness_id_seq; Type: SEQUENCE; Schema: public; Owner: stas
--

CREATE SEQUENCE main_speakerquoteuniqueness_id_seq
    START WITH 1
    INCREMENT BY 1
    NO MINVALUE
    NO MAXVALUE
    CACHE 1;


ALTER TABLE public.main_speakerquoteuniqueness_id_seq OWNER TO stas;

--
-- Name: main_speakerquoteuniqueness_id_seq; Type: SEQUENCE OWNED BY; Schema: public; Owner: stas
--

ALTER SEQUENCE main_speakerquoteuniqueness_id_seq OWNED BY main_speakerquoteuniqueness.id;


--
-- Name: main_speakerquoteuniqueness_monitoring_product; Type: TABLE; Schema: public; Owner: stas; Tablespace: 
--

CREATE TABLE main_speakerquoteuniqueness_monitoring_product (
    id integer NOT NULL,
    speakerquoteuniqueness_id integer NOT NULL,
    monitoringproduct_id integer NOT NULL
);


ALTER TABLE public.main_speakerquoteuniqueness_monitoring_product OWNER TO stas;

--
-- Name: main_speakerquoteuniqueness_monitoring_product_id_seq; Type: SEQUENCE; Schema: public; Owner: stas
--

CREATE SEQUENCE main_speakerquoteuniqueness_monitoring_product_id_seq
    START WITH 1
    INCREMENT BY 1
    NO MINVALUE
    NO MAXVALUE
    CACHE 1;


ALTER TABLE public.main_speakerquoteuniqueness_monitoring_product_id_seq OWNER TO stas;

--
-- Name: main_speakerquoteuniqueness_monitoring_product_id_seq; Type: SEQUENCE OWNED BY; Schema: public; Owner: stas
--

ALTER SEQUENCE main_speakerquoteuniqueness_monitoring_product_id_seq OWNED BY main_speakerquoteuniqueness_monitoring_product.id;


--
-- Name: main_speakerspeechhate; Type: TABLE; Schema: public; Owner: stas; Tablespace: 
--

CREATE TABLE main_speakerspeechhate (
    id integer NOT NULL,
    title character varying(500),
    project_id integer
);


ALTER TABLE public.main_speakerspeechhate OWNER TO stas;

--
-- Name: main_speakerspeechhate_id_seq; Type: SEQUENCE; Schema: public; Owner: stas
--

CREATE SEQUENCE main_speakerspeechhate_id_seq
    START WITH 1
    INCREMENT BY 1
    NO MINVALUE
    NO MAXVALUE
    CACHE 1;


ALTER TABLE public.main_speakerspeechhate_id_seq OWNER TO stas;

--
-- Name: main_speakerspeechhate_id_seq; Type: SEQUENCE OWNED BY; Schema: public; Owner: stas
--

ALTER SEQUENCE main_speakerspeechhate_id_seq OWNED BY main_speakerspeechhate.id;


--
-- Name: main_speakerspeechhate_monitoring_product; Type: TABLE; Schema: public; Owner: stas; Tablespace: 
--

CREATE TABLE main_speakerspeechhate_monitoring_product (
    id integer NOT NULL,
    speakerspeechhate_id integer NOT NULL,
    monitoringproduct_id integer NOT NULL
);


ALTER TABLE public.main_speakerspeechhate_monitoring_product OWNER TO stas;

--
-- Name: main_speakerspeechhate_monitoring_product_id_seq; Type: SEQUENCE; Schema: public; Owner: stas
--

CREATE SEQUENCE main_speakerspeechhate_monitoring_product_id_seq
    START WITH 1
    INCREMENT BY 1
    NO MINVALUE
    NO MAXVALUE
    CACHE 1;


ALTER TABLE public.main_speakerspeechhate_monitoring_product_id_seq OWNER TO stas;

--
-- Name: main_speakerspeechhate_monitoring_product_id_seq; Type: SEQUENCE OWNED BY; Schema: public; Owner: stas
--

ALTER SEQUENCE main_speakerspeechhate_monitoring_product_id_seq OWNED BY main_speakerspeechhate_monitoring_product.id;


--
-- Name: main_statementspeaker; Type: TABLE; Schema: public; Owner: stas; Tablespace: 
--

CREATE TABLE main_statementspeaker (
    id integer NOT NULL,
    project_id integer,
    article_id integer,
    speaker_id integer,
    mentions_object_id integer,
    speaker_speech_hate_id integer
);


ALTER TABLE public.main_statementspeaker OWNER TO stas;

--
-- Name: main_statementspeaker_id_seq; Type: SEQUENCE; Schema: public; Owner: stas
--

CREATE SEQUENCE main_statementspeaker_id_seq
    START WITH 1
    INCREMENT BY 1
    NO MINVALUE
    NO MAXVALUE
    CACHE 1;


ALTER TABLE public.main_statementspeaker_id_seq OWNER TO stas;

--
-- Name: main_statementspeaker_id_seq; Type: SEQUENCE OWNED BY; Schema: public; Owner: stas
--

ALTER SEQUENCE main_statementspeaker_id_seq OWNED BY main_statementspeaker.id;


--
-- Name: main_statementspeaker_monitoring_product; Type: TABLE; Schema: public; Owner: stas; Tablespace: 
--

CREATE TABLE main_statementspeaker_monitoring_product (
    id integer NOT NULL,
    statementspeaker_id integer NOT NULL,
    monitoringproduct_id integer NOT NULL
);


ALTER TABLE public.main_statementspeaker_monitoring_product OWNER TO stas;

--
-- Name: main_statementspeaker_monitoring_product_id_seq; Type: SEQUENCE; Schema: public; Owner: stas
--

CREATE SEQUENCE main_statementspeaker_monitoring_product_id_seq
    START WITH 1
    INCREMENT BY 1
    NO MINVALUE
    NO MAXVALUE
    CACHE 1;


ALTER TABLE public.main_statementspeaker_monitoring_product_id_seq OWNER TO stas;

--
-- Name: main_statementspeaker_monitoring_product_id_seq; Type: SEQUENCE OWNED BY; Schema: public; Owner: stas
--

ALTER SEQUENCE main_statementspeaker_monitoring_product_id_seq OWNED BY main_statementspeaker_monitoring_product.id;


--
-- Name: main_tag; Type: TABLE; Schema: public; Owner: stas; Tablespace: 
--

CREATE TABLE main_tag (
    id integer NOT NULL,
    title character varying(500),
    project_id integer
);


ALTER TABLE public.main_tag OWNER TO stas;

--
-- Name: main_tag_id_seq; Type: SEQUENCE; Schema: public; Owner: stas
--

CREATE SEQUENCE main_tag_id_seq
    START WITH 1
    INCREMENT BY 1
    NO MINVALUE
    NO MAXVALUE
    CACHE 1;


ALTER TABLE public.main_tag_id_seq OWNER TO stas;

--
-- Name: main_tag_id_seq; Type: SEQUENCE OWNED BY; Schema: public; Owner: stas
--

ALTER SEQUENCE main_tag_id_seq OWNED BY main_tag.id;


--
-- Name: main_tag_monitoring_product; Type: TABLE; Schema: public; Owner: stas; Tablespace: 
--

CREATE TABLE main_tag_monitoring_product (
    id integer NOT NULL,
    tag_id integer NOT NULL,
    monitoringproduct_id integer NOT NULL
);


ALTER TABLE public.main_tag_monitoring_product OWNER TO stas;

--
-- Name: main_tag_monitoring_product_id_seq; Type: SEQUENCE; Schema: public; Owner: stas
--

CREATE SEQUENCE main_tag_monitoring_product_id_seq
    START WITH 1
    INCREMENT BY 1
    NO MINVALUE
    NO MAXVALUE
    CACHE 1;


ALTER TABLE public.main_tag_monitoring_product_id_seq OWNER TO stas;

--
-- Name: main_tag_monitoring_product_id_seq; Type: SEQUENCE OWNED BY; Schema: public; Owner: stas
--

ALTER SEQUENCE main_tag_monitoring_product_id_seq OWNED BY main_tag_monitoring_product.id;


--
-- Name: main_technologies; Type: TABLE; Schema: public; Owner: stas; Tablespace: 
--

CREATE TABLE main_technologies (
    id integer NOT NULL,
    title character varying(500),
    project_id integer
);


ALTER TABLE public.main_technologies OWNER TO stas;

--
-- Name: main_technologies_id_seq; Type: SEQUENCE; Schema: public; Owner: stas
--

CREATE SEQUENCE main_technologies_id_seq
    START WITH 1
    INCREMENT BY 1
    NO MINVALUE
    NO MAXVALUE
    CACHE 1;


ALTER TABLE public.main_technologies_id_seq OWNER TO stas;

--
-- Name: main_technologies_id_seq; Type: SEQUENCE OWNED BY; Schema: public; Owner: stas
--

ALTER SEQUENCE main_technologies_id_seq OWNED BY main_technologies.id;


--
-- Name: main_technologies_monitoring_product; Type: TABLE; Schema: public; Owner: stas; Tablespace: 
--

CREATE TABLE main_technologies_monitoring_product (
    id integer NOT NULL,
    technologies_id integer NOT NULL,
    monitoringproduct_id integer NOT NULL
);


ALTER TABLE public.main_technologies_monitoring_product OWNER TO stas;

--
-- Name: main_technologies_monitoring_product_id_seq; Type: SEQUENCE; Schema: public; Owner: stas
--

CREATE SEQUENCE main_technologies_monitoring_product_id_seq
    START WITH 1
    INCREMENT BY 1
    NO MINVALUE
    NO MAXVALUE
    CACHE 1;


ALTER TABLE public.main_technologies_monitoring_product_id_seq OWNER TO stas;

--
-- Name: main_technologies_monitoring_product_id_seq; Type: SEQUENCE OWNED BY; Schema: public; Owner: stas
--

ALTER SEQUENCE main_technologies_monitoring_product_id_seq OWNED BY main_technologies_monitoring_product.id;


--
-- Name: main_thematiccategory; Type: TABLE; Schema: public; Owner: stas; Tablespace: 
--

CREATE TABLE main_thematiccategory (
    id integer NOT NULL,
    title character varying(500),
    project_id integer
);


ALTER TABLE public.main_thematiccategory OWNER TO stas;

--
-- Name: main_thematiccategory_id_seq; Type: SEQUENCE; Schema: public; Owner: stas
--

CREATE SEQUENCE main_thematiccategory_id_seq
    START WITH 1
    INCREMENT BY 1
    NO MINVALUE
    NO MAXVALUE
    CACHE 1;


ALTER TABLE public.main_thematiccategory_id_seq OWNER TO stas;

--
-- Name: main_thematiccategory_id_seq; Type: SEQUENCE OWNED BY; Schema: public; Owner: stas
--

ALTER SEQUENCE main_thematiccategory_id_seq OWNED BY main_thematiccategory.id;


--
-- Name: main_thematiccategory_monitoring_product; Type: TABLE; Schema: public; Owner: stas; Tablespace: 
--

CREATE TABLE main_thematiccategory_monitoring_product (
    id integer NOT NULL,
    thematiccategory_id integer NOT NULL,
    monitoringproduct_id integer NOT NULL
);


ALTER TABLE public.main_thematiccategory_monitoring_product OWNER TO stas;

--
-- Name: main_thematiccategory_monitoring_product_id_seq; Type: SEQUENCE; Schema: public; Owner: stas
--

CREATE SEQUENCE main_thematiccategory_monitoring_product_id_seq
    START WITH 1
    INCREMENT BY 1
    NO MINVALUE
    NO MAXVALUE
    CACHE 1;


ALTER TABLE public.main_thematiccategory_monitoring_product_id_seq OWNER TO stas;

--
-- Name: main_thematiccategory_monitoring_product_id_seq; Type: SEQUENCE OWNED BY; Schema: public; Owner: stas
--

ALTER SEQUENCE main_thematiccategory_monitoring_product_id_seq OWNED BY main_thematiccategory_monitoring_product.id;


--
-- Name: main_thirdpartyspeakers; Type: TABLE; Schema: public; Owner: stas; Tablespace: 
--

CREATE TABLE main_thirdpartyspeakers (
    id integer NOT NULL,
    title character varying(500),
    project_id integer
);


ALTER TABLE public.main_thirdpartyspeakers OWNER TO stas;

--
-- Name: main_thirdpartyspeakers_id_seq; Type: SEQUENCE; Schema: public; Owner: stas
--

CREATE SEQUENCE main_thirdpartyspeakers_id_seq
    START WITH 1
    INCREMENT BY 1
    NO MINVALUE
    NO MAXVALUE
    CACHE 1;


ALTER TABLE public.main_thirdpartyspeakers_id_seq OWNER TO stas;

--
-- Name: main_thirdpartyspeakers_id_seq; Type: SEQUENCE OWNED BY; Schema: public; Owner: stas
--

ALTER SEQUENCE main_thirdpartyspeakers_id_seq OWNED BY main_thirdpartyspeakers.id;


--
-- Name: main_thirdpartyspeakers_monitoring_product; Type: TABLE; Schema: public; Owner: stas; Tablespace: 
--

CREATE TABLE main_thirdpartyspeakers_monitoring_product (
    id integer NOT NULL,
    thirdpartyspeakers_id integer NOT NULL,
    monitoringproduct_id integer NOT NULL
);


ALTER TABLE public.main_thirdpartyspeakers_monitoring_product OWNER TO stas;

--
-- Name: main_thirdpartyspeakers_monitoring_product_id_seq; Type: SEQUENCE; Schema: public; Owner: stas
--

CREATE SEQUENCE main_thirdpartyspeakers_monitoring_product_id_seq
    START WITH 1
    INCREMENT BY 1
    NO MINVALUE
    NO MAXVALUE
    CACHE 1;


ALTER TABLE public.main_thirdpartyspeakers_monitoring_product_id_seq OWNER TO stas;

--
-- Name: main_thirdpartyspeakers_monitoring_product_id_seq; Type: SEQUENCE OWNED BY; Schema: public; Owner: stas
--

ALTER SEQUENCE main_thirdpartyspeakers_monitoring_product_id_seq OWNED BY main_thirdpartyspeakers_monitoring_product.id;


--
-- Name: main_url; Type: TABLE; Schema: public; Owner: stas; Tablespace: 
--

CREATE TABLE main_url (
    id integer NOT NULL,
    title character varying(500),
    project_id integer
);


ALTER TABLE public.main_url OWNER TO stas;

--
-- Name: main_url_id_seq; Type: SEQUENCE; Schema: public; Owner: stas
--

CREATE SEQUENCE main_url_id_seq
    START WITH 1
    INCREMENT BY 1
    NO MINVALUE
    NO MAXVALUE
    CACHE 1;


ALTER TABLE public.main_url_id_seq OWNER TO stas;

--
-- Name: main_url_id_seq; Type: SEQUENCE OWNED BY; Schema: public; Owner: stas
--

ALTER SEQUENCE main_url_id_seq OWNED BY main_url.id;


--
-- Name: main_url_monitoring_product; Type: TABLE; Schema: public; Owner: stas; Tablespace: 
--

CREATE TABLE main_url_monitoring_product (
    id integer NOT NULL,
    url_id integer NOT NULL,
    monitoringproduct_id integer NOT NULL
);


ALTER TABLE public.main_url_monitoring_product OWNER TO stas;

--
-- Name: main_url_monitoring_product_id_seq; Type: SEQUENCE; Schema: public; Owner: stas
--

CREATE SEQUENCE main_url_monitoring_product_id_seq
    START WITH 1
    INCREMENT BY 1
    NO MINVALUE
    NO MAXVALUE
    CACHE 1;


ALTER TABLE public.main_url_monitoring_product_id_seq OWNER TO stas;

--
-- Name: main_url_monitoring_product_id_seq; Type: SEQUENCE OWNED BY; Schema: public; Owner: stas
--

ALTER SEQUENCE main_url_monitoring_product_id_seq OWNED BY main_url_monitoring_product.id;


--
-- Name: main_visibility; Type: TABLE; Schema: public; Owner: stas; Tablespace: 
--

CREATE TABLE main_visibility (
    id integer NOT NULL,
    title character varying(500),
    project_id integer
);


ALTER TABLE public.main_visibility OWNER TO stas;

--
-- Name: main_visibility_id_seq; Type: SEQUENCE; Schema: public; Owner: stas
--

CREATE SEQUENCE main_visibility_id_seq
    START WITH 1
    INCREMENT BY 1
    NO MINVALUE
    NO MAXVALUE
    CACHE 1;


ALTER TABLE public.main_visibility_id_seq OWNER TO stas;

--
-- Name: main_visibility_id_seq; Type: SEQUENCE OWNED BY; Schema: public; Owner: stas
--

ALTER SEQUENCE main_visibility_id_seq OWNED BY main_visibility.id;


--
-- Name: main_visibility_monitoring_product; Type: TABLE; Schema: public; Owner: stas; Tablespace: 
--

CREATE TABLE main_visibility_monitoring_product (
    id integer NOT NULL,
    visibility_id integer NOT NULL,
    monitoringproduct_id integer NOT NULL
);


ALTER TABLE public.main_visibility_monitoring_product OWNER TO stas;

--
-- Name: main_visibility_monitoring_product_id_seq; Type: SEQUENCE; Schema: public; Owner: stas
--

CREATE SEQUENCE main_visibility_monitoring_product_id_seq
    START WITH 1
    INCREMENT BY 1
    NO MINVALUE
    NO MAXVALUE
    CACHE 1;


ALTER TABLE public.main_visibility_monitoring_product_id_seq OWNER TO stas;

--
-- Name: main_visibility_monitoring_product_id_seq; Type: SEQUENCE OWNED BY; Schema: public; Owner: stas
--

ALTER SEQUENCE main_visibility_monitoring_product_id_seq OWNED BY main_visibility_monitoring_product.id;


--
-- Name: main_visibilityspecial; Type: TABLE; Schema: public; Owner: stas; Tablespace: 
--

CREATE TABLE main_visibilityspecial (
    id integer NOT NULL,
    title character varying(500),
    project_id integer
);


ALTER TABLE public.main_visibilityspecial OWNER TO stas;

--
-- Name: main_visibilityspecial_id_seq; Type: SEQUENCE; Schema: public; Owner: stas
--

CREATE SEQUENCE main_visibilityspecial_id_seq
    START WITH 1
    INCREMENT BY 1
    NO MINVALUE
    NO MAXVALUE
    CACHE 1;


ALTER TABLE public.main_visibilityspecial_id_seq OWNER TO stas;

--
-- Name: main_visibilityspecial_id_seq; Type: SEQUENCE OWNED BY; Schema: public; Owner: stas
--

ALTER SEQUENCE main_visibilityspecial_id_seq OWNED BY main_visibilityspecial.id;


--
-- Name: main_visibilityspecial_monitoring_product; Type: TABLE; Schema: public; Owner: stas; Tablespace: 
--

CREATE TABLE main_visibilityspecial_monitoring_product (
    id integer NOT NULL,
    visibilityspecial_id integer NOT NULL,
    monitoringproduct_id integer NOT NULL
);


ALTER TABLE public.main_visibilityspecial_monitoring_product OWNER TO stas;

--
-- Name: main_visibilityspecial_monitoring_product_id_seq; Type: SEQUENCE; Schema: public; Owner: stas
--

CREATE SEQUENCE main_visibilityspecial_monitoring_product_id_seq
    START WITH 1
    INCREMENT BY 1
    NO MINVALUE
    NO MAXVALUE
    CACHE 1;


ALTER TABLE public.main_visibilityspecial_monitoring_product_id_seq OWNER TO stas;

--
-- Name: main_visibilityspecial_monitoring_product_id_seq; Type: SEQUENCE OWNED BY; Schema: public; Owner: stas
--

ALTER SEQUENCE main_visibilityspecial_monitoring_product_id_seq OWNED BY main_visibilityspecial_monitoring_product.id;


--
-- Name: main_week; Type: TABLE; Schema: public; Owner: stas; Tablespace: 
--

CREATE TABLE main_week (
    id integer NOT NULL,
    title character varying(500),
    project_id integer
);


ALTER TABLE public.main_week OWNER TO stas;

--
-- Name: main_week_id_seq; Type: SEQUENCE; Schema: public; Owner: stas
--

CREATE SEQUENCE main_week_id_seq
    START WITH 1
    INCREMENT BY 1
    NO MINVALUE
    NO MAXVALUE
    CACHE 1;


ALTER TABLE public.main_week_id_seq OWNER TO stas;

--
-- Name: main_week_id_seq; Type: SEQUENCE OWNED BY; Schema: public; Owner: stas
--

ALTER SEQUENCE main_week_id_seq OWNED BY main_week.id;


--
-- Name: main_week_monitoring_product; Type: TABLE; Schema: public; Owner: stas; Tablespace: 
--

CREATE TABLE main_week_monitoring_product (
    id integer NOT NULL,
    week_id integer NOT NULL,
    monitoringproduct_id integer NOT NULL
);


ALTER TABLE public.main_week_monitoring_product OWNER TO stas;

--
-- Name: main_week_monitoring_product_id_seq; Type: SEQUENCE; Schema: public; Owner: stas
--

CREATE SEQUENCE main_week_monitoring_product_id_seq
    START WITH 1
    INCREMENT BY 1
    NO MINVALUE
    NO MAXVALUE
    CACHE 1;


ALTER TABLE public.main_week_monitoring_product_id_seq OWNER TO stas;

--
-- Name: main_week_monitoring_product_id_seq; Type: SEQUENCE OWNED BY; Schema: public; Owner: stas
--

ALTER SEQUENCE main_week_monitoring_product_id_seq OWNED BY main_week_monitoring_product.id;


--
-- Name: monitoring_product_constructorwidget; Type: TABLE; Schema: public; Owner: stas; Tablespace: 
--

CREATE TABLE monitoring_product_constructorwidget (
    id integer NOT NULL,
    project_id integer NOT NULL,
    monitoring_product_id integer NOT NULL,
    data text NOT NULL
);


ALTER TABLE public.monitoring_product_constructorwidget OWNER TO stas;

--
-- Name: monitoring_product_constructorwidget_id_seq; Type: SEQUENCE; Schema: public; Owner: stas
--

CREATE SEQUENCE monitoring_product_constructorwidget_id_seq
    START WITH 1
    INCREMENT BY 1
    NO MINVALUE
    NO MAXVALUE
    CACHE 1;


ALTER TABLE public.monitoring_product_constructorwidget_id_seq OWNER TO stas;

--
-- Name: monitoring_product_constructorwidget_id_seq; Type: SEQUENCE OWNED BY; Schema: public; Owner: stas
--

ALTER SEQUENCE monitoring_product_constructorwidget_id_seq OWNED BY monitoring_product_constructorwidget.id;


--
-- Name: monitoring_product_monitoringproduct; Type: TABLE; Schema: public; Owner: stas; Tablespace: 
--

CREATE TABLE monitoring_product_monitoringproduct (
    id integer NOT NULL,
    project_id integer NOT NULL,
    title character varying(200) NOT NULL,
    type character varying(20) NOT NULL,
    data_type character varying(20) NOT NULL,
    article_count integer NOT NULL,
    settings text NOT NULL,
    time_from timestamp with time zone,
    time_to timestamp with time zone,
    parent_id integer,
    changed timestamp with time zone,
    changed_by_id integer,
    created timestamp with time zone,
    created_by_id integer
);


ALTER TABLE public.monitoring_product_monitoringproduct OWNER TO stas;

--
-- Name: monitoring_product_monitoringproduct_id_seq; Type: SEQUENCE; Schema: public; Owner: stas
--

CREATE SEQUENCE monitoring_product_monitoringproduct_id_seq
    START WITH 1
    INCREMENT BY 1
    NO MINVALUE
    NO MAXVALUE
    CACHE 1;


ALTER TABLE public.monitoring_product_monitoringproduct_id_seq OWNER TO stas;

--
-- Name: monitoring_product_monitoringproduct_id_seq; Type: SEQUENCE OWNED BY; Schema: public; Owner: stas
--

ALTER SEQUENCE monitoring_product_monitoringproduct_id_seq OWNED BY monitoring_product_monitoringproduct.id;


--
-- Name: monitoring_product_monitoringproductcategory; Type: TABLE; Schema: public; Owner: stas; Tablespace: 
--

CREATE TABLE monitoring_product_monitoringproductcategory (
    id integer NOT NULL,
    category_id integer NOT NULL,
    monitoring_product_id integer NOT NULL,
    index_sort integer NOT NULL
);


ALTER TABLE public.monitoring_product_monitoringproductcategory OWNER TO stas;

--
-- Name: monitoring_product_monitoringproductcategory_id_seq; Type: SEQUENCE; Schema: public; Owner: stas
--

CREATE SEQUENCE monitoring_product_monitoringproductcategory_id_seq
    START WITH 1
    INCREMENT BY 1
    NO MINVALUE
    NO MAXVALUE
    CACHE 1;


ALTER TABLE public.monitoring_product_monitoringproductcategory_id_seq OWNER TO stas;

--
-- Name: monitoring_product_monitoringproductcategory_id_seq; Type: SEQUENCE OWNED BY; Schema: public; Owner: stas
--

ALTER SEQUENCE monitoring_product_monitoringproductcategory_id_seq OWNED BY monitoring_product_monitoringproductcategory.id;


--
-- Name: monitoring_product_monitoringproductmention; Type: TABLE; Schema: public; Owner: stas; Tablespace: 
--

CREATE TABLE monitoring_product_monitoringproductmention (
    id integer NOT NULL,
    monitoring_product_id integer NOT NULL,
    color character varying(200) NOT NULL,
    mention_object_id integer NOT NULL
);


ALTER TABLE public.monitoring_product_monitoringproductmention OWNER TO stas;

--
-- Name: monitoring_product_monitoringproductmention_id_seq; Type: SEQUENCE; Schema: public; Owner: stas
--

CREATE SEQUENCE monitoring_product_monitoringproductmention_id_seq
    START WITH 1
    INCREMENT BY 1
    NO MINVALUE
    NO MAXVALUE
    CACHE 1;


ALTER TABLE public.monitoring_product_monitoringproductmention_id_seq OWNER TO stas;

--
-- Name: monitoring_product_monitoringproductmention_id_seq; Type: SEQUENCE OWNED BY; Schema: public; Owner: stas
--

ALTER SEQUENCE monitoring_product_monitoringproductmention_id_seq OWNED BY monitoring_product_monitoringproductmention.id;


--
-- Name: monitoring_product_monitoringproductmentionword; Type: TABLE; Schema: public; Owner: stas; Tablespace: 
--

CREATE TABLE monitoring_product_monitoringproductmentionword (
    id integer NOT NULL,
    word character varying(100) NOT NULL,
    monitoring_product_mention_id integer NOT NULL
);


ALTER TABLE public.monitoring_product_monitoringproductmentionword OWNER TO stas;

--
-- Name: monitoring_product_monitoringproductmentionword_id_seq; Type: SEQUENCE; Schema: public; Owner: stas
--

CREATE SEQUENCE monitoring_product_monitoringproductmentionword_id_seq
    START WITH 1
    INCREMENT BY 1
    NO MINVALUE
    NO MAXVALUE
    CACHE 1;


ALTER TABLE public.monitoring_product_monitoringproductmentionword_id_seq OWNER TO stas;

--
-- Name: monitoring_product_monitoringproductmentionword_id_seq; Type: SEQUENCE OWNED BY; Schema: public; Owner: stas
--

ALTER SEQUENCE monitoring_product_monitoringproductmentionword_id_seq OWNED BY monitoring_product_monitoringproductmentionword.id;


--
-- Name: monitoring_product_monitoringproductsetting; Type: TABLE; Schema: public; Owner: stas; Tablespace: 
--

CREATE TABLE monitoring_product_monitoringproductsetting (
    id integer NOT NULL,
    setting text,
    monitoring_product_id integer NOT NULL,
    user_id integer NOT NULL
);


ALTER TABLE public.monitoring_product_monitoringproductsetting OWNER TO stas;

--
-- Name: monitoring_product_monitoringproductsetting_id_seq; Type: SEQUENCE; Schema: public; Owner: stas
--

CREATE SEQUENCE monitoring_product_monitoringproductsetting_id_seq
    START WITH 1
    INCREMENT BY 1
    NO MINVALUE
    NO MAXVALUE
    CACHE 1;


ALTER TABLE public.monitoring_product_monitoringproductsetting_id_seq OWNER TO stas;

--
-- Name: monitoring_product_monitoringproductsetting_id_seq; Type: SEQUENCE OWNED BY; Schema: public; Owner: stas
--

ALTER SEQUENCE monitoring_product_monitoringproductsetting_id_seq OWNED BY monitoring_product_monitoringproductsetting.id;


--
-- Name: id; Type: DEFAULT; Schema: public; Owner: stas
--

ALTER TABLE ONLY auth_group ALTER COLUMN id SET DEFAULT nextval('auth_group_id_seq'::regclass);


--
-- Name: id; Type: DEFAULT; Schema: public; Owner: stas
--

ALTER TABLE ONLY auth_group_permissions ALTER COLUMN id SET DEFAULT nextval('auth_group_permissions_id_seq'::regclass);


--
-- Name: id; Type: DEFAULT; Schema: public; Owner: stas
--

ALTER TABLE ONLY auth_permission ALTER COLUMN id SET DEFAULT nextval('auth_permission_id_seq'::regclass);


--
-- Name: id; Type: DEFAULT; Schema: public; Owner: stas
--

ALTER TABLE ONLY auth_user ALTER COLUMN id SET DEFAULT nextval('auth_user_id_seq'::regclass);


--
-- Name: id; Type: DEFAULT; Schema: public; Owner: stas
--

ALTER TABLE ONLY auth_user_groups ALTER COLUMN id SET DEFAULT nextval('auth_user_groups_id_seq'::regclass);


--
-- Name: id; Type: DEFAULT; Schema: public; Owner: stas
--

ALTER TABLE ONLY auth_user_user_permissions ALTER COLUMN id SET DEFAULT nextval('auth_user_user_permissions_id_seq'::regclass);


--
-- Name: id; Type: DEFAULT; Schema: public; Owner: stas
--

ALTER TABLE ONLY custom_user_company ALTER COLUMN id SET DEFAULT nextval('custom_user_company_id_seq'::regclass);


--
-- Name: id; Type: DEFAULT; Schema: public; Owner: stas
--

ALTER TABLE ONLY custom_user_customuser_access_to_products ALTER COLUMN id SET DEFAULT nextval('custom_user_customuser_access_to_products_id_seq'::regclass);


--
-- Name: id; Type: DEFAULT; Schema: public; Owner: stas
--

ALTER TABLE ONLY custom_user_customuser_project ALTER COLUMN id SET DEFAULT nextval('custom_user_customuser_project_id_seq'::regclass);


--
-- Name: id; Type: DEFAULT; Schema: public; Owner: stas
--

ALTER TABLE ONLY custom_user_department ALTER COLUMN id SET DEFAULT nextval('custom_user_department_id_seq'::regclass);


--
-- Name: id; Type: DEFAULT; Schema: public; Owner: stas
--

ALTER TABLE ONLY custom_user_productrating ALTER COLUMN id SET DEFAULT nextval('custom_user_productrating_id_seq'::regclass);


--
-- Name: id; Type: DEFAULT; Schema: public; Owner: stas
--

ALTER TABLE ONLY custom_user_social ALTER COLUMN id SET DEFAULT nextval('custom_user_social_id_seq'::regclass);


--
-- Name: id; Type: DEFAULT; Schema: public; Owner: stas
--

ALTER TABLE ONLY custom_user_useraplicationsettings ALTER COLUMN id SET DEFAULT nextval('custom_user_useraplicationsettings_id_seq'::regclass);


--
-- Name: id; Type: DEFAULT; Schema: public; Owner: stas
--

ALTER TABLE ONLY django_admin_log ALTER COLUMN id SET DEFAULT nextval('django_admin_log_id_seq'::regclass);


--
-- Name: id; Type: DEFAULT; Schema: public; Owner: stas
--

ALTER TABLE ONLY django_content_type ALTER COLUMN id SET DEFAULT nextval('django_content_type_id_seq'::regclass);


--
-- Name: id; Type: DEFAULT; Schema: public; Owner: stas
--

ALTER TABLE ONLY django_migrations ALTER COLUMN id SET DEFAULT nextval('django_migrations_id_seq'::regclass);


--
-- Name: id; Type: DEFAULT; Schema: public; Owner: stas
--

ALTER TABLE ONLY django_site ALTER COLUMN id SET DEFAULT nextval('django_site_id_seq'::regclass);


--
-- Name: id; Type: DEFAULT; Schema: public; Owner: stas
--

ALTER TABLE ONLY guardian_groupobjectpermission ALTER COLUMN id SET DEFAULT nextval('guardian_groupobjectpermission_id_seq'::regclass);


--
-- Name: id; Type: DEFAULT; Schema: public; Owner: stas
--

ALTER TABLE ONLY guardian_userobjectpermission ALTER COLUMN id SET DEFAULT nextval('guardian_userobjectpermission_id_seq'::regclass);


--
-- Name: id; Type: DEFAULT; Schema: public; Owner: stas
--

ALTER TABLE ONLY main_advertisementpromo ALTER COLUMN id SET DEFAULT nextval('main_advertisementpromo_id_seq'::regclass);


--
-- Name: id; Type: DEFAULT; Schema: public; Owner: stas
--

ALTER TABLE ONLY main_advertisementpromo_monitoring_product ALTER COLUMN id SET DEFAULT nextval('main_advertisementpromo_monitoring_product_id_seq'::regclass);


--
-- Name: id; Type: DEFAULT; Schema: public; Owner: stas
--

ALTER TABLE ONLY main_article ALTER COLUMN id SET DEFAULT nextval('main_article_id_seq'::regclass);


--
-- Name: id; Type: DEFAULT; Schema: public; Owner: stas
--

ALTER TABLE ONLY main_article_monitoring_product ALTER COLUMN id SET DEFAULT nextval('main_article_monitoring_product_id_seq'::regclass);


--
-- Name: id; Type: DEFAULT; Schema: public; Owner: stas
--

ALTER TABLE ONLY main_articletitle ALTER COLUMN id SET DEFAULT nextval('main_articletitle_id_seq'::regclass);


--
-- Name: id; Type: DEFAULT; Schema: public; Owner: stas
--

ALTER TABLE ONLY main_articletitle_monitoring_product ALTER COLUMN id SET DEFAULT nextval('main_articletitle_monitoring_product_id_seq'::regclass);


--
-- Name: id; Type: DEFAULT; Schema: public; Owner: stas
--

ALTER TABLE ONLY main_author ALTER COLUMN id SET DEFAULT nextval('main_author_id_seq'::regclass);


--
-- Name: id; Type: DEFAULT; Schema: public; Owner: stas
--

ALTER TABLE ONLY main_author_monitoring_product ALTER COLUMN id SET DEFAULT nextval('main_author_monitoring_product_id_seq'::regclass);


--
-- Name: id; Type: DEFAULT; Schema: public; Owner: stas
--

ALTER TABLE ONLY main_bissinesdirection ALTER COLUMN id SET DEFAULT nextval('main_bissinesdirection_id_seq'::regclass);


--
-- Name: id; Type: DEFAULT; Schema: public; Owner: stas
--

ALTER TABLE ONLY main_bissinesdirection_monitoring_product ALTER COLUMN id SET DEFAULT nextval('main_bissinesdirection_monitoring_product_id_seq'::regclass);


--
-- Name: id; Type: DEFAULT; Schema: public; Owner: stas
--

ALTER TABLE ONLY main_branch ALTER COLUMN id SET DEFAULT nextval('main_branch_id_seq'::regclass);


--
-- Name: id; Type: DEFAULT; Schema: public; Owner: stas
--

ALTER TABLE ONLY main_branch_monitoring_product ALTER COLUMN id SET DEFAULT nextval('main_branch_monitoring_product_id_seq'::regclass);


--
-- Name: id; Type: DEFAULT; Schema: public; Owner: stas
--

ALTER TABLE ONLY main_brandorproduct ALTER COLUMN id SET DEFAULT nextval('main_brandorproduct_id_seq'::regclass);


--
-- Name: id; Type: DEFAULT; Schema: public; Owner: stas
--

ALTER TABLE ONLY main_brandorproduct_monitoring_product ALTER COLUMN id SET DEFAULT nextval('main_brandorproduct_monitoring_product_id_seq'::regclass);


--
-- Name: id; Type: DEFAULT; Schema: public; Owner: stas
--

ALTER TABLE ONLY main_category ALTER COLUMN id SET DEFAULT nextval('main_category_id_seq'::regclass);


--
-- Name: id; Type: DEFAULT; Schema: public; Owner: stas
--

ALTER TABLE ONLY main_category_monitoring_product ALTER COLUMN id SET DEFAULT nextval('main_category_monitoring_product_id_seq'::regclass);


--
-- Name: id; Type: DEFAULT; Schema: public; Owner: stas
--

ALTER TABLE ONLY main_city ALTER COLUMN id SET DEFAULT nextval('main_city_id_seq'::regclass);


--
-- Name: id; Type: DEFAULT; Schema: public; Owner: stas
--

ALTER TABLE ONLY main_city_monitoring_product ALTER COLUMN id SET DEFAULT nextval('main_city_monitoring_product_id_seq'::regclass);


--
-- Name: id; Type: DEFAULT; Schema: public; Owner: stas
--

ALTER TABLE ONLY main_clientproduct ALTER COLUMN id SET DEFAULT nextval('main_clientproduct_id_seq'::regclass);


--
-- Name: id; Type: DEFAULT; Schema: public; Owner: stas
--

ALTER TABLE ONLY main_country ALTER COLUMN id SET DEFAULT nextval('main_country_id_seq'::regclass);


--
-- Name: id; Type: DEFAULT; Schema: public; Owner: stas
--

ALTER TABLE ONLY main_country_monitoring_product ALTER COLUMN id SET DEFAULT nextval('main_country_monitoring_product_id_seq'::regclass);


--
-- Name: id; Type: DEFAULT; Schema: public; Owner: stas
--

ALTER TABLE ONLY main_day ALTER COLUMN id SET DEFAULT nextval('main_day_id_seq'::regclass);


--
-- Name: id; Type: DEFAULT; Schema: public; Owner: stas
--

ALTER TABLE ONLY main_day_monitoring_product ALTER COLUMN id SET DEFAULT nextval('main_day_monitoring_product_id_seq'::regclass);


--
-- Name: id; Type: DEFAULT; Schema: public; Owner: stas
--

ALTER TABLE ONLY main_directorycategory ALTER COLUMN id SET DEFAULT nextval('main_directorycategory_id_seq'::regclass);


--
-- Name: id; Type: DEFAULT; Schema: public; Owner: stas
--

ALTER TABLE ONLY main_duration ALTER COLUMN id SET DEFAULT nextval('main_duration_id_seq'::regclass);


--
-- Name: id; Type: DEFAULT; Schema: public; Owner: stas
--

ALTER TABLE ONLY main_duration_monitoring_product ALTER COLUMN id SET DEFAULT nextval('main_duration_monitoring_product_id_seq'::regclass);


--
-- Name: id; Type: DEFAULT; Schema: public; Owner: stas
--

ALTER TABLE ONLY main_edgeregion ALTER COLUMN id SET DEFAULT nextval('main_edgeregion_id_seq'::regclass);


--
-- Name: id; Type: DEFAULT; Schema: public; Owner: stas
--

ALTER TABLE ONLY main_edgeregion_monitoring_product ALTER COLUMN id SET DEFAULT nextval('main_edgeregion_monitoring_product_id_seq'::regclass);


--
-- Name: id; Type: DEFAULT; Schema: public; Owner: stas
--

ALTER TABLE ONLY main_emotionaltonematerial ALTER COLUMN id SET DEFAULT nextval('main_emotionaltonematerial_id_seq'::regclass);


--
-- Name: id; Type: DEFAULT; Schema: public; Owner: stas
--

ALTER TABLE ONLY main_emotionaltonematerial_monitoring_product ALTER COLUMN id SET DEFAULT nextval('main_emotionaltonematerial_monitoring_product_id_seq'::regclass);


--
-- Name: id; Type: DEFAULT; Schema: public; Owner: stas
--

ALTER TABLE ONLY main_emotionaltoneobject ALTER COLUMN id SET DEFAULT nextval('main_emotionaltoneobject_id_seq'::regclass);


--
-- Name: id; Type: DEFAULT; Schema: public; Owner: stas
--

ALTER TABLE ONLY main_emotionaltoneobject_monitoring_product ALTER COLUMN id SET DEFAULT nextval('main_emotionaltoneobject_monitoring_product_id_seq'::regclass);


--
-- Name: id; Type: DEFAULT; Schema: public; Owner: stas
--

ALTER TABLE ONLY main_emotionaltonetitle ALTER COLUMN id SET DEFAULT nextval('main_emotionaltonetitle_id_seq'::regclass);


--
-- Name: id; Type: DEFAULT; Schema: public; Owner: stas
--

ALTER TABLE ONLY main_emotionaltonetitle_monitoring_product ALTER COLUMN id SET DEFAULT nextval('main_emotionaltonetitle_monitoring_product_id_seq'::regclass);


--
-- Name: id; Type: DEFAULT; Schema: public; Owner: stas
--

ALTER TABLE ONLY main_emotionaltonetitleobject ALTER COLUMN id SET DEFAULT nextval('main_emotionaltonetitleobject_id_seq'::regclass);


--
-- Name: id; Type: DEFAULT; Schema: public; Owner: stas
--

ALTER TABLE ONLY main_emotionaltonetitleobject_monitoring_product ALTER COLUMN id SET DEFAULT nextval('main_emotionaltonetitleobject_monitoring_product_id_seq'::regclass);


--
-- Name: id; Type: DEFAULT; Schema: public; Owner: stas
--

ALTER TABLE ONLY main_federaldistrict ALTER COLUMN id SET DEFAULT nextval('main_federaldistrict_id_seq'::regclass);


--
-- Name: id; Type: DEFAULT; Schema: public; Owner: stas
--

ALTER TABLE ONLY main_federaldistrict_monitoring_product ALTER COLUMN id SET DEFAULT nextval('main_federaldistrict_monitoring_product_id_seq'::regclass);


--
-- Name: id; Type: DEFAULT; Schema: public; Owner: stas
--

ALTER TABLE ONLY main_globallocalevent ALTER COLUMN id SET DEFAULT nextval('main_globallocalevent_id_seq'::regclass);


--
-- Name: id; Type: DEFAULT; Schema: public; Owner: stas
--

ALTER TABLE ONLY main_globallocalevent_monitoring_product ALTER COLUMN id SET DEFAULT nextval('main_globallocalevent_monitoring_product_id_seq'::regclass);


--
-- Name: id; Type: DEFAULT; Schema: public; Owner: stas
--

ALTER TABLE ONLY main_hashtags ALTER COLUMN id SET DEFAULT nextval('main_hashtags_id_seq'::regclass);


--
-- Name: id; Type: DEFAULT; Schema: public; Owner: stas
--

ALTER TABLE ONLY main_hashtags_monitoring_product ALTER COLUMN id SET DEFAULT nextval('main_hashtags_monitoring_product_id_seq'::regclass);


--
-- Name: id; Type: DEFAULT; Schema: public; Owner: stas
--

ALTER TABLE ONLY main_headertonality ALTER COLUMN id SET DEFAULT nextval('main_headertonality_id_seq'::regclass);


--
-- Name: id; Type: DEFAULT; Schema: public; Owner: stas
--

ALTER TABLE ONLY main_headertonality_monitoring_product ALTER COLUMN id SET DEFAULT nextval('main_headertonality_monitoring_product_id_seq'::regclass);


--
-- Name: id; Type: DEFAULT; Schema: public; Owner: stas
--

ALTER TABLE ONLY main_idpressrelease ALTER COLUMN id SET DEFAULT nextval('main_idpressrelease_id_seq'::regclass);


--
-- Name: id; Type: DEFAULT; Schema: public; Owner: stas
--

ALTER TABLE ONLY main_idpressrelease_monitoring_product ALTER COLUMN id SET DEFAULT nextval('main_idpressrelease_monitoring_product_id_seq'::regclass);


--
-- Name: id; Type: DEFAULT; Schema: public; Owner: stas
--

ALTER TABLE ONLY main_image ALTER COLUMN id SET DEFAULT nextval('main_image_id_seq'::regclass);


--
-- Name: id; Type: DEFAULT; Schema: public; Owner: stas
--

ALTER TABLE ONLY main_image_monitoring_product ALTER COLUMN id SET DEFAULT nextval('main_image_monitoring_product_id_seq'::regclass);


--
-- Name: id; Type: DEFAULT; Schema: public; Owner: stas
--

ALTER TABLE ONLY main_importfile ALTER COLUMN id SET DEFAULT nextval('main_importfile_id_seq'::regclass);


--
-- Name: id; Type: DEFAULT; Schema: public; Owner: stas
--

ALTER TABLE ONLY main_importfile_product ALTER COLUMN id SET DEFAULT nextval('main_importfile_product_id_seq'::regclass);


--
-- Name: id; Type: DEFAULT; Schema: public; Owner: stas
--

ALTER TABLE ONLY main_inforeason ALTER COLUMN id SET DEFAULT nextval('main_inforeason_id_seq'::regclass);


--
-- Name: id; Type: DEFAULT; Schema: public; Owner: stas
--

ALTER TABLE ONLY main_inforeason_monitoring_product ALTER COLUMN id SET DEFAULT nextval('main_inforeason_monitoring_product_id_seq'::regclass);


--
-- Name: id; Type: DEFAULT; Schema: public; Owner: stas
--

ALTER TABLE ONLY main_initiation ALTER COLUMN id SET DEFAULT nextval('main_initiation_id_seq'::regclass);


--
-- Name: id; Type: DEFAULT; Schema: public; Owner: stas
--

ALTER TABLE ONLY main_initiation_monitoring_product ALTER COLUMN id SET DEFAULT nextval('main_initiation_monitoring_product_id_seq'::regclass);


--
-- Name: id; Type: DEFAULT; Schema: public; Owner: stas
--

ALTER TABLE ONLY main_interactionkind ALTER COLUMN id SET DEFAULT nextval('main_interactionkind_id_seq'::regclass);


--
-- Name: id; Type: DEFAULT; Schema: public; Owner: stas
--

ALTER TABLE ONLY main_interactionkind_monitoring_product ALTER COLUMN id SET DEFAULT nextval('main_interactionkind_monitoring_product_id_seq'::regclass);


--
-- Name: id; Type: DEFAULT; Schema: public; Owner: stas
--

ALTER TABLE ONLY main_km ALTER COLUMN id SET DEFAULT nextval('main_km_id_seq'::regclass);


--
-- Name: id; Type: DEFAULT; Schema: public; Owner: stas
--

ALTER TABLE ONLY main_km_monitoring_product ALTER COLUMN id SET DEFAULT nextval('main_km_monitoring_product_id_seq'::regclass);


--
-- Name: id; Type: DEFAULT; Schema: public; Owner: stas
--

ALTER TABLE ONLY main_kmkeyvalue ALTER COLUMN id SET DEFAULT nextval('main_kmkeyvalue_id_seq'::regclass);


--
-- Name: id; Type: DEFAULT; Schema: public; Owner: stas
--

ALTER TABLE ONLY main_kmkeyvalue_monitoring_product ALTER COLUMN id SET DEFAULT nextval('main_kmkeyvalue_monitoring_product_id_seq'::regclass);


--
-- Name: id; Type: DEFAULT; Schema: public; Owner: stas
--

ALTER TABLE ONLY main_kmmention ALTER COLUMN id SET DEFAULT nextval('main_kmmention_id_seq'::regclass);


--
-- Name: id; Type: DEFAULT; Schema: public; Owner: stas
--

ALTER TABLE ONLY main_kmmention_monitoring_product ALTER COLUMN id SET DEFAULT nextval('main_kmmention_monitoring_product_id_seq'::regclass);


--
-- Name: id; Type: DEFAULT; Schema: public; Owner: stas
--

ALTER TABLE ONLY main_kmspecial ALTER COLUMN id SET DEFAULT nextval('main_kmspecial_id_seq'::regclass);


--
-- Name: id; Type: DEFAULT; Schema: public; Owner: stas
--

ALTER TABLE ONLY main_kmspecial_monitoring_product ALTER COLUMN id SET DEFAULT nextval('main_kmspecial_monitoring_product_id_seq'::regclass);


--
-- Name: id; Type: DEFAULT; Schema: public; Owner: stas
--

ALTER TABLE ONLY main_macroregion ALTER COLUMN id SET DEFAULT nextval('main_macroregion_id_seq'::regclass);


--
-- Name: id; Type: DEFAULT; Schema: public; Owner: stas
--

ALTER TABLE ONLY main_macroregion_monitoring_product ALTER COLUMN id SET DEFAULT nextval('main_macroregion_monitoring_product_id_seq'::regclass);


--
-- Name: id; Type: DEFAULT; Schema: public; Owner: stas
--

ALTER TABLE ONLY main_maintonality ALTER COLUMN id SET DEFAULT nextval('main_maintonality_id_seq'::regclass);


--
-- Name: id; Type: DEFAULT; Schema: public; Owner: stas
--

ALTER TABLE ONLY main_maintonality_monitoring_product ALTER COLUMN id SET DEFAULT nextval('main_maintonality_monitoring_product_id_seq'::regclass);


--
-- Name: id; Type: DEFAULT; Schema: public; Owner: stas
--

ALTER TABLE ONLY main_materialgenre ALTER COLUMN id SET DEFAULT nextval('main_materialgenre_id_seq'::regclass);


--
-- Name: id; Type: DEFAULT; Schema: public; Owner: stas
--

ALTER TABLE ONLY main_materialgenre_monitoring_product ALTER COLUMN id SET DEFAULT nextval('main_materialgenre_monitoring_product_id_seq'::regclass);


--
-- Name: id; Type: DEFAULT; Schema: public; Owner: stas
--

ALTER TABLE ONLY main_materialreason ALTER COLUMN id SET DEFAULT nextval('main_materialreason_id_seq'::regclass);


--
-- Name: id; Type: DEFAULT; Schema: public; Owner: stas
--

ALTER TABLE ONLY main_materialreason_monitoring_product ALTER COLUMN id SET DEFAULT nextval('main_materialreason_monitoring_product_id_seq'::regclass);


--
-- Name: id; Type: DEFAULT; Schema: public; Owner: stas
--

ALTER TABLE ONLY main_mediacategory ALTER COLUMN id SET DEFAULT nextval('main_mediacategory_id_seq'::regclass);


--
-- Name: id; Type: DEFAULT; Schema: public; Owner: stas
--

ALTER TABLE ONLY main_mediacategory_monitoring_product ALTER COLUMN id SET DEFAULT nextval('main_mediacategory_monitoring_product_id_seq'::regclass);


--
-- Name: id; Type: DEFAULT; Schema: public; Owner: stas
--

ALTER TABLE ONLY main_mediacategoryspecial ALTER COLUMN id SET DEFAULT nextval('main_mediacategoryspecial_id_seq'::regclass);


--
-- Name: id; Type: DEFAULT; Schema: public; Owner: stas
--

ALTER TABLE ONLY main_mediacategoryspecial_monitoring_product ALTER COLUMN id SET DEFAULT nextval('main_mediacategoryspecial_monitoring_product_id_seq'::regclass);


--
-- Name: id; Type: DEFAULT; Schema: public; Owner: stas
--

ALTER TABLE ONLY main_medialevel ALTER COLUMN id SET DEFAULT nextval('main_medialevel_id_seq'::regclass);


--
-- Name: id; Type: DEFAULT; Schema: public; Owner: stas
--

ALTER TABLE ONLY main_medialevel_monitoring_product ALTER COLUMN id SET DEFAULT nextval('main_medialevel_monitoring_product_id_seq'::regclass);


--
-- Name: id; Type: DEFAULT; Schema: public; Owner: stas
--

ALTER TABLE ONLY main_medialist ALTER COLUMN id SET DEFAULT nextval('main_medialist_id_seq'::regclass);


--
-- Name: id; Type: DEFAULT; Schema: public; Owner: stas
--

ALTER TABLE ONLY main_medialist_monitoring_product ALTER COLUMN id SET DEFAULT nextval('main_medialist_monitoring_product_id_seq'::regclass);


--
-- Name: id; Type: DEFAULT; Schema: public; Owner: stas
--

ALTER TABLE ONLY main_medialistspecial ALTER COLUMN id SET DEFAULT nextval('main_medialistspecial_id_seq'::regclass);


--
-- Name: id; Type: DEFAULT; Schema: public; Owner: stas
--

ALTER TABLE ONLY main_medialistspecial_monitoring_product ALTER COLUMN id SET DEFAULT nextval('main_medialistspecial_monitoring_product_id_seq'::regclass);


--
-- Name: id; Type: DEFAULT; Schema: public; Owner: stas
--

ALTER TABLE ONLY main_mediatype ALTER COLUMN id SET DEFAULT nextval('main_mediatype_id_seq'::regclass);


--
-- Name: id; Type: DEFAULT; Schema: public; Owner: stas
--

ALTER TABLE ONLY main_mediatype_monitoring_product ALTER COLUMN id SET DEFAULT nextval('main_mediatype_monitoring_product_id_seq'::regclass);


--
-- Name: id; Type: DEFAULT; Schema: public; Owner: stas
--

ALTER TABLE ONLY main_mediatypespecial ALTER COLUMN id SET DEFAULT nextval('main_mediatypespecial_id_seq'::regclass);


--
-- Name: id; Type: DEFAULT; Schema: public; Owner: stas
--

ALTER TABLE ONLY main_mediatypespecial_monitoring_product ALTER COLUMN id SET DEFAULT nextval('main_mediatypespecial_monitoring_product_id_seq'::regclass);


--
-- Name: id; Type: DEFAULT; Schema: public; Owner: stas
--

ALTER TABLE ONLY main_mediaview ALTER COLUMN id SET DEFAULT nextval('main_mediaview_id_seq'::regclass);


--
-- Name: id; Type: DEFAULT; Schema: public; Owner: stas
--

ALTER TABLE ONLY main_mediaview_monitoring_product ALTER COLUMN id SET DEFAULT nextval('main_mediaview_monitoring_product_id_seq'::regclass);


--
-- Name: id; Type: DEFAULT; Schema: public; Owner: stas
--

ALTER TABLE ONLY main_mentionproduct ALTER COLUMN id SET DEFAULT nextval('main_mentionproduct_id_seq'::regclass);


--
-- Name: id; Type: DEFAULT; Schema: public; Owner: stas
--

ALTER TABLE ONLY main_mentionproduct_monitoring_product ALTER COLUMN id SET DEFAULT nextval('main_mentionproduct_monitoring_product_id_seq'::regclass);


--
-- Name: id; Type: DEFAULT; Schema: public; Owner: stas
--

ALTER TABLE ONLY main_mentionproductvalue ALTER COLUMN id SET DEFAULT nextval('main_mentionproductvalue_id_seq'::regclass);


--
-- Name: id; Type: DEFAULT; Schema: public; Owner: stas
--

ALTER TABLE ONLY main_mentionproductvalue_monitoring_product ALTER COLUMN id SET DEFAULT nextval('main_mentionproductvalue_monitoring_product_id_seq'::regclass);


--
-- Name: id; Type: DEFAULT; Schema: public; Owner: stas
--

ALTER TABLE ONLY main_mentionsobject ALTER COLUMN id SET DEFAULT nextval('main_mentionsobject_id_seq'::regclass);


--
-- Name: id; Type: DEFAULT; Schema: public; Owner: stas
--

ALTER TABLE ONLY main_mentionsobject_monitoring_product ALTER COLUMN id SET DEFAULT nextval('main_mentionsobject_monitoring_product_id_seq'::regclass);


--
-- Name: id; Type: DEFAULT; Schema: public; Owner: stas
--

ALTER TABLE ONLY main_mentionsobject_technologies ALTER COLUMN id SET DEFAULT nextval('main_mentionsobject_technologies_id_seq'::regclass);


--
-- Name: id; Type: DEFAULT; Schema: public; Owner: stas
--

ALTER TABLE ONLY main_month ALTER COLUMN id SET DEFAULT nextval('main_month_id_seq'::regclass);


--
-- Name: id; Type: DEFAULT; Schema: public; Owner: stas
--

ALTER TABLE ONLY main_month_monitoring_product ALTER COLUMN id SET DEFAULT nextval('main_month_monitoring_product_id_seq'::regclass);


--
-- Name: id; Type: DEFAULT; Schema: public; Owner: stas
--

ALTER TABLE ONLY main_objectrole ALTER COLUMN id SET DEFAULT nextval('main_objectrole_id_seq'::regclass);


--
-- Name: id; Type: DEFAULT; Schema: public; Owner: stas
--

ALTER TABLE ONLY main_objectrole_monitoring_product ALTER COLUMN id SET DEFAULT nextval('main_objectrole_monitoring_product_id_seq'::regclass);


--
-- Name: id; Type: DEFAULT; Schema: public; Owner: stas
--

ALTER TABLE ONLY main_penetration ALTER COLUMN id SET DEFAULT nextval('main_penetration_id_seq'::regclass);


--
-- Name: id; Type: DEFAULT; Schema: public; Owner: stas
--

ALTER TABLE ONLY main_penetration_monitoring_product ALTER COLUMN id SET DEFAULT nextval('main_penetration_monitoring_product_id_seq'::regclass);


--
-- Name: id; Type: DEFAULT; Schema: public; Owner: stas
--

ALTER TABLE ONLY main_product ALTER COLUMN id SET DEFAULT nextval('main_product_id_seq'::regclass);


--
-- Name: id; Type: DEFAULT; Schema: public; Owner: stas
--

ALTER TABLE ONLY main_product_monitoring_product ALTER COLUMN id SET DEFAULT nextval('main_product_monitoring_product_id_seq'::regclass);


--
-- Name: id; Type: DEFAULT; Schema: public; Owner: stas
--

ALTER TABLE ONLY main_project ALTER COLUMN id SET DEFAULT nextval('main_project_id_seq'::regclass);


--
-- Name: id; Type: DEFAULT; Schema: public; Owner: stas
--

ALTER TABLE ONLY main_referredobject ALTER COLUMN id SET DEFAULT nextval('main_referredobject_id_seq'::regclass);


--
-- Name: id; Type: DEFAULT; Schema: public; Owner: stas
--

ALTER TABLE ONLY main_region ALTER COLUMN id SET DEFAULT nextval('main_region_id_seq'::regclass);


--
-- Name: id; Type: DEFAULT; Schema: public; Owner: stas
--

ALTER TABLE ONLY main_region_monitoring_product ALTER COLUMN id SET DEFAULT nextval('main_region_monitoring_product_id_seq'::regclass);


--
-- Name: id; Type: DEFAULT; Schema: public; Owner: stas
--

ALTER TABLE ONLY main_sidespeaker ALTER COLUMN id SET DEFAULT nextval('main_sidespeaker_id_seq'::regclass);


--
-- Name: id; Type: DEFAULT; Schema: public; Owner: stas
--

ALTER TABLE ONLY main_sidespeaker_monitoring_product ALTER COLUMN id SET DEFAULT nextval('main_sidespeaker_monitoring_product_id_seq'::regclass);


--
-- Name: id; Type: DEFAULT; Schema: public; Owner: stas
--

ALTER TABLE ONLY main_sidespeakerstatus ALTER COLUMN id SET DEFAULT nextval('main_sidespeakerstatus_id_seq'::regclass);


--
-- Name: id; Type: DEFAULT; Schema: public; Owner: stas
--

ALTER TABLE ONLY main_sidespeakerstatus_monitoring_product ALTER COLUMN id SET DEFAULT nextval('main_sidespeakerstatus_monitoring_product_id_seq'::regclass);


--
-- Name: id; Type: DEFAULT; Schema: public; Owner: stas
--

ALTER TABLE ONLY main_sidespeakertonality ALTER COLUMN id SET DEFAULT nextval('main_sidespeakertonality_id_seq'::regclass);


--
-- Name: id; Type: DEFAULT; Schema: public; Owner: stas
--

ALTER TABLE ONLY main_sidespeakertonality_monitoring_product ALTER COLUMN id SET DEFAULT nextval('main_sidespeakertonality_monitoring_product_id_seq'::regclass);


--
-- Name: id; Type: DEFAULT; Schema: public; Owner: stas
--

ALTER TABLE ONLY main_source ALTER COLUMN id SET DEFAULT nextval('main_source_id_seq'::regclass);


--
-- Name: id; Type: DEFAULT; Schema: public; Owner: stas
--

ALTER TABLE ONLY main_source_monitoring_product ALTER COLUMN id SET DEFAULT nextval('main_source_monitoring_product_id_seq'::regclass);


--
-- Name: id; Type: DEFAULT; Schema: public; Owner: stas
--

ALTER TABLE ONLY main_speaker ALTER COLUMN id SET DEFAULT nextval('main_speaker_id_seq'::regclass);


--
-- Name: id; Type: DEFAULT; Schema: public; Owner: stas
--

ALTER TABLE ONLY main_speaker_monitoring_product ALTER COLUMN id SET DEFAULT nextval('main_speaker_monitoring_product_id_seq'::regclass);


--
-- Name: id; Type: DEFAULT; Schema: public; Owner: stas
--

ALTER TABLE ONLY main_speakercategory ALTER COLUMN id SET DEFAULT nextval('main_speakercategory_id_seq'::regclass);


--
-- Name: id; Type: DEFAULT; Schema: public; Owner: stas
--

ALTER TABLE ONLY main_speakercategory_monitoring_product ALTER COLUMN id SET DEFAULT nextval('main_speakercategory_monitoring_product_id_seq'::regclass);


--
-- Name: id; Type: DEFAULT; Schema: public; Owner: stas
--

ALTER TABLE ONLY main_speakerlevel ALTER COLUMN id SET DEFAULT nextval('main_speakerlevel_id_seq'::regclass);


--
-- Name: id; Type: DEFAULT; Schema: public; Owner: stas
--

ALTER TABLE ONLY main_speakerlevel_monitoring_product ALTER COLUMN id SET DEFAULT nextval('main_speakerlevel_monitoring_product_id_seq'::regclass);


--
-- Name: id; Type: DEFAULT; Schema: public; Owner: stas
--

ALTER TABLE ONLY main_speakerquote ALTER COLUMN id SET DEFAULT nextval('main_speakerquote_id_seq'::regclass);


--
-- Name: id; Type: DEFAULT; Schema: public; Owner: stas
--

ALTER TABLE ONLY main_speakerquote_monitoring_product ALTER COLUMN id SET DEFAULT nextval('main_speakerquote_monitoring_product_id_seq'::regclass);


--
-- Name: id; Type: DEFAULT; Schema: public; Owner: stas
--

ALTER TABLE ONLY main_speakerquoteuniqueness ALTER COLUMN id SET DEFAULT nextval('main_speakerquoteuniqueness_id_seq'::regclass);


--
-- Name: id; Type: DEFAULT; Schema: public; Owner: stas
--

ALTER TABLE ONLY main_speakerquoteuniqueness_monitoring_product ALTER COLUMN id SET DEFAULT nextval('main_speakerquoteuniqueness_monitoring_product_id_seq'::regclass);


--
-- Name: id; Type: DEFAULT; Schema: public; Owner: stas
--

ALTER TABLE ONLY main_speakerspeechhate ALTER COLUMN id SET DEFAULT nextval('main_speakerspeechhate_id_seq'::regclass);


--
-- Name: id; Type: DEFAULT; Schema: public; Owner: stas
--

ALTER TABLE ONLY main_speakerspeechhate_monitoring_product ALTER COLUMN id SET DEFAULT nextval('main_speakerspeechhate_monitoring_product_id_seq'::regclass);


--
-- Name: id; Type: DEFAULT; Schema: public; Owner: stas
--

ALTER TABLE ONLY main_statementspeaker ALTER COLUMN id SET DEFAULT nextval('main_statementspeaker_id_seq'::regclass);


--
-- Name: id; Type: DEFAULT; Schema: public; Owner: stas
--

ALTER TABLE ONLY main_statementspeaker_monitoring_product ALTER COLUMN id SET DEFAULT nextval('main_statementspeaker_monitoring_product_id_seq'::regclass);


--
-- Name: id; Type: DEFAULT; Schema: public; Owner: stas
--

ALTER TABLE ONLY main_tag ALTER COLUMN id SET DEFAULT nextval('main_tag_id_seq'::regclass);


--
-- Name: id; Type: DEFAULT; Schema: public; Owner: stas
--

ALTER TABLE ONLY main_tag_monitoring_product ALTER COLUMN id SET DEFAULT nextval('main_tag_monitoring_product_id_seq'::regclass);


--
-- Name: id; Type: DEFAULT; Schema: public; Owner: stas
--

ALTER TABLE ONLY main_technologies ALTER COLUMN id SET DEFAULT nextval('main_technologies_id_seq'::regclass);


--
-- Name: id; Type: DEFAULT; Schema: public; Owner: stas
--

ALTER TABLE ONLY main_technologies_monitoring_product ALTER COLUMN id SET DEFAULT nextval('main_technologies_monitoring_product_id_seq'::regclass);


--
-- Name: id; Type: DEFAULT; Schema: public; Owner: stas
--

ALTER TABLE ONLY main_thematiccategory ALTER COLUMN id SET DEFAULT nextval('main_thematiccategory_id_seq'::regclass);


--
-- Name: id; Type: DEFAULT; Schema: public; Owner: stas
--

ALTER TABLE ONLY main_thematiccategory_monitoring_product ALTER COLUMN id SET DEFAULT nextval('main_thematiccategory_monitoring_product_id_seq'::regclass);


--
-- Name: id; Type: DEFAULT; Schema: public; Owner: stas
--

ALTER TABLE ONLY main_thirdpartyspeakers ALTER COLUMN id SET DEFAULT nextval('main_thirdpartyspeakers_id_seq'::regclass);


--
-- Name: id; Type: DEFAULT; Schema: public; Owner: stas
--

ALTER TABLE ONLY main_thirdpartyspeakers_monitoring_product ALTER COLUMN id SET DEFAULT nextval('main_thirdpartyspeakers_monitoring_product_id_seq'::regclass);


--
-- Name: id; Type: DEFAULT; Schema: public; Owner: stas
--

ALTER TABLE ONLY main_url ALTER COLUMN id SET DEFAULT nextval('main_url_id_seq'::regclass);


--
-- Name: id; Type: DEFAULT; Schema: public; Owner: stas
--

ALTER TABLE ONLY main_url_monitoring_product ALTER COLUMN id SET DEFAULT nextval('main_url_monitoring_product_id_seq'::regclass);


--
-- Name: id; Type: DEFAULT; Schema: public; Owner: stas
--

ALTER TABLE ONLY main_visibility ALTER COLUMN id SET DEFAULT nextval('main_visibility_id_seq'::regclass);


--
-- Name: id; Type: DEFAULT; Schema: public; Owner: stas
--

ALTER TABLE ONLY main_visibility_monitoring_product ALTER COLUMN id SET DEFAULT nextval('main_visibility_monitoring_product_id_seq'::regclass);


--
-- Name: id; Type: DEFAULT; Schema: public; Owner: stas
--

ALTER TABLE ONLY main_visibilityspecial ALTER COLUMN id SET DEFAULT nextval('main_visibilityspecial_id_seq'::regclass);


--
-- Name: id; Type: DEFAULT; Schema: public; Owner: stas
--

ALTER TABLE ONLY main_visibilityspecial_monitoring_product ALTER COLUMN id SET DEFAULT nextval('main_visibilityspecial_monitoring_product_id_seq'::regclass);


--
-- Name: id; Type: DEFAULT; Schema: public; Owner: stas
--

ALTER TABLE ONLY main_week ALTER COLUMN id SET DEFAULT nextval('main_week_id_seq'::regclass);


--
-- Name: id; Type: DEFAULT; Schema: public; Owner: stas
--

ALTER TABLE ONLY main_week_monitoring_product ALTER COLUMN id SET DEFAULT nextval('main_week_monitoring_product_id_seq'::regclass);


--
-- Name: id; Type: DEFAULT; Schema: public; Owner: stas
--

ALTER TABLE ONLY monitoring_product_constructorwidget ALTER COLUMN id SET DEFAULT nextval('monitoring_product_constructorwidget_id_seq'::regclass);


--
-- Name: id; Type: DEFAULT; Schema: public; Owner: stas
--

ALTER TABLE ONLY monitoring_product_monitoringproduct ALTER COLUMN id SET DEFAULT nextval('monitoring_product_monitoringproduct_id_seq'::regclass);


--
-- Name: id; Type: DEFAULT; Schema: public; Owner: stas
--

ALTER TABLE ONLY monitoring_product_monitoringproductcategory ALTER COLUMN id SET DEFAULT nextval('monitoring_product_monitoringproductcategory_id_seq'::regclass);


--
-- Name: id; Type: DEFAULT; Schema: public; Owner: stas
--

ALTER TABLE ONLY monitoring_product_monitoringproductmention ALTER COLUMN id SET DEFAULT nextval('monitoring_product_monitoringproductmention_id_seq'::regclass);


--
-- Name: id; Type: DEFAULT; Schema: public; Owner: stas
--

ALTER TABLE ONLY monitoring_product_monitoringproductmentionword ALTER COLUMN id SET DEFAULT nextval('monitoring_product_monitoringproductmentionword_id_seq'::regclass);


--
-- Name: id; Type: DEFAULT; Schema: public; Owner: stas
--

ALTER TABLE ONLY monitoring_product_monitoringproductsetting ALTER COLUMN id SET DEFAULT nextval('monitoring_product_monitoringproductsetting_id_seq'::regclass);


--
-- Data for Name: auth_group; Type: TABLE DATA; Schema: public; Owner: stas
--

COPY auth_group (id, name) FROM stdin;
4	SuperAdministrator
1	Reader
2	Editor
\.


--
-- Name: auth_group_id_seq; Type: SEQUENCE SET; Schema: public; Owner: stas
--

SELECT pg_catalog.setval('auth_group_id_seq', 4, true);


--
-- Data for Name: auth_group_permissions; Type: TABLE DATA; Schema: public; Owner: stas
--

COPY auth_group_permissions (id, group_id, permission_id) FROM stdin;
14	4	1
15	4	2
16	4	3
17	4	4
18	4	5
19	4	6
20	4	7
21	4	8
22	4	9
23	4	10
24	4	11
25	4	12
26	4	13
27	4	14
28	4	15
29	4	16
30	4	17
31	4	18
32	4	19
33	4	20
34	4	21
35	4	22
36	4	23
37	4	24
38	4	25
39	4	26
40	4	27
41	4	28
42	4	29
43	4	30
44	4	31
45	4	32
46	4	33
47	4	34
48	4	35
49	4	37
72	1	32
73	1	33
74	1	23
75	1	31
97	2	32
98	2	33
99	2	35
100	2	37
101	2	38
102	2	39
103	2	40
104	2	23
105	2	25
106	2	28
107	2	31
\.


--
-- Name: auth_group_permissions_id_seq; Type: SEQUENCE SET; Schema: public; Owner: stas
--

SELECT pg_catalog.setval('auth_group_permissions_id_seq', 107, true);


--
-- Data for Name: auth_permission; Type: TABLE DATA; Schema: public; Owner: stas
--

COPY auth_permission (id, name, content_type_id, codename) FROM stdin;
1	Can add permission	1	add_permission
2	Can change permission	1	change_permission
3	Can delete permission	1	delete_permission
4	Can add group	2	add_group
5	Can change group	2	change_group
6	Can delete group	2	delete_group
7	Can add user	3	add_user
8	Can change user	3	change_user
9	Can delete user	3	delete_user
10	Can add content type	4	add_contenttype
11	Can change content type	4	change_contenttype
12	Can delete content type	4	delete_contenttype
13	Can add session	5	add_session
14	Can change session	5	change_session
15	Can delete session	5	delete_session
16	Can add site	6	add_site
17	Can change site	6	change_site
18	Can delete site	6	delete_site
19	Can add log entry	7	add_logentry
20	Can change log entry	7	change_logentry
21	Can delete log entry	7	delete_logentry
22	Создание продукта	20	can_create_product
23	Изменение отображение продукта	20	can_change_view_product
24	Удаление продукта	20	can_delete_product
25	Восстановление продукта	20	can_recovery_product
26	Чтение логов (действия пользователей)	20	can_read_logs
27	Конструктор аналитики	20	can_analityc_constructor
28	Трансформер	20	transformer
29	Импорт данных	20	can_import_file
30	Конструктро В0	20	can_constructor_w0
31	Видимость продуктов	20	can_see_product
32	Оценить продукт	20	can_rate_the_product
33	Изменение профиля(свой)	20	can_change_self_profile
34	Изменение профиля(все)	20	can_change_all_profile
35	Назначения прав	20	can_add_permission
37	Изменить продукт	20	can_change_product
38	Can add Мониторинговий продукт	8	add_monitoringproduct
39	Can change Мониторинговий продукт	8	change_monitoringproduct
40	Can delete Мониторинговий продукт	8	delete_monitoringproduct
41	Can add Упоминаемый обьект	9	add_monitoringproductmention
42	Can change Упоминаемый обьект	9	change_monitoringproductmention
43	Can delete Упоминаемый обьект	9	delete_monitoringproductmention
44	Can add Слово	10	add_monitoringproductmentionword
45	Can change Слово	10	change_monitoringproductmentionword
46	Can delete Слово	10	delete_monitoringproductmentionword
47	Can add Категорию	11	add_monitoringproductcategory
48	Can change Категорию	11	change_monitoringproductcategory
49	Can delete Категорию	11	delete_monitoringproductcategory
50	Can add Конструктор	12	add_constructorwidget
51	Can change Конструктор	12	change_constructorwidget
52	Can delete Конструктор	12	delete_constructorwidget
53	Can add Справка	25	add_directorycategory
54	Can change Справка	25	change_directorycategory
55	Can delete Справка	25	delete_directorycategory
56	Can add Проект	14	add_project
57	Can change Проект	14	change_project
58	Can delete Проект	14	delete_project
59	Can add Готовый продукт	27	add_clientproduct
60	Can change Готовый продукт	27	change_clientproduct
61	Can delete Готовый продукт	27	delete_clientproduct
62	Can add import file	13	add_importfile
63	Can change import file	13	change_importfile
64	Can delete import file	13	delete_importfile
65	Can add Уровень СМИ	28	add_medialevel
66	Can change Уровень СМИ	28	change_medialevel
67	Can delete Уровень СМИ	28	delete_medialevel
68	Can add Федеральный округ	29	add_federaldistrict
69	Can change Федеральный округ	29	change_federaldistrict
70	Can delete Федеральный округ	29	delete_federaldistrict
71	Can add Регион	30	add_region
72	Can change Регион	30	change_region
73	Can delete Регион	30	delete_region
74	Can add Страна	31	add_country
75	Can change Страна	31	change_country
76	Can delete Страна	31	delete_country
77	Can add Вид	32	add_mediaview
78	Can change Вид	32	change_mediaview
79	Can delete Вид	32	delete_mediaview
80	Can add Список	33	add_medialist
81	Can change Список	33	change_medialist
82	Can delete Список	33	delete_medialist
83	Can add Категорию	34	add_mediacategory
84	Can change Категорию	34	change_mediacategory
85	Can delete Категорию	34	delete_mediacategory
86	Can add Жанр	35	add_materialgenre
87	Can change Жанр	35	change_materialgenre
88	Can delete Жанр	35	delete_materialgenre
89	Can add Вид взаемодействия	36	add_interactionkind
90	Can change Вид взаемодействия	36	change_interactionkind
91	Can delete Вид взаемодействия	36	delete_interactionkind
92	Can add Степень проникновения ПР/Новости	37	add_penetration
93	Can change Степень проникновения ПР/Новости	37	change_penetration
94	Can delete Степень проникновения ПР/Новости	37	delete_penetration
95	Can add Продукт	38	add_product
96	Can change Продукт	38	change_product
97	Can delete Продукт	38	delete_product
98	Can add Значение(как упоминаеться продукт)	39	add_mentionproductvalue
99	Can change Значение(как упоминаеться продукт)	39	change_mentionproductvalue
100	Can delete Значение(как упоминаеться продукт)	39	delete_mentionproductvalue
101	Can add Упоминание продукта	40	add_mentionproduct
102	Can change Упоминание продукта	40	change_mentionproduct
103	Can delete Упоминание продукта	40	delete_mentionproduct
104	Can add KM Значение	41	add_kmkeyvalue
105	Can change KM Значение	41	change_kmkeyvalue
106	Can delete KM Значение	41	delete_kmkeyvalue
107	Can add KM	42	add_km
108	Can change KM	42	change_km
109	Can delete KM	42	delete_km
110	Can add Упоминание KM	43	add_kmmention
111	Can change Упоминание KM	43	change_kmmention
112	Can delete Упоминание KM	43	delete_kmmention
113	Can add Видимость, проверить	44	add_visibility
114	Can change Видимость, проверить	44	change_visibility
115	Can delete Видимость, проверить	44	delete_visibility
116	Can add Заметность	45	add_macroregion
117	Can change Заметность	45	change_macroregion
118	Can delete Заметность	45	delete_macroregion
119	Can add Media list(spec)	46	add_medialistspecial
120	Can change Media list(spec)	46	change_medialistspecial
121	Can delete Media list(spec)	46	delete_medialistspecial
122	Can add Media type(spec)	47	add_mediatypespecial
123	Can change Media type(spec)	47	change_mediatypespecial
124	Can delete Media type(spec)	47	delete_mediatypespecial
125	Can add Media category(spec)	48	add_mediacategoryspecial
126	Can change Media category(spec)	48	change_mediacategoryspecial
127	Can delete Media category(spec)	48	delete_mediacategoryspecial
128	Can add Заметность(spec)	49	add_visibilityspecial
129	Can change Заметность(spec)	49	change_visibilityspecial
130	Can delete Заметность(spec)	49	delete_visibilityspecial
131	Can add KM(spec)	50	add_kmspecial
132	Can change KM(spec)	50	change_kmspecial
133	Can delete KM(spec)	50	delete_kmspecial
134	Can add Brand or Product Mention	51	add_brandorproduct
135	Can change Brand or Product Mention	51	change_brandorproduct
136	Can delete Brand or Product Mention	51	delete_brandorproduct
137	Can add Speaker’s Quote	52	add_speakerquote
138	Can change Speaker’s Quote	52	change_speakerquote
139	Can delete Speaker’s Quote	52	delete_speakerquote
140	Can add Third Party Speakers’ Supporting Quotes	53	add_thirdpartyspeakers
141	Can change Third Party Speakers’ Supporting Quotes	53	change_thirdpartyspeakers
142	Can delete Third Party Speakers’ Supporting Quotes	53	delete_thirdpartyspeakers
143	Can add Header Tonality	54	add_headertonality
144	Can change Header Tonality	54	change_headertonality
145	Can delete Header Tonality	54	delete_headertonality
146	Can add Main Tonality	55	add_maintonality
147	Can change Main Tonality	55	change_maintonality
148	Can delete Main Tonality	55	delete_maintonality
149	Can add Global/Local Event	56	add_globallocalevent
150	Can change Global/Local Event	56	change_globallocalevent
151	Can delete Global/Local Event	56	delete_globallocalevent
152	Can add Эмтон материала	57	add_emotionaltonematerial
153	Can change Эмтон материала	57	change_emotionaltonematerial
154	Can delete Эмтон материала	57	delete_emotionaltonematerial
155	Can add Эмтон Заголовка	58	add_emotionaltonetitle
156	Can change Эмтон Заголовка	58	change_emotionaltonetitle
157	Can delete Эмтон Заголовка	58	delete_emotionaltonetitle
158	Can add Image	59	add_image
159	Can change Image	59	change_image
160	Can delete Image	59	delete_image
161	Can add Вид сми	60	add_mediatype
162	Can change Вид сми	60	change_mediatype
163	Can delete Вид сми	60	delete_mediatype
164	Can add Категорию	24	add_category
165	Can change Категорию	24	change_category
166	Can delete Категорию	24	delete_category
167	Can add Область край	61	add_edgeregion
168	Can change Область край	61	change_edgeregion
169	Can delete Область край	61	delete_edgeregion
170	Can add Город	62	add_city
171	Can change Город	62	change_city
172	Can delete Город	62	delete_city
173	Can add Источник	63	add_source
174	Can change Источник	63	change_source
175	Can delete Источник	63	delete_source
176	Can add Филиал	64	add_branch
177	Can change Филиал	64	change_branch
178	Can delete Филиал	64	delete_branch
179	Can add Url	65	add_url
180	Can change Url	65	change_url
181	Can delete Url	65	delete_url
182	Can add Автор	66	add_author
183	Can change Автор	66	change_author
184	Can delete Автор	66	delete_author
185	Can add Тематическую категорию	67	add_thematiccategory
186	Can change Тематическую категорию	67	change_thematiccategory
187	Can delete Тематическую категорию	67	delete_thematiccategory
188	Can add MaterialReason	68	add_materialreason
189	Can change MaterialReason	68	change_materialreason
190	Can delete MaterialReason	68	delete_materialreason
191	Can add Направление бизнеса	69	add_bissinesdirection
192	Can change Направление бизнеса	69	change_bissinesdirection
193	Can delete Направление бизнеса	69	delete_bissinesdirection
194	Can add ID-пресс-релиза	70	add_idpressrelease
195	Can change ID-пресс-релиза	70	change_idpressrelease
196	Can delete ID-пресс-релиза	70	delete_idpressrelease
197	Can add Tag	71	add_tag
198	Can change Tag	71	change_tag
199	Can delete Tag	71	delete_tag
200	Can add Неделя	72	add_week
201	Can change Неделя	72	change_week
202	Can delete Неделя	72	delete_week
203	Can add День	73	add_day
204	Can change День	73	change_day
205	Can delete День	73	delete_day
206	Can add Месяц	74	add_month
207	Can change Месяц	74	change_month
208	Can delete Месяц	74	delete_month
209	Can add Заголовок	75	add_articletitle
210	Can change Заголовок	75	change_articletitle
211	Can delete Заголовок	75	delete_articletitle
212	Can add Длительность	76	add_duration
213	Can change Длительность	76	change_duration
214	Can delete Длительность	76	delete_duration
215	Can add Статью	17	add_article
216	Can change Статью	17	change_article
217	Can delete Статью	17	delete_article
218	Can add Упоминаемые объект	15	add_referredobject
219	Can change Упоминаемые объект	15	change_referredobject
220	Can delete Упоминаемые объект	15	delete_referredobject
221	Can add хэштег	77	add_hashtags
222	Can change хэштег	77	change_hashtags
223	Can delete хэштег	77	delete_hashtags
224	Can add Эмтон объекта	19	add_emotionaltoneobject
225	Can change Эмтон объекта	19	change_emotionaltoneobject
226	Can delete Эмтон объекта	19	delete_emotionaltoneobject
227	Can add Эмтон заголовка упоминаемого обьекта	78	add_emotionaltonetitleobject
228	Can change Эмтон заголовка упоминаемого обьекта	78	change_emotionaltonetitleobject
229	Can delete Эмтон заголовка упоминаемого обьекта	78	delete_emotionaltonetitleobject
230	Can add Роль Объекта	79	add_objectrole
231	Can change Роль Объекта	79	change_objectrole
232	Can delete Роль Объекта	79	delete_objectrole
233	Can add Технологию	80	add_technologies
234	Can change Технологию	80	change_technologies
235	Can delete Технологию	80	delete_technologies
236	Can add реклама/промо	81	add_advertisementpromo
237	Can change реклама/промо	81	change_advertisementpromo
238	Can delete реклама/промо	81	delete_advertisementpromo
239	Can add Инициирование	82	add_initiation
240	Can change Инициирование	82	change_initiation
241	Can delete Инициирование	82	delete_initiation
242	Can add Инфоповод	83	add_inforeason
243	Can change Инфоповод	83	change_inforeason
244	Can delete Инфоповод	83	delete_inforeason
245	Can add Упоминаемость обьектов	16	add_mentionsobject
246	Can change Упоминаемость обьектов	16	change_mentionsobject
247	Can delete Упоминаемость обьектов	16	delete_mentionsobject
248	Can add Категорию спикера	84	add_speakercategory
249	Can change Категорию спикера	84	change_speakercategory
250	Can delete Категорию спикера	84	delete_speakercategory
251	Can add Уровень спикера	85	add_speakerlevel
252	Can change Уровень спикера	85	change_speakerlevel
253	Can delete Уровень спикера	85	delete_speakerlevel
254	Can add Характер высказывания спикера	86	add_speakerspeechhate
255	Can change Характер высказывания спикера	86	change_speakerspeechhate
256	Can delete Характер высказывания спикера	86	delete_speakerspeechhate
257	Can add Уникальность цитат спикера	87	add_speakerquoteuniqueness
258	Can change Уникальность цитат спикера	87	change_speakerquoteuniqueness
259	Can delete Уникальность цитат спикера	87	delete_speakerquoteuniqueness
260	Can add Спикера	18	add_speaker
261	Can change Спикера	18	change_speaker
262	Can delete Спикера	18	delete_speaker
263	Can add Висказивание спикера	88	add_statementspeaker
264	Can change Висказивание спикера	88	change_statementspeaker
265	Can delete Висказивание спикера	88	delete_statementspeaker
266	Can add Тональность	89	add_sidespeakertonality
267	Can change Тональность	89	change_sidespeakertonality
268	Can delete Тональность	89	delete_sidespeakertonality
269	Can add Статус	90	add_sidespeakerstatus
270	Can change Статус	90	change_sidespeakerstatus
271	Can delete Статус	90	delete_sidespeakerstatus
272	Can add Стороний Спикер	91	add_sidespeaker
273	Can change Стороний Спикер	91	change_sidespeaker
274	Can delete Стороний Спикер	91	delete_sidespeaker
275	Can add подразделение	23	add_department
276	Can change подразделение	23	change_department
277	Can delete подразделение	23	delete_department
278	Can add Компанию	21	add_company
279	Can change Компанию	21	change_company
280	Can delete Компанию	21	delete_company
281	Can add Пользователя	20	add_customuser
282	Can change Пользователя	20	change_customuser
283	Can delete Пользователя	20	delete_customuser
284	Can add Социальную сеть	22	add_social
285	Can change Социальную сеть	22	change_social
286	Can delete Социальную сеть	22	delete_social
287	Can add Настройки продукта	92	add_monitoringproductsetting
288	Can change Настройки продукта	92	change_monitoringproductsetting
289	Can delete Настройки продукта	92	delete_monitoringproductsetting
290	Can add Оценка	93	add_productrating
291	Can change Оценка	93	change_productrating
292	Can delete Оценка	93	delete_productrating
293	Can add user aplication settings	94	add_useraplicationsettings
294	Can change user aplication settings	94	change_useraplicationsettings
295	Can delete user aplication settings	94	delete_useraplicationsettings
296	Can add user object permission	95	add_userobjectpermission
297	Can change user object permission	95	change_userobjectpermission
298	Can delete user object permission	95	delete_userobjectpermission
299	Can add group object permission	96	add_groupobjectpermission
300	Can change group object permission	96	change_groupobjectpermission
301	Can delete group object permission	96	delete_groupobjectpermission
\.


--
-- Name: auth_permission_id_seq; Type: SEQUENCE SET; Schema: public; Owner: stas
--

SELECT pg_catalog.setval('auth_permission_id_seq', 301, true);


--
-- Data for Name: auth_user; Type: TABLE DATA; Schema: public; Owner: stas
--

COPY auth_user (id, password, last_login, is_superuser, username, first_name, last_name, email, is_staff, is_active, date_joined) FROM stdin;
-1		2015-03-26 10:56:54.549415+01	f	AnonymousUser				f	t	2015-03-26 10:56:54.549499+01
3	pbkdf2_sha256$10000$xZxbQLt9rYcK$gaZfpohCo6ypxuY6++U/M8JSiJbuGAapgDNSEEGMVkw=	2014-12-03 14:52:09.496533+01	f	admindsfg				f	t	2014-12-03 14:52:09.496574+01
18	pbkdf2_sha256$15000$kwJxUcrW6uoj$r+FhE70eZwX3Vlqq18YKVL20h2OY6b1sCv8ylbxMb/0=	2015-04-02 15:48:31+02	f	uuyu	eeee	eeeeeeee		f	t	2015-04-02 15:48:31+02
8	pbkdf2_sha256$10000$0z35Btciigpo$pcNYJEsKQkmj9lYCfnNl9GNyjNFnweGhlXpvCqjOOrM=	2014-12-04 09:48:10.65713+01	f	ssss				f	t	2014-12-04 09:48:10.657162+01
12	pbkdf2_sha256$15000$nj3gfHxNzQRv$AAv6C93KM3skb4nKvYncx5gNtN0h1WLQd/ycNuhhr0Q=	2015-04-28 18:05:20.319398+02	t	revasik	Stanislavv	reva	reva@revasik.com	t	t	2015-01-23 09:26:26+01
10	pbkdf2_sha256$10000$nqPBaKQvVGl8$587QDlHVU7dhl33dnHdHlr/kuICLkQUVwBU1aQ11MIg=	2014-12-04 14:33:46.311193+01	f	stas	dfgdfgdfg	dfgfdg		f	t	2014-12-04 12:36:13+01
17	pbkdf2_sha256$15000$p0LtAcOqtL0b$RPlu8oay7ENK/jL5zYU47sGNxcAIk0moB6h3taK+Hsc=	2015-04-02 15:46:38+02	f	test1	rrrr	rrrrrrrrr	r@r.rr	f	t	2015-04-02 15:46:38+02
1	pbkdf2_sha256$15000$7H8Y9NBcbBqk$CtsdmPKjsY9e/GHMlclUNgGu7y4VSb67zn1AgBl3IvY=	2015-04-17 12:44:50.254235+02	t	admin			asdasd@mail.ru	t	t	2014-11-19 12:31:46.071958+01
16	pbkdf2_sha256$15000$RAwBAUTW7iTZ$E99Xy2//b/7JwsWJint7mGWrRQC1N0qWB+CNjeKJmO8=	2015-04-03 08:12:34+02	f	tttt	A	B	a@a.com	f	t	2015-03-20 12:59:25+01
\.


--
-- Data for Name: auth_user_groups; Type: TABLE DATA; Schema: public; Owner: stas
--

COPY auth_user_groups (id, user_id, group_id) FROM stdin;
83	12	4
88	17	1
90	16	1
91	18	1
\.


--
-- Name: auth_user_groups_id_seq; Type: SEQUENCE SET; Schema: public; Owner: stas
--

SELECT pg_catalog.setval('auth_user_groups_id_seq', 91, true);


--
-- Name: auth_user_id_seq; Type: SEQUENCE SET; Schema: public; Owner: stas
--

SELECT pg_catalog.setval('auth_user_id_seq', 18, true);


--
-- Data for Name: auth_user_user_permissions; Type: TABLE DATA; Schema: public; Owner: stas
--

COPY auth_user_user_permissions (id, user_id, permission_id) FROM stdin;
259	12	32
260	12	33
261	12	34
262	12	35
263	12	37
264	12	22
265	12	23
266	12	24
267	12	25
268	12	26
269	12	27
270	12	28
271	12	29
272	12	30
273	12	31
\.


--
-- Name: auth_user_user_permissions_id_seq; Type: SEQUENCE SET; Schema: public; Owner: stas
--

SELECT pg_catalog.setval('auth_user_user_permissions_id_seq', 273, true);


--
-- Data for Name: custom_user_company; Type: TABLE DATA; Schema: public; Owner: stas
--

COPY custom_user_company (id, title, city, site, social, icon) FROM stdin;
1	4com	sdvs	vsdv	sdvsdv	upload_to/1.JPG
\.


--
-- Name: custom_user_company_id_seq; Type: SEQUENCE SET; Schema: public; Owner: stas
--

SELECT pg_catalog.setval('custom_user_company_id_seq', 1, true);


--
-- Data for Name: custom_user_customuser; Type: TABLE DATA; Schema: public; Owner: stas
--

COPY custom_user_customuser (user_ptr_id, skype, "position", phone, department_id, photo, company_id) FROM stdin;
17				2		1
16				1		1
12	dfgdfg	manager	0990817424	2	upload_to/images_EJ6IQ4g.jpg	1
18				1		1
\.


--
-- Data for Name: custom_user_customuser_access_to_products; Type: TABLE DATA; Schema: public; Owner: stas
--

COPY custom_user_customuser_access_to_products (id, customuser_id, monitoringproduct_id) FROM stdin;
70	12	64
41	12	45
43	16	45
48	12	43
60	12	47
\.


--
-- Name: custom_user_customuser_access_to_products_id_seq; Type: SEQUENCE SET; Schema: public; Owner: stas
--

SELECT pg_catalog.setval('custom_user_customuser_access_to_products_id_seq', 70, true);


--
-- Data for Name: custom_user_customuser_project; Type: TABLE DATA; Schema: public; Owner: stas
--

COPY custom_user_customuser_project (id, customuser_id, project_id) FROM stdin;
3	16	1
\.


--
-- Name: custom_user_customuser_project_id_seq; Type: SEQUENCE SET; Schema: public; Owner: stas
--

SELECT pg_catalog.setval('custom_user_customuser_project_id_seq', 3, true);


--
-- Data for Name: custom_user_department; Type: TABLE DATA; Schema: public; Owner: stas
--

COPY custom_user_department (id, title, company_id) FROM stdin;
1	managers	1
2	progers	1
3	disign	1
\.


--
-- Name: custom_user_department_id_seq; Type: SEQUENCE SET; Schema: public; Owner: stas
--

SELECT pg_catalog.setval('custom_user_department_id_seq', 3, true);


--
-- Data for Name: custom_user_productrating; Type: TABLE DATA; Schema: public; Owner: stas
--

COPY custom_user_productrating (id, quality, term, product_id, user_id, "time") FROM stdin;
6	4	5	44	12	2015-03-13 13:18:59.628497+01
5	5	2	43	12	2015-03-13 14:40:52.845822+01
\.


--
-- Name: custom_user_productrating_id_seq; Type: SEQUENCE SET; Schema: public; Owner: stas
--

SELECT pg_catalog.setval('custom_user_productrating_id_seq', 6, true);


--
-- Data for Name: custom_user_social; Type: TABLE DATA; Schema: public; Owner: stas
--

COPY custom_user_social (id, title, link, custom_user_id) FROM stdin;
137	dasdsadsa	sdadsa	12
138	fsdfsdf	fsdfds	12
139	fsdfsdfd	fsdfds	12
140	dfsadf	dfsfdsfds	12
141	dfsadfdsa	dfsfdsfds	12
142	fsdfdsfds	fsdfsdsd	12
\.


--
-- Name: custom_user_social_id_seq; Type: SEQUENCE SET; Schema: public; Owner: stas
--

SELECT pg_catalog.setval('custom_user_social_id_seq', 142, true);


--
-- Data for Name: custom_user_useraplicationsettings; Type: TABLE DATA; Schema: public; Owner: stas
--

COPY custom_user_useraplicationsettings (id, settings, user_id) FROM stdin;
10	{}	16
11	{}	12
\.


--
-- Name: custom_user_useraplicationsettings_id_seq; Type: SEQUENCE SET; Schema: public; Owner: stas
--

SELECT pg_catalog.setval('custom_user_useraplicationsettings_id_seq', 11, true);


--
-- Data for Name: django_admin_log; Type: TABLE DATA; Schema: public; Owner: stas
--

COPY django_admin_log (id, action_time, user_id, content_type_id, object_id, object_repr, action_flag, change_message) FROM stdin;
1	2014-11-24 13:54:31.347497+01	1	14	1	Test	1	
2	2014-11-24 13:54:50.804707+01	1	8	1	Test	1	
3	2014-11-24 13:55:19.597871+01	1	15	1	Google	1	
4	2014-11-24 14:38:06.821496+01	1	13	5	ImportFile object	1	
5	2014-11-26 11:28:26.299299+01	1	13	6	ImportFile object	1	
6	2014-12-03 14:52:09.562641+01	1	20	3	admindsfg	1	
7	2014-12-04 09:48:10.797295+01	1	20	8	ssss	1	
8	2014-12-04 12:35:14.907422+01	1	3	9	stas	1	
9	2014-12-04 12:35:56.909439+01	1	3	9	stas	3	
10	2014-12-04 12:36:13.462965+01	1	20	10	stas	1	
11	2014-12-04 13:53:41.278514+01	1	20	10	stas	2	Changed password and skype.
12	2014-12-04 14:12:15.214167+01	1	20	10	stas	2	Changed password and skype.
13	2014-12-05 10:52:19.757202+01	1	14	2	Coca-Cola	1	
14	2014-12-05 10:52:42.614175+01	1	8	2	Coca-Cola	1	
15	2014-12-10 08:46:27.180469+01	1	20	11	reva	1	
16	2014-12-10 08:49:37.540793+01	1	20	11	reva	2	Changed password, first_name, last_name, email, skype, position, phone and photo. Added Социальную сеть "vk.com".
17	2014-12-10 08:51:14.689748+01	1	21	1		1	
18	2014-12-10 08:51:29.724862+01	1	20	11	reva	2	Changed password and department.
19	2014-12-10 09:13:34.17703+01	1	21	1	4com	2	Changed title.
20	2014-12-10 09:13:46.146037+01	1	20	11	reva	2	Changed password and company.
21	2014-12-16 07:52:38.333774+01	1	21	1	4com	2	Changed icon.
22	2014-12-16 07:53:33.722358+01	1	20	11	reva	2	Changed password. Added Социальную сеть "моя". Added Социальную сеть "корп".
23	2014-12-16 08:26:30.621953+01	1	2	1	Reader	1	
24	2014-12-16 08:40:19.88262+01	1	2	2	Editor	1	
25	2014-12-16 08:41:10.325915+01	1	2	2	Editor	2	Changed permissions.
26	2014-12-16 08:43:06.478722+01	1	2	3	Administrator (portal)	1	
27	2014-12-16 08:44:16.266108+01	1	2	4	SuperAdministrator	1	
28	2014-12-16 11:28:34.266255+01	1	20	11	reva	2	Changed password and groups.
29	2014-12-16 11:33:49.14748+01	1	20	11	reva	2	Changed password and user_permissions.
30	2014-12-16 11:51:49.144731+01	1	20	11	reva	2	Changed password and user_permissions.
31	2014-12-16 11:57:20.314752+01	1	20	11	reva	2	Changed password and user_permissions.
32	2014-12-18 09:57:47.952875+01	1	24	18	подкатегория	1	
33	2014-12-18 09:58:34.10674+01	1	24	19	подподкатегория	1	
34	2014-12-18 09:59:41.857514+01	1	17	206	С любого устройства в любом месте	2	Changed category.
35	2014-12-18 09:59:51.769274+01	1	17	204	Апофеоз шопинга	2	Changed category.
36	2014-12-18 10:08:14.782934+01	1	13	7	ImportFile object	1	
37	2014-12-18 10:14:32.326172+01	1	13	7	ImportFile object	2	Changed file_import.
38	2014-12-18 10:33:45.454552+01	1	17	259	Ассоциация европейского бизнеса попросила защиты от санкций у властей РФ, Украины и ЕС	2	Changed monitoring_product and description.
39	2015-01-23 09:26:26.617591+01	1	20	12	revasik	1	
40	2015-01-23 09:27:32.849465+01	1	20	12	revasik	2	Changed first_name, last_name, email, skype, position, phone, department, company, user_permissions and groups.
41	2015-01-23 09:36:43.773476+01	1	20	12	revasik	2	Changed photo.
42	2015-01-26 08:42:58.641107+01	1	20	13	root	1	
43	2015-01-26 08:43:18.952154+01	1	20	13	root	2	Changed first_name, last_name, email, skype, position, phone, department, company and groups.
44	2015-01-26 08:44:59.207291+01	1	20	13	root	2	Changed photo.
45	2015-02-02 15:41:45.852659+01	1	20	13	root	2	Changed groups.
46	2015-02-03 12:41:12.676+01	1	20	12	revasik	2	Added Социальную сеть "wer".
47	2015-02-03 12:43:46.766+01	1	20	12	revasik	2	Changed groups. Added Социальную сеть "test". Added Социальную сеть "test". Changed title and link for Социальную сеть "test".
48	2015-02-03 12:45:29.73+01	1	20	13	root	2	Added Социальную сеть "teee1111". Added Социальную сеть "teee2222". Added Социальную сеть "3333".
49	2015-02-10 14:32:54.853768+01	1	20	13	root	2	Changed is_superuser.
50	2015-02-10 14:33:17.747199+01	1	20	12	revasik	2	Changed is_superuser.
51	2015-02-11 14:18:05.871072+01	1	25	1	Категория1	1	
52	2015-02-11 14:18:22.098787+01	1	25	2	Категория 2	1	
53	2015-02-11 14:18:39.301476+01	1	25	3	подкатегория 1	1	
54	2015-02-11 14:19:01.433144+01	1	25	4	подкатегория 1-2	1	
55	2015-02-11 14:19:19.827379+01	1	25	5	подкатегория 2-1	1	
56	2015-02-11 15:41:55.881982+01	1	25	4	подкатегория 1-2	2	Changed text.
57	2015-02-12 12:44:43.256261+01	1	25	6	подкатегория 1-2-1	1	
58	2015-02-13 09:05:07.026837+01	1	25	2	Категория 2	2	Changed index_sort.
59	2015-02-16 10:59:21.609127+01	1	25	1	Категория1	2	Changed text.
60	2015-02-16 10:59:38.342642+01	1	25	2	Категория 2	2	Changed text.
61	2015-02-17 13:16:36.993498+01	1	25	3	подкатегория 1	2	Changed text.
62	2015-02-17 13:16:51.250994+01	1	25	6	подкатегория 1-2-1	3	
63	2015-02-17 13:17:42.567713+01	1	25	4	подкатегория 1-2	2	Changed text.
64	2015-02-17 13:18:10.326997+01	1	25	5	подкатегория 2-1	2	Changed text.
65	2015-02-19 12:24:24.305437+01	1	25	1	Категория1 цу ццу кцу к	2	Changed title.
66	2015-02-19 12:24:40.701476+01	1	25	4	подкатегория 1-2 фыв фыв 	2	Changed title.
67	2015-02-26 14:24:39.721636+01	1	92	1	MonitoringProductSetting object	2	Changed setting.
68	2015-02-26 14:25:07.985942+01	1	92	1	MonitoringProductSetting object	2	Changed setting.
69	2015-02-26 14:34:58.398406+01	1	92	1	MonitoringProductSetting object	2	Changed setting.
70	2015-02-26 14:45:14.592474+01	1	92	1	MonitoringProductSetting object	3	
71	2015-02-26 14:48:13.923635+01	1	92	2	MonitoringProductSetting object	3	
72	2015-02-27 08:56:40.575396+01	1	20	13	root	2	Deleted Социальную сеть "3333". Deleted Социальную сеть "name". Deleted Социальную сеть "234dfs". Deleted Социальную сеть "1233121". Deleted Социальную сеть "12". Deleted Социальную сеть "12". Deleted Социальную сеть "32". Deleted Социальную сеть "123". Deleted Социальную сеть "22". Deleted Социальную сеть "dfg". Deleted Социальную сеть "dfgffdd". Deleted Социальную сеть "11111111111111".
73	2015-03-03 14:25:10.885+01	1	13	12	ImportFile object	1	
74	2015-03-03 14:28:17.412+01	1	13	13	ImportFile object	1	
75	2015-03-03 14:47:46.013+01	1	13	14	ImportFile object	1	
76	2015-03-03 14:49:42.184+01	1	17	485	Россияне стали аккуратнее платить за сотовую связь	3	
77	2015-03-03 14:49:42.371+01	1	17	484	"Ростелеком" отделил мобильные активы. реорганизация оператора одобрена акционерами	3	
78	2015-03-03 14:49:42.53+01	1	17	483	Россияне задолжали банкам, но стали лучше оплачивать счета за связь	3	
264	2015-03-12 12:19:26.713593+01	1	8	25	sdsdf	3	
79	2015-03-03 14:49:42.698+01	1	17	482	Lte. теперь и в калуге	3	
80	2015-03-03 14:49:42.916+01	1	17	481	От "ё-мобиля" до истребителей. rzn.info продолжает публиковать рейтинги самых читаемых новостей	3	
81	2015-03-03 14:49:43.067+01	1	17	480	Россияне отправили в новогоднюю ночь более 600 миллионов sms	3	
82	2015-03-03 14:49:43.218+01	1	17	479	Какой интернет дешевле для планшета	3	
83	2015-03-03 14:49:43.369+01	1	17	478	В новогоднюю ночь россияне отправили свыше 600 миллионов смсок	3	
84	2015-03-03 14:49:43.52+01	1	17	477	Обнинский интернет взлетел на 4g?скоростях	3	
85	2015-03-03 14:49:43.673+01	1	17	476	"Народный репортер rzn.info" подвел итоги 2013 года и выбрал лучший репортаж	3	
86	2015-03-03 14:49:43.838+01	1	17	475	Россияне собрали девять миллионов на помощь пострадавшим в волгограде	3	
87	2015-03-03 14:49:44.013+01	1	17	474	Россияне собрали девять миллионов на помощь пострадавшим в волгограде	3	
88	2015-03-03 14:49:44.163+01	1	17	473	Россияне собрали девять миллионов на помощь пострадавшим в волгограде	3	
89	2015-03-03 14:49:44.315+01	1	17	472	Россияне собрали девять миллионов на помощь пострадавшим в волгограде	3	
90	2015-03-03 14:49:44.467+01	1	17	471	Россияне собрали девять миллионов на помощь пострадавшим в волгограде	3	
91	2015-03-03 14:49:44.641+01	1	17	470	В новогодний вечер жительницу брянска обворовал любимый	3	
92	2015-03-03 14:49:44.791+01	1	17	469	Брянские полицейские задержали преступника, обворовавшего свою невесту	3	
93	2015-03-03 14:49:44.941+01	1	17	468	"Народный репортер rzn.info" продолжает конкурс на лучший новогодний репортаж	3	
94	2015-03-03 14:49:45.094+01	1	17	467	Самые частые виды мошенничества в калужской области	3	
95	2015-03-03 14:49:45.245+01	1	17	466	С нового года в калужских троллейбусах транслируются объявления, направленные на профилактику мошенничества	3	
96	2015-03-03 14:49:45.397+01	1	17	465	Самые частые виды мошенничества в калужской области	3	
97	2015-03-03 14:49:45.551+01	1	17	464	В новогоднюю ночь россияне отправили больше 600 миллионов смсок	3	
98	2015-03-03 14:49:45.701+01	1	17	463	Hi-tech перспективы нового года	3	
99	2015-03-03 14:49:45.865+01	1	17	462	В новогоднюю ночь россияне отправили больше 600 миллионов смсок	3	
100	2015-03-03 14:49:46.036+01	1	17	461	Куда звонить воронежцам в экстренной ситуации в новогодние праздники?	3	
101	2015-03-03 14:49:46.256+01	1	17	460	В новогоднюю ночь россияне отправили больше 600 миллионов смсок	3	
102	2015-03-03 14:49:46.407+01	1	17	459	Сеть мтс эффективно справилась с новогодними нагрузками	3	
103	2015-03-03 14:49:46.558+01	1	17	458	Суд отменил штраф цб, наложенный на мтс за непредоставление информации	3	
104	2015-03-03 14:49:46.71+01	1	17	457	"Рабы не мы": как избавиться от мобильных оков	3	
105	2015-03-03 14:49:46.86+01	1	17	456	"Ростелеком" отделил мобильные активы / ид "коммерсантъ"	3	
106	2015-03-03 14:49:47.017+01	1	17	455	Москве тесно	3	
107	2015-03-03 14:49:47.181+01	1	17	454	Запрет на продажу sim-карт с рук вступил в силу 1 января	3	
108	2015-03-03 14:49:47.347+01	1	17	453	2014: перспективы мобильного интернета	3	
109	2015-03-03 14:49:47.511+01	1	17	452	"Евросеть" в шоке от антигей-инициатив охлобыстина	3	
110	2015-03-03 14:49:47.662+01	1	17	451	Россияне стали аккуратнее платить за сотовую связь	3	
111	2015-03-03 14:49:47.828+01	1	17	450	Credit Suisse снизил рейтинг ADR МТС до "продавать" после переоценки сектора	3	
112	2015-03-03 14:49:47.983+01	1	17	449	Александр Воробьев назначен исполняющим обязанности гендиректора узбекской "дочки" "вымпелкома"	3	
113	2015-03-03 14:49:48.133+01	1	17	448	Вести	3	
114	2015-03-03 14:49:48.283+01	1	17	447	Вести	3	
115	2015-03-03 14:49:48.434+01	1	17	446	«Мы бы хотели, чтобы Россия осталась на Байконуре навсегда»	3	
116	2015-03-03 14:49:48.585+01	1	17	445	Торговля из-под полы: нелегальным продавцам сим-карт штраф не страшен	3	
117	2015-03-03 14:49:48.734+01	1	17	444	Ренессанс Капитал повысил рейтинг акций Мегафона до "держать"	3	
118	2015-03-03 14:49:48.895+01	1	17	443	Белорусский мтс первым отчитался об итогах новогодней ночи	3	
119	2015-03-03 14:49:49.079+01	1	17	442	Ces 2014: at&t произвел революцию на рынке мобильного контента	3	
120	2015-03-03 14:49:49.25+01	1	17	441	Абоненты белорусского мтс отправили 17 миллионов sms в новогоднюю ночь	3	
121	2015-03-03 14:49:49.457+01	1	17	440	Абоненты казахстанского "билайна" 31 декабря наговорили 69 миллионов минут	3	
122	2015-03-03 14:49:49.609+01	1	17	439	3dnews-2013. ключевые it-события прошедшего года в обзорах нашего сайта	3	
123	2015-03-03 14:49:49.759+01	1	17	438	Запрет на продажу sim-карт с рук вступил в силу 1 января	3	
124	2015-03-03 14:49:49.91+01	1	17	437	Итоги 2013 и тренды 2014: смартфоны и мобильные ос	3	
125	2015-03-03 14:49:50.063+01	1	17	436	"Мегафон" заблокировал около одного миллиарда спам-сообщений в 2013 году	3	
126	2015-03-03 14:49:50.217+01	1	17	435	Маленький, но недетский ipad	3	
127	2015-03-03 14:49:50.393+01	1	17	434	Куда ушли миллиарды	3	
265	2015-03-12 12:19:26.716568+01	1	8	24	sdsdf	3	
266	2015-03-12 12:19:26.71876+01	1	8	23	sdsdf	3	
128	2015-03-03 14:49:50.547+01	1	17	433	Госкомпании стали главными поставщиками новостей в этом году	3	
129	2015-03-03 14:49:50.701+01	1	17	432	В прошедший новый год россияне отправили на треть больше sms, чем годом ранее	3	
130	2015-03-03 14:49:50.851+01	1	17	431	Безопасность: top 10 статей и постов в блоге pc week/re в 2013 году	3	
131	2015-03-03 14:49:51.001+01	1	17	430	Фонд Deutsche Bank купил акции Московской биржи и поучаствовал в IPO «ТКС банка»	3	
132	2015-03-03 14:49:51.151+01	1	17	429	«Ростелеком» отделил мобильные активы	3	
133	2015-03-03 14:54:57.59+01	1	13	14	ImportFile object	2	No fields changed.
134	2015-03-03 15:03:23.381+01	1	13	15	ImportFile object	1	
135	2015-03-03 15:05:47.330747+01	1	17	600	ТЕХНИКА - Оранжевое небо, оранжевый верблюд	3	
136	2015-03-03 15:05:47.332972+01	1	17	599	"Сава" зарегистрировала молокоперерабатывающую компанию	3	
137	2015-03-03 15:05:47.335725+01	1	17	598	Ансамбль "Доктор Джаз" совместно с американской певицей Паулетт МакВильямс даст концерт в Иркутской областной филармонии	3	
138	2015-03-03 15:05:47.337561+01	1	17	597	Поп-звезда Кэти Перри споет в перерыве Супербоула	3	
139	2015-03-03 15:05:47.338496+01	1	17	596	Поп-звезда Кэти Перри споет в перерыве Супербоула	3	
140	2015-03-03 15:05:47.339435+01	1	17	595	На сцене Иркутской филармонии выступит ансамбль "Доктор Джаз"	3	
141	2015-03-03 15:05:47.340311+01	1	17	594	Заседание еврокомиссаров отменено в связи с обсуждением вопроса о доверии Юнкеру	3	
142	2015-03-03 15:05:47.341273+01	1	17	593	Заседание еврокомиссаров отменено в связи с обсуждением вопроса о доверии Юнкеру	3	
143	2015-03-03 15:05:47.342169+01	1	17	592	Заседание еврокомиссаров отменено в связи с обсуждением вопроса о доверии Юнкеру	3	
144	2015-03-03 15:05:47.343071+01	1	17	591	"Я - менеджер по маркетингу"	3	
145	2015-03-03 15:05:47.343965+01	1	17	590	Comunica: долой прокрастинацию, даешь интеграцию!	3	
146	2015-03-03 15:05:47.345061+01	1	17	589	Предприниматели Ижевска к масштабированию бизнеса готовы	3	
147	2015-03-03 15:05:47.346119+01	1	17	588	"Сады Придонья": Мы знаем, как растить. Спеленок.	3	
148	2015-03-03 15:05:47.347065+01	1	17	587	Предприниматели Ижевска к масштабированию бизнеса готовы	3	
149	2015-03-03 15:05:47.348182+01	1	17	586	Предприниматели Ижевска к масштабированию бизнеса готовы	3	
150	2015-03-03 15:05:47.349226+01	1	17	585	"Сады Придонья": Мы знаем, как растить. Спеленок.	3	
151	2015-03-03 15:05:47.350312+01	1	17	584	Мы знаем, как растить. Спеленок.	3	
152	2015-03-03 15:05:47.351383+01	1	17	583	Мы знаем, как растить. Спеленок.	3	
153	2015-03-03 15:05:47.352372+01	1	17	582	Бывший совладелец "ВКонтакте" будет снова инвестировать в интернет	3	
154	2015-03-03 15:05:47.353453+01	1	17	581	Экс-совладелец "ВКонтакте" будет снова инвестировать в интернет	3	
155	2015-03-03 15:05:47.354473+01	1	17	580	20 ноября в КК "Славия" состоялась торжественная церемония вручения благодарственных писем Администрации г.п. Щелково за спонсорскую помощь в проведении Дня города	3	
156	2015-03-03 15:05:47.355521+01	1	17	579	Золотая инвестиционная середина	3	
157	2015-03-03 15:05:47.356558+01	1	17	578	Nissan Qashqai II: Только бы не хэтчбек	3	
158	2015-03-03 15:05:47.357589+01	1	17	577	С жиру бесятся	3	
159	2015-03-03 15:05:47.358691+01	1	17	576	От Сибая до Китая	3	
160	2015-03-03 15:05:47.359623+01	1	17	575	Инъекция инвестиционного оптимизма	3	
161	2015-03-03 15:05:47.360641+01	1	17	574	$2 млрд на масле: как африканец сделал состояние на семейном бизнесе	3	
162	2015-03-03 15:05:47.361659+01	1	17	573	Крупнейшие спонсоры обвинили FIFA в непрозрачности из-за чемпионатов мира в России и Катаре	3	
163	2015-03-03 15:05:47.362798+01	1	17	572	Архитектура зазеркалья	3	
164	2015-03-03 15:05:47.364093+01	1	17	571	Шесть известных скейтеров-курильщиков	3	
165	2015-03-03 15:05:47.365589+01	1	17	570	Новый рекорд: в самом масштабном селфи приняли участие более тысячи человек	3	
166	2015-03-03 15:05:47.366726+01	1	17	569	Как мы отмывали деньги... газировкой	3	
167	2015-03-03 15:05:47.367918+01	1	17	568	Кока-Кола атаковала ФИФА	3	
168	2015-03-03 15:05:47.368901+01	1	17	567	Coca-Cola призывает "поделиться Coke" с оленями Санта-Клауса.	3	
169	2015-03-03 15:05:47.369894+01	1	17	566	Молочный коктейль с манго - слюнки текут от чудесного напитка	3	
170	2015-03-03 15:05:47.370782+01	1	17	565	Крупнейшие спонсоры обвинили FIFA в непрозрачности из-за чемпионатов мира в России и Катаре	3	
171	2015-03-03 15:05:47.371721+01	1	17	564	"Совершенно секретно": Генеральская прокуратура	3	
172	2015-03-03 15:05:47.372582+01	1	17	563	Молодые миллионеры	3	
173	2015-03-03 15:05:47.373587+01	1	17	562	Coca-Cola призывает "поделиться Coke" с оленями Санта-Клауса.	3	
174	2015-03-03 15:05:47.374495+01	1	17	561	Microsoft поставила мировой рекорд по количеству людей на сэлфи-снимке	3	
175	2015-03-03 15:05:47.375458+01	1	17	560	Предвестник теннисной революции?	3	
176	2015-03-03 15:05:47.376412+01	1	17	559	Microsoft поставила мировой рекорд по количеству людей на сэлфи-снимке	3	
177	2015-03-03 15:05:47.377394+01	1	17	558	Microsoft поставила мировой рекорд по количеству людей на сэлфи-снимке	3	
178	2015-03-03 15:05:47.378377+01	1	17	557	Любимыми марками россиян стали Samsung и Adidas	3	
179	2015-03-03 15:05:47.379378+01	1	17	556	Уроки китайского	3	
180	2015-03-03 15:05:47.381642+01	1	17	555	"Буреягэсстрой", "Валта Пет Продактс", "Диполь Технологии" - среди номинантов конкурса "Лучшее Корпоративное Медиа - 2015"	3	
181	2015-03-03 15:05:47.383559+01	1	17	554	Event Management Technologies - технический партнер Саммита АКМР	3	
182	2015-03-03 15:05:47.385215+01	1	17	553	Президент The Coca-Cola Company: Мы все еще конструктивно недовольны собой	3	
183	2015-03-03 15:05:47.386248+01	1	17	552	Создано самое масштабное "сэлфи" в мире	3	
184	2015-03-03 15:05:47.3873+01	1	17	551	Coca-Cola недовольна скандалом вокруг ФИФА	3	
185	2015-03-03 15:05:47.388285+01	1	17	550	Apple пожертвует миллионы на борьбу со СПИДом	3	
186	2015-03-03 15:05:47.389274+01	1	17	549	Россияне выбрали любимые бренды - это Samsung, Adidas и Sony	3	
187	2015-03-03 15:05:47.390235+01	1	17	548	Coca-Cola недовольна скандалом вокруг ФИФА	3	
188	2015-03-03 15:05:47.391396+01	1	17	547	Coca-Cola недовольна скандалом вокруг ФИФА	3	
189	2015-03-03 15:05:47.392369+01	1	17	546	Любимые бренды россиян	3	
190	2015-03-03 15:05:47.393486+01	1	17	545	Apple пожертвует миллионы на борьбу со СПИДом	3	
191	2015-03-03 15:05:47.39484+01	1	17	544	Nokia Lumia 730 и самое большое групповое селфи	3	
192	2015-03-03 15:05:47.396013+01	1	17	543	Рекорд от Microsoft: 1151 человек в одном селфи-снимке	3	
193	2015-03-03 15:12:33.059+01	1	15	2	Coca-Cola Company	1	
194	2015-03-03 15:12:45.283+01	1	15	3	Coca-Cola Hellenic	1	
195	2015-03-03 15:12:58.602+01	1	15	4	Мултон	1	
196	2015-03-03 15:13:08.733+01	1	15	5	Лебедянский	1	
197	2015-03-03 15:13:19.05+01	1	15	6	Сады Придонья	1	
198	2015-03-03 15:13:29.944+01	1	15	7	PepsiCo	1	
199	2015-03-03 15:25:52.221043+01	1	8	7	sdfsdfsdf	1	
200	2015-03-03 15:27:44.143122+01	1	8	8	test cola	1	
201	2015-03-03 15:34:04.482+01	1	13	15	ImportFile object	2	Changed product.
202	2015-03-03 15:34:09.549072+01	1	13	15	ImportFile object	2	Changed product.
203	2015-03-03 15:34:14.778707+01	1	13	15	ImportFile object	2	Changed product.
204	2015-03-03 15:34:39.339203+01	1	13	15	ImportFile object	2	No fields changed.
205	2015-03-03 15:34:52.711498+01	1	13	15	ImportFile object	2	Changed product.
206	2015-03-03 15:38:22.747848+01	1	15	2	Coca-Cola Company	2	Changed project.
207	2015-03-03 15:38:30.09457+01	1	15	3	Coca-Cola Hellenic	2	Changed project.
208	2015-03-03 15:38:36.128309+01	1	15	4	Мултон	2	Changed project.
209	2015-03-03 15:38:41.419793+01	1	15	5	Лебедянский	2	Changed project.
210	2015-03-03 15:38:45.609263+01	1	15	6	Сады Придонья	2	Changed project.
211	2015-03-03 15:38:50.778009+01	1	15	7	PepsiCo	2	Changed project.
212	2015-03-03 15:39:21.697745+01	1	13	17	ImportFile object	1	
213	2015-03-03 15:45:46.497785+01	1	17	947	"Сава" зарегистрировала молокоперерабатывающую компанию	2	Changed monitoring_product. Changed prv for Упоминаемость обьектов "MentionsObject object".
214	2015-03-04 12:59:00.719478+01	1	92	9	MonitoringProductSetting object	3	
215	2015-03-04 14:21:09.335958+01	1	92	12	MonitoringProductSetting object	3	
216	2015-03-05 09:45:38.816471+01	1	92	13	MonitoringProductSetting object	3	
217	2015-03-05 13:41:34.562+01	1	12	5	ConstructorWidget object	3	
218	2015-03-06 08:46:40.670635+01	1	14	3	a	1	
219	2015-03-06 08:47:04.602316+01	1	14	3	a	3	
220	2015-03-06 08:50:58.032632+01	1	14	4	a	1	
221	2015-03-06 08:58:20.222728+01	1	15	8	yo	1	
222	2015-03-06 09:06:10.27423+01	1	8	9	aaa	1	
223	2015-03-06 09:16:49.835109+01	1	13	17	ImportFile object	2	Changed project and product.
224	2015-03-10 08:33:14.498612+01	1	13	17	ImportFile object	2	Changed project and product.
225	2015-03-10 19:56:17.915908+01	1	20	12	revasik	2	Changed is_staff.
226	2015-03-10 21:49:14.556537+01	12	8	10	test cola 2	1	
227	2015-03-10 21:52:50.726309+01	12	9	28	MonitoringProductMention object	1	
228	2015-03-10 21:54:17.939+01	12	17	1064	ТЕХНИКА - Оранжевое небо, оранжевый верблюд	2	Changed monitoring_product. Changed prv for Упоминаемость обьектов "MentionsObject object".
229	2015-03-11 07:16:44.945234+01	12	8	11	test cola 2	1	
230	2015-03-11 07:17:13.331287+01	12	17	1048	Мы знаем, как растить. Спеленок.	2	Changed monitoring_product.
231	2015-03-11 07:44:00.517933+01	12	20	12	revasik	2	No fields changed.
232	2015-03-11 10:36:34.051929+01	12	8	12	Тест кока-кола2	1	
233	2015-03-11 10:36:56.304768+01	12	8	13	Тест кока-кола3	1	
234	2015-03-11 10:37:50.375492+01	12	17	1061	Поп-звезда Кэти Перри споет в перерыве Супербоула	2	Changed monitoring_product.
235	2015-03-11 10:38:10.192377+01	12	17	1048	Мы знаем, как растить. Спеленок.	2	Changed monitoring_product.
236	2015-03-11 10:47:47.606904+01	1	12	1	ConstructorWidget object	3	
237	2015-03-11 10:50:48.549147+01	1	12	12	ConstructorWidget object	3	
238	2015-03-11 10:50:48.55321+01	1	12	11	ConstructorWidget object	3	
239	2015-03-11 10:50:48.561802+01	1	12	10	ConstructorWidget object	3	
240	2015-03-11 10:50:48.563457+01	1	12	6	ConstructorWidget object	3	
241	2015-03-11 10:50:48.565064+01	1	12	4	ConstructorWidget object	3	
242	2015-03-11 10:50:48.56663+01	1	12	3	ConstructorWidget object	3	
243	2015-03-11 10:50:48.56815+01	1	12	2	ConstructorWidget object	3	
244	2015-03-11 10:51:19.769177+01	1	12	13	ConstructorWidget object	3	
245	2015-03-11 11:31:41.594144+01	12	8	14	test cola 2	1	
246	2015-03-11 11:32:14.727376+01	12	17	1019	"Буреягэсстрой", "Валта Пет Продактс", "Диполь Технологии" - среди номинантов конкурса "Лучшее Корпоративное Медиа - 2015"	2	Changed monitoring_product.
247	2015-03-12 10:15:18.208636+01	1	8	22	sdsdf	3	
248	2015-03-12 10:15:18.210764+01	1	8	21	sdsdf	3	
249	2015-03-12 10:15:18.211721+01	1	8	20	sdsdf	3	
250	2015-03-12 10:15:18.2127+01	1	8	19	sdsdf	3	
251	2015-03-12 10:15:18.214058+01	1	8	18	sdsdf	3	
252	2015-03-12 10:15:18.216031+01	1	8	17	sdsdf	3	
253	2015-03-12 10:15:18.218054+01	1	8	16	sdsdf	3	
254	2015-03-12 10:15:18.220201+01	1	8	15	sdsdf	3	
255	2015-03-12 12:19:26.70236+01	1	8	34	sdsdf	3	
256	2015-03-12 12:19:26.704372+01	1	8	33	sdsdf	3	
257	2015-03-12 12:19:26.705515+01	1	8	32	sdsdf	3	
258	2015-03-12 12:19:26.706627+01	1	8	31	sdsdf	3	
259	2015-03-12 12:19:26.707601+01	1	8	30	sdsdf	3	
260	2015-03-12 12:19:26.708557+01	1	8	29	sdsdf	3	
261	2015-03-12 12:19:26.709599+01	1	8	28	sdsdf	3	
262	2015-03-12 12:19:26.710702+01	1	8	27	sdsdf	3	
263	2015-03-12 12:19:26.711854+01	1	8	26	sdsdf	3	
267	2015-03-12 12:31:06.822245+01	1	8	36	sdsdf	3	
268	2015-03-12 12:31:06.824294+01	1	8	35	sdsdf	3	
269	2015-03-12 15:16:58.102921+01	12	8	40	aaaaaa	1	
270	2015-03-12 15:17:48.782476+01	12	17	1034	Новый рекорд: в самом масштабном селфи приняли участие более тысячи человек	2	Changed monitoring_product.
271	2015-03-13 07:37:23.66268+01	12	17	1027	Молодые миллионеры	2	Changed monitoring_product. Changed prv for Упоминаемость обьектов "MentionsObject object".
272	2015-03-13 07:56:30.476+01	12	8	41	33333	1	
273	2015-03-13 07:59:03.598+01	12	17	1064	ТЕХНИКА - Оранжевое небо, оранжевый верблюд	2	Changed monitoring_product.
274	2015-03-13 08:03:52.711428+01	1	13	17	ImportFile object	2	Changed product.
275	2015-03-13 09:17:04.050934+01	1	8	42	33333	1	
276	2015-03-13 09:17:24.892459+01	1	13	17	ImportFile object	2	Changed product.
277	2015-03-13 09:25:32.185875+01	1	13	17	ImportFile object	2	No fields changed.
278	2015-03-13 09:26:43.151124+01	1	8	43	test cola	1	
279	2015-03-13 09:27:05.527746+01	1	13	17	ImportFile object	2	Changed product.
280	2015-03-13 09:29:51.219984+01	1	12	44	ConstructorWidget object	1	
281	2015-03-13 09:30:56.658668+01	1	12	44	ConstructorWidget object	2	Changed monitoring_product.
282	2015-03-13 09:32:17.066046+01	1	13	15	ImportFile object	2	Changed project and product.
283	2015-03-13 09:33:35.825021+01	1	12	44	ConstructorWidget object	2	Changed data.
284	2015-03-13 12:06:00.805109+01	1	20	12	revasik	2	Changed password.
285	2015-03-13 12:15:13.679338+01	12	13	17	ImportFile object	2	No fields changed.
286	2015-03-13 13:12:07.40213+01	12	13	15	ImportFile object	2	Changed product.
287	2015-03-13 13:13:43.826258+01	12	8	44	tssssss	1	
288	2015-03-13 13:14:06.874656+01	12	13	15	ImportFile object	2	Changed product.
289	2015-03-13 13:29:06.13448+01	1	13	15	ImportFile object	2	Changed product.
290	2015-03-13 14:35:05.808131+01	12	17	1570	Мы знаем, как растить. Спеленок.	2	Changed monitoring_product.
291	2015-03-13 14:37:07.904652+01	12	8	45	nnnnnn	1	
292	2015-03-13 14:48:26.470424+01	12	13	18	ImportFile object	1	
293	2015-03-13 14:48:26.884533+01	12	17	1578	Заседание еврокомиссаров отменено в связи с обсуждением вопроса о доверии Юнкеру	2	Changed monitoring_product.
294	2015-03-13 14:51:11.188902+01	12	92	30	MonitoringProductSetting object	3	
295	2015-03-13 14:56:55.98216+01	12	92	31	MonitoringProductSetting object	3	
296	2015-03-13 15:01:52.352765+01	12	92	32	MonitoringProductSetting object	3	
297	2015-03-14 09:27:02.687+01	12	9	117	MonitoringProductMention object	1	
298	2015-03-14 09:27:06.472+01	12	10	39	coca cola	1	
299	2015-03-16 23:03:44.96114+01	12	20	13	root	2	Changed department.
300	2015-03-16 23:04:13.410784+01	12	20	13	root	2	Changed department.
301	2015-03-16 23:06:53.335551+01	12	20	14	test	1	
302	2015-03-16 23:07:18.887118+01	12	20	14	test	2	Changed department and company.
303	2015-03-17 14:47:00.451+01	12	20	12	revasik	2	Deleted Социальную сеть "test". Deleted Социальную сеть "ffff". Deleted Социальную сеть "vk.com". Deleted Социальную сеть "vk.com". Deleted Социальную сеть "vk.com". Deleted Социальную сеть "sdfsf". Deleted Социальную сеть "1231231". Deleted Социальную сеть "123". Deleted Социальную сеть "123". Deleted Социальную сеть "". Deleted Социальную сеть "". Deleted Социальную сеть "". Deleted Социальную сеть "". Deleted Социальную сеть "". Deleted Социальную сеть "". Deleted Социальную сеть "". Deleted Социальную сеть "". Deleted Социальную сеть "". Deleted Социальную сеть "". Deleted Социальную сеть "". Deleted Социальную сеть "". Deleted Социальную сеть "". Deleted Социальную сеть "".
304	2015-03-17 14:51:36.992+01	12	20	12	revasik	2	Deleted Социальную сеть "". Deleted Социальную сеть "". Deleted Социальную сеть "". Deleted Социальную сеть "".
305	2015-03-17 14:54:52.739+01	12	20	12	revasik	2	Deleted Социальную сеть "". Deleted Социальную сеть "". Deleted Социальную сеть "". Deleted Социальную сеть "". Deleted Социальную сеть "324432432". Deleted Социальную сеть "324432432".
306	2015-03-17 15:19:32.78+01	12	20	12	revasik	2	Deleted Социальную сеть "".
307	2015-03-17 15:37:13.1+01	12	20	12	revasik	2	Deleted Социальную сеть "hjb". Deleted Социальную сеть "kjnbkmkkj". Deleted Социальную сеть "kjnbkmkkj". Deleted Социальную сеть "kjnbkmkkj". Deleted Социальную сеть "kjnbkmkkj".
308	2015-03-17 15:44:24.508+01	12	20	12	revasik	2	Deleted Социальную сеть "jhjhbhbh". Deleted Социальную сеть "klnklk". Deleted Социальную сеть "dsadas". Deleted Социальную сеть "dsadas". Deleted Социальную сеть "dsadas". Deleted Социальную сеть "dsadas". Deleted Социальную сеть "dsadas". Deleted Социальную сеть "dsadas". Deleted Социальную сеть "dsadasnj".
309	2015-03-17 15:50:34.207+01	12	20	12	revasik	2	Deleted Социальную сеть "fdsf". Deleted Социальную сеть "fdsf". Deleted Социальную сеть "fdsfds". Deleted Социальную сеть "fdsfds". Deleted Социальную сеть "fdsfds". Deleted Социальную сеть "fdsfds".
310	2015-03-17 15:52:13.253+01	12	20	12	revasik	2	Deleted Социальную сеть "dsadsad". Deleted Социальную сеть "dsadsad". Deleted Социальную сеть "dsadsad".
311	2015-03-18 09:50:29.623+01	12	20	12	revasik	2	Deleted Социальную сеть "dsadaa". Deleted Социальную сеть "dsadaa". Deleted Социальную сеть "dsadaa". Deleted Социальную сеть "dsadaa". Deleted Социальную сеть "dsadaa". Deleted Социальную сеть "dsadaa". Deleted Социальную сеть "dsadaass". Deleted Социальную сеть "dsadaass".
312	2015-03-18 13:42:03.620897+01	12	13	17	ImportFile object	2	No fields changed.
313	2015-03-18 13:57:16.288258+01	12	13	17	ImportFile object	2	Changed product.
314	2015-03-18 14:05:03.828613+01	12	13	17	ImportFile object	2	Changed product.
315	2015-03-19 09:20:52.485856+01	12	20	14	test	2	Changed department.
316	2015-03-19 09:45:48.304181+01	12	20	12	revasik	2	Changed groups.
317	2015-03-19 09:46:15.687298+01	12	20	12	revasik	2	Changed department.
318	2015-03-19 14:34:16.982082+01	12	21	1	4com	2	Changed icon.
319	2015-03-19 14:35:29.87323+01	12	21	1	4com	2	Changed icon.
320	2015-03-19 14:49:25.423861+01	12	20	14	test	2	Changed groups.
321	2015-03-19 14:50:24.391143+01	12	20	14	test	2	Changed first_name, last_name, email and groups.
322	2015-03-19 14:50:53.95015+01	12	20	14	test	2	Changed groups.
323	2015-03-20 12:58:36.119742+01	12	20	15	test	1	
324	2015-03-20 12:58:54.663008+01	12	20	15	test	2	Changed department, company and groups.
325	2015-03-20 12:59:25.691885+01	12	20	16	srtdxf	1	
326	2015-03-20 12:59:41.621756+01	12	20	16	srtdxf	2	Changed department, company and groups.
327	2015-03-23 07:34:14.402143+01	12	17	1818	ТЕХНИКА - Оранжевое небо, оранжевый верблюд	2	Changed monitoring_product. Changed prv for Упоминаемость обьектов "MentionsObject object".
328	2015-03-23 12:54:13.510089+01	12	11	407	MonitoringProductCategory object	3	
329	2015-03-23 12:54:13.664759+01	12	11	406	MonitoringProductCategory object	3	
330	2015-03-23 12:54:13.817935+01	12	11	405	MonitoringProductCategory object	3	
331	2015-03-23 12:54:13.970838+01	12	11	404	MonitoringProductCategory object	3	
332	2015-03-23 12:54:14.123321+01	12	11	403	MonitoringProductCategory object	3	
333	2015-03-23 12:54:14.27629+01	12	11	402	MonitoringProductCategory object	3	
334	2015-03-23 12:54:14.428667+01	12	11	401	MonitoringProductCategory object	3	
335	2015-03-23 12:54:14.581587+01	12	11	400	MonitoringProductCategory object	3	
336	2015-03-23 12:54:14.734796+01	12	11	399	MonitoringProductCategory object	3	
337	2015-03-23 12:54:14.886958+01	12	11	398	MonitoringProductCategory object	3	
338	2015-03-23 12:54:15.042149+01	12	11	397	MonitoringProductCategory object	3	
339	2015-03-23 12:54:15.194087+01	12	11	396	MonitoringProductCategory object	3	
340	2015-03-23 12:54:15.347497+01	12	11	395	MonitoringProductCategory object	3	
341	2015-03-23 12:54:15.500838+01	12	11	394	MonitoringProductCategory object	3	
342	2015-03-23 12:54:15.654302+01	12	11	393	MonitoringProductCategory object	3	
343	2015-03-23 12:54:15.81103+01	12	11	392	MonitoringProductCategory object	3	
344	2015-03-23 12:54:15.964034+01	12	11	261	MonitoringProductCategory object	3	
345	2015-03-23 12:54:16.11662+01	12	11	260	MonitoringProductCategory object	3	
346	2015-03-23 12:54:16.268424+01	12	11	259	MonitoringProductCategory object	3	
347	2015-03-23 12:54:16.420598+01	12	11	258	MonitoringProductCategory object	3	
348	2015-03-23 12:54:16.573019+01	12	11	257	MonitoringProductCategory object	3	
349	2015-03-23 12:54:16.726405+01	12	11	236	MonitoringProductCategory object	3	
350	2015-03-23 12:54:16.879924+01	12	11	235	MonitoringProductCategory object	3	
351	2015-03-23 12:54:17.032809+01	12	11	234	MonitoringProductCategory object	3	
352	2015-03-23 12:54:17.185429+01	12	11	233	MonitoringProductCategory object	3	
353	2015-03-23 12:54:17.339054+01	12	11	232	MonitoringProductCategory object	3	
354	2015-03-23 12:54:17.49251+01	12	11	206	MonitoringProductCategory object	3	
355	2015-03-23 12:54:17.645268+01	12	11	204	MonitoringProductCategory object	3	
356	2015-03-23 12:54:17.798406+01	12	11	202	MonitoringProductCategory object	3	
357	2015-03-23 12:54:17.951406+01	12	11	200	MonitoringProductCategory object	3	
358	2015-03-23 12:54:18.104825+01	12	11	198	MonitoringProductCategory object	3	
359	2015-03-23 12:54:18.257992+01	12	11	196	MonitoringProductCategory object	3	
360	2015-03-23 12:54:18.410207+01	12	11	195	MonitoringProductCategory object	3	
361	2015-03-23 12:54:18.566062+01	12	11	194	MonitoringProductCategory object	3	
362	2015-03-23 12:54:18.719811+01	12	11	193	MonitoringProductCategory object	3	
363	2015-03-23 12:54:18.873076+01	12	11	192	MonitoringProductCategory object	3	
364	2015-03-23 12:54:19.026164+01	12	11	191	MonitoringProductCategory object	3	
365	2015-03-23 12:54:19.179318+01	12	11	190	MonitoringProductCategory object	3	
366	2015-03-23 12:54:19.332073+01	12	11	189	MonitoringProductCategory object	3	
367	2015-03-23 12:54:19.484516+01	12	11	188	MonitoringProductCategory object	3	
368	2015-03-23 12:54:19.637849+01	12	11	187	MonitoringProductCategory object	3	
369	2015-03-23 12:54:19.790804+01	12	11	66	MonitoringProductCategory object	3	
370	2015-03-23 13:02:27.786581+01	12	13	18	ImportFile object	2	No fields changed.
371	2015-03-24 08:08:16.596244+01	12	11	801	MonitoringProductCategory object	3	
372	2015-03-24 08:08:16.780804+01	12	11	800	MonitoringProductCategory object	3	
373	2015-03-24 08:08:16.951595+01	12	11	799	MonitoringProductCategory object	3	
374	2015-03-24 08:08:17.120362+01	12	11	798	MonitoringProductCategory object	3	
375	2015-03-24 08:08:17.305425+01	12	11	797	MonitoringProductCategory object	3	
376	2015-03-24 08:08:17.482438+01	12	11	796	MonitoringProductCategory object	3	
377	2015-03-24 08:08:17.663745+01	12	11	795	MonitoringProductCategory object	3	
378	2015-03-24 08:08:17.829942+01	12	11	794	MonitoringProductCategory object	3	
379	2015-03-24 08:08:18.018664+01	12	11	793	MonitoringProductCategory object	3	
380	2015-03-24 08:08:18.20871+01	12	11	792	MonitoringProductCategory object	3	
381	2015-03-24 08:08:18.424796+01	12	11	791	MonitoringProductCategory object	3	
382	2015-03-24 08:08:18.660109+01	12	11	790	MonitoringProductCategory object	3	
383	2015-03-24 08:08:18.859729+01	12	11	789	MonitoringProductCategory object	3	
384	2015-03-24 08:08:19.041627+01	12	11	788	MonitoringProductCategory object	3	
385	2015-03-24 08:08:19.239753+01	12	11	787	MonitoringProductCategory object	3	
386	2015-03-24 08:08:19.419694+01	12	11	786	MonitoringProductCategory object	3	
387	2015-03-24 08:08:19.613706+01	12	11	785	MonitoringProductCategory object	3	
388	2015-03-24 08:08:19.806659+01	12	11	784	MonitoringProductCategory object	3	
389	2015-03-24 08:08:20.023692+01	12	11	783	MonitoringProductCategory object	3	
390	2015-03-24 08:08:20.203694+01	12	11	782	MonitoringProductCategory object	3	
391	2015-03-24 08:08:20.39069+01	12	11	781	MonitoringProductCategory object	3	
392	2015-03-24 08:08:20.585721+01	12	11	780	MonitoringProductCategory object	3	
393	2015-03-24 08:08:20.77174+01	12	11	779	MonitoringProductCategory object	3	
394	2015-03-24 08:08:20.954691+01	12	11	778	MonitoringProductCategory object	3	
395	2015-03-24 08:08:21.151576+01	12	11	777	MonitoringProductCategory object	3	
396	2015-03-24 08:08:21.335722+01	12	11	776	MonitoringProductCategory object	3	
397	2015-03-24 08:08:21.544809+01	12	11	775	MonitoringProductCategory object	3	
398	2015-03-24 08:08:21.717913+01	12	11	774	MonitoringProductCategory object	3	
399	2015-03-24 08:08:21.930632+01	12	11	773	MonitoringProductCategory object	3	
400	2015-03-24 08:08:22.113154+01	12	11	772	MonitoringProductCategory object	3	
401	2015-03-24 08:08:22.317347+01	12	11	771	MonitoringProductCategory object	3	
402	2015-03-24 08:08:22.484824+01	12	11	770	MonitoringProductCategory object	3	
403	2015-03-24 08:08:22.661618+01	12	11	769	MonitoringProductCategory object	3	
404	2015-03-24 08:08:22.859795+01	12	11	768	MonitoringProductCategory object	3	
405	2015-03-24 08:08:23.010474+01	12	11	767	MonitoringProductCategory object	3	
406	2015-03-24 08:08:23.170026+01	12	11	766	MonitoringProductCategory object	3	
407	2015-03-24 08:08:23.342348+01	12	11	765	MonitoringProductCategory object	3	
408	2015-03-24 08:08:23.54179+01	12	11	764	MonitoringProductCategory object	3	
409	2015-03-24 08:08:23.711735+01	12	11	763	MonitoringProductCategory object	3	
410	2015-03-24 08:08:23.899647+01	12	11	762	MonitoringProductCategory object	3	
411	2015-03-24 08:08:24.113644+01	12	11	761	MonitoringProductCategory object	3	
412	2015-03-24 08:08:24.342613+01	12	11	760	MonitoringProductCategory object	3	
413	2015-03-24 08:08:24.599721+01	12	11	759	MonitoringProductCategory object	3	
414	2015-03-24 08:08:24.783764+01	12	11	758	MonitoringProductCategory object	3	
415	2015-03-24 08:08:25.012671+01	12	11	757	MonitoringProductCategory object	3	
416	2015-03-24 08:08:25.201665+01	12	11	756	MonitoringProductCategory object	3	
417	2015-03-24 08:08:25.372794+01	12	11	755	MonitoringProductCategory object	3	
418	2015-03-24 08:08:25.578663+01	12	11	754	MonitoringProductCategory object	3	
419	2015-03-24 08:08:25.805651+01	12	11	753	MonitoringProductCategory object	3	
420	2015-03-24 08:08:25.991673+01	12	11	752	MonitoringProductCategory object	3	
421	2015-03-24 08:08:26.184474+01	12	11	751	MonitoringProductCategory object	3	
422	2015-03-24 08:08:26.413667+01	12	11	750	MonitoringProductCategory object	3	
423	2015-03-24 08:08:26.605604+01	12	11	749	MonitoringProductCategory object	3	
424	2015-03-24 08:08:26.789652+01	12	11	748	MonitoringProductCategory object	3	
425	2015-03-24 08:08:26.976728+01	12	11	747	MonitoringProductCategory object	3	
426	2015-03-24 08:08:27.410686+01	12	11	746	MonitoringProductCategory object	3	
427	2015-03-24 08:08:27.62015+01	12	11	745	MonitoringProductCategory object	3	
428	2015-03-24 08:08:27.79378+01	12	11	744	MonitoringProductCategory object	3	
429	2015-03-24 08:08:27.988721+01	12	11	743	MonitoringProductCategory object	3	
430	2015-03-24 08:08:28.215537+01	12	11	742	MonitoringProductCategory object	3	
431	2015-03-24 08:08:28.373859+01	12	11	741	MonitoringProductCategory object	3	
432	2015-03-24 08:08:28.542163+01	12	11	740	MonitoringProductCategory object	3	
433	2015-03-24 08:08:28.71062+01	12	11	739	MonitoringProductCategory object	3	
434	2015-03-24 08:08:28.922621+01	12	11	738	MonitoringProductCategory object	3	
435	2015-03-24 08:08:29.141678+01	12	11	737	MonitoringProductCategory object	3	
436	2015-03-24 08:08:29.366572+01	12	11	736	MonitoringProductCategory object	3	
437	2015-03-24 08:08:29.57967+01	12	11	735	MonitoringProductCategory object	3	
438	2015-03-24 08:08:29.798583+01	12	11	734	MonitoringProductCategory object	3	
439	2015-03-24 08:08:29.989628+01	12	11	733	MonitoringProductCategory object	3	
440	2015-03-24 08:08:30.166613+01	12	11	732	MonitoringProductCategory object	3	
441	2015-03-24 08:08:30.361645+01	12	11	731	MonitoringProductCategory object	3	
442	2015-03-24 08:08:30.54597+01	12	11	730	MonitoringProductCategory object	3	
443	2015-03-24 08:08:30.711081+01	12	11	729	MonitoringProductCategory object	3	
444	2015-03-24 08:08:30.866813+01	12	11	728	MonitoringProductCategory object	3	
445	2015-03-24 08:08:31.03683+01	12	11	727	MonitoringProductCategory object	3	
446	2015-03-24 08:08:31.207826+01	12	11	726	MonitoringProductCategory object	3	
447	2015-03-24 08:08:31.373113+01	12	11	725	MonitoringProductCategory object	3	
448	2015-03-24 08:08:31.53919+01	12	11	724	MonitoringProductCategory object	3	
449	2015-03-24 08:08:31.715031+01	12	11	723	MonitoringProductCategory object	3	
450	2015-03-24 08:08:31.886206+01	12	11	722	MonitoringProductCategory object	3	
451	2015-03-24 08:08:32.055904+01	12	11	721	MonitoringProductCategory object	3	
452	2015-03-24 08:08:32.249679+01	12	11	720	MonitoringProductCategory object	3	
453	2015-03-24 08:08:32.438615+01	12	11	719	MonitoringProductCategory object	3	
454	2015-03-24 08:08:32.650703+01	12	11	718	MonitoringProductCategory object	3	
455	2015-03-24 08:08:32.844645+01	12	11	717	MonitoringProductCategory object	3	
456	2015-03-24 08:08:33.063714+01	12	11	716	MonitoringProductCategory object	3	
457	2015-03-24 08:08:33.248607+01	12	11	715	MonitoringProductCategory object	3	
458	2015-03-24 08:08:33.440549+01	12	11	714	MonitoringProductCategory object	3	
459	2015-03-24 08:08:33.661547+01	12	11	713	MonitoringProductCategory object	3	
460	2015-03-24 08:08:33.848592+01	12	11	712	MonitoringProductCategory object	3	
461	2015-03-24 08:08:34.029244+01	12	11	711	MonitoringProductCategory object	3	
462	2015-03-24 08:08:34.223623+01	12	11	710	MonitoringProductCategory object	3	
463	2015-03-24 08:08:34.417478+01	12	11	709	MonitoringProductCategory object	3	
464	2015-03-24 08:08:34.601277+01	12	11	708	MonitoringProductCategory object	3	
465	2015-03-24 08:08:34.750723+01	12	11	707	MonitoringProductCategory object	3	
466	2015-03-24 08:08:34.90829+01	12	11	706	MonitoringProductCategory object	3	
467	2015-03-24 08:08:35.085708+01	12	11	705	MonitoringProductCategory object	3	
468	2015-03-24 08:08:35.264089+01	12	11	704	MonitoringProductCategory object	3	
469	2015-03-24 08:08:35.42095+01	12	11	703	MonitoringProductCategory object	3	
470	2015-03-24 08:08:35.595276+01	12	11	702	MonitoringProductCategory object	3	
471	2015-03-24 08:09:56.660508+01	12	11	701	MonitoringProductCategory object	3	
472	2015-03-24 08:09:56.829361+01	12	11	700	MonitoringProductCategory object	3	
473	2015-03-24 08:09:56.992015+01	12	11	699	MonitoringProductCategory object	3	
474	2015-03-24 08:09:57.145053+01	12	11	698	MonitoringProductCategory object	3	
475	2015-03-24 08:09:57.301105+01	12	11	697	MonitoringProductCategory object	3	
476	2015-03-24 08:09:57.468646+01	12	11	696	MonitoringProductCategory object	3	
477	2015-03-24 08:09:57.634+01	12	11	695	MonitoringProductCategory object	3	
478	2015-03-24 08:09:57.797414+01	12	11	694	MonitoringProductCategory object	3	
479	2015-03-24 08:09:57.968071+01	12	11	693	MonitoringProductCategory object	3	
480	2015-03-24 08:09:58.148487+01	12	11	692	MonitoringProductCategory object	3	
481	2015-03-24 08:09:58.382543+01	12	11	691	MonitoringProductCategory object	3	
482	2015-03-24 08:09:58.553853+01	12	11	690	MonitoringProductCategory object	3	
483	2015-03-24 08:09:58.757838+01	12	11	689	MonitoringProductCategory object	3	
484	2015-03-24 08:09:58.941913+01	12	11	688	MonitoringProductCategory object	3	
485	2015-03-24 08:09:59.108336+01	12	11	687	MonitoringProductCategory object	3	
486	2015-03-24 08:09:59.306715+01	12	11	686	MonitoringProductCategory object	3	
487	2015-03-24 08:09:59.461816+01	12	11	685	MonitoringProductCategory object	3	
488	2015-03-24 08:09:59.640523+01	12	11	684	MonitoringProductCategory object	3	
489	2015-03-24 08:09:59.811271+01	12	11	683	MonitoringProductCategory object	3	
490	2015-03-24 08:09:59.972243+01	12	11	682	MonitoringProductCategory object	3	
491	2015-03-24 08:10:00.166286+01	12	11	681	MonitoringProductCategory object	3	
492	2015-03-24 08:10:00.335111+01	12	11	680	MonitoringProductCategory object	3	
493	2015-03-24 08:10:00.503116+01	12	11	679	MonitoringProductCategory object	3	
494	2015-03-24 08:10:00.679754+01	12	11	678	MonitoringProductCategory object	3	
495	2015-03-24 08:10:00.850066+01	12	11	677	MonitoringProductCategory object	3	
496	2015-03-24 08:10:01.015647+01	12	11	416	MonitoringProductCategory object	3	
497	2015-03-24 08:10:01.193699+01	12	11	414	MonitoringProductCategory object	3	
498	2015-03-24 08:10:01.382261+01	12	11	412	MonitoringProductCategory object	3	
499	2015-03-24 08:10:01.557978+01	12	11	410	MonitoringProductCategory object	3	
500	2015-03-24 08:10:01.734274+01	12	11	408	MonitoringProductCategory object	3	
501	2015-03-24 08:10:01.916944+01	12	11	65	MonitoringProductCategory object	3	
502	2015-03-24 08:10:02.09574+01	12	11	64	MonitoringProductCategory object	3	
503	2015-03-24 08:10:02.281886+01	12	11	63	MonitoringProductCategory object	3	
504	2015-03-24 08:10:02.466441+01	12	11	62	MonitoringProductCategory object	3	
505	2015-03-24 08:10:25.633659+01	12	13	18	ImportFile object	2	No fields changed.
506	2015-03-30 13:53:33.118398+02	12	13	15	ImportFile object	2	Changed product.
507	2015-04-02 08:49:32.998765+02	12	2	2	Editor	2	Changed permissions.
508	2015-04-02 08:50:39.796832+02	12	2	1	Reader	2	Changed permissions.
509	2015-04-02 08:50:55.663897+02	12	2	2	Editor	2	Changed permissions.
510	2015-04-02 09:47:23.420916+02	12	20	16	tttt	2	Changed project.
511	2015-04-02 09:58:04.992525+02	12	2	1	Reader	2	Changed permissions.
512	2015-04-02 09:59:13.911933+02	12	2	2	Editor	2	Changed permissions.
513	2015-04-02 10:01:19.657046+02	12	92	39	MonitoringProductSetting object	3	
514	2015-04-02 10:19:15.373302+02	12	2	2	Editor	2	Changed permissions.
515	2015-04-02 10:20:41.839525+02	12	2	2	Editor	2	Changed permissions.
516	2015-04-02 15:43:00.908758+02	12	20	16	tttt	2	Changed first_name, last_name and email.
517	2015-04-02 15:46:38.6665+02	12	20	17	test1	1	
518	2015-04-02 15:47:04.800859+02	12	20	17	test1	2	Changed first_name, last_name, email, department and company.
519	2015-04-02 15:47:23.421195+02	12	20	17	test1	2	Changed groups.
520	2015-04-02 15:48:32.079302+02	12	20	18	uuyu	1	
521	2015-04-02 15:48:54.493653+02	12	20	18	uuyu	2	Changed first_name, last_name, department and company.
522	2015-04-03 09:48:18.083367+02	12	20	16	tttt	2	Changed groups.
\.


--
-- Name: django_admin_log_id_seq; Type: SEQUENCE SET; Schema: public; Owner: stas
--

SELECT pg_catalog.setval('django_admin_log_id_seq', 522, true);


--
-- Data for Name: django_content_type; Type: TABLE DATA; Schema: public; Owner: stas
--

COPY django_content_type (id, name, app_label, model) FROM stdin;
1	permission	auth	permission
2	group	auth	group
3	user	auth	user
4	content type	contenttypes	contenttype
5	session	sessions	session
6	site	sites	site
7	log entry	admin	logentry
8	Мониторинговий продукт	monitoring_product	monitoringproduct
9	Упоминаемый обьект (Мониторинговий продукт)	monitoring_product	monitoringproductmention
10	Слово	monitoring_product	monitoringproductmentionword
11	Категорию	monitoring_product	monitoringproductcategory
12	Конструктор	monitoring_product	constructorwidget
13	import file	main	importfile
14	Проект	main	project
15	Упоминаемые объект	main	referredobject
16	Упоминаемость обьектов	main	mentionsobject
17	Статью	main	article
18	Спикера	main	speaker
19	Эмтон объекта	main	emotionaltoneobject
20	user	custom_user	customuser
21	Компанию	custom_user	company
22	Социальную сеть	custom_user	social
23	подразделение	custom_user	department
24	Категорию	main	category
25	Справка	main	directorycategory
27	Готовый продукт	main	clientproduct
28	Уровень СМИ	main	medialevel
29	Федеральный округ	main	federaldistrict
30	Регион	main	region
31	Страна	main	country
32	Вид	main	mediaview
33	Список	main	medialist
34	Категорию	main	mediacategory
35	Жанр	main	materialgenre
36	Вид взаемодействия	main	interactionkind
37	Степень проникновения ПР/Новости	main	penetration
38	Продукт	main	product
39	Значение(как упоминаеться продукт)	main	mentionproductvalue
40	Упоминание продукта	main	mentionproduct
41	KM Значение	main	kmkeyvalue
42	KM	main	km
43	Упоминание KM	main	kmmention
44	Видимость, проверить	main	visibility
45	Заметность	main	macroregion
46	Media list(spec)	main	medialistspecial
47	Media type(spec)	main	mediatypespecial
48	Media category(spec)	main	mediacategoryspecial
49	Заметность(spec)	main	visibilityspecial
50	KM(spec)	main	kmspecial
51	Brand or Product Mention	main	brandorproduct
52	Speaker’s Quote	main	speakerquote
53	Third Party Speakers’ Supporting Quotes	main	thirdpartyspeakers
54	Header Tonality	main	headertonality
55	Main Tonality	main	maintonality
56	Global/Local Event	main	globallocalevent
57	Эмтон материала	main	emotionaltonematerial
58	Эмтон Заголовка	main	emotionaltonetitle
59	Image	main	image
60	Вид сми	main	mediatype
61	Область край	main	edgeregion
62	Город	main	city
63	Источник	main	source
64	Филиал	main	branch
65	Url	main	url
66	Автор	main	author
67	Тематическую категорию	main	thematiccategory
68	MaterialReason	main	materialreason
69	Направление бизнеса	main	bissinesdirection
70	ID-пресс-релиза	main	idpressrelease
71	Tag	main	tag
72	Неделя	main	week
73	День	main	day
74	Месяц	main	month
75	Заголовок	main	articletitle
76	Длительность	main	duration
77	хэштег	main	hashtags
78	Эмтон заголовка упоминаемого обьекта	main	emotionaltonetitleobject
79	Роль Объекта	main	objectrole
80	Технологию	main	technologies
81	реклама/промо	main	advertisementpromo
82	Инициирование	main	initiation
83	Инфоповод	main	inforeason
84	Категорию спикера	main	speakercategory
85	Уровень спикера	main	speakerlevel
86	Характер высказывания спикера	main	speakerspeechhate
87	Уникальность цитат спикера	main	speakerquoteuniqueness
88	Висказивание спикера	main	statementspeaker
89	Тональность	main	sidespeakertonality
90	Статус	main	sidespeakerstatus
91	Стороний Спикер	main	sidespeaker
92	Настройки продукта	monitoring_product	monitoringproductsetting
93	Оценка	custom_user	productrating
94	user aplication settings	custom_user	useraplicationsettings
95	user object permission	guardian	userobjectpermission
96	group object permission	guardian	groupobjectpermission
\.


--
-- Name: django_content_type_id_seq; Type: SEQUENCE SET; Schema: public; Owner: stas
--

SELECT pg_catalog.setval('django_content_type_id_seq', 96, true);


--
-- Data for Name: django_migrations; Type: TABLE DATA; Schema: public; Owner: stas
--

COPY django_migrations (id, app, name, applied) FROM stdin;
41	contenttypes	0001_initial	2015-03-27 08:29:20.205746+01
42	auth	0001_initial	2015-03-27 08:29:20.378783+01
43	admin	0001_initial	2015-03-27 08:29:20.549077+01
44	monitoring_product	0001_initial	2015-03-27 08:29:20.720556+01
45	monitoring_product	0002_monitoringproductsetting	2015-03-27 08:29:20.892821+01
46	monitoring_product	0003_auto_20150224_1322	2015-03-27 08:29:21.066191+01
47	monitoring_product	0004_auto_20150310_1658	2015-03-27 08:29:21.236424+01
48	monitoring_product	0005_auto_20150310_1823	2015-03-27 08:29:21.407491+01
49	monitoring_product	0006_auto_20150316_1216	2015-03-27 08:29:21.580043+01
50	custom_user	0001_initial	2015-03-27 08:29:21.751242+01
51	custom_user	0002_productrating_time	2015-03-27 08:29:21.922055+01
52	custom_user	0002_customuser_project	2015-03-27 08:29:22.092486+01
53	custom_user	0003_merge	2015-03-27 08:29:22.263899+01
54	custom_user	0004_auto_20150326_1259	2015-03-27 08:29:22.4351+01
55	monitoring_product	0007_auto_20150323_1256	2015-03-27 08:29:22.608344+01
56	monitoring_product	0008_auto_20150323_1256	2015-03-27 08:29:22.781167+01
57	monitoring_product	0009_auto_20150324_1158	2015-03-27 08:29:22.952912+01
58	monitoring_product	0009_auto_20150323_1439	2015-03-27 08:29:23.151868+01
59	monitoring_product	0010_merge	2015-03-27 08:29:23.321911+01
60	sessions	0001_initial	2015-03-27 08:29:23.493795+01
61	sites	0001_initial	2015-03-27 08:29:23.667285+01
62	monitoring_product	0011_auto_20150402_0900	2015-04-02 08:00:26.152602+02
63	monitoring_product	0012_monitoringproduct_parent	2015-04-02 08:01:13.631909+02
64	custom_user	0005_auto_20150402_1056	2015-04-02 09:56:47.350967+02
65	custom_user	0005_auto_20150424_1132	2015-04-24 10:34:16.179113+02
66	monitoring_product	0013_auto_20150424_1132	2015-04-24 10:34:20.116434+02
\.


--
-- Name: django_migrations_id_seq; Type: SEQUENCE SET; Schema: public; Owner: stas
--

SELECT pg_catalog.setval('django_migrations_id_seq', 66, true);


--
-- Data for Name: django_session; Type: TABLE DATA; Schema: public; Owner: stas
--

COPY django_session (session_key, session_data, expire_date) FROM stdin;
hvt29y6qbet5cusise794c5sphxuuyls	YjNmNTI4YmU5NTExZTM3OWI4MTc0Y2IwMjgzY2Q4NzU0NjY1MTUyNzqAAn1xAVgKAAAAdGVzdGNvb2tpZXECWAYAAAB3b3JrZWRxA3Mu	2014-12-29 07:24:44.948885+01
kpvnrvno27fe9ygyqfakwozbing2mw2g	ZGJkZjJkYzE1ZWJlZjE3MWRjMzljNzllYjkwNjgzZDVmN2I3YzNhOTp7Il9hdXRoX3VzZXJfaGFzaCI6ImNmOWRhMGFhMmY0NWJmNzQxNzA2OTBlMGI4MDBlNGU2ZGRhZWM4ODMiLCJfYXV0aF91c2VyX2JhY2tlbmQiOiJkamFuZ28uY29udHJpYi5hdXRoLmJhY2tlbmRzLk1vZGVsQmFja2VuZCIsIl9hdXRoX3VzZXJfaWQiOjF9	2014-12-03 12:43:40.60939+01
55kw2jf5gkyz6q7smfmn62thgf620yxv	NTY4YTFmYjY2ZGRiNDhlMjEzNThmZWUyMzUzZDgyYjgzYzg0NzVjNDqAAn1xAShVEl9hdXRoX3VzZXJfYmFja2VuZHECVSlkamFuZ28uY29udHJpYi5hdXRoLmJhY2tlbmRzLk1vZGVsQmFja2VuZHEDVQ1fYXV0aF91c2VyX2lkcQRLAXUu	2014-12-04 12:37:03.218281+01
nuzx6gignmx93skf18stz0g6s12hazff	YjNmNTI4YmU5NTExZTM3OWI4MTc0Y2IwMjgzY2Q4NzU0NjY1MTUyNzqAAn1xAVgKAAAAdGVzdGNvb2tpZXECWAYAAAB3b3JrZWRxA3Mu	2014-12-04 12:37:40.403922+01
q71fp1a3yu42wq0afizfyb5zh1lhmb3u	YjNmNTI4YmU5NTExZTM3OWI4MTc0Y2IwMjgzY2Q4NzU0NjY1MTUyNzqAAn1xAVgKAAAAdGVzdGNvb2tpZXECWAYAAAB3b3JrZWRxA3Mu	2014-12-08 13:42:17.840167+01
86nes72yhtmh8m4hvhwbvji3d6uqu7o7	YjNmNTI4YmU5NTExZTM3OWI4MTc0Y2IwMjgzY2Q4NzU0NjY1MTUyNzqAAn1xAVgKAAAAdGVzdGNvb2tpZXECWAYAAAB3b3JrZWRxA3Mu	2014-12-08 13:46:50.072703+01
js2ofgki84r6a6cklhfkypll11il19bd	NTY4YTFmYjY2ZGRiNDhlMjEzNThmZWUyMzUzZDgyYjgzYzg0NzVjNDqAAn1xAShVEl9hdXRoX3VzZXJfYmFja2VuZHECVSlkamFuZ28uY29udHJpYi5hdXRoLmJhY2tlbmRzLk1vZGVsQmFja2VuZHEDVQ1fYXV0aF91c2VyX2lkcQRLAXUu	2014-12-29 09:12:28.985857+01
r5rvtcq6pjs9z2iwwi8aqrhpyhyjur1c	NTY4YTFmYjY2ZGRiNDhlMjEzNThmZWUyMzUzZDgyYjgzYzg0NzVjNDqAAn1xAShVEl9hdXRoX3VzZXJfYmFja2VuZHECVSlkamFuZ28uY29udHJpYi5hdXRoLmJhY2tlbmRzLk1vZGVsQmFja2VuZHEDVQ1fYXV0aF91c2VyX2lkcQRLAXUu	2014-12-29 16:10:26.075324+01
qrtksjch8kby65glh3irn3doy98x9doi	MzRkYmU1ZTQ5MmY3ZTgxNTMyZDBmOTg4OGIzY2VmNmNlNmE2MDJhNjp7fQ==	2014-12-24 08:56:50.519+01
p3omapusuyeyzrlnz78ea81kbwkzdp3z	ODRkNWQ2MDg1MDZlODE1OTc3M2U2MDRiNDBkYzYyNTQ3MWM0NzMwYjp7InRlc3QiOiJ5ZXMifQ==	2014-12-09 12:59:06.755+01
w6qbgbbca845f8dhab430plpg6njdb9e	MjhlNzMyMzA0NWJhMDU1ODdhYWUxOTEwOGNhNDc4MGI2OGZmOWNiYTqAAn1xAShYBAAAAHRlc3RxAlUDeWVzcQNVDV9hdXRoX3VzZXJfaWRLAVUSX2F1dGhfdXNlcl9iYWNrZW5kVSlkamFuZ28uY29udHJpYi5hdXRoLmJhY2tlbmRzLk1vZGVsQmFja2VuZHUu	2014-12-10 11:28:47.836165+01
lttcfbmtidt0ekg7z60zsvxbadqxuit5	MjhlNzMyMzA0NWJhMDU1ODdhYWUxOTEwOGNhNDc4MGI2OGZmOWNiYTqAAn1xAShYBAAAAHRlc3RxAlUDeWVzcQNVDV9hdXRoX3VzZXJfaWRLAVUSX2F1dGhfdXNlcl9iYWNrZW5kVSlkamFuZ28uY29udHJpYi5hdXRoLmJhY2tlbmRzLk1vZGVsQmFja2VuZHUu	2014-12-10 14:47:54.253724+01
854mck9lv4tnr5irtihg56fun506kodb	MTE2N2VmNmM3MTllNzk5NTdkNmVhMzg2ZGQ5NWIwNGEyODExYWE0YTqAAn1xAShYBAAAAHRlc3RVA3llc1gKAAAAdGVzdGNvb2tpZVgGAAAAd29ya2VkcQJ1Lg==	2014-12-16 11:29:37.704985+01
er5r21gevxm2t3tbchcxzxhra23uodqf	ZmYxODIwZDg2NWVhNDU4MWFiZGQwNzYzMDcwMDkxN2UzODdhYTUxZjp7fQ==	2014-12-15 20:21:58.585+01
r196qek36v9686sxnhatkwb4vw2x13dp	ZmYxODIwZDg2NWVhNDU4MWFiZGQwNzYzMDcwMDkxN2UzODdhYTUxZjp7fQ==	2014-12-15 20:23:57.527+01
ylplmnt3pkwbtzb8el11kzjvad7y3p32	ZmYxODIwZDg2NWVhNDU4MWFiZGQwNzYzMDcwMDkxN2UzODdhYTUxZjp7fQ==	2014-12-15 20:23:58.467+01
hsc2j7otyzg3wu1enb4x4tt7iqulv444	ZmYxODIwZDg2NWVhNDU4MWFiZGQwNzYzMDcwMDkxN2UzODdhYTUxZjp7fQ==	2014-12-15 20:24:00.175+01
deysbwe0rptje9rbjnsiv4dt58pc8v6v	ZmYxODIwZDg2NWVhNDU4MWFiZGQwNzYzMDcwMDkxN2UzODdhYTUxZjp7fQ==	2014-12-15 20:25:40.473+01
80sll27cuoy20taj4efezcf18dss5et3	ZmYxODIwZDg2NWVhNDU4MWFiZGQwNzYzMDcwMDkxN2UzODdhYTUxZjp7fQ==	2014-12-15 20:26:49.578+01
hgulswfqu0kouxl7j2ezopa40wrsobc2	ZmYxODIwZDg2NWVhNDU4MWFiZGQwNzYzMDcwMDkxN2UzODdhYTUxZjp7fQ==	2014-12-15 20:26:51.098+01
ytodxtguoyewkuspewwb32n16krw3ufc	ZmYxODIwZDg2NWVhNDU4MWFiZGQwNzYzMDcwMDkxN2UzODdhYTUxZjp7fQ==	2014-12-15 20:26:51.413+01
tqm5zbtupm34hup345em5f7uny8644ct	ZmYxODIwZDg2NWVhNDU4MWFiZGQwNzYzMDcwMDkxN2UzODdhYTUxZjp7fQ==	2014-12-15 20:26:52.625+01
vusatbdxg86wovc59t7z07kp5i03o4zv	ZmYxODIwZDg2NWVhNDU4MWFiZGQwNzYzMDcwMDkxN2UzODdhYTUxZjp7fQ==	2014-12-15 20:27:28.629+01
6rijkmtpup64ifj4bx24jm22zqolw35g	ZmYxODIwZDg2NWVhNDU4MWFiZGQwNzYzMDcwMDkxN2UzODdhYTUxZjp7fQ==	2014-12-15 20:27:29.173+01
5x0vgci8n4hopl9xpdoihn6gnlvy0mzt	ZmYxODIwZDg2NWVhNDU4MWFiZGQwNzYzMDcwMDkxN2UzODdhYTUxZjp7fQ==	2014-12-15 20:27:30.457+01
3bwv42gyzhpxu8vty22byajr3b55qhtt	MThhYzZhNzA0MjI1NDg3M2Y1NGZmNGY4ZTNmNWM5OGE0MDczMDAwNTqAAn1xAShYBAAAAHRlc3RxAlUDeWVzcQNYCgAAAHRlc3Rjb29raWVYBgAAAHdvcmtlZHUu	2014-12-18 10:26:29.293531+01
hoaj9gkdkxza9pget8f8qe70n7ovb2rv	YjNmNTI4YmU5NTExZTM3OWI4MTc0Y2IwMjgzY2Q4NzU0NjY1MTUyNzqAAn1xAVgKAAAAdGVzdGNvb2tpZXECWAYAAAB3b3JrZWRxA3Mu	2014-12-31 17:13:28.733715+01
4tao3pllaohqhb34h5lqhd68hu1fi8bp	YjNmNTI4YmU5NTExZTM3OWI4MTc0Y2IwMjgzY2Q4NzU0NjY1MTUyNzqAAn1xAVgKAAAAdGVzdGNvb2tpZXECWAYAAAB3b3JrZWRxA3Mu	2014-12-30 15:14:58.708126+01
2uq0vup2y85ph6m1a9d3cvylt6rudri2	ZGNhYWM4M2E3NmRjNWNmNzA2MWVlMWI5YWYyODcyMjhlNmMyYzA0YzqAAn1xAShYBAAAAHRlc3RVA3llc1USX2F1dGhfdXNlcl9iYWNrZW5kcQJVKWRqYW5nby5jb250cmliLmF1dGguYmFja2VuZHMuTW9kZWxCYWNrZW5kcQNVDV9hdXRoX3VzZXJfaWRxBEsBdS4=	2015-01-01 11:09:21.168735+01
2t1oubnya8f88qoqixu9qfs2feqp8cjt	YjNmNTI4YmU5NTExZTM3OWI4MTc0Y2IwMjgzY2Q4NzU0NjY1MTUyNzqAAn1xAVgKAAAAdGVzdGNvb2tpZXECWAYAAAB3b3JrZWRxA3Mu	2014-12-23 08:47:51.649566+01
hdrnn8j03cxrpcw4ydcj3by8sl9fn8ly	ODc0NjNmZWQyMDEzZGYyZDU2MjUxODllMjUxMDE3ZjY2MmZlMzNiZTp7Il9hdXRoX3VzZXJfaGFzaCI6ImQ0ZDJkYTczNThhNDc1NzZkNjk4MGUyMDA1NDc2NDM1OTc4MDdmMzIiLCJfYXV0aF91c2VyX2JhY2tlbmQiOiJjdXN0b21fdXNlci5hdXRoX2JhY2tlbmRzLkN1c3RvbVVzZXJNb2RlbEJhY2tlbmQiLCJfYXV0aF91c2VyX2lkIjoxMX0=	2014-12-24 08:58:37.722+01
japvz0ddv1t7ysku7rybd1m80difz7u2	YjNmNTI4YmU5NTExZTM3OWI4MTc0Y2IwMjgzY2Q4NzU0NjY1MTUyNzqAAn1xAVgKAAAAdGVzdGNvb2tpZXECWAYAAAB3b3JrZWRxA3Mu	2015-01-02 07:12:38.417896+01
5xz622kbo3qowxjil1k4sb7swzmzp3mr	NTY4YTFmYjY2ZGRiNDhlMjEzNThmZWUyMzUzZDgyYjgzYzg0NzVjNDqAAn1xAShVEl9hdXRoX3VzZXJfYmFja2VuZHECVSlkamFuZ28uY29udHJpYi5hdXRoLmJhY2tlbmRzLk1vZGVsQmFja2VuZHEDVQ1fYXV0aF91c2VyX2lkcQRLAXUu	2015-01-02 13:29:53.298877+01
a52vkjsk92nu1nj7v12fxn04pbg6z5ob	YjNmNTI4YmU5NTExZTM3OWI4MTc0Y2IwMjgzY2Q4NzU0NjY1MTUyNzqAAn1xAVgKAAAAdGVzdGNvb2tpZXECWAYAAAB3b3JrZWRxA3Mu	2015-01-05 07:11:12.066898+01
mnlp19ez1sm17wxlwnotwj068zuqr0mk	NzkxYmQ3YWI3YTlkNGM1MzY0OTM3ZjI1NDA5NjBkZWQzZmRmY2RlMDqAAn1xAShVEl9hdXRoX3VzZXJfYmFja2VuZHECVTBjdXN0b21fdXNlci5hdXRoX2JhY2tlbmRzLkN1c3RvbVVzZXJNb2RlbEJhY2tlbmRxA1UNX2F1dGhfdXNlcl9pZHEESwt1Lg==	2014-12-24 08:54:48.894591+01
hgxwncfz0dtk9hjpi0j7tth4dxheva3a	ZGJkZjJkYzE1ZWJlZjE3MWRjMzljNzllYjkwNjgzZDVmN2I3YzNhOTp7Il9hdXRoX3VzZXJfaGFzaCI6ImNmOWRhMGFhMmY0NWJmNzQxNzA2OTBlMGI4MDBlNGU2ZGRhZWM4ODMiLCJfYXV0aF91c2VyX2JhY2tlbmQiOiJkamFuZ28uY29udHJpYi5hdXRoLmJhY2tlbmRzLk1vZGVsQmFja2VuZCIsIl9hdXRoX3VzZXJfaWQiOjF9	2014-12-24 14:17:22.221+01
r7h4pn8iqtdovmmgv1amqotkb9kg8syt	YjNmNTI4YmU5NTExZTM3OWI4MTc0Y2IwMjgzY2Q4NzU0NjY1MTUyNzqAAn1xAVgKAAAAdGVzdGNvb2tpZXECWAYAAAB3b3JrZWRxA3Mu	2014-12-24 15:18:56.975438+01
bfltn5ey985m4nbwfs3vfcnmkxk3zssp	YjNmNTI4YmU5NTExZTM3OWI4MTc0Y2IwMjgzY2Q4NzU0NjY1MTUyNzqAAn1xAVgKAAAAdGVzdGNvb2tpZXECWAYAAAB3b3JrZWRxA3Mu	2014-12-25 15:25:38.680482+01
jaw1r7tk0tfmjt2o7wnub59h5gwggh0u	ZTA0OTM4ZjkzMmQzYzQyYjQ5MDAzNDAwZTM1OTVjMjM0OWQ5NjZhZDqAAn1xAS4=	2014-12-25 12:34:38.732851+01
1m61rrn6s9soxgsi8g0zayn8id7rdd26	ZTA0OTM4ZjkzMmQzYzQyYjQ5MDAzNDAwZTM1OTVjMjM0OWQ5NjZhZDqAAn1xAS4=	2014-12-25 12:34:51.240224+01
fmneg9su58ezeorloa1s185uvxln029m	MzRkYmU1ZTQ5MmY3ZTgxNTMyZDBmOTg4OGIzY2VmNmNlNmE2MDJhNjp7fQ==	2015-02-06 09:29:29.67951+01
51yloqq1lnrlrp5jg7nnytff6ke3p8cx	Njg4M2VhMWZlZjE4NWU3YTQ2MGU3MDQ0MWJiZmE3ZTBkZDA4MGYyOTp7Il9hdXRoX3VzZXJfaGFzaCI6IjFmNjYzNGMwM2U1MDhjZWM3MjE0MjQ4MjQwY2JkZWIxMTcyNmM0YjAiLCJfYXV0aF91c2VyX2JhY2tlbmQiOiJjdXN0b21fdXNlci5hdXRoX2JhY2tlbmRzLkN1c3RvbVVzZXJNb2RlbEJhY2tlbmQiLCJfYXV0aF91c2VyX2lkIjoxMn0=	2015-02-06 09:49:30.932+01
hjffi79su690qydbwr8a4vc5p3opjets	ZTAwYTY0OTllNjEwZWMxOTdiZGRjZWRhZmM1YWRjYTlmNDZiZGM3MTp7Il9hdXRoX3VzZXJfaGFzaCI6ImNmOWRhMGFhMmY0NWJmNzQxNzA2OTBlMGI4MDBlNGU2ZGRhZWM4ODMiLCJ0ZXN0Y29va2llIjoid29ya2VkIiwiX2F1dGhfdXNlcl9iYWNrZW5kIjoiZGphbmdvLmNvbnRyaWIuYXV0aC5iYWNrZW5kcy5Nb2RlbEJhY2tlbmQiLCJfYXV0aF91c2VyX2lkIjoxfQ==	2015-02-11 13:11:22.7253+01
mz7k6fqyvljla7o0a2hfso23ojiwyivj	OWY3MjZjZTYzMjU2MjVlYjViN2U4ZGY2MzUwNzdhY2NkMmMyMDhiZDp7Il9hdXRoX3VzZXJfaGFzaCI6IjYwOGIyNGFlZmMwMGYxNmUxMDFjOTEzNGQzYTJlNjFiMzNjMzE3ZjciLCJfYXV0aF91c2VyX2JhY2tlbmQiOiJjdXN0b21fdXNlci5hdXRoX2JhY2tlbmRzLkN1c3RvbVVzZXJNb2RlbEJhY2tlbmQiLCJfYXV0aF91c2VyX2lkIjoxM30=	2015-02-16 08:35:00.258586+01
r2ostu1ay48q78w97i6124y79npvx7nl	MDIzYmRjYTdjNzEzMGQ3ZDFkY2M4M2ZkNzA4ZWU4MjMxZmMxNDFlMTp7Il9hdXRoX3VzZXJfaGFzaCI6IjEyNzBlZTcyZDQ4ZjY4ZjE0YjEwMmM3YjAyMGRkOTc2OTk1N2E3ZmEiLCJfYXV0aF91c2VyX2JhY2tlbmQiOiJjdXN0b21fdXNlci5hdXRoX2JhY2tlbmRzLkN1c3RvbVVzZXJNb2RlbEJhY2tlbmQiLCJfYXV0aF91c2VyX2lkIjoxMn0=	2015-04-10 15:19:52.666854+02
oabv33upseoc8j1xqg6p2dkrr8phsqrn	MGQ5YTA2ODMzMjg3OTA1MjhjYjc0OTU2NTZkNDA4ZWEzMzcyNzI3Yjp7Il9hdXRoX3VzZXJfaGFzaCI6IjJmYTJhZTZjZDM4OWJkMWY4NjgzOTNiMTUwMDE5M2VjMjJiNjJmYTYiLCJfYXV0aF91c2VyX2JhY2tlbmQiOiJjdXN0b21fdXNlci5hdXRoX2JhY2tlbmRzLkN1c3RvbVVzZXJNb2RlbEJhY2tlbmQiLCJfYXV0aF91c2VyX2lkIjoxNn0=	2015-04-17 08:12:34.862248+02
rkohi8gdzstb2yz8k47por4jh6ia71ol	ZGJkZjJkYzE1ZWJlZjE3MWRjMzljNzllYjkwNjgzZDVmN2I3YzNhOTp7Il9hdXRoX3VzZXJfaGFzaCI6ImNmOWRhMGFhMmY0NWJmNzQxNzA2OTBlMGI4MDBlNGU2ZGRhZWM4ODMiLCJfYXV0aF91c2VyX2JhY2tlbmQiOiJkamFuZ28uY29udHJpYi5hdXRoLmJhY2tlbmRzLk1vZGVsQmFja2VuZCIsIl9hdXRoX3VzZXJfaWQiOjF9	2015-02-18 16:31:29.307625+01
emqh2h2hogwipjo3n92b8r46fpl6gk2t	OTZhZDYxZWQ0MTVlN2M4NTcwODgzNjlkNGQ3Y2UzNjM5Zjk2Zjc2Yjp7Il9hdXRoX3VzZXJfaGFzaCI6ImQzZjVhMTdmYmE1ZjIwZmY4NTBiZDhhOTI3NGU4ZjNlNjRiZWFjNzIiLCJfYXV0aF91c2VyX2JhY2tlbmQiOiJjdXN0b21fdXNlci5hdXRoX2JhY2tlbmRzLkN1c3RvbVVzZXJNb2RlbEJhY2tlbmQiLCJfYXV0aF91c2VyX2lkIjoxMn0=	2015-02-23 15:39:50.572135+01
d7luzgi40olfpfi4dry16zix1cd10x4t	OWY3MjZjZTYzMjU2MjVlYjViN2U4ZGY2MzUwNzdhY2NkMmMyMDhiZDp7Il9hdXRoX3VzZXJfaGFzaCI6IjYwOGIyNGFlZmMwMGYxNmUxMDFjOTEzNGQzYTJlNjFiMzNjMzE3ZjciLCJfYXV0aF91c2VyX2JhY2tlbmQiOiJjdXN0b21fdXNlci5hdXRoX2JhY2tlbmRzLkN1c3RvbVVzZXJNb2RlbEJhY2tlbmQiLCJfYXV0aF91c2VyX2lkIjoxM30=	2015-02-09 14:03:59.129117+01
9b45075ak0yevbt1ys76bhd498dbuvwo	ZGJkZjJkYzE1ZWJlZjE3MWRjMzljNzllYjkwNjgzZDVmN2I3YzNhOTp7Il9hdXRoX3VzZXJfaGFzaCI6ImNmOWRhMGFhMmY0NWJmNzQxNzA2OTBlMGI4MDBlNGU2ZGRhZWM4ODMiLCJfYXV0aF91c2VyX2JhY2tlbmQiOiJkamFuZ28uY29udHJpYi5hdXRoLmJhY2tlbmRzLk1vZGVsQmFja2VuZCIsIl9hdXRoX3VzZXJfaWQiOjF9	2015-03-19 11:04:58.480358+01
n3hnmcgv9bvyzke7h0lszqqzvyf07huq	ZTUxYTAxMzQwYWQyNjJlMjg3ZWY3NmIxMWM4N2UzMjg3NjNiMTE5YTp7Il9hdXRoX3VzZXJfaGFzaCI6ImMyZmRmZWFkYTcxNWY2NjRhZjVmZmI0NWRmNDMzNjk1NjNkNWE5ZTQiLCJfYXV0aF91c2VyX2JhY2tlbmQiOiJjdXN0b21fdXNlci5hdXRoX2JhY2tlbmRzLkN1c3RvbVVzZXJNb2RlbEJhY2tlbmQiLCJfYXV0aF91c2VyX2lkIjoxM30=	2015-03-13 14:03:27.059442+01
hzcmltpxms3gt2kngq3d7dzat8mi3ikq	ZTUxYTAxMzQwYWQyNjJlMjg3ZWY3NmIxMWM4N2UzMjg3NjNiMTE5YTp7Il9hdXRoX3VzZXJfaGFzaCI6ImMyZmRmZWFkYTcxNWY2NjRhZjVmZmI0NWRmNDMzNjk1NjNkNWE5ZTQiLCJfYXV0aF91c2VyX2JhY2tlbmQiOiJjdXN0b21fdXNlci5hdXRoX2JhY2tlbmRzLkN1c3RvbVVzZXJNb2RlbEJhY2tlbmQiLCJfYXV0aF91c2VyX2lkIjoxM30=	2015-03-02 10:30:27.955806+01
wt0ixoorjq8md8s2hzov935j7dqwlkbe	ZTUxYTAxMzQwYWQyNjJlMjg3ZWY3NmIxMWM4N2UzMjg3NjNiMTE5YTp7Il9hdXRoX3VzZXJfaGFzaCI6ImMyZmRmZWFkYTcxNWY2NjRhZjVmZmI0NWRmNDMzNjk1NjNkNWE5ZTQiLCJfYXV0aF91c2VyX2JhY2tlbmQiOiJjdXN0b21fdXNlci5hdXRoX2JhY2tlbmRzLkN1c3RvbVVzZXJNb2RlbEJhY2tlbmQiLCJfYXV0aF91c2VyX2lkIjoxM30=	2015-03-06 09:48:56.988753+01
i8rnjtuxkfidtt87mydsc2bj1p2re669	MzRkYmU1ZTQ5MmY3ZTgxNTMyZDBmOTg4OGIzY2VmNmNlNmE2MDJhNjp7fQ==	2015-03-17 09:03:27.714+01
yejbbf6m92uy0yxgymq0p0jwfgg9ryuw	ZGJkZjJkYzE1ZWJlZjE3MWRjMzljNzllYjkwNjgzZDVmN2I3YzNhOTp7Il9hdXRoX3VzZXJfaGFzaCI6ImNmOWRhMGFhMmY0NWJmNzQxNzA2OTBlMGI4MDBlNGU2ZGRhZWM4ODMiLCJfYXV0aF91c2VyX2JhY2tlbmQiOiJkamFuZ28uY29udHJpYi5hdXRoLmJhY2tlbmRzLk1vZGVsQmFja2VuZCIsIl9hdXRoX3VzZXJfaWQiOjF9	2015-03-19 13:40:33.658+01
zhpad535r4taxf0z0oxtwfvgc3sjhv51	MDNjNGE3ZjY2ZjE0M2IzZGE3ZTc3NDEyNjdkY2IzZmVhNjE3Yzc1ODp7Il9hdXRoX3VzZXJfaGFzaCI6IjQ2ZmMyNjc2ODg4M2I1N2M1NTUzOGMzOGFkMTI3MWJmM2E4NjVlMmYiLCJfYXV0aF91c2VyX2JhY2tlbmQiOiJjdXN0b21fdXNlci5hdXRoX2JhY2tlbmRzLkN1c3RvbVVzZXJNb2RlbEJhY2tlbmQiLCJfYXV0aF91c2VyX2lkIjoxMn0=	2015-04-17 14:41:52.867075+02
patj14glxczybyk7kmrbii4geb85asdp	ZTUxYTAxMzQwYWQyNjJlMjg3ZWY3NmIxMWM4N2UzMjg3NjNiMTE5YTp7Il9hdXRoX3VzZXJfaGFzaCI6ImMyZmRmZWFkYTcxNWY2NjRhZjVmZmI0NWRmNDMzNjk1NjNkNWE5ZTQiLCJfYXV0aF91c2VyX2JhY2tlbmQiOiJjdXN0b21fdXNlci5hdXRoX2JhY2tlbmRzLkN1c3RvbVVzZXJNb2RlbEJhY2tlbmQiLCJfYXV0aF91c2VyX2lkIjoxM30=	2015-03-20 13:12:27.513249+01
2vaybtnb4gz9wkgglv7hpl4nwxxcbel6	MDNjNGE3ZjY2ZjE0M2IzZGE3ZTc3NDEyNjdkY2IzZmVhNjE3Yzc1ODp7Il9hdXRoX3VzZXJfaGFzaCI6IjQ2ZmMyNjc2ODg4M2I1N2M1NTUzOGMzOGFkMTI3MWJmM2E4NjVlMmYiLCJfYXV0aF91c2VyX2JhY2tlbmQiOiJjdXN0b21fdXNlci5hdXRoX2JhY2tlbmRzLkN1c3RvbVVzZXJNb2RlbEJhY2tlbmQiLCJfYXV0aF91c2VyX2lkIjoxMn0=	2015-05-04 12:01:40.273616+02
jy8rs2ot2aaaxlu2ps64fcbt5kkqbw4k	ZGJkZjJkYzE1ZWJlZjE3MWRjMzljNzllYjkwNjgzZDVmN2I3YzNhOTp7Il9hdXRoX3VzZXJfaGFzaCI6ImNmOWRhMGFhMmY0NWJmNzQxNzA2OTBlMGI4MDBlNGU2ZGRhZWM4ODMiLCJfYXV0aF91c2VyX2JhY2tlbmQiOiJkamFuZ28uY29udHJpYi5hdXRoLmJhY2tlbmRzLk1vZGVsQmFja2VuZCIsIl9hdXRoX3VzZXJfaWQiOjF9	2015-03-24 09:09:31.527118+01
l2bw9k2jsam0js7xiwia65nqka1zso7l	MjU0ZTllMGRlYzhkYjYyOTBhNzQyNGQyN2U1ODM2M2Y5ZGUwMzkxNDp7Il9hdXRoX3VzZXJfYmFja2VuZCI6ImN1c3RvbV91c2VyLmF1dGhfYmFja2VuZHMuQ3VzdG9tVXNlck1vZGVsQmFja2VuZCIsIl9hdXRoX3VzZXJfaGFzaCI6ImQzZjVhMTdmYmE1ZjIwZmY4NTBiZDhhOTI3NGU4ZjNlNjRiZWFjNzIiLCJfYXV0aF91c2VyX2lkIjoxMiwiX21lc3NhZ2VzIjoiW1tcIl9fanNvbl9tZXNzYWdlXCIsMCwyNSxcIlN1Y2Nlc3NmdWxseSBkZWxldGVkIDEwMCBcXHUwNDFhXFx1MDQzMFxcdTA0NDJcXHUwNDM1XFx1MDQzM1xcdTA0M2VcXHUwNDQwXFx1MDQzOFxcdTA0MzggKFxcdTA0MWNcXHUwNDNlXFx1MDQzZFxcdTA0MzhcXHUwNDQyXFx1MDQzZVxcdTA0NDBcXHUwNDM4XFx1MDQzZFxcdTA0MzNcXHUwNDNlXFx1MDQzMlxcdTA0MzhcXHUwNDM5IFxcdTA0M2ZcXHUwNDQwXFx1MDQzZVxcdTA0MzRcXHUwNDQzXFx1MDQzYVxcdTA0NDIpLlwiXSxbXCJfX2pzb25fbWVzc2FnZVwiLDAsMjUsXCJTdWNjZXNzZnVsbHkgZGVsZXRlZCAzNCBcXHUwNDFhXFx1MDQzMFxcdTA0NDJcXHUwNDM1XFx1MDQzM1xcdTA0M2VcXHUwNDQwXFx1MDQzOFxcdTA0MzggKFxcdTA0MWNcXHUwNDNlXFx1MDQzZFxcdTA0MzhcXHUwNDQyXFx1MDQzZVxcdTA0NDBcXHUwNDM4XFx1MDQzZFxcdTA0MzNcXHUwNDNlXFx1MDQzMlxcdTA0MzhcXHUwNDM5IFxcdTA0M2ZcXHUwNDQwXFx1MDQzZVxcdTA0MzRcXHUwNDQzXFx1MDQzYVxcdTA0NDIpLlwiXV0ifQ==	2015-04-07 09:10:02.848564+02
thgqozfvioazx18privfi32tqjl758wn	ZWZhMWI2MGMzNWM1Y2RlYzllOGE1NTMzYmFlMTA2NmJjOWE0YzQ3Yjp7Il9hdXRoX3VzZXJfaGFzaCI6ImY4ODhlN2RhYjVlMTFlMTc2NjUyOWEwNWZkN2Y2ZmI2MWVmMTI2NzciLCJfYXV0aF91c2VyX2JhY2tlbmQiOiJjdXN0b21fdXNlci5hdXRoX2JhY2tlbmRzLkN1c3RvbVVzZXJNb2RlbEJhY2tlbmQiLCJfYXV0aF91c2VyX2lkIjoxMn0=	2015-04-09 15:21:34.33+02
08pc8cj3u0v3l7tq18hp9x5etwdgs36p	MzRkYmU1ZTQ5MmY3ZTgxNTMyZDBmOTg4OGIzY2VmNmNlNmE2MDJhNjp7fQ==	2015-02-06 09:49:38.485+01
hyikkxc3fvadr761x8b7xxcw9t6uqnoa	MDIzYmRjYTdjNzEzMGQ3ZDFkY2M4M2ZkNzA4ZWU4MjMxZmMxNDFlMTp7Il9hdXRoX3VzZXJfaGFzaCI6IjEyNzBlZTcyZDQ4ZjY4ZjE0YjEwMmM3YjAyMGRkOTc2OTk1N2E3ZmEiLCJfYXV0aF91c2VyX2JhY2tlbmQiOiJjdXN0b21fdXNlci5hdXRoX2JhY2tlbmRzLkN1c3RvbVVzZXJNb2RlbEJhY2tlbmQiLCJfYXV0aF91c2VyX2lkIjoxMn0=	2015-04-13 13:52:57.675024+02
ip1wx2cv2oapebkpqkcsuikniatqecc8	ZTUxYTAxMzQwYWQyNjJlMjg3ZWY3NmIxMWM4N2UzMjg3NjNiMTE5YTp7Il9hdXRoX3VzZXJfaGFzaCI6ImMyZmRmZWFkYTcxNWY2NjRhZjVmZmI0NWRmNDMzNjk1NjNkNWE5ZTQiLCJfYXV0aF91c2VyX2JhY2tlbmQiOiJjdXN0b21fdXNlci5hdXRoX2JhY2tlbmRzLkN1c3RvbVVzZXJNb2RlbEJhY2tlbmQiLCJfYXV0aF91c2VyX2lkIjoxM30=	2015-03-12 12:51:26.360257+01
k4ybxf10oy17az8avntjhoo04cdar6ja	MDNjNGE3ZjY2ZjE0M2IzZGE3ZTc3NDEyNjdkY2IzZmVhNjE3Yzc1ODp7Il9hdXRoX3VzZXJfaGFzaCI6IjQ2ZmMyNjc2ODg4M2I1N2M1NTUzOGMzOGFkMTI3MWJmM2E4NjVlMmYiLCJfYXV0aF91c2VyX2JhY2tlbmQiOiJjdXN0b21fdXNlci5hdXRoX2JhY2tlbmRzLkN1c3RvbVVzZXJNb2RlbEJhY2tlbmQiLCJfYXV0aF91c2VyX2lkIjoxMn0=	2015-04-17 14:46:58.349679+02
op9k7swx0awzs9zby45qeke7u1p4n2af	ZGJkZjJkYzE1ZWJlZjE3MWRjMzljNzllYjkwNjgzZDVmN2I3YzNhOTp7Il9hdXRoX3VzZXJfaGFzaCI6ImNmOWRhMGFhMmY0NWJmNzQxNzA2OTBlMGI4MDBlNGU2ZGRhZWM4ODMiLCJfYXV0aF91c2VyX2JhY2tlbmQiOiJkamFuZ28uY29udHJpYi5hdXRoLmJhY2tlbmRzLk1vZGVsQmFja2VuZCIsIl9hdXRoX3VzZXJfaWQiOjF9	2015-02-24 14:32:38.777494+01
oiy5b9jiipw983jb3pztt6oz1n6laurv	OTZhZDYxZWQ0MTVlN2M4NTcwODgzNjlkNGQ3Y2UzNjM5Zjk2Zjc2Yjp7Il9hdXRoX3VzZXJfaGFzaCI6ImQzZjVhMTdmYmE1ZjIwZmY4NTBiZDhhOTI3NGU4ZjNlNjRiZWFjNzIiLCJfYXV0aF91c2VyX2JhY2tlbmQiOiJjdXN0b21fdXNlci5hdXRoX2JhY2tlbmRzLkN1c3RvbVVzZXJNb2RlbEJhY2tlbmQiLCJfYXV0aF91c2VyX2lkIjoxMn0=	2015-02-27 14:14:59.623+01
yg2v0pzoq9l10dfkzuz0izktykxx62ek	ZTUxYTAxMzQwYWQyNjJlMjg3ZWY3NmIxMWM4N2UzMjg3NjNiMTE5YTp7Il9hdXRoX3VzZXJfaGFzaCI6ImMyZmRmZWFkYTcxNWY2NjRhZjVmZmI0NWRmNDMzNjk1NjNkNWE5ZTQiLCJfYXV0aF91c2VyX2JhY2tlbmQiOiJjdXN0b21fdXNlci5hdXRoX2JhY2tlbmRzLkN1c3RvbVVzZXJNb2RlbEJhY2tlbmQiLCJfYXV0aF91c2VyX2lkIjoxM30=	2015-03-02 10:55:22.035371+01
lga0958y1xb6k31teqkwpo9xq00hpkqn	MzRkYmU1ZTQ5MmY3ZTgxNTMyZDBmOTg4OGIzY2VmNmNlNmE2MDJhNjp7fQ==	2015-03-06 12:16:55.247784+01
5fnse054enr00nxtunz58h29cgewfb73	MzRkYmU1ZTQ5MmY3ZTgxNTMyZDBmOTg4OGIzY2VmNmNlNmE2MDJhNjp7fQ==	2015-03-20 13:12:08.101562+01
bc4xdkoatviur940gdpzqktb8a8blxp8	MDNjNGE3ZjY2ZjE0M2IzZGE3ZTc3NDEyNjdkY2IzZmVhNjE3Yzc1ODp7Il9hdXRoX3VzZXJfaGFzaCI6IjQ2ZmMyNjc2ODg4M2I1N2M1NTUzOGMzOGFkMTI3MWJmM2E4NjVlMmYiLCJfYXV0aF91c2VyX2JhY2tlbmQiOiJjdXN0b21fdXNlci5hdXRoX2JhY2tlbmRzLkN1c3RvbVVzZXJNb2RlbEJhY2tlbmQiLCJfYXV0aF91c2VyX2lkIjoxMn0=	2015-05-05 11:48:30.84278+02
wl8dc73yvs77lhtcvfwrtyj3b9mlwc3v	ZGJkZjJkYzE1ZWJlZjE3MWRjMzljNzllYjkwNjgzZDVmN2I3YzNhOTp7Il9hdXRoX3VzZXJfaGFzaCI6ImNmOWRhMGFhMmY0NWJmNzQxNzA2OTBlMGI4MDBlNGU2ZGRhZWM4ODMiLCJfYXV0aF91c2VyX2JhY2tlbmQiOiJkamFuZ28uY29udHJpYi5hdXRoLmJhY2tlbmRzLk1vZGVsQmFja2VuZCIsIl9hdXRoX3VzZXJfaWQiOjF9	2015-03-17 14:55:15.177143+01
br9qomvm7th5o393ettsvy72ucgm3zlg	ZGJkZjJkYzE1ZWJlZjE3MWRjMzljNzllYjkwNjgzZDVmN2I3YzNhOTp7Il9hdXRoX3VzZXJfaGFzaCI6ImNmOWRhMGFhMmY0NWJmNzQxNzA2OTBlMGI4MDBlNGU2ZGRhZWM4ODMiLCJfYXV0aF91c2VyX2JhY2tlbmQiOiJkamFuZ28uY29udHJpYi5hdXRoLmJhY2tlbmRzLk1vZGVsQmFja2VuZCIsIl9hdXRoX3VzZXJfaWQiOjF9	2015-03-24 14:57:54.0705+01
daux9smastlwx7r2x7j3nsjl8qm8lyby	ZGJkZjJkYzE1ZWJlZjE3MWRjMzljNzllYjkwNjgzZDVmN2I3YzNhOTp7Il9hdXRoX3VzZXJfaGFzaCI6ImNmOWRhMGFhMmY0NWJmNzQxNzA2OTBlMGI4MDBlNGU2ZGRhZWM4ODMiLCJfYXV0aF91c2VyX2JhY2tlbmQiOiJkamFuZ28uY29udHJpYi5hdXRoLmJhY2tlbmRzLk1vZGVsQmFja2VuZCIsIl9hdXRoX3VzZXJfaWQiOjF9	2015-03-18 12:56:31.502729+01
7xybe0f7xy0h6v9h1j4wc4ir6kvc8nph	ZGJkZjJkYzE1ZWJlZjE3MWRjMzljNzllYjkwNjgzZDVmN2I3YzNhOTp7Il9hdXRoX3VzZXJfaGFzaCI6ImNmOWRhMGFhMmY0NWJmNzQxNzA2OTBlMGI4MDBlNGU2ZGRhZWM4ODMiLCJfYXV0aF91c2VyX2JhY2tlbmQiOiJkamFuZ28uY29udHJpYi5hdXRoLmJhY2tlbmRzLk1vZGVsQmFja2VuZCIsIl9hdXRoX3VzZXJfaWQiOjF9	2015-03-27 00:10:00.197783+01
j1wtev9g388c5spv83q1kqac6lppqvkc	OTdmYThhMGU2ZjIzNDhiNjM4Yjg3MTU2ZWRiODdiNmYwNWJmNWEyNzp7Il9hdXRoX3VzZXJfaGFzaCI6IjliNTA1NjI3NDQ4MzE5NjIyZDUyN2IyMmZkOTJhZTBkODkzMDRjNDAiLCJfYXV0aF91c2VyX2JhY2tlbmQiOiJjdXN0b21fdXNlci5hdXRoX2JhY2tlbmRzLkN1c3RvbVVzZXJNb2RlbEJhY2tlbmQiLCJfYXV0aF91c2VyX2lkIjoxMn0=	2015-05-08 09:03:04.281187+02
t3ti9whvg8yjuc490bevt7fpqnx8pqbh	MzRkYmU1ZTQ5MmY3ZTgxNTMyZDBmOTg4OGIzY2VmNmNlNmE2MDJhNjp7fQ==	2015-04-02 15:15:16.121255+02
bcfjid1tv626oqfsl9r7wlgcz2ky1jc4	ZjQ5MDY4OGRiYmVhNDA1YjRjYzBmZGIyMjg0YzEwODkzYzM0NWNiNzp7Il9hdXRoX3VzZXJfaGFzaCI6IjA0Yjg5NDFhZGVjN2IzOTQwMDFiNWZjOGM3MThkMzZjNTVhYTg5MzUiLCJfYXV0aF91c2VyX2JhY2tlbmQiOiJjdXN0b21fdXNlci5hdXRoX2JhY2tlbmRzLkN1c3RvbVVzZXJNb2RlbEJhY2tlbmQiLCJfYXV0aF91c2VyX2lkIjoxMn0=	2015-04-05 14:58:19.209615+02
wzss9uji5ty80ceebf45lw7fx02e8a4q	ZGJkZjJkYzE1ZWJlZjE3MWRjMzljNzllYjkwNjgzZDVmN2I3YzNhOTp7Il9hdXRoX3VzZXJfaGFzaCI6ImNmOWRhMGFhMmY0NWJmNzQxNzA2OTBlMGI4MDBlNGU2ZGRhZWM4ODMiLCJfYXV0aF91c2VyX2JhY2tlbmQiOiJkamFuZ28uY29udHJpYi5hdXRoLmJhY2tlbmRzLk1vZGVsQmFja2VuZCIsIl9hdXRoX3VzZXJfaWQiOjF9	2015-04-06 15:34:47.196984+02
2mkct1wia1d2sd6pcurrbkw8tlw86bdv	ZGJkZjJkYzE1ZWJlZjE3MWRjMzljNzllYjkwNjgzZDVmN2I3YzNhOTp7Il9hdXRoX3VzZXJfaGFzaCI6ImNmOWRhMGFhMmY0NWJmNzQxNzA2OTBlMGI4MDBlNGU2ZGRhZWM4ODMiLCJfYXV0aF91c2VyX2JhY2tlbmQiOiJkamFuZ28uY29udHJpYi5hdXRoLmJhY2tlbmRzLk1vZGVsQmFja2VuZCIsIl9hdXRoX3VzZXJfaWQiOjF9	2015-02-12 12:18:43.331707+01
csk4ke1y10f5b9a5lhpago339v9wzzqh	Njg4M2VhMWZlZjE4NWU3YTQ2MGU3MDQ0MWJiZmE3ZTBkZDA4MGYyOTp7Il9hdXRoX3VzZXJfaGFzaCI6IjFmNjYzNGMwM2U1MDhjZWM3MjE0MjQ4MjQwY2JkZWIxMTcyNmM0YjAiLCJfYXV0aF91c2VyX2JhY2tlbmQiOiJjdXN0b21fdXNlci5hdXRoX2JhY2tlbmRzLkN1c3RvbVVzZXJNb2RlbEJhY2tlbmQiLCJfYXV0aF91c2VyX2lkIjoxMn0=	2015-02-06 10:00:48.404+01
d9vezrkdnqnkludpjqsjj4co0jze2ugs	MzRkYmU1ZTQ5MmY3ZTgxNTMyZDBmOTg4OGIzY2VmNmNlNmE2MDJhNjp7fQ==	2015-02-16 10:27:37.273885+01
0v7gbh81fcokhg777k5vsorrog8oc6yl	MDNjNGE3ZjY2ZjE0M2IzZGE3ZTc3NDEyNjdkY2IzZmVhNjE3Yzc1ODp7Il9hdXRoX3VzZXJfaGFzaCI6IjQ2ZmMyNjc2ODg4M2I1N2M1NTUzOGMzOGFkMTI3MWJmM2E4NjVlMmYiLCJfYXV0aF91c2VyX2JhY2tlbmQiOiJjdXN0b21fdXNlci5hdXRoX2JhY2tlbmRzLkN1c3RvbVVzZXJNb2RlbEJhY2tlbmQiLCJfYXV0aF91c2VyX2lkIjoxMn0=	2015-04-15 15:03:05.199759+02
zjwgj9zsht35mw7riirf5awh2t9c83qp	ZGJkZjJkYzE1ZWJlZjE3MWRjMzljNzllYjkwNjgzZDVmN2I3YzNhOTp7Il9hdXRoX3VzZXJfaGFzaCI6ImNmOWRhMGFhMmY0NWJmNzQxNzA2OTBlMGI4MDBlNGU2ZGRhZWM4ODMiLCJfYXV0aF91c2VyX2JhY2tlbmQiOiJkamFuZ28uY29udHJpYi5hdXRoLmJhY2tlbmRzLk1vZGVsQmFja2VuZCIsIl9hdXRoX3VzZXJfaWQiOjF9	2015-03-19 09:21:06.130584+01
7k4uowr7y1sepxcslwkr69bgayyl5zr1	OTZhZDYxZWQ0MTVlN2M4NTcwODgzNjlkNGQ3Y2UzNjM5Zjk2Zjc2Yjp7Il9hdXRoX3VzZXJfaGFzaCI6ImQzZjVhMTdmYmE1ZjIwZmY4NTBiZDhhOTI3NGU4ZjNlNjRiZWFjNzIiLCJfYXV0aF91c2VyX2JhY2tlbmQiOiJjdXN0b21fdXNlci5hdXRoX2JhY2tlbmRzLkN1c3RvbVVzZXJNb2RlbEJhY2tlbmQiLCJfYXV0aF91c2VyX2lkIjoxMn0=	2015-02-19 14:20:12.564+01
w5qfwf64usrqfxw3stf2qmtr2v2dd9ko	MDNjNGE3ZjY2ZjE0M2IzZGE3ZTc3NDEyNjdkY2IzZmVhNjE3Yzc1ODp7Il9hdXRoX3VzZXJfaGFzaCI6IjQ2ZmMyNjc2ODg4M2I1N2M1NTUzOGMzOGFkMTI3MWJmM2E4NjVlMmYiLCJfYXV0aF91c2VyX2JhY2tlbmQiOiJjdXN0b21fdXNlci5hdXRoX2JhY2tlbmRzLkN1c3RvbVVzZXJNb2RlbEJhY2tlbmQiLCJfYXV0aF91c2VyX2lkIjoxMn0=	2015-04-17 10:45:09.325829+02
qarba5ezrxjeg0u2t33jia416sicdc2h	OWY3MjZjZTYzMjU2MjVlYjViN2U4ZGY2MzUwNzdhY2NkMmMyMDhiZDp7Il9hdXRoX3VzZXJfaGFzaCI6IjYwOGIyNGFlZmMwMGYxNmUxMDFjOTEzNGQzYTJlNjFiMzNjMzE3ZjciLCJfYXV0aF91c2VyX2JhY2tlbmQiOiJjdXN0b21fdXNlci5hdXRoX2JhY2tlbmRzLkN1c3RvbVVzZXJNb2RlbEJhY2tlbmQiLCJfYXV0aF91c2VyX2lkIjoxM30=	2015-02-10 09:36:18.418+01
gzky2jv1f1oizclsmpjpzke1ds7jbwvq	NTk0ZWFkODdmMzVmNTliMzBiNDI5ZDEwYjljYWNkNDM4NjFkMmZmNTp7Il9hdXRoX3VzZXJfaGFzaCI6IjVhMmJkNDE4Y2JkZGM1ZDgzN2RiNjM4ZGFlNWFmNjg5ZTVmMjI2NDUiLCJfYXV0aF91c2VyX2JhY2tlbmQiOiJjdXN0b21fdXNlci5hdXRoX2JhY2tlbmRzLkN1c3RvbVVzZXJNb2RlbEJhY2tlbmQiLCJfYXV0aF91c2VyX2lkIjoxMn0=	2015-02-11 11:50:08.241882+01
nwfec7mwk26zunp5njhcweg2mzuundvn	ZTUxYTAxMzQwYWQyNjJlMjg3ZWY3NmIxMWM4N2UzMjg3NjNiMTE5YTp7Il9hdXRoX3VzZXJfaGFzaCI6ImMyZmRmZWFkYTcxNWY2NjRhZjVmZmI0NWRmNDMzNjk1NjNkNWE5ZTQiLCJfYXV0aF91c2VyX2JhY2tlbmQiOiJjdXN0b21fdXNlci5hdXRoX2JhY2tlbmRzLkN1c3RvbVVzZXJNb2RlbEJhY2tlbmQiLCJfYXV0aF91c2VyX2lkIjoxM30=	2015-03-13 10:12:37.571503+01
ah2a3lueb7fgmj7jutgjzic5teketmzi	MzRkYmU1ZTQ5MmY3ZTgxNTMyZDBmOTg4OGIzY2VmNmNlNmE2MDJhNjp7fQ==	2015-03-06 08:18:50.551+01
r2azm4ciqzomqc1mgezbsscv2z84mjue	MzRkYmU1ZTQ5MmY3ZTgxNTMyZDBmOTg4OGIzY2VmNmNlNmE2MDJhNjp7fQ==	2015-03-20 13:12:08.106598+01
kkakthf8e8tyswozpyllwq20xbps24cp	OTZhZDYxZWQ0MTVlN2M4NTcwODgzNjlkNGQ3Y2UzNjM5Zjk2Zjc2Yjp7Il9hdXRoX3VzZXJfaGFzaCI6ImQzZjVhMTdmYmE1ZjIwZmY4NTBiZDhhOTI3NGU4ZjNlNjRiZWFjNzIiLCJfYXV0aF91c2VyX2JhY2tlbmQiOiJjdXN0b21fdXNlci5hdXRoX2JhY2tlbmRzLkN1c3RvbVVzZXJNb2RlbEJhY2tlbmQiLCJfYXV0aF91c2VyX2lkIjoxMn0=	2015-03-17 09:03:38.67+01
qr7ksgnliez023jq90kwloiiiclzseix	OTdmYThhMGU2ZjIzNDhiNjM4Yjg3MTU2ZWRiODdiNmYwNWJmNWEyNzp7Il9hdXRoX3VzZXJfaGFzaCI6IjliNTA1NjI3NDQ4MzE5NjIyZDUyN2IyMmZkOTJhZTBkODkzMDRjNDAiLCJfYXV0aF91c2VyX2JhY2tlbmQiOiJjdXN0b21fdXNlci5hdXRoX2JhY2tlbmRzLkN1c3RvbVVzZXJNb2RlbEJhY2tlbmQiLCJfYXV0aF91c2VyX2lkIjoxMn0=	2015-05-08 09:03:05.343667+02
5kl0rji37reqcx3nhgtwr9wsrcurelhj	ZGJkZjJkYzE1ZWJlZjE3MWRjMzljNzllYjkwNjgzZDVmN2I3YzNhOTp7Il9hdXRoX3VzZXJfaGFzaCI6ImNmOWRhMGFhMmY0NWJmNzQxNzA2OTBlMGI4MDBlNGU2ZGRhZWM4ODMiLCJfYXV0aF91c2VyX2JhY2tlbmQiOiJkamFuZ28uY29udHJpYi5hdXRoLmJhY2tlbmRzLk1vZGVsQmFja2VuZCIsIl9hdXRoX3VzZXJfaWQiOjF9	2015-03-18 13:00:47.55381+01
rtcl41ip7pp4wwh7soz2m6b6246xspae	NDJkNjAwNjNhNzI5OGFmZmFlYWE1OGIyYzE3OWM2NmExNzU1OWVmYzp7Il9hdXRoX3VzZXJfaGFzaCI6ImY4ZDVjNTRmYmE1Y2U5NTU3NGUwNDJlZTViZWZlOWIzODRlY2ZkM2IiLCJfYXV0aF91c2VyX2JhY2tlbmQiOiJjdXN0b21fdXNlci5hdXRoX2JhY2tlbmRzLkN1c3RvbVVzZXJNb2RlbEJhY2tlbmQiLCJfYXV0aF91c2VyX2lkIjoxMn0=	2015-04-02 15:16:46.719283+02
cd6pp4za6rz8ik5i9ns47q55bkdve09r	OTZhZDYxZWQ0MTVlN2M4NTcwODgzNjlkNGQ3Y2UzNjM5Zjk2Zjc2Yjp7Il9hdXRoX3VzZXJfaGFzaCI6ImQzZjVhMTdmYmE1ZjIwZmY4NTBiZDhhOTI3NGU4ZjNlNjRiZWFjNzIiLCJfYXV0aF91c2VyX2JhY2tlbmQiOiJjdXN0b21fdXNlci5hdXRoX2JhY2tlbmRzLkN1c3RvbVVzZXJNb2RlbEJhY2tlbmQiLCJfYXV0aF91c2VyX2lkIjoxMn0=	2015-03-24 11:57:15.41+01
fu4jq9bmabpblrmrra2gedkov4adhiss	MDNjNGE3ZjY2ZjE0M2IzZGE3ZTc3NDEyNjdkY2IzZmVhNjE3Yzc1ODp7Il9hdXRoX3VzZXJfaGFzaCI6IjQ2ZmMyNjc2ODg4M2I1N2M1NTUzOGMzOGFkMTI3MWJmM2E4NjVlMmYiLCJfYXV0aF91c2VyX2JhY2tlbmQiOiJjdXN0b21fdXNlci5hdXRoX2JhY2tlbmRzLkN1c3RvbVVzZXJNb2RlbEJhY2tlbmQiLCJfYXV0aF91c2VyX2lkIjoxMn0=	2015-05-01 12:45:33.222308+02
p44sh6f59yhnft9ltbpcqupris38zfn5	MDNjNGE3ZjY2ZjE0M2IzZGE3ZTc3NDEyNjdkY2IzZmVhNjE3Yzc1ODp7Il9hdXRoX3VzZXJfaGFzaCI6IjQ2ZmMyNjc2ODg4M2I1N2M1NTUzOGMzOGFkMTI3MWJmM2E4NjVlMmYiLCJfYXV0aF91c2VyX2JhY2tlbmQiOiJjdXN0b21fdXNlci5hdXRoX2JhY2tlbmRzLkN1c3RvbVVzZXJNb2RlbEJhY2tlbmQiLCJfYXV0aF91c2VyX2lkIjoxMn0=	2015-05-06 08:37:09.191458+02
zfrcd5okq9ovfxx8ova8fr9li6v7szpz	ZTRmMjUxZTBiOGQ5OGM5MTE1ZTQ2YTRlMjhkNWZhYzdhZWI5NzE2Yzp7Il9hdXRoX3VzZXJfaGFzaCI6ImQzZjVhMTdmYmE1ZjIwZmY4NTBiZDhhOTI3NGU4ZjNlNjRiZWFjNzIiLCJfYXV0aF91c2VyX2lkIjoxMiwiX2F1dGhfdXNlcl9iYWNrZW5kIjoiY3VzdG9tX3VzZXIuYXV0aF9iYWNrZW5kcy5DdXN0b21Vc2VyTW9kZWxCYWNrZW5kIn0=	2015-03-27 09:17:12.806603+01
xzl4h2dslrjgkhbip8egp97q8duhnfws	MjllMWMxNGUxYWM2MjYwNDg2NjJjZTg3YzNiN2MxYmViNjA2MWEzZjp7Il9hdXRoX3VzZXJfaGFzaCI6IjEyNzBlZTcyZDQ4ZjY4ZjE0YjEwMmM3YjAyMGRkOTc2OTk1N2E3ZmEiLCJfYXV0aF91c2VyX2lkIjoxMiwiX2F1dGhfdXNlcl9iYWNrZW5kIjoiY3VzdG9tX3VzZXIuYXV0aF9iYWNrZW5kcy5DdXN0b21Vc2VyTW9kZWxCYWNrZW5kIn0=	2015-04-10 10:23:25.077408+02
wjtqctbgasaerhz95gbu1xzs9l7xbxuf	MzRkYmU1ZTQ5MmY3ZTgxNTMyZDBmOTg4OGIzY2VmNmNlNmE2MDJhNjp7fQ==	2015-02-06 09:50:29.181+01
ehzrsh08tq8ellpwwio8u7v22iogcpk9	ZGJkZjJkYzE1ZWJlZjE3MWRjMzljNzllYjkwNjgzZDVmN2I3YzNhOTp7Il9hdXRoX3VzZXJfaGFzaCI6ImNmOWRhMGFhMmY0NWJmNzQxNzA2OTBlMGI4MDBlNGU2ZGRhZWM4ODMiLCJfYXV0aF91c2VyX2JhY2tlbmQiOiJkamFuZ28uY29udHJpYi5hdXRoLmJhY2tlbmRzLk1vZGVsQmFja2VuZCIsIl9hdXRoX3VzZXJfaWQiOjF9	2015-02-12 14:43:30.862924+01
hpcx1yp34zz7aczpr9tqcuwyivuq6lmc	ZTUxYTAxMzQwYWQyNjJlMjg3ZWY3NmIxMWM4N2UzMjg3NjNiMTE5YTp7Il9hdXRoX3VzZXJfaGFzaCI6ImMyZmRmZWFkYTcxNWY2NjRhZjVmZmI0NWRmNDMzNjk1NjNkNWE5ZTQiLCJfYXV0aF91c2VyX2JhY2tlbmQiOiJjdXN0b21fdXNlci5hdXRoX2JhY2tlbmRzLkN1c3RvbVVzZXJNb2RlbEJhY2tlbmQiLCJfYXV0aF91c2VyX2lkIjoxM30=	2015-02-16 10:27:45.022697+01
pvyuypnkvp15j4im5evv3qey446v62qw	OWY3MjZjZTYzMjU2MjVlYjViN2U4ZGY2MzUwNzdhY2NkMmMyMDhiZDp7Il9hdXRoX3VzZXJfaGFzaCI6IjYwOGIyNGFlZmMwMGYxNmUxMDFjOTEzNGQzYTJlNjFiMzNjMzE3ZjciLCJfYXV0aF91c2VyX2JhY2tlbmQiOiJjdXN0b21fdXNlci5hdXRoX2JhY2tlbmRzLkN1c3RvbVVzZXJNb2RlbEJhY2tlbmQiLCJfYXV0aF91c2VyX2lkIjoxM30=	2015-02-09 08:45:58.749257+01
ytp7u8p074kfghopwephnumbe9car5cx	MzRkYmU1ZTQ5MmY3ZTgxNTMyZDBmOTg4OGIzY2VmNmNlNmE2MDJhNjp7fQ==	2015-02-09 13:25:19.87889+01
fipv3lm7tdqtkw1mje94hltmnyhch939	ZGJkZjJkYzE1ZWJlZjE3MWRjMzljNzllYjkwNjgzZDVmN2I3YzNhOTp7Il9hdXRoX3VzZXJfaGFzaCI6ImNmOWRhMGFhMmY0NWJmNzQxNzA2OTBlMGI4MDBlNGU2ZGRhZWM4ODMiLCJfYXV0aF91c2VyX2JhY2tlbmQiOiJkamFuZ28uY29udHJpYi5hdXRoLmJhY2tlbmRzLk1vZGVsQmFja2VuZCIsIl9hdXRoX3VzZXJfaWQiOjF9	2015-03-19 10:10:14.94054+01
rptfubzppuvom36kl8kg0zr62b7ywai9	ZGJkZjJkYzE1ZWJlZjE3MWRjMzljNzllYjkwNjgzZDVmN2I3YzNhOTp7Il9hdXRoX3VzZXJfaGFzaCI6ImNmOWRhMGFhMmY0NWJmNzQxNzA2OTBlMGI4MDBlNGU2ZGRhZWM4ODMiLCJfYXV0aF91c2VyX2JhY2tlbmQiOiJkamFuZ28uY29udHJpYi5hdXRoLmJhY2tlbmRzLk1vZGVsQmFja2VuZCIsIl9hdXRoX3VzZXJfaWQiOjF9	2015-02-10 11:03:15.133772+01
e6fm9bp3ra7ctz2rt728snz6n52uadam	MDNjNGE3ZjY2ZjE0M2IzZGE3ZTc3NDEyNjdkY2IzZmVhNjE3Yzc1ODp7Il9hdXRoX3VzZXJfaGFzaCI6IjQ2ZmMyNjc2ODg4M2I1N2M1NTUzOGMzOGFkMTI3MWJmM2E4NjVlMmYiLCJfYXV0aF91c2VyX2JhY2tlbmQiOiJjdXN0b21fdXNlci5hdXRoX2JhY2tlbmRzLkN1c3RvbVVzZXJNb2RlbEJhY2tlbmQiLCJfYXV0aF91c2VyX2lkIjoxMn0=	2015-04-15 15:05:41.768533+02
8exaa6fzmvvg1sm9ntt91jtwz0l8u1rg	ZTUxYTAxMzQwYWQyNjJlMjg3ZWY3NmIxMWM4N2UzMjg3NjNiMTE5YTp7Il9hdXRoX3VzZXJfaGFzaCI6ImMyZmRmZWFkYTcxNWY2NjRhZjVmZmI0NWRmNDMzNjk1NjNkNWE5ZTQiLCJfYXV0aF91c2VyX2JhY2tlbmQiOiJjdXN0b21fdXNlci5hdXRoX2JhY2tlbmRzLkN1c3RvbVVzZXJNb2RlbEJhY2tlbmQiLCJfYXV0aF91c2VyX2lkIjoxM30=	2015-03-13 10:12:42.203309+01
3yqmbfkh6w1chnn1dvvgteoxtptfashb	NjdiZWQyNmE1NjVjMDBhMTAwMmI5MzYwNTM5Y2Y3NjMyMDk0NTJjYTp7Il9hdXRoX3VzZXJfYmFja2VuZCI6ImN1c3RvbV91c2VyLmF1dGhfYmFja2VuZHMuQ3VzdG9tVXNlck1vZGVsQmFja2VuZCIsIl9hdXRoX3VzZXJfaWQiOjEyfQ==	2015-05-06 09:54:22.045+02
z2aupv8s1l8rjj1xqc19jzsyssq5xkci	OTZhZDYxZWQ0MTVlN2M4NTcwODgzNjlkNGQ3Y2UzNjM5Zjk2Zjc2Yjp7Il9hdXRoX3VzZXJfaGFzaCI6ImQzZjVhMTdmYmE1ZjIwZmY4NTBiZDhhOTI3NGU4ZjNlNjRiZWFjNzIiLCJfYXV0aF91c2VyX2JhY2tlbmQiOiJjdXN0b21fdXNlci5hdXRoX2JhY2tlbmRzLkN1c3RvbVVzZXJNb2RlbEJhY2tlbmQiLCJfYXV0aF91c2VyX2lkIjoxMn0=	2015-02-27 14:51:52.648+01
98oiq8y9twakr31nqixinxkkppxx63nd	MDNjNGE3ZjY2ZjE0M2IzZGE3ZTc3NDEyNjdkY2IzZmVhNjE3Yzc1ODp7Il9hdXRoX3VzZXJfaGFzaCI6IjQ2ZmMyNjc2ODg4M2I1N2M1NTUzOGMzOGFkMTI3MWJmM2E4NjVlMmYiLCJfYXV0aF91c2VyX2JhY2tlbmQiOiJjdXN0b21fdXNlci5hdXRoX2JhY2tlbmRzLkN1c3RvbVVzZXJNb2RlbEJhY2tlbmQiLCJfYXV0aF91c2VyX2lkIjoxMn0=	2015-04-17 14:47:10.392342+02
a7a2muyyn4t1g2hhexamn0xexqz4s5uk	ZTUxYTAxMzQwYWQyNjJlMjg3ZWY3NmIxMWM4N2UzMjg3NjNiMTE5YTp7Il9hdXRoX3VzZXJfaGFzaCI6ImMyZmRmZWFkYTcxNWY2NjRhZjVmZmI0NWRmNDMzNjk1NjNkNWE5ZTQiLCJfYXV0aF91c2VyX2JhY2tlbmQiOiJjdXN0b21fdXNlci5hdXRoX2JhY2tlbmRzLkN1c3RvbVVzZXJNb2RlbEJhY2tlbmQiLCJfYXV0aF91c2VyX2lkIjoxM30=	2015-03-06 12:23:26.623974+01
p3k2l3elkhiz10c33bg1m0bgr973ux8a	OTZhZDYxZWQ0MTVlN2M4NTcwODgzNjlkNGQ3Y2UzNjM5Zjk2Zjc2Yjp7Il9hdXRoX3VzZXJfaGFzaCI6ImQzZjVhMTdmYmE1ZjIwZmY4NTBiZDhhOTI3NGU4ZjNlNjRiZWFjNzIiLCJfYXV0aF91c2VyX2JhY2tlbmQiOiJjdXN0b21fdXNlci5hdXRoX2JhY2tlbmRzLkN1c3RvbVVzZXJNb2RlbEJhY2tlbmQiLCJfYXV0aF91c2VyX2lkIjoxMn0=	2015-03-24 07:49:44.222614+01
tv1lwf7k474sz96iny52xdcv1vhlwob6	MDNjNGE3ZjY2ZjE0M2IzZGE3ZTc3NDEyNjdkY2IzZmVhNjE3Yzc1ODp7Il9hdXRoX3VzZXJfaGFzaCI6IjQ2ZmMyNjc2ODg4M2I1N2M1NTUzOGMzOGFkMTI3MWJmM2E4NjVlMmYiLCJfYXV0aF91c2VyX2JhY2tlbmQiOiJjdXN0b21fdXNlci5hdXRoX2JhY2tlbmRzLkN1c3RvbVVzZXJNb2RlbEJhY2tlbmQiLCJfYXV0aF91c2VyX2lkIjoxMn0=	2015-05-01 12:46:29.360854+02
gu3dx1wkrv1j8m7pa5dzxqiv09z90pdh	OWVlMWQ1ZmJhNDVmMWM1YTJlY2QzNjE4NjUzNDk5YTU3MTAyNDg3MDp7Il9hdXRoX3VzZXJfaGFzaCI6ImU5NDc0OTE1MTYwZGNjYmNlZTIxZjRjMGIzZDgwZDhkNjE4MzYyZTUiLCJfYXV0aF91c2VyX2JhY2tlbmQiOiJjdXN0b21fdXNlci5hdXRoX2JhY2tlbmRzLkN1c3RvbVVzZXJNb2RlbEJhY2tlbmQiLCJfYXV0aF91c2VyX2lkIjoxMn0=	2015-03-27 12:06:12.350402+01
8xcvvecjmqleckkbseaqbgkflvefynms	Njg2YzJmY2IyYzVlNDIxY2I3ZmU2N2NhZmI0NzM4ODMyYWVhOTYwMDp7Il9hdXRoX3VzZXJfYmFja2VuZCI6ImN1c3RvbV91c2VyLmF1dGhfYmFja2VuZHMuQ3VzdG9tVXNlck1vZGVsQmFja2VuZCIsIl9hdXRoX3VzZXJfaGFzaCI6ImQzZjVhMTdmYmE1ZjIwZmY4NTBiZDhhOTI3NGU4ZjNlNjRiZWFjNzIiLCJfYXV0aF91c2VyX2lkIjoxMiwiX21lc3NhZ2VzIjoiW1tcIl9fanNvbl9tZXNzYWdlXCIsMCwyNSxcIlRoZSBcXHUwNDIxXFx1MDQ0MlxcdTA0MzBcXHUwNDQyXFx1MDQ0Y1xcdTA0NGUgXFxcIlxcdTA0MWNcXHUwNDRiIFxcdTA0MzdcXHUwNDNkXFx1MDQzMFxcdTA0MzVcXHUwNDNjLCBcXHUwNDNhXFx1MDQzMFxcdTA0M2EgXFx1MDQ0MFxcdTA0MzBcXHUwNDQxXFx1MDQ0MlxcdTA0MzhcXHUwNDQyXFx1MDQ0Yy4gXFx1MDQyMVxcdTA0M2ZcXHUwNDM1XFx1MDQzYlxcdTA0MzVcXHUwNDNkXFx1MDQzZVxcdTA0M2EuXFxcIiB3YXMgY2hhbmdlZCBzdWNjZXNzZnVsbHkuXCJdLFtcIl9fanNvbl9tZXNzYWdlXCIsMCwyNSxcIlRoZSBcXHUwNDFjXFx1MDQzZVxcdTA0M2RcXHUwNDM4XFx1MDQ0MlxcdTA0M2VcXHUwNDQwXFx1MDQzOFxcdTA0M2RcXHUwNDMzXFx1MDQzZVxcdTA0MzJcXHUwNDM4XFx1MDQzOSBcXHUwNDNmXFx1MDQ0MFxcdTA0M2VcXHUwNDM0XFx1MDQ0M1xcdTA0M2FcXHUwNDQyIFxcXCJ0ZXN0IGNvbGEgMlxcXCIgd2FzIGFkZGVkIHN1Y2Nlc3NmdWxseS5cIl0sW1wiX19qc29uX21lc3NhZ2VcIiwwLDI1LFwiVGhlIFxcdTA0MjFcXHUwNDQyXFx1MDQzMFxcdTA0NDJcXHUwNDRjXFx1MDQ0ZSBcXFwiXFxcIlxcdTA0MTFcXHUwNDQzXFx1MDQ0MFxcdTA0MzVcXHUwNDRmXFx1MDQzM1xcdTA0NGRcXHUwNDQxXFx1MDQ0MVxcdTA0NDJcXHUwNDQwXFx1MDQzZVxcdTA0MzlcXFwiLCBcXFwiXFx1MDQxMlxcdTA0MzBcXHUwNDNiXFx1MDQ0MlxcdTA0MzAgXFx1MDQxZlxcdTA0MzVcXHUwNDQyIFxcdTA0MWZcXHUwNDQwXFx1MDQzZVxcdTA0MzRcXHUwNDMwXFx1MDQzYVxcdTA0NDJcXHUwNDQxXFxcIiwgXFxcIlxcdTA0MTRcXHUwNDM4XFx1MDQzZlxcdTA0M2VcXHUwNDNiXFx1MDQ0YyBcXHUwNDIyXFx1MDQzNVxcdTA0NDVcXHUwNDNkXFx1MDQzZVxcdTA0M2JcXHUwNDNlXFx1MDQzM1xcdTA0MzhcXHUwNDM4XFxcIiAtIFxcdTA0NDFcXHUwNDQwXFx1MDQzNVxcdTA0MzRcXHUwNDM4IFxcdTA0M2RcXHUwNDNlXFx1MDQzY1xcdTA0MzhcXHUwNDNkXFx1MDQzMFxcdTA0M2RcXHUwNDQyXFx1MDQzZVxcdTA0MzIgXFx1MDQzYVxcdTA0M2VcXHUwNDNkXFx1MDQzYVxcdTA0NDNcXHUwNDQwXFx1MDQ0MVxcdTA0MzAgXFxcIlxcdTA0MWJcXHUwNDQzXFx1MDQ0N1xcdTA0NDhcXHUwNDM1XFx1MDQzNSBcXHUwNDFhXFx1MDQzZVxcdTA0NDBcXHUwNDNmXFx1MDQzZVxcdTA0NDBcXHUwNDMwXFx1MDQ0MlxcdTA0MzhcXHUwNDMyXFx1MDQzZFxcdTA0M2VcXHUwNDM1IFxcdTA0MWNcXHUwNDM1XFx1MDQzNFxcdTA0MzhcXHUwNDMwIC0gMjAxNVxcXCJcXFwiIHdhcyBjaGFuZ2VkIHN1Y2Nlc3NmdWxseS5cIl0sW1wiX19qc29uX21lc3NhZ2VcIiwwLDI1LFwiVGhlIGltcG9ydCBmaWxlIFxcXCJJbXBvcnRGaWxlIG9iamVjdFxcXCIgd2FzIGNoYW5nZWQgc3VjY2Vzc2Z1bGx5LlwiXV0ifQ==	2015-03-27 12:15:13.752668+01
hbygk4iid4hxqdlu1q0wsd8bae79d5ll	ZTUxYTAxMzQwYWQyNjJlMjg3ZWY3NmIxMWM4N2UzMjg3NjNiMTE5YTp7Il9hdXRoX3VzZXJfaGFzaCI6ImMyZmRmZWFkYTcxNWY2NjRhZjVmZmI0NWRmNDMzNjk1NjNkNWE5ZTQiLCJfYXV0aF91c2VyX2JhY2tlbmQiOiJjdXN0b21fdXNlci5hdXRoX2JhY2tlbmRzLkN1c3RvbVVzZXJNb2RlbEJhY2tlbmQiLCJfYXV0aF91c2VyX2lkIjoxM30=	2015-03-31 13:54:53.214852+02
vzo2fgetb5tfm0qxis2xuvw4rfki83v5	NDJkNjAwNjNhNzI5OGFmZmFlYWE1OGIyYzE3OWM2NmExNzU1OWVmYzp7Il9hdXRoX3VzZXJfaGFzaCI6ImY4ZDVjNTRmYmE1Y2U5NTU3NGUwNDJlZTViZWZlOWIzODRlY2ZkM2IiLCJfYXV0aF91c2VyX2JhY2tlbmQiOiJjdXN0b21fdXNlci5hdXRoX2JhY2tlbmRzLkN1c3RvbVVzZXJNb2RlbEJhY2tlbmQiLCJfYXV0aF91c2VyX2lkIjoxMn0=	2015-04-02 15:18:29.979551+02
fl1ah3njj437i3fpbpbardlw5c93fsw0	OTdmYThhMGU2ZjIzNDhiNjM4Yjg3MTU2ZWRiODdiNmYwNWJmNWEyNzp7Il9hdXRoX3VzZXJfaGFzaCI6IjliNTA1NjI3NDQ4MzE5NjIyZDUyN2IyMmZkOTJhZTBkODkzMDRjNDAiLCJfYXV0aF91c2VyX2JhY2tlbmQiOiJjdXN0b21fdXNlci5hdXRoX2JhY2tlbmRzLkN1c3RvbVVzZXJNb2RlbEJhY2tlbmQiLCJfYXV0aF91c2VyX2lkIjoxMn0=	2015-05-12 18:05:20.321926+02
qn1fopfje12121u7m2wnmvqmwbnh44o8	ZjQ5MDY4OGRiYmVhNDA1YjRjYzBmZGIyMjg0YzEwODkzYzM0NWNiNzp7Il9hdXRoX3VzZXJfaGFzaCI6IjA0Yjg5NDFhZGVjN2IzOTQwMDFiNWZjOGM3MThkMzZjNTVhYTg5MzUiLCJfYXV0aF91c2VyX2JhY2tlbmQiOiJjdXN0b21fdXNlci5hdXRoX2JhY2tlbmRzLkN1c3RvbVVzZXJNb2RlbEJhY2tlbmQiLCJfYXV0aF91c2VyX2lkIjoxMn0=	2015-04-07 09:04:27.866781+02
t6cyu8xmrdye3d91quzij5z2ly3onn8w	ZTUxYTAxMzQwYWQyNjJlMjg3ZWY3NmIxMWM4N2UzMjg3NjNiMTE5YTp7Il9hdXRoX3VzZXJfaGFzaCI6ImMyZmRmZWFkYTcxNWY2NjRhZjVmZmI0NWRmNDMzNjk1NjNkNWE5ZTQiLCJfYXV0aF91c2VyX2JhY2tlbmQiOiJjdXN0b21fdXNlci5hdXRoX2JhY2tlbmRzLkN1c3RvbVVzZXJNb2RlbEJhY2tlbmQiLCJfYXV0aF91c2VyX2lkIjoxM30=	2015-03-10 10:20:48.156211+01
e6ccq0981new8glkhoo37zmdscdbx3vo	Njg4M2VhMWZlZjE4NWU3YTQ2MGU3MDQ0MWJiZmE3ZTBkZDA4MGYyOTp7Il9hdXRoX3VzZXJfaGFzaCI6IjFmNjYzNGMwM2U1MDhjZWM3MjE0MjQ4MjQwY2JkZWIxMTcyNmM0YjAiLCJfYXV0aF91c2VyX2JhY2tlbmQiOiJjdXN0b21fdXNlci5hdXRoX2JhY2tlbmRzLkN1c3RvbVVzZXJNb2RlbEJhY2tlbmQiLCJfYXV0aF91c2VyX2lkIjoxMn0=	2015-02-06 11:03:49.95+01
adeje7xspv0w25u4x7wsrnedq5jbf3p1	ZGJkZjJkYzE1ZWJlZjE3MWRjMzljNzllYjkwNjgzZDVmN2I3YzNhOTp7Il9hdXRoX3VzZXJfaGFzaCI6ImNmOWRhMGFhMmY0NWJmNzQxNzA2OTBlMGI4MDBlNGU2ZGRhZWM4ODMiLCJfYXV0aF91c2VyX2JhY2tlbmQiOiJkamFuZ28uY29udHJpYi5hdXRoLmJhY2tlbmRzLk1vZGVsQmFja2VuZCIsIl9hdXRoX3VzZXJfaWQiOjF9	2015-02-16 13:57:21.444325+01
5pqcoeyx05bv007dap0a39jcozz7z81o	OTZhZDYxZWQ0MTVlN2M4NTcwODgzNjlkNGQ3Y2UzNjM5Zjk2Zjc2Yjp7Il9hdXRoX3VzZXJfaGFzaCI6ImQzZjVhMTdmYmE1ZjIwZmY4NTBiZDhhOTI3NGU4ZjNlNjRiZWFjNzIiLCJfYXV0aF91c2VyX2JhY2tlbmQiOiJjdXN0b21fdXNlci5hdXRoX2JhY2tlbmRzLkN1c3RvbVVzZXJNb2RlbEJhY2tlbmQiLCJfYXV0aF91c2VyX2lkIjoxMn0=	2015-02-17 12:45:49.178+01
xgiqcwg7mcs7ipzbj367s8t7m01w2xrt	ZTUxYTAxMzQwYWQyNjJlMjg3ZWY3NmIxMWM4N2UzMjg3NjNiMTE5YTp7Il9hdXRoX3VzZXJfaGFzaCI6ImMyZmRmZWFkYTcxNWY2NjRhZjVmZmI0NWRmNDMzNjk1NjNkNWE5ZTQiLCJfYXV0aF91c2VyX2JhY2tlbmQiOiJjdXN0b21fdXNlci5hdXRoX2JhY2tlbmRzLkN1c3RvbVVzZXJNb2RlbEJhY2tlbmQiLCJfYXV0aF91c2VyX2lkIjoxM30=	2015-02-23 08:49:04.420879+01
5qylzagr9yj499bhfkb4381mbc9buc7w	OTZhZDYxZWQ0MTVlN2M4NTcwODgzNjlkNGQ3Y2UzNjM5Zjk2Zjc2Yjp7Il9hdXRoX3VzZXJfaGFzaCI6ImQzZjVhMTdmYmE1ZjIwZmY4NTBiZDhhOTI3NGU4ZjNlNjRiZWFjNzIiLCJfYXV0aF91c2VyX2JhY2tlbmQiOiJjdXN0b21fdXNlci5hdXRoX2JhY2tlbmRzLkN1c3RvbVVzZXJNb2RlbEJhY2tlbmQiLCJfYXV0aF91c2VyX2lkIjoxMn0=	2015-02-26 10:43:54.116+01
3iyynqlp4bm3u4i43a3vczkb46oiuqtr	ZTUxYTAxMzQwYWQyNjJlMjg3ZWY3NmIxMWM4N2UzMjg3NjNiMTE5YTp7Il9hdXRoX3VzZXJfaGFzaCI6ImMyZmRmZWFkYTcxNWY2NjRhZjVmZmI0NWRmNDMzNjk1NjNkNWE5ZTQiLCJfYXV0aF91c2VyX2JhY2tlbmQiOiJjdXN0b21fdXNlci5hdXRoX2JhY2tlbmRzLkN1c3RvbVVzZXJNb2RlbEJhY2tlbmQiLCJfYXV0aF91c2VyX2lkIjoxM30=	2015-03-12 13:13:27.168+01
fm4maoyk8q1cvapa8t2r7g19h1ty6o0w	MDNjNGE3ZjY2ZjE0M2IzZGE3ZTc3NDEyNjdkY2IzZmVhNjE3Yzc1ODp7Il9hdXRoX3VzZXJfaGFzaCI6IjQ2ZmMyNjc2ODg4M2I1N2M1NTUzOGMzOGFkMTI3MWJmM2E4NjVlMmYiLCJfYXV0aF91c2VyX2JhY2tlbmQiOiJjdXN0b21fdXNlci5hdXRoX2JhY2tlbmRzLkN1c3RvbVVzZXJNb2RlbEJhY2tlbmQiLCJfYXV0aF91c2VyX2lkIjoxMn0=	2015-05-01 12:49:46.684251+02
zh41ds9c08e1oo6edo3oyz87vnvaef49	ZTUxYTAxMzQwYWQyNjJlMjg3ZWY3NmIxMWM4N2UzMjg3NjNiMTE5YTp7Il9hdXRoX3VzZXJfaGFzaCI6ImMyZmRmZWFkYTcxNWY2NjRhZjVmZmI0NWRmNDMzNjk1NjNkNWE5ZTQiLCJfYXV0aF91c2VyX2JhY2tlbmQiOiJjdXN0b21fdXNlci5hdXRoX2JhY2tlbmRzLkN1c3RvbVVzZXJNb2RlbEJhY2tlbmQiLCJfYXV0aF91c2VyX2lkIjoxM30=	2015-03-13 10:29:26.959196+01
kfv4fn08ft6w0m6wjcrsd2zjkzaw9mft	OTdmYThhMGU2ZjIzNDhiNjM4Yjg3MTU2ZWRiODdiNmYwNWJmNWEyNzp7Il9hdXRoX3VzZXJfaGFzaCI6IjliNTA1NjI3NDQ4MzE5NjIyZDUyN2IyMmZkOTJhZTBkODkzMDRjNDAiLCJfYXV0aF91c2VyX2JhY2tlbmQiOiJjdXN0b21fdXNlci5hdXRoX2JhY2tlbmRzLkN1c3RvbVVzZXJNb2RlbEJhY2tlbmQiLCJfYXV0aF91c2VyX2lkIjoxMn0=	2015-05-06 10:03:54.242515+02
hcxe7ephqe8w9bmfj16okup5v36hj0ra	ZTUxYTAxMzQwYWQyNjJlMjg3ZWY3NmIxMWM4N2UzMjg3NjNiMTE5YTp7Il9hdXRoX3VzZXJfaGFzaCI6ImMyZmRmZWFkYTcxNWY2NjRhZjVmZmI0NWRmNDMzNjk1NjNkNWE5ZTQiLCJfYXV0aF91c2VyX2JhY2tlbmQiOiJjdXN0b21fdXNlci5hdXRoX2JhY2tlbmRzLkN1c3RvbVVzZXJNb2RlbEJhY2tlbmQiLCJfYXV0aF91c2VyX2lkIjoxM30=	2015-03-17 15:42:07.454+01
3f8ix6r05lgqvcc66bq1ekytp6vw57pr	MzRkYmU1ZTQ5MmY3ZTgxNTMyZDBmOTg4OGIzY2VmNmNlNmE2MDJhNjp7fQ==	2015-03-20 13:12:08.108164+01
gl4hyd28jxrqmcxxgs4kyz1s6ee8upk6	ZTUxYTAxMzQwYWQyNjJlMjg3ZWY3NmIxMWM4N2UzMjg3NjNiMTE5YTp7Il9hdXRoX3VzZXJfaGFzaCI6ImMyZmRmZWFkYTcxNWY2NjRhZjVmZmI0NWRmNDMzNjk1NjNkNWE5ZTQiLCJfYXV0aF91c2VyX2JhY2tlbmQiOiJjdXN0b21fdXNlci5hdXRoX2JhY2tlbmRzLkN1c3RvbVVzZXJNb2RlbEJhY2tlbmQiLCJfYXV0aF91c2VyX2lkIjoxM30=	2015-03-18 16:07:15.502277+01
99fh4gckrz8zndbo6j7yg94unaudp11k	MzRkYmU1ZTQ5MmY3ZTgxNTMyZDBmOTg4OGIzY2VmNmNlNmE2MDJhNjp7fQ==	2015-03-24 14:28:06.998643+01
dqx03dcka4q3jxhkqgyjuc7mlsgghr2s	MWRmY2Q5ZjVkNzAxYTUyMTE1MjZkNmFjZjJlOWIxNDY4N2M2OTNhZjp7Il9hdXRoX3VzZXJfYmFja2VuZCI6ImN1c3RvbV91c2VyLmF1dGhfYmFja2VuZHMuQ3VzdG9tVXNlck1vZGVsQmFja2VuZCIsIl9hdXRoX3VzZXJfaGFzaCI6ImQzZjVhMTdmYmE1ZjIwZmY4NTBiZDhhOTI3NGU4ZjNlNjRiZWFjNzIiLCJfYXV0aF91c2VyX2lkIjoxMiwiX21lc3NhZ2VzIjoiW1tcIl9fanNvbl9tZXNzYWdlXCIsMCwyNSxcIlRoZSBcXHUwNDIxXFx1MDQ0MlxcdTA0MzBcXHUwNDQyXFx1MDQ0Y1xcdTA0NGUgXFxcIlxcdTA0MWNcXHUwNDRiIFxcdTA0MzdcXHUwNDNkXFx1MDQzMFxcdTA0MzVcXHUwNDNjLCBcXHUwNDNhXFx1MDQzMFxcdTA0M2EgXFx1MDQ0MFxcdTA0MzBcXHUwNDQxXFx1MDQ0MlxcdTA0MzhcXHUwNDQyXFx1MDQ0Yy4gXFx1MDQyMVxcdTA0M2ZcXHUwNDM1XFx1MDQzYlxcdTA0MzVcXHUwNDNkXFx1MDQzZVxcdTA0M2EuXFxcIiB3YXMgY2hhbmdlZCBzdWNjZXNzZnVsbHkuXCJdLFtcIl9fanNvbl9tZXNzYWdlXCIsMCwyNSxcIlRoZSBcXHUwNDFjXFx1MDQzZVxcdTA0M2RcXHUwNDM4XFx1MDQ0MlxcdTA0M2VcXHUwNDQwXFx1MDQzOFxcdTA0M2RcXHUwNDMzXFx1MDQzZVxcdTA0MzJcXHUwNDM4XFx1MDQzOSBcXHUwNDNmXFx1MDQ0MFxcdTA0M2VcXHUwNDM0XFx1MDQ0M1xcdTA0M2FcXHUwNDQyIFxcXCJubm5ubm5cXFwiIHdhcyBhZGRlZCBzdWNjZXNzZnVsbHkuXCJdLFtcIl9fanNvbl9tZXNzYWdlXCIsMCwyNSxcIlRoZSBcXHUwNDIxXFx1MDQ0MlxcdTA0MzBcXHUwNDQyXFx1MDQ0Y1xcdTA0NGUgXFxcIlxcdTA0MTdcXHUwNDMwXFx1MDQ0MVxcdTA0MzVcXHUwNDM0XFx1MDQzMFxcdTA0M2RcXHUwNDM4XFx1MDQzNSBcXHUwNDM1XFx1MDQzMlxcdTA0NDBcXHUwNDNlXFx1MDQzYVxcdTA0M2VcXHUwNDNjXFx1MDQzOFxcdTA0NDFcXHUwNDQxXFx1MDQzMFxcdTA0NDBcXHUwNDNlXFx1MDQzMiBcXHUwNDNlXFx1MDQ0MlxcdTA0M2NcXHUwNDM1XFx1MDQzZFxcdTA0MzVcXHUwNDNkXFx1MDQzZSBcXHUwNDMyIFxcdTA0NDFcXHUwNDMyXFx1MDQ0ZlxcdTA0MzdcXHUwNDM4IFxcdTA0NDEgXFx1MDQzZVxcdTA0MzFcXHUwNDQxXFx1MDQ0M1xcdTA0MzZcXHUwNDM0XFx1MDQzNVxcdTA0M2RcXHUwNDM4XFx1MDQzNVxcdTA0M2MgXFx1MDQzMlxcdTA0M2VcXHUwNDNmXFx1MDQ0MFxcdTA0M2VcXHUwNDQxXFx1MDQzMCBcXHUwNDNlIFxcdTA0MzRcXHUwNDNlXFx1MDQzMlxcdTA0MzVcXHUwNDQwXFx1MDQzOFxcdTA0MzggXFx1MDQyZVxcdTA0M2RcXHUwNDNhXFx1MDQzNVxcdTA0NDBcXHUwNDQzXFxcIiB3YXMgY2hhbmdlZCBzdWNjZXNzZnVsbHkuXCJdLFtcIl9fanNvbl9tZXNzYWdlXCIsMCwyNSxcIlRoZSBcXHUwNDFkXFx1MDQzMFxcdTA0NDFcXHUwNDQyXFx1MDQ0MFxcdTA0M2VcXHUwNDM5XFx1MDQzYVxcdTA0MzggXFx1MDQzZVxcdTA0NDJcXHUwNDNlXFx1MDQzMVxcdTA0NDBcXHUwNDMwXFx1MDQzNlxcdTA0MzVcXHUwNDNkXFx1MDQzOFxcdTA0NGYgXFx1MDQzZlxcdTA0NDBcXHUwNDNlXFx1MDQzNFxcdTA0NDNcXHUwNDNhXFx1MDQ0MlxcdTA0MzAgXFxcIk1vbml0b3JpbmdQcm9kdWN0U2V0dGluZyBvYmplY3RcXFwiIHdhcyBkZWxldGVkIHN1Y2Nlc3NmdWxseS5cIl0sW1wiX19qc29uX21lc3NhZ2VcIiwwLDI1LFwiU3VjY2Vzc2Z1bGx5IGRlbGV0ZWQgMSBcXHUwNDFkXFx1MDQzMFxcdTA0NDFcXHUwNDQyXFx1MDQ0MFxcdTA0M2VcXHUwNDM5XFx1MDQzYVxcdTA0MzggXFx1MDQzZVxcdTA0NDJcXHUwNDNlXFx1MDQzMVxcdTA0NDBcXHUwNDMwXFx1MDQzNlxcdTA0MzVcXHUwNDNkXFx1MDQzOFxcdTA0NGYgXFx1MDQzZlxcdTA0NDBcXHUwNDNlXFx1MDQzNFxcdTA0NDNcXHUwNDNhXFx1MDQ0MlxcdTA0MzAuXCJdLFtcIl9fanNvbl9tZXNzYWdlXCIsMCwyNSxcIlN1Y2Nlc3NmdWxseSBkZWxldGVkIDEgXFx1MDQxZFxcdTA0MzBcXHUwNDQxXFx1MDQ0MlxcdTA0NDBcXHUwNDNlXFx1MDQzOVxcdTA0M2FcXHUwNDM4IFxcdTA0M2VcXHUwNDQyXFx1MDQzZVxcdTA0MzFcXHUwNDQwXFx1MDQzMFxcdTA0MzZcXHUwNDM1XFx1MDQzZFxcdTA0MzhcXHUwNDRmIFxcdTA0M2ZcXHUwNDQwXFx1MDQzZVxcdTA0MzRcXHUwNDQzXFx1MDQzYVxcdTA0NDJcXHUwNDMwLlwiXSxbXCJfX2pzb25fbWVzc2FnZVwiLDAsMjUsXCJUaGUgaW1wb3J0IGZpbGUgXFxcIkltcG9ydEZpbGUgb2JqZWN0XFxcIiB3YXMgY2hhbmdlZCBzdWNjZXNzZnVsbHkuXCJdLFtcIl9fanNvbl9tZXNzYWdlXCIsMCwyNSxcIlRoZSBpbXBvcnQgZmlsZSBcXFwiSW1wb3J0RmlsZSBvYmplY3RcXFwiIHdhcyBjaGFuZ2VkIHN1Y2Nlc3NmdWxseS5cIl0sW1wiX19qc29uX21lc3NhZ2VcIiwwLDI1LFwiVGhlIFxcdTA0MWZcXHUwNDNlXFx1MDQzYlxcdTA0NGNcXHUwNDM3XFx1MDQzZVxcdTA0MzJcXHUwNDMwXFx1MDQ0MlxcdTA0MzVcXHUwNDNiXFx1MDQ0ZiBcXFwidGVzdFxcXCIgd2FzIGNoYW5nZWQgc3VjY2Vzc2Z1bGx5LlwiXSxbXCJfX2pzb25fbWVzc2FnZVwiLDAsMjUsXCJUaGUgXFx1MDQxZlxcdTA0M2VcXHUwNDNiXFx1MDQ0Y1xcdTA0MzdcXHUwNDNlXFx1MDQzMlxcdTA0MzBcXHUwNDQyXFx1MDQzNVxcdTA0M2JcXHUwNDRmIFxcXCJyZXZhc2lrXFxcIiB3YXMgY2hhbmdlZCBzdWNjZXNzZnVsbHkuIFlvdSBtYXkgZWRpdCBpdCBhZ2FpbiBiZWxvdy5cIl0sW1wiX19qc29uX21lc3NhZ2VcIiwwLDI1LFwiVGhlIFxcdTA0MWZcXHUwNDNlXFx1MDQzYlxcdTA0NGNcXHUwNDM3XFx1MDQzZVxcdTA0MzJcXHUwNDMwXFx1MDQ0MlxcdTA0MzVcXHUwNDNiXFx1MDQ0ZiBcXFwicmV2YXNpa1xcXCIgd2FzIGNoYW5nZWQgc3VjY2Vzc2Z1bGx5LiBZb3UgbWF5IGVkaXQgaXQgYWdhaW4gYmVsb3cuXCJdLFtcIl9fanNvbl9tZXNzYWdlXCIsMCwyNSxcIlRoZSBcXHUwNDFhXFx1MDQzZVxcdTA0M2NcXHUwNDNmXFx1MDQzMFxcdTA0M2RcXHUwNDM4XFx1MDQ0ZSBcXFwiNGNvbVxcXCIgd2FzIGNoYW5nZWQgc3VjY2Vzc2Z1bGx5LlwiXSxbXCJfX2pzb25fbWVzc2FnZVwiLDAsMjUsXCJUaGUgXFx1MDQxYVxcdTA0M2VcXHUwNDNjXFx1MDQzZlxcdTA0MzBcXHUwNDNkXFx1MDQzOFxcdTA0NGUgXFxcIjRjb21cXFwiIHdhcyBjaGFuZ2VkIHN1Y2Nlc3NmdWxseS5cIl0sW1wiX19qc29uX21lc3NhZ2VcIiwwLDI1LFwiVGhlIFxcdTA0MWZcXHUwNDNlXFx1MDQzYlxcdTA0NGNcXHUwNDM3XFx1MDQzZVxcdTA0MzJcXHUwNDMwXFx1MDQ0MlxcdTA0MzVcXHUwNDNiXFx1MDQ0ZiBcXFwidGVzdFxcXCIgd2FzIGNoYW5nZWQgc3VjY2Vzc2Z1bGx5LlwiXSxbXCJfX2pzb25fbWVzc2FnZVwiLDAsMjUsXCJUaGUgXFx1MDQxZlxcdTA0M2VcXHUwNDNiXFx1MDQ0Y1xcdTA0MzdcXHUwNDNlXFx1MDQzMlxcdTA0MzBcXHUwNDQyXFx1MDQzNVxcdTA0M2JcXHUwNDRmIFxcXCJ0ZXN0XFxcIiB3YXMgY2hhbmdlZCBzdWNjZXNzZnVsbHkuIFlvdSBtYXkgZWRpdCBpdCBhZ2FpbiBiZWxvdy5cIl0sW1wiX19qc29uX21lc3NhZ2VcIiwwLDI1LFwiVGhlIFxcdTA0MWZcXHUwNDNlXFx1MDQzYlxcdTA0NGNcXHUwNDM3XFx1MDQzZVxcdTA0MzJcXHUwNDMwXFx1MDQ0MlxcdTA0MzVcXHUwNDNiXFx1MDQ0ZiBcXFwidGVzdFxcXCIgd2FzIGNoYW5nZWQgc3VjY2Vzc2Z1bGx5LiBZb3UgbWF5IGVkaXQgaXQgYWdhaW4gYmVsb3cuXCJdLFtcIl9fanNvbl9tZXNzYWdlXCIsMCwyNSxcIlRoZSBcXHUwNDFmXFx1MDQzZVxcdTA0M2JcXHUwNDRjXFx1MDQzN1xcdTA0M2VcXHUwNDMyXFx1MDQzMFxcdTA0NDJcXHUwNDM1XFx1MDQzYlxcdTA0NGYgXFxcInRlc3RcXFwiIHdhcyBhZGRlZCBzdWNjZXNzZnVsbHkuIFlvdSBtYXkgZWRpdCBpdCBhZ2FpbiBiZWxvdy5cIl0sW1wiX19qc29uX21lc3NhZ2VcIiwwLDI1LFwiVGhlIFxcdTA0MWZcXHUwNDNlXFx1MDQzYlxcdTA0NGNcXHUwNDM3XFx1MDQzZVxcdTA0MzJcXHUwNDMwXFx1MDQ0MlxcdTA0MzVcXHUwNDNiXFx1MDQ0ZiBcXFwidGVzdFxcXCIgd2FzIGNoYW5nZWQgc3VjY2Vzc2Z1bGx5LiBZb3UgbWF5IGFkZCBhbm90aGVyIFxcdTA0MWZcXHUwNDNlXFx1MDQzYlxcdTA0NGNcXHUwNDM3XFx1MDQzZVxcdTA0MzJcXHUwNDMwXFx1MDQ0MlxcdTA0MzVcXHUwNDNiXFx1MDQ0ZiBiZWxvdy5cIl0sW1wiX19qc29uX21lc3NhZ2VcIiwwLDI1LFwiVGhlIFxcdTA0MWZcXHUwNDNlXFx1MDQzYlxcdTA0NGNcXHUwNDM3XFx1MDQzZVxcdTA0MzJcXHUwNDMwXFx1MDQ0MlxcdTA0MzVcXHUwNDNiXFx1MDQ0ZiBcXFwic3J0ZHhmXFxcIiB3YXMgYWRkZWQgc3VjY2Vzc2Z1bGx5LiBZb3UgbWF5IGVkaXQgaXQgYWdhaW4gYmVsb3cuXCJdLFtcIl9fanNvbl9tZXNzYWdlXCIsMCwyNSxcIlRoZSBcXHUwNDFmXFx1MDQzZVxcdTA0M2JcXHUwNDRjXFx1MDQzN1xcdTA0M2VcXHUwNDMyXFx1MDQzMFxcdTA0NDJcXHUwNDM1XFx1MDQzYlxcdTA0NGYgXFxcInNydGR4ZlxcXCIgd2FzIGNoYW5nZWQgc3VjY2Vzc2Z1bGx5LlwiXSxbXCJfX2pzb25fbWVzc2FnZVwiLDAsMjUsXCJUaGUgXFx1MDQyMVxcdTA0NDJcXHUwNDMwXFx1MDQ0MlxcdTA0NGNcXHUwNDRlIFxcXCJcXHUwNDIyXFx1MDQxNVxcdTA0MjVcXHUwNDFkXFx1MDQxOFxcdTA0MWFcXHUwNDEwIC0gXFx1MDQxZVxcdTA0NDBcXHUwNDMwXFx1MDQzZFxcdTA0MzZcXHUwNDM1XFx1MDQzMlxcdTA0M2VcXHUwNDM1IFxcdTA0M2RcXHUwNDM1XFx1MDQzMVxcdTA0M2UsIFxcdTA0M2VcXHUwNDQwXFx1MDQzMFxcdTA0M2RcXHUwNDM2XFx1MDQzNVxcdTA0MzJcXHUwNDRiXFx1MDQzOSBcXHUwNDMyXFx1MDQzNVxcdTA0NDBcXHUwNDMxXFx1MDQzYlxcdTA0NGVcXHUwNDM0XFxcIiB3YXMgY2hhbmdlZCBzdWNjZXNzZnVsbHkuXCJdLFtcIl9fanNvbl9tZXNzYWdlXCIsMCwyNSxcIlN1Y2Nlc3NmdWxseSBkZWxldGVkIDQyIFxcdTA0MWFcXHUwNDMwXFx1MDQ0MlxcdTA0MzVcXHUwNDMzXFx1MDQzZVxcdTA0NDBcXHUwNDM4XFx1MDQzOCAoXFx1MDQxY1xcdTA0M2VcXHUwNDNkXFx1MDQzOFxcdTA0NDJcXHUwNDNlXFx1MDQ0MFxcdTA0MzhcXHUwNDNkXFx1MDQzM1xcdTA0M2VcXHUwNDMyXFx1MDQzOFxcdTA0MzkgXFx1MDQzZlxcdTA0NDBcXHUwNDNlXFx1MDQzNFxcdTA0NDNcXHUwNDNhXFx1MDQ0MikuXCJdLFtcIl9fanNvbl9tZXNzYWdlXCIsMCwyNSxcIlRoZSBpbXBvcnQgZmlsZSBcXFwiSW1wb3J0RmlsZSBvYmplY3RcXFwiIHdhcyBjaGFuZ2VkIHN1Y2Nlc3NmdWxseS5cIl0sW1wiX19qc29uX21lc3NhZ2VcIiwwLDI1LFwiUGVybWlzc2lvbnMgc2F2ZWQuXCJdLFtcIl9fanNvbl9tZXNzYWdlXCIsMCwyNSxcIlRoZSBncm91cCBcXFwiRWRpdG9yXFxcIiB3YXMgY2hhbmdlZCBzdWNjZXNzZnVsbHkuXCJdLFtcIl9fanNvbl9tZXNzYWdlXCIsMCwyNSxcIlRoZSBncm91cCBcXFwiUmVhZGVyXFxcIiB3YXMgY2hhbmdlZCBzdWNjZXNzZnVsbHkuXCJdLFtcIl9fanNvbl9tZXNzYWdlXCIsMCwyNSxcIlRoZSBncm91cCBcXFwiRWRpdG9yXFxcIiB3YXMgY2hhbmdlZCBzdWNjZXNzZnVsbHkuXCJdLFtcIl9fanNvbl9tZXNzYWdlXCIsMCwyNSxcIlRoZSBcXHUwNDFmXFx1MDQzZVxcdTA0M2JcXHUwNDRjXFx1MDQzN1xcdTA0M2VcXHUwNDMyXFx1MDQzMFxcdTA0NDJcXHUwNDM1XFx1MDQzYlxcdTA0NGYgXFxcInR0dHRcXFwiIHdhcyBjaGFuZ2VkIHN1Y2Nlc3NmdWxseS5cIl0sW1wiX19qc29uX21lc3NhZ2VcIiwwLDI1LFwiVGhlIGdyb3VwIFxcXCJSZWFkZXJcXFwiIHdhcyBjaGFuZ2VkIHN1Y2Nlc3NmdWxseS5cIl0sW1wiX19qc29uX21lc3NhZ2VcIiwwLDI1LFwiVGhlIGdyb3VwIFxcXCJFZGl0b3JcXFwiIHdhcyBjaGFuZ2VkIHN1Y2Nlc3NmdWxseS5cIl0sW1wiX19qc29uX21lc3NhZ2VcIiwwLDI1LFwiU3VjY2Vzc2Z1bGx5IGRlbGV0ZWQgMSBcXHUwNDFkXFx1MDQzMFxcdTA0NDFcXHUwNDQyXFx1MDQ0MFxcdTA0M2VcXHUwNDM5XFx1MDQzYVxcdTA0MzggXFx1MDQzZVxcdTA0NDJcXHUwNDNlXFx1MDQzMVxcdTA0NDBcXHUwNDMwXFx1MDQzNlxcdTA0MzVcXHUwNDNkXFx1MDQzOFxcdTA0NGYgXFx1MDQzZlxcdTA0NDBcXHUwNDNlXFx1MDQzNFxcdTA0NDNcXHUwNDNhXFx1MDQ0MlxcdTA0MzAuXCJdLFtcIl9fanNvbl9tZXNzYWdlXCIsMCwyNSxcIlRoZSBncm91cCBcXFwiRWRpdG9yXFxcIiB3YXMgY2hhbmdlZCBzdWNjZXNzZnVsbHkuIFlvdSBtYXkgZWRpdCBpdCBhZ2FpbiBiZWxvdy5cIl0sW1wiX19qc29uX21lc3NhZ2VcIiwwLDI1LFwiVGhlIGdyb3VwIFxcXCJFZGl0b3JcXFwiIHdhcyBjaGFuZ2VkIHN1Y2Nlc3NmdWxseS4gWW91IG1heSBlZGl0IGl0IGFnYWluIGJlbG93LlwiXSxbXCJfX2pzb25fbWVzc2FnZVwiLDAsMjUsXCJUaGUgXFx1MDQxZlxcdTA0M2VcXHUwNDNiXFx1MDQ0Y1xcdTA0MzdcXHUwNDNlXFx1MDQzMlxcdTA0MzBcXHUwNDQyXFx1MDQzNVxcdTA0M2JcXHUwNDRmIFxcXCJ0dHR0XFxcIiB3YXMgY2hhbmdlZCBzdWNjZXNzZnVsbHkuXCJdLFtcIl9fanNvbl9tZXNzYWdlXCIsMCwyNSxcIlRoZSBcXHUwNDFmXFx1MDQzZVxcdTA0M2JcXHUwNDRjXFx1MDQzN1xcdTA0M2VcXHUwNDMyXFx1MDQzMFxcdTA0NDJcXHUwNDM1XFx1MDQzYlxcdTA0NGYgXFxcInRlc3QxXFxcIiB3YXMgYWRkZWQgc3VjY2Vzc2Z1bGx5LiBZb3UgbWF5IGVkaXQgaXQgYWdhaW4gYmVsb3cuXCJdLFtcIl9fanNvbl9tZXNzYWdlXCIsMCwyNSxcIlRoZSBcXHUwNDFmXFx1MDQzZVxcdTA0M2JcXHUwNDRjXFx1MDQzN1xcdTA0M2VcXHUwNDMyXFx1MDQzMFxcdTA0NDJcXHUwNDM1XFx1MDQzYlxcdTA0NGYgXFxcInRlc3QxXFxcIiB3YXMgY2hhbmdlZCBzdWNjZXNzZnVsbHkuXCJdLFtcIl9fanNvbl9tZXNzYWdlXCIsMCwyNSxcIlRoZSBcXHUwNDFmXFx1MDQzZVxcdTA0M2JcXHUwNDRjXFx1MDQzN1xcdTA0M2VcXHUwNDMyXFx1MDQzMFxcdTA0NDJcXHUwNDM1XFx1MDQzYlxcdTA0NGYgXFxcInRlc3QxXFxcIiB3YXMgY2hhbmdlZCBzdWNjZXNzZnVsbHkuXCJdLFtcIl9fanNvbl9tZXNzYWdlXCIsMCwyNSxcIlRoZSBcXHUwNDFmXFx1MDQzZVxcdTA0M2JcXHUwNDRjXFx1MDQzN1xcdTA0M2VcXHUwNDMyXFx1MDQzMFxcdTA0NDJcXHUwNDM1XFx1MDQzYlxcdTA0NGYgXFxcInV1eXVcXFwiIHdhcyBhZGRlZCBzdWNjZXNzZnVsbHkuIFlvdSBtYXkgZWRpdCBpdCBhZ2FpbiBiZWxvdy5cIl0sW1wiX19qc29uX21lc3NhZ2VcIiwwLDI1LFwiVGhlIFxcdTA0MWZcXHUwNDNlXFx1MDQzYlxcdTA0NGNcXHUwNDM3XFx1MDQzZVxcdTA0MzJcXHUwNDMwXFx1MDQ0MlxcdTA0MzVcXHUwNDNiXFx1MDQ0ZiBcXFwidXV5dVxcXCIgd2FzIGNoYW5nZWQgc3VjY2Vzc2Z1bGx5LlwiXSxbXCJfX2pzb25fbWVzc2FnZVwiLDAsMjUsXCJUaGUgXFx1MDQxZlxcdTA0M2VcXHUwNDNiXFx1MDQ0Y1xcdTA0MzdcXHUwNDNlXFx1MDQzMlxcdTA0MzBcXHUwNDQyXFx1MDQzNVxcdTA0M2JcXHUwNDRmIFxcXCJ0dHR0XFxcIiB3YXMgY2hhbmdlZCBzdWNjZXNzZnVsbHkuXCJdXSJ9	2015-04-17 09:48:18.249654+02
2uvzj71m13nz4sz880jt3ghy8c3dgz1p	MDNjNGE3ZjY2ZjE0M2IzZGE3ZTc3NDEyNjdkY2IzZmVhNjE3Yzc1ODp7Il9hdXRoX3VzZXJfaGFzaCI6IjQ2ZmMyNjc2ODg4M2I1N2M1NTUzOGMzOGFkMTI3MWJmM2E4NjVlMmYiLCJfYXV0aF91c2VyX2JhY2tlbmQiOiJjdXN0b21fdXNlci5hdXRoX2JhY2tlbmRzLkN1c3RvbVVzZXJNb2RlbEJhY2tlbmQiLCJfYXV0aF91c2VyX2lkIjoxMn0=	2015-04-17 11:46:21.882718+02
mrky0sgmq78stl36nn0ai08fz6qq4t1k	MDNjNGE3ZjY2ZjE0M2IzZGE3ZTc3NDEyNjdkY2IzZmVhNjE3Yzc1ODp7Il9hdXRoX3VzZXJfaGFzaCI6IjQ2ZmMyNjc2ODg4M2I1N2M1NTUzOGMzOGFkMTI3MWJmM2E4NjVlMmYiLCJfYXV0aF91c2VyX2JhY2tlbmQiOiJjdXN0b21fdXNlci5hdXRoX2JhY2tlbmRzLkN1c3RvbVVzZXJNb2RlbEJhY2tlbmQiLCJfYXV0aF91c2VyX2lkIjoxMn0=	2015-04-17 15:40:53.324+02
yj3dr8cuqa87myd7npd9dd6yq26ia0fh	MzRkYmU1ZTQ5MmY3ZTgxNTMyZDBmOTg4OGIzY2VmNmNlNmE2MDJhNjp7fQ==	2015-02-06 09:29:38.351703+01
g2z03en1rm0r6a9vei6gx38w4j7y6cij	Njg4M2VhMWZlZjE4NWU3YTQ2MGU3MDQ0MWJiZmE3ZTBkZDA4MGYyOTp7Il9hdXRoX3VzZXJfaGFzaCI6IjFmNjYzNGMwM2U1MDhjZWM3MjE0MjQ4MjQwY2JkZWIxMTcyNmM0YjAiLCJfYXV0aF91c2VyX2JhY2tlbmQiOiJjdXN0b21fdXNlci5hdXRoX2JhY2tlbmRzLkN1c3RvbVVzZXJNb2RlbEJhY2tlbmQiLCJfYXV0aF91c2VyX2lkIjoxMn0=	2015-02-06 09:50:57.837+01
csxe6jmlds45kqi99f3enz9piqjxectj	ZGJkZjJkYzE1ZWJlZjE3MWRjMzljNzllYjkwNjgzZDVmN2I3YzNhOTp7Il9hdXRoX3VzZXJfaGFzaCI6ImNmOWRhMGFhMmY0NWJmNzQxNzA2OTBlMGI4MDBlNGU2ZGRhZWM4ODMiLCJfYXV0aF91c2VyX2JhY2tlbmQiOiJkamFuZ28uY29udHJpYi5hdXRoLmJhY2tlbmRzLk1vZGVsQmFja2VuZCIsIl9hdXRoX3VzZXJfaWQiOjF9	2015-02-15 22:17:37.574839+01
npszg7lfzxxlr8vj9op3u56bedex877b	MzRkYmU1ZTQ5MmY3ZTgxNTMyZDBmOTg4OGIzY2VmNmNlNmE2MDJhNjp7fQ==	2015-02-06 09:32:09.170821+01
if360wz20a89wreo0x0kobeln6i8z1k6	MzRkYmU1ZTQ5MmY3ZTgxNTMyZDBmOTg4OGIzY2VmNmNlNmE2MDJhNjp7fQ==	2015-02-06 09:32:17.195087+01
u3v6v1amw1btmf2uo7heq4f9zn5ihhbh	OTZhZDYxZWQ0MTVlN2M4NTcwODgzNjlkNGQ3Y2UzNjM5Zjk2Zjc2Yjp7Il9hdXRoX3VzZXJfaGFzaCI6ImQzZjVhMTdmYmE1ZjIwZmY4NTBiZDhhOTI3NGU4ZjNlNjRiZWFjNzIiLCJfYXV0aF91c2VyX2JhY2tlbmQiOiJjdXN0b21fdXNlci5hdXRoX2JhY2tlbmRzLkN1c3RvbVVzZXJNb2RlbEJhY2tlbmQiLCJfYXV0aF91c2VyX2lkIjoxMn0=	2015-03-11 08:56:31.132672+01
gmye56vxlhr462xtahv3gajmk2jsvtdx	MGQ5YTA2ODMzMjg3OTA1MjhjYjc0OTU2NTZkNDA4ZWEzMzcyNzI3Yjp7Il9hdXRoX3VzZXJfaGFzaCI6IjJmYTJhZTZjZDM4OWJkMWY4NjgzOTNiMTUwMDE5M2VjMjJiNjJmYTYiLCJfYXV0aF91c2VyX2JhY2tlbmQiOiJjdXN0b21fdXNlci5hdXRoX2JhY2tlbmRzLkN1c3RvbVVzZXJNb2RlbEJhY2tlbmQiLCJfYXV0aF91c2VyX2lkIjoxNn0=	2015-04-16 09:46:36.899398+02
xwexg3vaexehuwhgbivf0moj249itvcg	OWY3MjZjZTYzMjU2MjVlYjViN2U4ZGY2MzUwNzdhY2NkMmMyMDhiZDp7Il9hdXRoX3VzZXJfaGFzaCI6IjYwOGIyNGFlZmMwMGYxNmUxMDFjOTEzNGQzYTJlNjFiMzNjMzE3ZjciLCJfYXV0aF91c2VyX2JhY2tlbmQiOiJjdXN0b21fdXNlci5hdXRoX2JhY2tlbmRzLkN1c3RvbVVzZXJNb2RlbEJhY2tlbmQiLCJfYXV0aF91c2VyX2lkIjoxM30=	2015-02-09 09:40:38.319+01
xddqxf0t72hcwpck8alekmrmbmsny014	OWY3MjZjZTYzMjU2MjVlYjViN2U4ZGY2MzUwNzdhY2NkMmMyMDhiZDp7Il9hdXRoX3VzZXJfaGFzaCI6IjYwOGIyNGFlZmMwMGYxNmUxMDFjOTEzNGQzYTJlNjFiMzNjMzE3ZjciLCJfYXV0aF91c2VyX2JhY2tlbmQiOiJjdXN0b21fdXNlci5hdXRoX2JhY2tlbmRzLkN1c3RvbVVzZXJNb2RlbEJhY2tlbmQiLCJfYXV0aF91c2VyX2lkIjoxM30=	2015-02-09 13:25:27.305324+01
174ujqrzq661ybrn067wj05pb88ce90q	Njg4M2VhMWZlZjE4NWU3YTQ2MGU3MDQ0MWJiZmE3ZTBkZDA4MGYyOTp7Il9hdXRoX3VzZXJfaGFzaCI6IjFmNjYzNGMwM2U1MDhjZWM3MjE0MjQ4MjQwY2JkZWIxMTcyNmM0YjAiLCJfYXV0aF91c2VyX2JhY2tlbmQiOiJjdXN0b21fdXNlci5hdXRoX2JhY2tlbmRzLkN1c3RvbVVzZXJNb2RlbEJhY2tlbmQiLCJfYXV0aF91c2VyX2lkIjoxMn0=	2015-02-06 09:35:00.303958+01
251vilce4wdiyj7cdcfcw6xzk59zwv8u	ZGJkZjJkYzE1ZWJlZjE3MWRjMzljNzllYjkwNjgzZDVmN2I3YzNhOTp7Il9hdXRoX3VzZXJfaGFzaCI6ImNmOWRhMGFhMmY0NWJmNzQxNzA2OTBlMGI4MDBlNGU2ZGRhZWM4ODMiLCJfYXV0aF91c2VyX2JhY2tlbmQiOiJkamFuZ28uY29udHJpYi5hdXRoLmJhY2tlbmRzLk1vZGVsQmFja2VuZCIsIl9hdXRoX3VzZXJfaWQiOjF9	2015-02-06 09:35:52.941366+01
1ynfeumc1fgoqsfyxu2dxzlb5qepyaof	ZTUxYTAxMzQwYWQyNjJlMjg3ZWY3NmIxMWM4N2UzMjg3NjNiMTE5YTp7Il9hdXRoX3VzZXJfaGFzaCI6ImMyZmRmZWFkYTcxNWY2NjRhZjVmZmI0NWRmNDMzNjk1NjNkNWE5ZTQiLCJfYXV0aF91c2VyX2JhY2tlbmQiOiJjdXN0b21fdXNlci5hdXRoX2JhY2tlbmRzLkN1c3RvbVVzZXJNb2RlbEJhY2tlbmQiLCJfYXV0aF91c2VyX2lkIjoxM30=	2015-03-16 13:38:33.410021+01
q6y2j5nhazsnk1h421czqbyk1r7kny0x	ZTUxYTAxMzQwYWQyNjJlMjg3ZWY3NmIxMWM4N2UzMjg3NjNiMTE5YTp7Il9hdXRoX3VzZXJfaGFzaCI6ImMyZmRmZWFkYTcxNWY2NjRhZjVmZmI0NWRmNDMzNjk1NjNkNWE5ZTQiLCJfYXV0aF91c2VyX2JhY2tlbmQiOiJjdXN0b21fdXNlci5hdXRoX2JhY2tlbmRzLkN1c3RvbVVzZXJNb2RlbEJhY2tlbmQiLCJfYXV0aF91c2VyX2lkIjoxM30=	2015-02-26 11:28:31.594474+01
54bktoca4ceaulebkffodgten45aq7p2	MzRkYmU1ZTQ5MmY3ZTgxNTMyZDBmOTg4OGIzY2VmNmNlNmE2MDJhNjp7fQ==	2015-03-17 14:54:05.622449+01
xk3vx5fcz3dvk9kh81dhxmiqy65wgadv	MzRkYmU1ZTQ5MmY3ZTgxNTMyZDBmOTg4OGIzY2VmNmNlNmE2MDJhNjp7fQ==	2015-03-19 13:12:50.385596+01
9x5grw00df4aeln8134ngt1gjsb1g03i	ZGJkZjJkYzE1ZWJlZjE3MWRjMzljNzllYjkwNjgzZDVmN2I3YzNhOTp7Il9hdXRoX3VzZXJfaGFzaCI6ImNmOWRhMGFhMmY0NWJmNzQxNzA2OTBlMGI4MDBlNGU2ZGRhZWM4ODMiLCJfYXV0aF91c2VyX2JhY2tlbmQiOiJkamFuZ28uY29udHJpYi5hdXRoLmJhY2tlbmRzLk1vZGVsQmFja2VuZCIsIl9hdXRoX3VzZXJfaWQiOjF9	2015-03-17 15:43:50.233552+01
mydm3y56tbd4vblmazu84fif6a4ou7ir	ZGJkZjJkYzE1ZWJlZjE3MWRjMzljNzllYjkwNjgzZDVmN2I3YzNhOTp7Il9hdXRoX3VzZXJfaGFzaCI6ImNmOWRhMGFhMmY0NWJmNzQxNzA2OTBlMGI4MDBlNGU2ZGRhZWM4ODMiLCJfYXV0aF91c2VyX2JhY2tlbmQiOiJkamFuZ28uY29udHJpYi5hdXRoLmJhY2tlbmRzLk1vZGVsQmFja2VuZCIsIl9hdXRoX3VzZXJfaWQiOjF9	2015-03-06 14:02:34.061506+01
37pj9czzl7ysji7r21h8kuxmyifbs3q5	ZTUxYTAxMzQwYWQyNjJlMjg3ZWY3NmIxMWM4N2UzMjg3NjNiMTE5YTp7Il9hdXRoX3VzZXJfaGFzaCI6ImMyZmRmZWFkYTcxNWY2NjRhZjVmZmI0NWRmNDMzNjk1NjNkNWE5ZTQiLCJfYXV0aF91c2VyX2JhY2tlbmQiOiJjdXN0b21fdXNlci5hdXRoX2JhY2tlbmRzLkN1c3RvbVVzZXJNb2RlbEJhY2tlbmQiLCJfYXV0aF91c2VyX2lkIjoxM30=	2015-03-18 12:52:36.280051+01
7vpwlntnaez72kobm4pggvkchipc0ewp	MDNjNGE3ZjY2ZjE0M2IzZGE3ZTc3NDEyNjdkY2IzZmVhNjE3Yzc1ODp7Il9hdXRoX3VzZXJfaGFzaCI6IjQ2ZmMyNjc2ODg4M2I1N2M1NTUzOGMzOGFkMTI3MWJmM2E4NjVlMmYiLCJfYXV0aF91c2VyX2JhY2tlbmQiOiJjdXN0b21fdXNlci5hdXRoX2JhY2tlbmRzLkN1c3RvbVVzZXJNb2RlbEJhY2tlbmQiLCJfYXV0aF91c2VyX2lkIjoxMn0=	2015-04-17 14:41:16.792251+02
alqpbdvb2m98m972ci3y6g9in4w14zsp	OWVlMWQ1ZmJhNDVmMWM1YTJlY2QzNjE4NjUzNDk5YTU3MTAyNDg3MDp7Il9hdXRoX3VzZXJfaGFzaCI6ImU5NDc0OTE1MTYwZGNjYmNlZTIxZjRjMGIzZDgwZDhkNjE4MzYyZTUiLCJfYXV0aF91c2VyX2JhY2tlbmQiOiJjdXN0b21fdXNlci5hdXRoX2JhY2tlbmRzLkN1c3RvbVVzZXJNb2RlbEJhY2tlbmQiLCJfYXV0aF91c2VyX2lkIjoxMn0=	2015-03-27 12:34:29.831323+01
6zpfxrdy1uk67b07rp2pz40ybnpe3ia4	MzRkYmU1ZTQ5MmY3ZTgxNTMyZDBmOTg4OGIzY2VmNmNlNmE2MDJhNjp7fQ==	2015-03-20 13:12:08.126368+01
6iew9wfs6supon0x68po475ncgg7pjot	MDNjNGE3ZjY2ZjE0M2IzZGE3ZTc3NDEyNjdkY2IzZmVhNjE3Yzc1ODp7Il9hdXRoX3VzZXJfaGFzaCI6IjQ2ZmMyNjc2ODg4M2I1N2M1NTUzOGMzOGFkMTI3MWJmM2E4NjVlMmYiLCJfYXV0aF91c2VyX2JhY2tlbmQiOiJjdXN0b21fdXNlci5hdXRoX2JhY2tlbmRzLkN1c3RvbVVzZXJNb2RlbEJhY2tlbmQiLCJfYXV0aF91c2VyX2lkIjoxMn0=	2015-04-24 10:24:41.91895+02
ie29nkzodhtr2uhlvt1y375k6irys6yd	MDNjNGE3ZjY2ZjE0M2IzZGE3ZTc3NDEyNjdkY2IzZmVhNjE3Yzc1ODp7Il9hdXRoX3VzZXJfaGFzaCI6IjQ2ZmMyNjc2ODg4M2I1N2M1NTUzOGMzOGFkMTI3MWJmM2E4NjVlMmYiLCJfYXV0aF91c2VyX2JhY2tlbmQiOiJjdXN0b21fdXNlci5hdXRoX2JhY2tlbmRzLkN1c3RvbVVzZXJNb2RlbEJhY2tlbmQiLCJfYXV0aF91c2VyX2lkIjoxMn0=	2015-05-01 12:56:42.623332+02
gnbc8xrvmjyo34pyid1rglalw17pq21o	ZGJkZjJkYzE1ZWJlZjE3MWRjMzljNzllYjkwNjgzZDVmN2I3YzNhOTp7Il9hdXRoX3VzZXJfaGFzaCI6ImNmOWRhMGFhMmY0NWJmNzQxNzA2OTBlMGI4MDBlNGU2ZGRhZWM4ODMiLCJfYXV0aF91c2VyX2JhY2tlbmQiOiJkamFuZ28uY29udHJpYi5hdXRoLmJhY2tlbmRzLk1vZGVsQmFja2VuZCIsIl9hdXRoX3VzZXJfaWQiOjF9	2015-04-01 16:10:10.319726+02
lwkay4afqlqbutvw1busp3fk19ytropi	OTdmYThhMGU2ZjIzNDhiNjM4Yjg3MTU2ZWRiODdiNmYwNWJmNWEyNzp7Il9hdXRoX3VzZXJfaGFzaCI6IjliNTA1NjI3NDQ4MzE5NjIyZDUyN2IyMmZkOTJhZTBkODkzMDRjNDAiLCJfYXV0aF91c2VyX2JhY2tlbmQiOiJjdXN0b21fdXNlci5hdXRoX2JhY2tlbmRzLkN1c3RvbVVzZXJNb2RlbEJhY2tlbmQiLCJfYXV0aF91c2VyX2lkIjoxMn0=	2015-05-07 11:55:32.695813+02
\.


--
-- Data for Name: django_site; Type: TABLE DATA; Schema: public; Owner: stas
--

COPY django_site (id, domain, name) FROM stdin;
1	example.com	example.com
\.


--
-- Name: django_site_id_seq; Type: SEQUENCE SET; Schema: public; Owner: stas
--

SELECT pg_catalog.setval('django_site_id_seq', 1, true);


--
-- Data for Name: guardian_groupobjectpermission; Type: TABLE DATA; Schema: public; Owner: stas
--

COPY guardian_groupobjectpermission (id, permission_id, content_type_id, object_pk, group_id) FROM stdin;
\.


--
-- Name: guardian_groupobjectpermission_id_seq; Type: SEQUENCE SET; Schema: public; Owner: stas
--

SELECT pg_catalog.setval('guardian_groupobjectpermission_id_seq', 1, false);


--
-- Data for Name: guardian_userobjectpermission; Type: TABLE DATA; Schema: public; Owner: stas
--

COPY guardian_userobjectpermission (id, permission_id, content_type_id, object_pk, user_id) FROM stdin;
1	38	8	45	12
2	39	8	45	12
3	40	8	45	12
\.


--
-- Name: guardian_userobjectpermission_id_seq; Type: SEQUENCE SET; Schema: public; Owner: stas
--

SELECT pg_catalog.setval('guardian_userobjectpermission_id_seq', 3, true);


--
-- Data for Name: main_advertisementpromo; Type: TABLE DATA; Schema: public; Owner: stas
--

COPY main_advertisementpromo (id, title, project_id) FROM stdin;
\.


--
-- Name: main_advertisementpromo_id_seq; Type: SEQUENCE SET; Schema: public; Owner: stas
--

SELECT pg_catalog.setval('main_advertisementpromo_id_seq', 1, false);


--
-- Data for Name: main_advertisementpromo_monitoring_product; Type: TABLE DATA; Schema: public; Owner: stas
--

COPY main_advertisementpromo_monitoring_product (id, advertisementpromo_id, monitoringproduct_id) FROM stdin;
\.


--
-- Name: main_advertisementpromo_monitoring_product_id_seq; Type: SEQUENCE SET; Schema: public; Owner: stas
--

SELECT pg_catalog.setval('main_advertisementpromo_monitoring_product_id_seq', 1, false);


--
-- Data for Name: main_article; Type: TABLE DATA; Schema: public; Owner: stas
--

COPY main_article (id, project_id, date, date_upload, day_id, week_id, month_id, media_level_id, federal_district_id, region_id, country_id, media_view_id, media_list_id, media_category_id, material_genre_id, image_id, media_type_id, interaction_kind_id, penetration_id, visibility_id, macroregion_id, media_list_special_id, media_type_special_id, media_category_special_id, visibility_special_id, km_special_id, brand_or_product_id, speaker_quote_id, third_patry_speakers_id, headder_tonality_id, main_tonality_id, global_local_event_id, emotional_tone_material_id, emotional_tone_title_id, city_id, branch_id, url_id, author_id, source_id, title_id, annotation, description, bissines_direction_id, thematic_category_id, material_reason_id, id_press_release_id, km_result, tag_id, duration_id, release_time, cover, infographics, mo, category_id, edge_region_id) FROM stdin;
1946	1	2014-11-23 21:00:00+01	2015-03-30 13:53:17.185838+02	\N	\N	\N	9	14	6	6	17	\N	\N	5	\N	7	\N	\N	\N	\N	\N	\N	\N	\N	\N	\N	\N	\N	\N	\N	\N	5	3	19	\N	405	\N	319	373	Microsoft продвигает свой смартфон Lumia 730 необычным способом. Для рекламы она вместе с компанией Coca-Cola организовала мероприятие, чтобы установить рекорд, который смог бы попасть в Книгу рекордов Гиннесса.	Компания Microsoft занялась продвижением своего нового смартфона Lumia 730, при этом прибегнув к необычным средствам. В частности, редмондцы предложили компании Coca-Cola совместно установить рекорд, заодно "отметившись", если получится, в Книге рекордов Гиннесса. И получилось. В Бангладеше Microsoft и Coca-Cola организовали масштабное рекламное мероприятие с участием местных жителей. Последним предлагалось посодействовать установлению рекорда, для чего надо было предварительно зарегистрироваться и в установленное время быть в указанном месте. Именно там должно было состояться самое масштабное в истории селфи. Всего в акции принял участие 1151 житель Бангладеша. Фото снималось на 5 Мп фронтальную камеру смартфона Lumia 730, за которую устройство прозвали селфи-фоном. Официально рекорд еще не подтвердили - Microsoft ждет вердикт от организации, представляющей Книгу рекордов Гиннесса. В целом довольно неглупый маркетинговый ход - участники рекламного мероприятия сами приходят на него, без материального стимула. Затем отмечается не обремененный неким смыслом рекорд, по причине чего обе стороны получают выгоду. Организаторы фактически не прикладывая особых усилий, без больших вложений (а то и вообще без них) устраивают качественную пиар-акцию. Участники же удовлетворяются сопричастием рекорду и сопровождаемыми положительными эмоциями. Уж кто-кто, а маркетологи в Microsoft явно знают свое дело.	\N	\N	49	\N	f	\N	\N	\N	\N	\N	100	77	\N
1989	1	2014-11-23 21:00:00+01	2015-03-30 13:53:17.185838+02	\N	\N	\N	9	20	6	6	17	\N	\N	5	\N	7	\N	\N	\N	\N	\N	\N	\N	\N	\N	\N	\N	\N	\N	\N	\N	1	4	62	\N	446	\N	345	408	В Ижевске состоялся Форум предпринимателей "Бизнес-Трамплин. Масштабирование". Участники познакомились с Александром Сазановичем - Советником Генерального директора Компании "Азбука вкуса", разработчиком стратегии вертикальной интеграции ОАО "Сады Придонья", руководителем программы МВА "Стратегический менеджмент".	В минувшие выходные в Ижевске состоялся Форум предпринимателей "Бизнес-Трамплин. Масштабирование". В этом году, в отличие от предыдущего, форум продлился целых три дня.Первым федеральным гостем на Форума "Бизнес-Трамплин. Масштабирование" стал Дмитрий Потапенко - экс-управляющий партнер X5RetailGroup ("Карусель", "Пятерочка", "Перекресток"), основатель и управляющий партнер Management Development Group, предприниматель, блогер. Он поделился с предпринимателями секретами развития и управления розничной сети.Вторым гостем Форума стал Владимир Ванин - владелец завода декоративного камня "НЕОЛИТ", разработчик авторского тренинга "Fast Trac" для ускорения развития бизнес-процессов, преподаватель Высшей школы экономики на Президентской программе. Владимир Ванин вдохновил участников своим отношением к бизнесу, и научил не только масштабировать бизнес, но также привлекать и удерживать клиентов.В воскресенье участники познакомились с Александром Сазановичем - Советником Генерального директора Компании "Азбука вкуса", разработчиком стратегии вертикальной интеграции ОАО "Сады Придонья", руководителем программы МВА "Стратегический менеджмент". Александр рассказал о самом главном, о том, как расти даже в том случае, когда рынок не растет, а потребление сокращается. Также он посетил торжественное закрытие форума и лично вручил всем участникам сертификаты.Также на форуме участникам удалось найти порядка 100 новых полезных контактов во время speed-dating (экпресс-знакомств), пройти бизнес-квест от компании Escape, повлиять на экономику целой страны во время игры "Бизнес-Экспансия", получить заряд бодрости на Start-Up зарядке вместе с Рамилем Шафигуллиным - международным тренером, чемпионом по армспорту и кроссфиту, а также внутреннюю уверенность на бизнес-медитации от Александра Михайлова.	\N	\N	73	\N	f	\N	\N	\N	\N	\N	1350	80	\N
1947	1	2014-11-23 21:00:00+01	2015-03-30 13:53:17.185838+02	\N	\N	\N	7	13	6	6	15	\N	\N	5	\N	7	\N	\N	\N	\N	\N	\N	\N	\N	\N	\N	\N	\N	\N	\N	\N	1	3	14	\N	406	\N	320	374	Microsoft продвигает свой смартфон Lumia 730 необычным способом. Для рекламы она вместе с компанией Coca-Cola организовала мероприятие, чтобы установить рекорд, который смог бы попасть в Книгу рекордов Гиннесса.	Microsoft совместно с Coca-Cola поставили в Бангладеше мировой рекорд. Связан он с селфи - фото самих себя на камеру смартфона.22 ноября в Бангладеше в Bashundhara City Shopping Mall состоялось специальное мероприятие в рамках кампании по продвижению на местном рынке представленного в сентябре смартфона Nokia Lumia 730. Он оснащается 5-мегапиксельной фронтальной камерой с широкоугольным объективом.В акции приняли участие десятки местных жителей, которые, судя по всему, очень любят фотографироваться. С их помощью на камеру Nokia Lumia 730 удалось сделать "самое большое в мире селфи". Сколько именно человек приняло участие в масштабном флешмобе, не уточняется. Известно лишь, что за участие в необычном рекорде Microsoft разыграла несколько призов, в том числе тот самый Lumia 730, который еще до этого окрестили "смартфоном для селфи".	\N	\N	49	\N	f	\N	\N	\N	\N	\N	48600	77	\N
1948	1	2014-11-23 21:00:00+01	2015-03-30 13:53:17.185838+02	\N	\N	\N	7	13	6	6	15	\N	\N	5	\N	7	\N	\N	\N	\N	\N	\N	\N	\N	\N	\N	\N	\N	\N	\N	\N	5	3	14	\N	407	\N	79	375	Более восьми лет Apple сотрудничает с благотворительной организацией (Product) RED, занимающейся сбором средств на помощь в борьбе с СПИДом. В этом году американская компания заручилась поддержкой известных разработчиков iOS-приложений и запустила двухнедельную кампанию Apps for RED. С RED сотрудничают такие известные компании, как Coca-Cola, Beats, Nike, Twitter, AOL и Starbucks.	Более восьми лет Apple сотрудничает с благотворительной организацией (Product) RED, занимающейся сбором средств на помощь в борьбе с СПИДом. В этом году американская компания заручилась поддержкой известных разработчиков iOS-приложений и запустила двухнедельную кампанию Apps for RED.С 24 ноября по 7 декабря 2014 года все средства от продажи некоторых программ и игр, а также дополнительного контента с пометкой (RED), будут переданы Глобальному фонду борьбы со СПИДом, туберкулезом и малярией. Среди приложений-участников программы отметим Angry Birds, Cut the Rope 2, FIFA 15, Garageband, The Sims FreePlay, Paper by FiftyThree, Disney Frozen Free Fall, Despicable Me: Minion Rush, Monument Valley, Warner Bros - Heads Up! и Rayman Fiesta Run.Apple пожертвует фонду часть доходов от продажи товаров в фирменных точках розничной торговли и заказов в онлайн-магазине производителя. Это касается всех покупок, сделанных 1 декабря, в "киберпонедельник", совпавший со Всемирным днем борьбы со СПИДом. Точный размер отчислений не сообщается, но по словам представителей компании, средств от каждого купленного компьютера iMac хватит на четыре месяца антиретровирусной терапии для ВИЧ-инфицированного человека.Помимо всего прочего, в так называемую "черную пятницу" (28 ноября) покупатели определенных устройств Apple смогут приобрести специальное издание подарочных карт iTunes. Процент от их стоимости также будет передан в фонд и поможет спасти чью-то жизнь.Добавим, что с RED сотрудничают такие известные компании, как Coca-Cola, Beats, Nike, Twitter, AOL и Starbucks.	\N	\N	50	\N	f	\N	\N	\N	\N	\N	8000	77	\N
1949	1	2014-11-23 21:00:00+01	2015-03-30 13:53:17.185838+02	\N	\N	\N	7	13	6	6	15	\N	\N	4	\N	7	\N	\N	\N	\N	\N	\N	\N	\N	\N	\N	\N	\N	\N	\N	\N	1	4	14	\N	408	\N	321	376	Samsung, Adidas и Sony возглавили top-20 рейтинга "Любимые бренды россиян", седьмой раз проводимого компанией Online Market Intelligence. Coca-Cola - один из двух "продуктовых" брендов в списке - поднялся с одиннадцатой строчки на восьмую. Он также возглавляет товарную категорию "Сладкие газированные напитки".	Samsung, Adidas и Sony возглавили top-20 рейтинга "Любимые бренды россиян", седьмой раз проводимого компанией Online Market Intelligence (OMI).Четыре года подряд бренд Samsung сохраняет лидирующие позиции в первой двадцатке ежегодного исследования "Любимые бренды россиян". Бренд Adidas потеснил бренд Sony со второй позиции на третью, тем самым установив свой личный рекорд в рейтинге Online Market Intelligence (OMI).В 2014 году исследователи расширили рейтинг, включив в него новые товарные категории: "Мобильные приложения", "Новостные сайты", "Продукты быстрого приготовления" и "Радиостанции". В настоящее время общее количество категорий в исследовании равно 62, что практически охватывает весь спектр товаров и потребительских услуг.Несмотря на это, в первой двадцатке рейтинга по-прежнему доминируют глобальные и технологичные бренды. Из брендов "повседневной жизни" Ostin и Ecco впервые были отмечены любовью жителей крупнейших городов России (Таблица 1).О чем говорят данные исследования "Любимые бренды" поясняет генеральный директор компании OMI Александр Шашкин: "Можно выделить несколько ключевых трендов и любопытных фактов, зафиксированных в очередной волне исследования. Во-первых, люди любят доступные бренды, что объясняет, к примеру, почти полное отсутствие автомобильных марок в рейтинге. Может быть, любимые бренды здесь находятся за рамками досягаемости? Во-вторых, бренды из области стиля жизни понемногу теснят технику и электронику. Можно предположить, что люди уже освоили мир техники, а теперь "ищут любви" в других категориях. В-третьих, удивительная стабильность рейтинга демонстрирует интересный портрет российского потребителя, не сильно отличающийся от периода 90-х годов. Человек с телефоном Samsung, в костюме Adidas и в автомашине BMW. Дома у него техника Sony и Bosch… и, конечно, Coca-Cola!"Кто же еще вошел в top-20 рейтинга?На четвертую позицию взошел бренд Nike, до этого два года сохранявший шестое место в рейтинге.Бренды Nokia, Apple, Philips и Asus потеряли предыдущие позиции и заняли пятое, шестое, десятое и четырнадцатое место соответственно.С немецкой надежностью Bosh три года подряд уверенно стоит на седьмой строчке двадцати "Любимых брендов россиян". Такую же стабильность демонстрирует и бренд LG на девятом месте.Coca-Cola - один из двух "продуктовых" брендов в списке - поднялся с одиннадцатой строчки на восьмую. Он также возглавляет товарную категорию "Сладкие газированные напитки".Бренд Panasonic вернулся к одиннадцатой строчке top-20, которую занимал в 2012 году.Пропуская на двенадцатом месте Reebok, стоит отметить бренд Zara. Zara ворвалась в двадцатку любимых брендов в 2012 году, заняв тринадцатое место. Это был первый не спортивный бренд в рейтинге, предлагающий российским потребителям повседневную одежду. Пока выше двенадцатой строчке Zara не поднималась.Второй продуктовый бренд в двадцатке лучших - это Nestle. Шестнадцатое место в 2014 году - против пятнадцатого в 2013 и восемнадцатого в 2012 году. Кроме этого, Nestle возглавил сразу две товарные категории - "Мороженое" и "Сухие завтраки"."Вернулись" три участника предыдущих лет: Nivea на 17 место (16 позиция в 2011 г.), Chanel на 15 строчку (18 место в 2010 г.), Reebok - 12 (19 строчка в 2012 г.). При этом Nivea несколько лет является неизменным лидером категории "Средства по уходу за телом" и в этом году категории "Шампуни" (Таблица 2). А бренд Chanel возглавил в текущем исследовании категорию "Парфюмерия и косметика".Единственный автомобильный бренд, оставшийся в этой части исследования - BMW, на восемнадцатом месте top-20. Ни Toyota, занимавшая в рейтинге уверенные позиции с 2010 года, ни Mercedes, входивший в двадцатку лидеров в 2010 и 2012 году, не отмечены респондентами как любимые в этом году.Стоит отметить ряд медийных категорий в исследовании. Например, любимым брендом среди журналов интернет-пользователи российских городов называют "Cosmopolitan", из радиостанций - Европу Плюс, а из ТВ-каналов - ТНТ. Показательна любовь соотечественников к бренду Yandex. Он возглавил сразу несколько категорий: "Новостной ресурс", "Интернет-сервис" и "Мобильное приложение" (Yandex. Пробки).В нововведенной категории "Продукты быстрого приготовления" безоговорочным лидером стал "Ролтон".Для сведения:Независимое исследование проводится с 2008 года с целью выявления брендов, отношение к которым россияне характеризуют словом "любовь". Метод проведения: Интернет-опрос с использованием онлайн панели Anketka.ru. В опросе приняло участие 1500 человек, проживающих в крупных российских городах с доходом выше среднего; выборка квотная, стратифицированная. После блока социально-демографических вопросов респондентам предлагалось назвать торговые марки (бренды), которые они считают любимыми. "Любимые бренды" назывались без подсказки, количество наименований ограничивалось десятью позициями. Далее респондентам задавались вопросы о частоте потребления различных товаров и услуг. Вопросы о любимых брендах в товарных категориях задавались только тем респондентам, которые потребляют товары или услуги в данной категории с заданной частотой.Полные результаты исследования, а также его детальное описание публикуются на специально созданном сайте www.top20brands.ru	\N	\N	51	\N	f	\N	\N	\N	\N	\N	8800	77	\N
1950	1	2014-11-23 21:00:00+01	2015-03-30 13:53:17.185838+02	\N	\N	\N	7	13	6	6	15	\N	\N	5	\N	7	\N	\N	\N	\N	\N	\N	\N	\N	\N	\N	\N	\N	\N	\N	\N	1	4	14	\N	409	\N	322	377	Компания The Coca-Cola Company недовольна ситуацией, сложившейся вокруг Международной федерации футбола, спонсором которой она является.	Компания The Coca-Cola Company, производящая безалкогольный газированный напиток "Кока-Кола", недовольна ситуацией, сложившейся вокруг Международной федерации футбола (ФИФА), спонсором которой она является.Об этом сообщает ITV.Напомним, что в ноябре ФИФА официально сняла с Катара и России подозрения в коррупции, касающиеся получения этими странами права проведения чемпионата мира 2018 и 2022 годов соответственно. Однако не все остались довольны этим. Более того, стало известно, что член комитета по этике ФИФА Гарсия обжалует итоги расследования ФИФА. С точки зрения Гарсии, итоговый отчет ФИФА неполон, а также содержит многочисленные ошибочные представления фактов и выводов."Нынешние противоречивые перспективы относительно расследования неутешительны. Мы надеемся, что все будет быстро решено в прозрачной и эффективной манере", - заявил представитель Coca-Cola.	\N	\N	52	\N	f	\N	\N	\N	\N	\N	75400	77	\N
1951	1	2014-11-23 21:00:00+01	2015-03-30 13:53:17.185838+02	\N	\N	\N	7	13	6	6	15	\N	\N	5	\N	7	\N	\N	\N	\N	\N	\N	\N	\N	\N	\N	\N	\N	\N	\N	\N	1	4	14	\N	410	\N	323	377	Компания The Coca-Cola Company недовольна ситуацией, сложившейся вокруг Международной федерации футбола, спонсором которой она является.	Компания The Coca-Cola Company, производящая безалкогольный газированный напиток "Кока-Кола", недовольна ситуацией, сложившейся вокруг Международной федерации футбола (ФИФА), спонсором которой она является.Об этом сообщает ITV.Напомним, что в ноябре ФИФА официально сняла с Катара и России подозрения в коррупции, касающиеся получения этими странами права проведения чемпионата мира 2018 и 2022 годов соответственно. Однако не все остались довольны этим. Более того, стало известно, что член комитета по этике ФИФА Гарсия обжалует итоги расследования ФИФА. С точки зрения Гарсии, итоговый отчет ФИФА неполон, а также содержит многочисленные ошибочные представления фактов и выводов."Нынешние противоречивые перспективы относительно расследования неутешительны. Мы надеемся, что все будет быстро решено в прозрачной и эффективной манере", - заявил представитель Coca-Cola.	\N	\N	52	\N	f	\N	\N	\N	\N	\N	500000	77	\N
1990	1	2014-11-23 21:00:00+01	2015-03-30 13:53:17.185838+02	\N	\N	\N	9	20	6	6	17	\N	\N	5	\N	7	\N	\N	\N	\N	\N	\N	\N	\N	\N	\N	\N	\N	\N	\N	\N	1	4	62	\N	447	\N	346	408	В Ижевске состоялся Форум предпринимателей "Бизнес-Трамплин. Масштабирование". Участники познакомились с Александром Сазановичем - Советником Генерального директора Компании "Азбука вкуса", разработчиком стратегии вертикальной интеграции ОАО "Сады Придонья", руководителем программы МВА "Стратегический менеджмент".	Первым федеральным гостем на Форума "Бизнес-Трамплин. Масштабирование" стал Дмитрий Потапенко - экс-управляющий партнер X5RetailGroup ("Карусель", "Пятерочка", "Перекресток"), основатель и управляющий партнер Management Development Group, предприниматель, блогер. Он поделился с предпринимателями секретами развития и управления розничной сети.Вторым гостем Форума стал Владимир Ванин - владелец завода декоративного камня "НЕОЛИТ", разработчик авторского тренинга "Fast Trac" для ускорения развития бизнес-процессов, преподаватель Высшей школы экономики на Президентской программе. Владимир Ванин вдохновил участников своим отношением к бизнесу, и научил не только масштабировать бизнес, но также привлекать и удерживать клиентов.В воскресенье участники познакомились с Александром Сазановичем - Советником Генерального директора Компании "Азбука вкуса", разработчиком стратегии вертикальной интеграции ОАО "Сады Придонья", руководителем программы МВА "Стратегический менеджмент". Александр рассказал о самом главном, о том, как расти даже в том случае, когда рынок не растет, а потребление сокращается. Также он посетил торжественное закрытие форума и лично вручил всем участникам сертификаты.Также на форуме участникам удалось найти порядка 100 новых полезных контактов во время speed-dating (экпресс-знакомств), пройти бизнес-квест от компании Escape, повлиять на экономику целой страны во время игры "Бизнес-Экспансия", получить заряд бодрости на Start-Up зарядке вместе с Рамилем Шафигуллиным - международным тренером, чемпионом по армспорту и кроссфиту, а также внутреннюю уверенность на бизнес-медитации от Александра Михайлова.	\N	\N	73	\N	f	\N	\N	\N	\N	\N	43700	80	\N
1952	1	2014-11-23 21:00:00+01	2015-03-30 13:53:17.185838+02	\N	\N	\N	7	13	6	6	15	\N	\N	5	\N	7	\N	\N	\N	\N	\N	\N	\N	\N	\N	\N	\N	\N	\N	\N	\N	1	4	14	\N	411	\N	324	378	Samsung, Adidas и Sony возглавили top-20 рейтинга "Любимые бренды россиян", седьмой раз проводимого компанией Online Market Intelligence. Coca-Cola - один из двух "продуктовых" брендов в списке - поднялся с одиннадцатой строчки на восьмую. Он также возглавляет товарную категорию "Сладкие газированные напитки".	Компания Online Market Intelligence решила выяснить, каким же маркам отдают предпочтения граждане России в 2014 году. Результаты сетевого опроса 1500 человек получились любопытными.Первую строчку своеобразного хит-парада предпочтений заняла компания Samsung, вторую - Adidas, которая в этом году вытеснила Sony на третье место.Как отмечает "Лента", на российском рынке присутствует тенденция ослабления популярности IT-брендов. Например, компания Nike заняла четвертое место, опередив по результатам опроса Nokia и Apple.Седьмое место за собой сохранила компания Bosch, восьмая строчка досталась Coca-Cola, за ней расположились LG, Philips и Panasonic. Asus заняла четырнадцатое место, потеряв одну позицию, а HTC и Canon покинули двадцатку самых популярных брендов.Сообщается, что в этом году в анкету впервые были введены новые товарные категории. Например, лучшим интернет-магазином россияне считают "Озон", а "Яндекс" - лучшим интернет-сервисом и новостным сайтом. В свою очередь, звание лучшего мобильного приложения 2014 года досталось "Яндекс.Пробкам".	\N	\N	51	\N	f	\N	\N	\N	\N	\N	83600	77	\N
1953	1	2014-11-23 21:00:00+01	2015-03-30 13:53:17.185838+02	\N	\N	\N	7	13	6	6	15	\N	\N	5	\N	7	\N	\N	\N	\N	\N	\N	\N	\N	\N	\N	\N	\N	\N	\N	\N	5	3	14	\N	412	\N	325	375	Более восьми лет Apple сотрудничает с благотворительной организацией (Product) RED, занимающейся сбором средств на помощь в борьбе с СПИДом. В этом году американская компания заручилась поддержкой известных разработчиков iOS- приложений и запустила двухнедельную кампанию Apps for RED. С RED сотрудничают такие известные компании, как Coca-Cola, Beats, Nike, Twitter, AOL и Starbucks.	Более восьми лет Apple сотрудничает с благотворительной организацией (Product) RED, занимающейся сбором средств на помощь в борьбе с СПИДом. В этом году американская компания заручилась поддержкой известных разработчиков iOS- приложений и запустила двухнедельную кампанию Apps for RED.С 24 ноября по 7 декабря 2014 года все средства от продажи некоторых программ и игр , а также дополнительного контента с пометкой (RED), будут переданы Глобальному фонду борьбы со СПИДом, туберкулезом и малярией. Среди приложений-участников программы отметим Angry Birds, Cut the Rope 2, FIFA 15, Garageband, The Sims FreePlay, Paper by FiftyThree, Disney Frozen Free Fall, Despicable Me: Minion Rush, Monument Valley, Warner Bros - Heads Up! и Rayman Fiesta Run.Apple пожертвует фонду часть доходов от продажи товаров в фирменных точках розничной торговли и заказов в онлайн-магазине производителя. Это касается всех покупок, сделанных 1 декабря, в "киберпонедельник", совпавший со Всемирным днем борьбы со СПИДом. Точный размер отчислений не сообщается, но по словам представителей компании, средств от каждого купленного компьютера iMac хватит на четыре месяца антиретровирусной терапии для ВИЧ-инфицированного человека.Помимо всего прочего, в так называемую "черную пятницу" (28 ноября) покупатели определенных устройств Apple смогут приобрести специальное издание подарочных карт iTunes. Процент от их стоимости также будет передан в фонд и поможет спасти чью-то жизнь.Добавим, что с RED сотрудничают такие известные компании, как Coca-Cola, Beats, Nike, Twitter, AOL и Starbucks.	\N	\N	50	\N	f	\N	\N	\N	\N	\N	265000	77	\N
1954	1	2014-11-23 21:00:00+01	2015-03-30 13:53:17.185838+02	\N	\N	\N	7	13	6	6	15	\N	\N	5	\N	7	\N	\N	\N	\N	\N	\N	\N	\N	\N	\N	\N	\N	\N	\N	\N	1	4	14	\N	413	\N	326	377	Компания The Coca-Cola Company недовольна ситуацией, сложившейся вокруг Международной федерации футбола, спонсором которой она является.	Компания The Coca-Cola Company, производящая безалкогольный газированный напиток "Кока-Кола", недовольна ситуацией, сложившейся вокруг Международной федерации футбола (ФИФА), спонсором которой она является. Об этом сообщает ITV.Напомним, что в ноябре ФИФА официально сняла с Катара и России подозрения в коррупции, касающиеся получения этими странами права проведения чемпионата мира 2018 и 2022 годов соответственно. Однако не все остались довольны этим. Более того, стало известно, что член комитета по этике ФИФА Гарсия обжалует итоги расследования ФИФА. С точки зрения Гарсии, итоговый отчет ФИФА неполон, а также содержит многочисленные ошибочные представления фактов и выводов."Нынешние противоречивые перспективы относительно расследования неутешительны. Мы надеемся, что все будет быстро решено в прозрачной и эффективной манере", - заявил представитель Coca-Cola.	\N	\N	52	\N	f	\N	\N	\N	\N	\N	3000000	77	\N
1955	1	2014-11-23 21:00:00+01	2015-03-30 13:53:17.185838+02	\N	\N	\N	7	13	6	6	15	\N	\N	5	\N	7	\N	\N	\N	\N	\N	\N	\N	\N	\N	\N	\N	\N	\N	\N	\N	1	3	14	\N	414	\N	132	379	Microsoft продвигает свой смартфон Lumia 730 необычным способом. Для рекламы она вместе с компанией Coca-Cola организовала мероприятие, чтобы установить рекорд, который смог бы попасть в Книгу рекордов Гиннесса.	Фронтальную камеру смартфона Nokia Lumia 730 использовали для создания самого масштабного "сэлфи" в мире Официальный слоган смартфона Nokia Lumia 730 - "создано специально для сэлфи". Дабы доказать, что это не пустые слова, компания Microsoft в партнерстве с Coca Cola использовала свой WP8-смартфон среднего ценового сегмента для установления мирового рекорда по количеству людей, запечатленным на одном "селфи"-снимке, сообщает "ITC".	\N	\N	49	\N	f	\N	\N	\N	\N	\N	2600000	77	\N
1956	1	2014-11-23 21:00:00+01	2015-03-30 13:53:17.185838+02	\N	\N	\N	7	13	6	6	15	\N	\N	5	\N	7	\N	\N	\N	\N	\N	\N	\N	\N	\N	\N	\N	\N	\N	\N	\N	1	4	14	\N	415	\N	132	380	Coca-Cola, крупнейший производитель газированных напитков на планете, находится в авангарде движения, которое условно можно назвать зарождением социально ответственного бизнеса.	Бизнес постепенно привыкает быть социально ответственным: крупные корпорации уже не первый год успешно борются с глобальными вызовами - загрязнением водных ресурсов, изменением климата, нарушениями гражданских прав и свобод. И компания Coca-Cola, крупнейший производитель газированных напитков на планете, находится в авангарде этого движения, которое условно можно назвать зарождением социально ответственного бизнеса.	\N	\N	53	\N	f	\N	\N	\N	\N	\N	2600000	77	\N
1957	1	2014-11-23 21:00:00+01	2015-03-30 13:53:17.185838+02	\N	\N	\N	9	14	6	6	17	\N	\N	5	\N	7	\N	\N	\N	\N	\N	\N	\N	\N	\N	\N	\N	\N	\N	\N	\N	1	4	19	\N	416	\N	327	381	Ассоциация директоров по коммуникациям и корпоративным медиа России (АКМР) представляет технического партнера Саммита, члена АКМР - Event Management Technologies. Состав Правления АКМР состоит из транснациональных компаний, расположенных в России, в том числе, Coca-Cola Hellenic in Russia.	Ассоциация директоров по коммуникациям и корпоративным медиа России (АКМР) представляет технического партнера Саммита, члена АКМР - Event Management Technologies, первую в России группу компаний, которая реализует комплексные проекты в следующих сферах: аудио, видео, свет, конференц-конгресс системы, синхронный перевод, электронные системы регистрации и контроля доступа, медиа производство, сценические и другие конструкции. Как отметила Ирина Крылова, генеральный директор Event Management Technologies: "Рады сотрудничать с Ассоциацией и компаниями входящими в АКМР, предоставлять услуги на высоком качественном уровне. Важно отметить, что в условиях новых рыночных вызовов ведущие компании в сфере медиа и технического обеспечения объединяются для более эффективной реализации проектов любого масштаба. Это дает возможность клиенту получить услуги на новом качественном уровне без увеличения бюджета". Напоминаем, что с 9 по 16 ноября 2014 года в Сингапуре и Гонконге состоится IX Ежегодный Саммит топ-менеджеров по коммуникациям и СМИ "Корпоративные коммуникации и СМИ: передовые практики и мировые тренды". Тема Саммита: "Новая конфигурация глобальных рынков: изменение стратегии бизнеса и коммуникаций". КРАТКАЯ ПРАВКА: Ассоциация директоров по коммуникациям и корпоративным медиа России (АКМР) была создана 6 октября 2004 года. Состав Правления состоит из транснациональных компаний, расположенных в России, в том числе, ИД "МедиаБизнес", Газпром, Shell, Unilever, ЮТэйр; ФК "УРАЛСИБ"; РОСГОССТРАХ; Philip Morris Sales & Marketing; НЛМК; "Аэрофлот"; "Интер РАО", "Мобильные ТелеСистемы" (МТС), Coca-Cola Hellenic in Russia. www.corpmedia.ruПартнеры саммита: EQS Group AG, РОСГОССТРАХТехнический партнер: Event Management Technologies. Информационные партнеры: Национальный банковский журнал, i-lift.tv, газета "Вечерняя Москва", Russia Beyond The HeadlinesHR-партнер: SuperjobИнформационная поддержка: ИД "МедиаБизнес", журнал "Новости СМИ", АКАР, АКОС, АНРИ, Деловая Россия.ру, ИА "ГАРАНТ", КСР при МСАП, Пищеблог.ру, РАМУ, РАСО, Союз журналистов Санкт-Петербурга, Телеканал "PRO Бизнес", CateringConsulting, FindHall.ru, Mediaguide.ru, Media-online.ru, MediaPower.ru, Mfd.ru, PR News, Public.ru.	\N	\N	54	\N	f	\N	\N	\N	\N	\N	10000	78	\N
1958	1	2014-11-23 21:00:00+01	2015-03-30 13:53:17.185838+02	\N	\N	\N	9	14	6	6	17	\N	\N	5	\N	7	\N	\N	\N	\N	\N	\N	\N	\N	\N	\N	\N	\N	\N	\N	\N	1	4	19	\N	417	\N	327	382	Ассоциация директоров по корпоративным коммуникациям и медиа России (АКМР) сообщает, что продолжается прием заявок на участие во Всероссийском Конкурсе "Лучшее Корпоративное Медиа - 2015". Состав Правления АКМР состоит из транснациональных компаний, расположенных в России, в том числе, Coca-Cola Hellenic in Russia.	Ассоциация директоров по корпоративным коммуникациям и медиа России (АКМР) сообщает, что продолжается прием заявок на участие во Всероссийском Конкурсе "Лучшее Корпоративное Медиа - 2015": компании выдвигают пул своих медиа-номинантов. Среди уже подавших свои работы на конкурс компаний: "Буреягэсстрой", "Валта Пет Продактс", "Диполь Технологии", "Райффайзенбанк", ООО "Планета строй" Т.М. Компания Уютерра и другие. К участию принимаются печатные и электронные корпоративные издания. Порядок проведения конкурса и номинации: http://www.corpmedia.ru/konkurs/kexitt/polozhenie_o_konkurseПобедители 2014: http://www.corpmedia.ru/konkurs/kexitt/laureaty/2014/За все время проведения конкурса мероприятие собрало огромный пул участников, которые представили многочисленные проекты печатных и электронных СМИ в таких областях, как: социальные медиа, внутрикорпоративные газеты и журналы, интернет, интранет, годовой отчет, фильм, сувенирно-полиграфическая продукция и др. С 14 октября 2014 г. по 24 марта 2015 г. участники конкурса присылают в Оргкомитет заполненные регистрационные формы. Также открыта регистрация участия на сервисах: - timepad http://corpmedia.timepad.ru/event/153367/- ticketforevent http://lkm.ticketforevent.com/ru/Ответы на возникающие вопросы можно получить у координатора проекта по тел.: (495) 741-49-20/05/06 доб. 208. Подробнее о Конкурсе на сайте АКМР (http://www.corpmedia.ru/konkurs/kexitt/polozhenie_o_konkurse/) и на специальной Facebook-странице (https://www.facebook.com/pages/%D0%9A%D0%BE%D0%BD%D0%BA%D1%83%D1%80%D1%81-%D0%90%D0%9A%D0%9C%D0%A0-%D0%9B%D1%83%D1%87%D1%88%D0%B5%D0%B5-%D0%BA%D0%BE%D1%80%D0%BF%D0%BE%D1%80%D0%B0%D1%82%D0%B8%D0%B2%D0%BD%D0%BE%D0%B5-%D0%BC%D0%B5%D0%B4%D0%B8%D0%B0/598716750193689). Присоединяйтесь!СПРАВКА ОБ АКМР: Ассоциация директоров по коммуникациям и корпоративным медиа России (АКМР) была создана 6 октября 2004 года. Состав Правления состоит из транснациональных компаний, расположенных в России, в том числе, ИД "МедиаБизнес", Газпром, Shell, Unilever, ЮТэйр; ФК "УРАЛСИБ"; РОСГОССТРАХ; Philip Morris Sales & Marketing; НЛМК; "Аэрофлот"; "Интер РАО", "Мобильные ТелеСистемы" (МТС), Coca-Cola Hellenic in Russia, Теле 2, Русские Машины. www.corpmedia.ru. Информационная поддержка: ИД "МедиаБизнес", журнал "Новости СМИ", АКАР, АКОС, АНРИ, Деловая Россия.ру, ИА "ГАРАНТ", КСР при МСАП, Пищеблог.ру, РАМУ, РАСО, Союз журналистов Санкт-Петербурга, Телеканал "PRO Бизнес", CateringConsulting, FindHall.ru, Mediaguide.ru, Media-online.ru, MediaPower.ru, Mfd.ru, PR News, Public.ru.	\N	\N	55	\N	f	\N	\N	\N	\N	\N	10000	78	\N
1959	1	2014-11-23 21:00:00+01	2015-03-30 13:53:17.185838+02	\N	\N	\N	9	20	6	6	17	\N	\N	4	\N	7	\N	\N	\N	\N	\N	\N	\N	\N	\N	\N	\N	\N	\N	\N	\N	5	4	58	\N	418	87	328	383	В Пекине состоялся Мировой Кубок предпринимательских студенческих проектов ENACTUS-2014. В состав жюри вошли топ-менеджеры крупнейших национальных и международных корпораций-спонсоров, таких как KPMG, Pepsico, Coca-cola, Unilever, Hershey.	В Пекине студенты из Башкирии удивили мировую общественность бизнес-проектамиМесяц назад в Пекине состоялся Мировой Кубок предпринимательских студенческих проектов ENACTUS-2014. Международная программа, направленная на решение социальных, экологических и экономических проблем, сегодня объединяет 40 стран, более 350 международных корпораций и 1600 университетов мира. Примечательно, что в это году Россию на Кубке представляла команда из Сибайского института Башкирского государственного университета, представившая оригинальные бизнес-проекты.Путь в Китай длиною в годНо прежде чем отправиться в Пекин, ребятам из Зауралья предстояло сразиться с 154 российскими командами.- Успешно преодолев региональный этап, в мае наши ребята отправились в Москву, где в нелегкой борьбе вместе с еще пятью командами вышли в суперфинал и в итоге победили, - рассказывает и.о. декана экономического факультета Сибайского института Неля Фатхуллина.Также студенты СибГУ были признаны лучшими по итогам специального конкурса ENACTUS Россия-2014.Загадочное слово ENACTUS - это аббревиатура, она образована от начальных слогов слов ENtrepreneurial (предпринимательство), ACTion (действие, поступок) и US (местоимение нас, нам). Все вместе это означает умение и желание участников программы работать в команде, сообща, видеть существующие возможности и извлекать из них выгоду, действовать и доводить начатое до конца, даже если результат не гарантирован.Отметим, что международная студенческая программа имеет более чем 30-летнюю историю. ENACTUS - правопреемник молодежного движения SIFE (Students in free enterprise - "Студенты в свободном предпринимательстве").Сибайцы - не новички движения. Студенты из Зауралья не раз становились участниками и победителями мероприятий в рамках SIFE, а в 2008 году побывали на первенстве мира в Сингапуре.Покорять Поднебесную отправились студенты с первого по пятый курс: будущие экономисты Найля Ахметшина, Арслан Байрамгулов, Марат Хабиров и Рамина Валишина, менеджеры Алина Бикова, Минзиля Каримова и Эмиль Хасанов, налоговики Дина Гилязетдинова и Регина Худайбердина, юрист Ильдар Кудабаев и филолог Гульсум Исламова. Неизменный куратор команды - преподаватель вуза, кандидат экономических наук Урал Барлыбаев. Финансовую помощь в поездке талантливой молодежи оказал Благотворительный фонд "УРАЛ", также ребят поддержали руководство и преподаватели родного вуза.В этом году Кубок собрал 34 команды из таких разных стран, как США, Китай, Австралия, Казахстан, Мексика, Марокко, Ирландия, Пуэрто-Рико. Еще две африканские команды не смогли принять в конкурсе из-за угрозы распространения вируса Эболы.В день открытия Кубка студенческие команды стали участниками огромной ярмарки-презентации в национальном центре конвенции Китая. Ребята представили презентации своих стран на английском языке. Участники Кубка пели, танцевали в национальных костюмах, рассказывали новым друзьям о своих обычаях и традициях, угощали сладостями и обменивались сувенирами.Во время церемонии открытия знаменосцем россиян стал Ильдар Кудабаев.- В огромном зале смешались представители разных национальностей и континентов, - рассказывает Ильдар. - В своих ровесниках со всего мира мы видели не соперников по соревнованиям, а единомышленников, приехавших поделиться идеями, проектами, проделанной работой и результатами."Сельские перспективы" для "Супермамочек"Во второй день студентам предстояли конкурсные испытания. Все команды разбили на восемь групп - лиги. В результате жеребьевки сибайцы оказались в сильнейшей лиге чемпионата вместе с Нидерландами, Китаем и Марокко. В состав жюри вошли топ-менеджеры крупнейших национальных и международных корпораций-спонсоров, таких как KPMG, Pepsico, Coca-cola, Unilever, Hershey. Ведь главная цель движения ENACTUS - свести вместе лидеров сегодняшнего и завтрашнего дня для создания лучшего, более стабильного мира, используя созидательную силу бизнеса.- У каждой страны было по 17 минут, чтобы рассказать о тех социальных акциях, в которых они принимали участие в течение года, - отмечает Неля Фатхуллина. - Россия выступала третьей в своей лиге. Наши лидеры представили три проекта: "Сельские перспективы", Happy Super-Mom и Doffee.В рамках первого студенты Арслан Байрамгулов и Марат Хабиров проводят обучающие тренинги для развития сельского предпринимательства, составляют инвестиционные карты сельских населенных пунктов и помогают при запуске собственного дела. Мало того, компаньоны разработали бизнес-план, создали в деревне Юлук Баймакского района ООО "ЛесПро", занялись производством и получили субсидию в 900 тысяч рублей. Предприятие, где трудится семь человек, уже приносит молодым предпринимателям доход. Заметим, что это не первый совместный проект ребят, сибайский тандем успел засветиться на студенческих конференциях: парни умудрились сравнить доходы и расходы клубов КХЛ и НХЛ и разработали свои предложения по привлечению иностранных инвестиций в Башкирию.Второй проект, представленный россиянами в Пекине, - общественное объединение Happy Super-Mom, или "Супермамочки". Группа была создана в 2012 году в одной из социальных сетей, сегодня она объединяет свыше 1600 женщин Зауралья. Happy Super-Mom - это и клуб по интересам, и группа взаимной поддержки. За два года активистки движения провели не одну дармарку, не раз помогли семьям, оказавшимся в трудной жизненной ситуации, стали организаторами экологического субботника "Чистые берега". А как вам марафон женственности, когда в течение месяца молодые девушки отказались от столь удобной одежды, как брюки, и ходили только в юбочках или платьишках? Всего и не перечислишь.Третий проект сибайцев - интернет-сервис для обмена информацией о спросе и предложении бытовых услуг Doffee. Его цель - помочь жителям города найти надежного исполнителя для решения мелких житейских проблем. Зайдя на сайт, клиент может оставить заявку на выполнение работы по уборке и помощи по хозяйству, покупке и доставке товара из магазина, сбору мебели или ремонту техники, а затем выбрать специалиста и воспользоваться его услугами. А еще проект позволяет профессионалам из народа зарабатывать на своих умениях. Ребята-организаторы сайта уверены, у их начинания - большое будущее.Равные среди лучшихК сожалению, по результатам второго дня Кубка россиянам не удалось выйти из своей лиги. В финале за звание лучшего из лучших сражались Китай, Марокко, Ирландия, Пуэрто-Рико. Примечательно, что днем ранее две из команд-лидеров оказались в одной лиге с россиянами. Таким соперникам и уступить не стыдно! По итогам суперфинала абсолютным победителем Кубка ENACTUS-2014 стала китайская команда, на втором месте оказались марокканцы, бронзу взяли пуэрториканцы. Однако свой маленький повод для гордости, наверно, есть у каждого из участников кубка. Башкирские студенты познакомились с культурными традициями одного из мировых лидеров и даже успели взобраться на Великую китайскую стену.- Сама поездка в Китай явилась грандиозным опытом общения со студентами из других стран, опытом преодоления себя, стремления к большему, - с удовольствием вспоминают сегодня ребята. - Три насыщенных дня, пролетевших, как одно мгновение, оставили след не только в истории Национального центра конвенции чудесного Китая, но и в душе всей нашей команды. Спасибо Благотворительному фонду "УРАЛ" за возможность представить Россию на международном уровне.Не успел сезон ENACTUS-2014 завершиться, как на организаторов посыпались заявки от тех, кто мечтает покорить вершину в следующем году. А это значит, что впереди россиян ждут новые проекты, которые откроют миру новые молодые имена.	\N	\N	56	\N	f	\N	\N	\N	\N	\N	2800000	77	\N
1992	1	2014-11-23 21:00:00+01	2015-03-30 13:53:17.185838+02	\N	\N	\N	9	20	6	6	17	\N	\N	5	\N	7	\N	\N	\N	\N	\N	\N	\N	\N	\N	\N	\N	\N	\N	\N	\N	1	4	62	\N	449	\N	347	408	В Ижевске состоялся Форум предпринимателей "Бизнес-Трамплин. Масштабирование". Участники познакомились с Александром Сазановичем - Советником Генерального директора Компании "Азбука вкуса", разработчиком стратегии вертикальной интеграции ОАО "Сады Придонья", руководителем программы МВА "Стратегический менеджмент".	В минувшие выходные в Ижевске состоялся Форум предпринимателей "Бизнес-Трамплин. Масштабирование". В этом году, в отличие от предыдущего, форум продлился целых три дня. Предприниматели республики не ожидали столь высокого уровня экспертного состава форума. Это стало для них настоящим сюрпризом, как и многое другое.Но обо всем по порядку.Из истории форума в цифрах:- за 5 лет форум "Бизнес-Трамплин" привлек более чем 1000 предпринимателей к участию;- 18 федеральных тренеров посетили Ижевск с 2010 года, чтобы принять участие в форуме и быть полезными предпринимателям республики;- свыше 100 компаний-партнеров поддерживали и продолжают поддерживать форум. Многие из них приняли участие в В2В выставке, которая открывала форум и в этом году.Первым федеральным гостем на Форума "Бизнес-Трамплин. Масштабирование" стал Дмитрий Потапенко - экс-управляющий партнер X5RetailGroup ("Карусель", "Пятерочка", "Перекресток"), основатель и управляющий партнер Management Development Group, предприниматель, блогер. Он рассказал предпринимателям о том, насколько важно держать руку на пульсе своего бизнеса и отцифровывать все его показатели. А также поделился секретами развития и управления розничной сети.Вторым гостем Форума стал Владимир Ванин - владелец завода декоративного камня "НЕОЛИТ", разработал авторский тренинг "Fast Trac" для ускорения развития бизнес-процессов, преподаватель Высшей школы экономики на Президентской программе. Владимир вдохновил участников своим отношением к бизнесу, и научил не только масштабировать бизнес, но и привлекать в него и удерживать клиентов.И, наконец, в воскресенье участники познакомились с Александром Сазановичем - Советником Генерального директора Компании "Азбука вкуса", разработчиком стратегии вертикальной интеграции ОАО "Сады Придонья", руководителем программы МВА "Стратегический менеджмент". Александр рассказал о самом главном, о том, как расти даже в том случае, когда рынок не растет, а потребление сокращается. Также Александр посетил торжественное закрытие форума и лично вручил всем участникам сертификаты.Также на форуме участникам удалось найти порядка 100 новых полезных контактов во время speed-dating (экпресс-знакомств), пройти бизнес-квест от компании Escape, повлиять на экономику целой страны во время игры "Бизнес-Экспансия", получить заряд бодрости на Start-Up зарядке вместе с Рамилем Шафигуллиным - международным тренером, чемпионом по армспорту и кроссфиту, а также внутреннюю уверенность на бизнес-медитации от Александра Михайлова.А в завершение форума организаторы подготовили еще один сюрприз - огненное шоу! Все участники уезжали с форума вдохновленными и уверенными в том, что уже никогда не смогут по-прежнему смотреть на свой бизнеса, и будут работать над его развитием прямо сейчас!Видеоотзывы и фоторепортажи с форума можно найти на tramplin18.ru и в социальных сетях на vk.com/business_tramplin.А для тех, кто не смог приехать на форум, отличные новости - уже 28 ноября в ParkINN состоится не менее крупномасштабное событие - Ярмарка франшиз, где свыше 300 участников встретятся с Андреем Власкиным - менеджером проектов Российской Ассоциации Франчайзинга и Юрием Павленко - руководителем бренда и франчайзинговой сети Expetro!, а также научатся выбирать франшизу грамотно и упаковывать франшизу собственного бизнеса.	\N	\N	73	\N	f	\N	\N	\N	\N	\N	1100	80	\N
1960	1	2014-11-23 21:00:00+01	2015-03-30 13:53:17.185838+02	\N	\N	\N	7	13	6	6	15	\N	\N	5	\N	7	\N	\N	\N	\N	\N	\N	\N	\N	\N	\N	\N	\N	\N	\N	\N	1	4	14	\N	419	\N	215	384	Любимыми брендами россиян в 2014 году стали Samsung, Adidas и Sony. Об этом говорится в сообщении по результатам опроса россиян компанией Online Market Intelligence. На восьмое место поднялась Coca-Cola, занимавшая ранее только одиннадцатое место.	Любимыми брендами россиян в 2014 году стали Samsung, Adidas и Sony. Об этом говорится в сообщении по результатам опроса россиян компанией Online Market Intelligence (OMI).Состав первой тройки не изменился по сравнению с прошлым годом, но Adidas занял вторую строчку, вытеснив Sony. Тенденция ослабления популярности IT-брендов наблюдается и в двадцадке в целом. Например, Nike занял четвертое место, опередив Nokia и Apple, а в 2013 году он был только шестым.Седьмое место сохранил Bosch, а на восьмое поднялась Coca-Cola, занимавшая ранее только одиннадцатое место, за ней следуют LG, Philips и Panasonic. Во второй половине рейтинга картина похожая: Asus занял четырнадцатое место, потеряв одну позицию, а HTC и Canon покинули двадцатку самых популярных брендов по результатам опроса.В этом году впервые были введены новые товарные категории, среди которых относящиеся к сфере IT. Лучшим интернет-магазином опрошенные назвали "Озон", интернет-сервисом и новостным сайтом - "Яндекс", а мобильным приложением - "Яндекс.Пробки".Исследование проводится с 2008 года с помощью интернет-опроса. В опросе приняло участие 1500 человек, проживающих в крупных российских городах с доходом выше среднего. После блока социально-демографических вопросов респондентам предлагалось назвать торговые марки (бренды), которые они считают любимыми. "Любимые бренды" назывались без подсказки, количество наименований ограничивалось десятью позициями.	\N	\N	51	\N	f	\N	\N	\N	\N	\N	6617000	77	\N
1961	1	2014-11-23 21:00:00+01	2015-03-30 13:53:17.185838+02	\N	\N	\N	7	13	6	6	15	\N	\N	5	\N	7	\N	\N	\N	\N	\N	\N	\N	\N	\N	\N	\N	\N	\N	\N	\N	1	3	14	\N	420	\N	79	385	Microsoft продвигает свой смартфон Lumia 730 необычным способом. Для рекламы она вместе с компанией Coca-Cola организовала мероприятие, чтобы установить рекорд, который смог бы попасть в Книгу рекордов Гиннесса.	Microsoft продвигает свой смартфон Lumia 730 необычным способом. Для рекламы она вместе с компанией Coca-Cola организовала мероприятие, чтобы установить рекорд, который смог бы попасть в Книгу рекордов Гиннесса.Во время недавнего рекламного мероприятия, состоявшегося в Бангладеш, Microsoft и Coca-Cola предлагали всем желающим зарегистрироваться и принять участие в установлении мирового рекорда по количеству людей, запечатленных одновременно на одном сэлфи-снимке.Цель организаторов была достигнута - с помощью смартфона Lumia 730 и его 5 МП фронтальной камеры, благодаря которой он удостоился звания сэлфи-фона, удалось сделать снимок, на котором оказался одновременно 1 151 человек.В настоящее время Microsoft все еще ждет подтверждение об установлении мирового рекорда от представителей Книги рекордов Гиннесса.Если вы случайно обнаружите себя среди 1 151 человека, напишите об этом в комментариях!	\N	\N	49	\N	f	\N	\N	\N	\N	\N	8000	77	\N
1962	1	2014-11-23 21:00:00+01	2015-03-30 13:53:17.185838+02	\N	\N	\N	7	13	6	6	15	\N	\N	5	\N	7	\N	\N	\N	\N	\N	\N	\N	\N	\N	\N	\N	\N	\N	\N	\N	1	3	14	\N	421	\N	329	385	Microsoft продвигает свой смартфон Lumia 730 необычным способом. Для рекламы она вместе с компанией Coca-Cola организовала мероприятие, чтобы установить рекорд, который смог бы попасть в Книгу рекордов Гиннесса.	Microsoft продвигает свой смартфон Lumia 730 необычным способом. Для рекламы она вместе с компанией Coca-Cola организовала мероприятие, чтобы установить рекорд, который смог бы попасть в Книгу рекордов Гиннесса.Во время недавнего рекламного мероприятия, состоявшегося в Бангладеш, Microsoft и Coca-Cola предлагали всем желающим зарегистрироваться и принять участие в установлении мирового рекорда по количеству людей, запечатленных одновременно на одном сэлфи-снимке.Цель организаторов была достигнута - с помощью смартфона Lumia 730 и его 5 МП фронтальной камеры, благодаря которой он удостоился звания сэлфи-фона, удалось сделать снимок, на котором оказался одновременно 1 151 человек.В настоящее время Microsoft все еще ждет подтверждение об установлении мирового рекорда от представителей Книги рекордов Гиннесса.Если вы случайно обнаружите себя среди 1 151 человека, напишите об этом в комментариях!	\N	\N	49	\N	f	\N	\N	\N	\N	\N	100	77	\N
1963	1	2014-11-23 21:00:00+01	2015-03-30 13:53:17.185838+02	\N	\N	\N	7	13	6	6	15	\N	\N	4	\N	7	\N	\N	\N	\N	\N	\N	\N	\N	\N	\N	\N	\N	\N	\N	\N	1	4	14	\N	422	\N	179	386	28 ноября 2014г. стартует The International Premier Tennis League - Лига, состоящая из супер-команд, в составе которых выступают как действующие чемпионы, легенды , так и будущие звезды. У турнира появился сильный титульный спонсор - "Coca-Cola". А это уже показатель серьезных намерений и потенциала проекта.	28 ноября, то бишь конец этой недели, рискует стать предвестником настоящей теннисной революции. Именно в этот день стартует The International Premier Tennis League - Лига, состоящая из супер-команд, в составе которых выступают как действующие чемпионы (Новак Джокович, Роджер Федерер, Энди Маррей, Серена Уилльямс, Мария Шарапова), легенды (Пит Сампрас, Андре Агасси, Карлос Мойя), так и будущие звезды (Ник Кирьос, Эжени Бушар). Команды были сформированы путем драфт-лотереи. Так, Мария Шарапова и Энди Маррей сыграют в составе филиппинской Manila Mavericks, Новак Джокович и Энжи Бушар - в эмиратской UAE Royals, Роджер Федерер и Ана Иванович будут отстаивать честь индийской Indian Aces , а Серена Уилльямс и Андре Агасси защищать цвета сингапурской Singapore Slammers.Получается теннисная "Лига чемпионов", победитель которой определится в течение 2 - х недель. За это время команды сыграют между собой 24 матча. Кстати, несколько слов о самих матчах: каждый будет состоять из 5 сетов (мужского одиночного, женского одиночного, микста, мужского парного и мужской битвы легенд). Тренер каждой команды будет выбирать кого ставить на каждый матч, когда проводить замены и брать тайм-ауты. Правил, на самом деле, куча, о которых можно писать отдельный пост. Но все эти схемы вовсе не новы, как может показаться на первый взгляд. Для многих станет открытием, но с 70-х годов прошлого века в США проходить "World TeamTennis" с похожей схемой, но событием мирового масштаба он так и не стал. Так почему же The International Premier Tennis League должен совершить революцию в таком консервативном виде спорта, как теннис?Революции не рождаются просто так, для нее должны быть созданы условия и возможности. Но самое главное, общество должно быть готово к это революции. Возможностей и условий у The International Premier Tennis League выше крыши. Есть ли деньги? В избытке: командами владеют богатейшие шейхи и бизнесмены региона. Что с инфраструктурой? В прекрасном состоянии: не зря же Итоговые турниры часто проводятся именно в этом регионе. А ведь еще и азиатский спортивный рынок растет гигантскими темпами и болельщики без ума от тенниса! Настоящее непаханое поле! Но и "пахари" есть. Вот тут возможности и условия плавно перетекают в готовности теннисного сообщения к революции. А оно, готово. Это можно сказать абсолютно точно.Во-первых, теннис один из немногих видов спорта, в котором нет настоящего Чемпионата мира. Итоговые турниры не в счет. Олимпийские игры тоже не совсем то. Скажете, а чем на роль мирового первенства не подходит Кубок Дэвиса или Кубок Федераций? А тем, что интерес к этим турнирам низкий: они так и не стали престижными. Спонсоров нет, премиальные небольшие, а патриотизм в наше время понятие скорее пропагандистское. Вот и не едут на такие соревнования топ-звезды. Нет звезд - нет интереса, значит нет денег. Все очень просто.Во-вторых, The International Premier Tennis есть большие деньги, а это то, что привлечет любого спортсмена, даже самого звездного. Поэтому та же Шарапова выберет на Сборную России, а Manila Mavericks, а следствие все то же. Интерес со стороны спонсоров, телевидения и зрителей. Турнир становится сильным, популярным и очень престижным. И это не просто слова, ведь интерес уже есть, и интерес большой. Один из крупнейших в Азии спортивных бродкастеров STAR Sports уже купил права на показ TIPT. Матчи увидят 300 млн. зрителей, более чем в 125 странах мира. Появился у турнира и сильный титульный спонсор - "Coca-Cola". А это уже показатель серьезных намерений и потенциала проекта. Ну и третья причина вовсе не в теннисе, а в современном устройстве мира. Космополитизм и открытые границы размывают понятие гражданства, поэтому будущее за клубными турнирами, а не за соревнованиями национальных сборных и национальных чемпионатов. В любом случае, делать глобальные выводы пока рано, не прошло ведь ни одного The International Premier Tennis, но потенциал у него явно большой. Так что наблюдать можно начинать уже с этой пятницы, когда на корте в Маниле в рамках одного матча сыграют Роджер Федерер, Андре Аггаси, Серена Уилльямс и Ана Иванович. Такое не часто увидишь, правда?	\N	\N	57	\N	f	\N	\N	\N	\N	\N	1600000	77	\N
1964	1	2014-11-23 21:00:00+01	2015-03-30 13:53:17.185838+02	\N	\N	\N	7	13	6	6	15	\N	\N	5	\N	7	\N	\N	\N	\N	\N	\N	\N	\N	\N	\N	\N	\N	\N	\N	\N	1	3	14	\N	423	\N	330	385	Microsoft продвигает свой смартфон Lumia 730 необычным способом. Для рекламы она вместе с компанией Coca-Cola организовала мероприятие, чтобы установить рекорд, который смог бы попасть в Книгу рекордов Гиннесса.	Microsoft продвигает свой смартфон Lumia 730 необычным способом. Для рекламы она вместе с компанией Coca-Cola организовала мероприятие, чтобы установить рекорд, который смог бы попасть в Книгу рекордов Гиннесса.Во время недавнего рекламного мероприятия, состоявшегося в Бангладеш, Microsoft и Coca-Cola предлагали всем желающим зарегистрироваться и принять участие в установлении мирового рекорда по количеству людей, запечатленных одновременно на одном сэлфи-снимке.Цель организаторов была достигнута - с помощью смартфона Lumia 730 и его 5 МП фронтальной камеры, благодаря которой он удостоился звания сэлфи-фона, удалось сделать снимок, на котором оказался одновременно 1 151 человек.В настоящее время Microsoft все еще ждет подтверждение об установлении мирового рекорда от представителей Книги рекордов Гиннесса.Если вы случайно обнаружите себя среди 1 151 человека, напишите об этом в комментариях!	\N	\N	49	\N	f	\N	\N	\N	\N	\N	2860000	77	\N
1965	1	2014-11-23 21:00:00+01	2015-03-30 13:53:17.185838+02	\N	\N	\N	7	13	6	6	15	\N	\N	5	\N	7	\N	\N	\N	\N	\N	\N	\N	\N	\N	\N	\N	\N	\N	\N	\N	1	4	14	\N	424	\N	167	387	Coca-Cola уже готовится к праздникам и представляет упаковки своих напитков в рождественском оформлении в упаковках объемом 330 мл, 1 л, 1,25 л, а также на групповых упаковках Coca-Cola и Diet Coke.	Coca-Cola уже готовится к праздникам и представляет упаковки своих напитков в рождественском оформлении в упаковках объемом 330 мл, 1 л, 1,25 л, а также на групповых упаковках Coca-Cola и Diet Coke, пишет Upakovano.ru. Таким образом компания хочет не только подарить праздничное настроение, но и добиться роста продаж в этот период.Новый дизайн упаковок призывает покупателей "поделиться Coke" с любым оленем Санта-Клауса: Рудольфом, Молнией, Кометой, Купидоном, Танцором, Стремительным, Громом, Скакуном или Резвым.Отмечается, что газированные безалкогольные напитки являются самой популярной сезонной категорией в Рождество.	\N	\N	58	\N	f	\N	\N	\N	\N	\N	89200	77	\N
1966	1	2014-11-23 21:00:00+01	2015-03-30 13:53:17.185838+02	\N	\N	\N	7	13	6	6	28	\N	\N	14	\N	11	\N	\N	\N	\N	\N	\N	\N	\N	\N	\N	\N	\N	\N	\N	\N	1	4	14	\N	\N	88	331	388	РБК ТВ запускает серию специальных репортажей. В эфире говорят о тех, кому нет и 30, но при этом у них уже есть состояние. В материале упоминается Coca-Cola.	В: РБК запускает серию специальных репортажей. Всю неделю в эфире мы говорим о тех, кому нет и 30, но при этом у них уже есть состояние. Прямо сейчас, как зарабатывать первый миллион буквально с нуля, практически без стартового капиталаКОР: Пока одни еще играют в детские игры и думают, что свой первый миллион они заработают только к 30 годам, другие, не теряя времени, реализуют свои бизнес-идеи. Еще в раннем возрасте собственный ум и инновационные технологии позволяют делать целые состояния.(сюжет)ВЯЧЕСЛАВ СЕМЕНЧУК: Это был компьютер, собственно, с которого я начал свой первый бизнес. И когда я слышу от молодых предпринимателей, что я начну свой бизнес ровно в тот момент, когда мне инвестор даст миллион долларов, я просто смеюсь им в лицо. Ведь реально бизнес можно начать полностью без стартового капитала, практически с нуля. И 2 раза, 3 раза возникали чувства, что ты не догулял. Но после того, как я смотрю на своих сверстников, которые... кто-то добился меньше, кто-то не добился вообще ничего, соответственно, эти мысли улетучиваются мгновенно, я понимаю, что я сделал все правильно, и другого пути просто для меня быть не могло.КОР: А какая была первая идея, которая выстрелила, которая буквально взорвала рынок?ВЯЧЕСЛАВ СЕМЕНЧУК (ПРЕДПРИНИМАТЕЛЬ): Ну, первой идеей, которая именно взорвала рынок, стал проект Business Apps.com. Это конструктор мобильных приложений, который позволяет каждому бизнесу создать собственно приложение для их маленького или среднего бизнеса. Так у них была альтернатива создать приложение в студии тысяч за 400-500, а мы предложили для них альтернативу всего за тысячу рублей создать мобильное приложение и самостоятельный веб-сайт.КОР: Затем последовала идея сделать безналичную оплату услуг более доступной. Теперь любой смартфон может превратиться в платежный терминал.ВЯЧЕСЛАВ СЕМЕНЧУК (ПРЕДПРИНИМАТЕЛЬ): Как это работает? К примеру, я курьер, привез тебе пиццу. Достаю обычный телефон и маленькую коробочку, которую я вставляю в Audio Deck. Это специальный ридер, который позволяет считать информацию с пластиковой карты.И этот ридерсчитывает информацию и передает ее в телефон. Здесь я ввожу сумму этого платежа. Причину платежа, к примеру, берем две "Маргариты" и Coca-Cola, после этого даю тебе возможность расписаться прямо пальцем на экране. Ты расписываешься, я нажимаю "о'кей", и информация отправляется в банк.КОР: Проекты оказались настолько привлекательными, что инвесторы дали Вячеславу почти 10 млн долларов и не ошиблись. Оборот компании только за 2014 год превысил 30 млн долларов.(сюжет)ВЯЧЕСЛАВ СЕМЕНЧУК (ПРЕДПРИНИМАТЕЛЬ): Первые деньги я заработал, как раз создавая рекламки у метро. Это довольно-таки сложная... сложный момент, особенно для начинающего предпринимателя - заставить человека все-таки взять бумажку, нужно улыбаться, нужно подстраиваться под клиента. Можно сказать про все - и про продажи продуктов, и про подход к инвесторам. Девять раз действительно откажут, а один раз вам либо дадут денег, либо один раз купят ваш продукт.Возьмите, пожалуйста. Спасибо.Тогда я зарабатывал, ну, то есть в день я зарабатывал где-то 50-200 рублей, собственно, которые я тратил на себя, на покупку различных сладостей, газировки и так далее.КОР: Сегодня у него офис в центре города, принципиальное отсутствие дресс-кода и кабинетов, сотрудникам нет и 30-ти. Рабочий процесс похож на студенческую тусовку.ВЯЧЕСЛАВ СЕМЕНЧУК (ПРЕДПРИНИМАТЕЛЬ): Я не стройкомпания, я строю команду друзей, единомышленников, которые горят идеей и хотят создать лучший продукт в России, а может быть, и в мире. Несомненно, есть некие правила, которые должны все сохранять, то есть, это не играть постоянно в "Кикер", а все-таки решать рабочие задачи.КОР: Задачи отдела продаж - одни из самых сложных. Нужно убедить потенциальных клиентов приобрести продукт при помощи так называемых холодных звонков.СЕМЕН ПЯТЮХОВ (МЕНЕДЖЕР ПО ПРОДАЖАМ МОБИЛЬНОГО ЭКВАЙОИНГА): Чтобы человек понял, что нужна ему эта услуга, ему надо сначала донести простым и понятным языком, грубо говоря, продать сложную технологию, вот, человеку с низкой квалификацией, как правило, вот, чтобы он понял. что эта услуга нужна его бизнесу, и более того, она ему просто необходима.КОР: Сейчас средств хватает не только на реализацию своих идей, но и на инвестиции в чужие, Концепция раскрутки стартапа Вячеслава Семенчука проста. Ученики рассказывают ее за полминуты.НИКОЛАЙ НИКУЛИН (РУКОВОДИТЕЛЬ ПРОЕКТА "i-чисто"): Берется идея, строится минимально работающий прототип, и сразу же мы обращаемся к рынку, сразу же начинаем тестировать эту идею, получать отклики от пользователей, и уже в процессе получения первых откликов мы начинаем ее дорабатывать, модернизировать под запросы рынка. В результате, через какое-то время мы получаем четкое понимание - работает идея...КОР: Успешной может стать не только полностью инновационный продукт. Вячеслав Семенчук уверен, что заимствованная на Западе и правильно адаптированная идея будет уникальна для российского рынка. А главное, принесет деньги.	\N	\N	59	\N	f	\N	\N	\N	\N	\N	2500000	77	\N
1967	1	2014-11-23 21:00:00+01	2015-03-30 13:53:17.185838+02	\N	\N	\N	7	13	6	6	15	\N	\N	4	\N	7	\N	\N	\N	\N	\N	\N	\N	\N	\N	\N	\N	\N	\N	\N	\N	1	4	14	\N	425	89	332	389	Судьба кораблей Mistral, которые по заказу российской стороны были построены во Франции, остается под вопросом. Информация о возможности передачи вертолетоносцев совершенно противоречивая, дата передачи их так и не определена, а сроки поставки этой военной техники постоянно отодвигаются. В 2012 году Свердловский арбитражный суд встал на сторону уральского отделения компании Coca-Cola, обязав Центральный военный округ выплатить компании долг за поставленную газировку.	МИНОБОРОНЫ ОКАЗЫВАЕТ БЕСПРЕЦЕДЕНТНОЕ ДАВЛЕНИЕ НА ПРЕДПРИЯТИЯ, С КОТОРЫМИ БЫЛИ ЗАКЛЮЧЕНЫ ДОГОВОРА ПРИ АНАТОЛИИ СЕРДЮКОВЕСудьба кораблей Mistral, которые по заказу российской стороны были построены во Франции, остается под вопросом. Информация о возможности передачи вертолетоносцев совершенно противоречивая, дата передачи их так и не определена, а сроки поставки этой военной техники постоянно отодвигаются. В России заявляют, что в случае невыполнения условий контракта последуют юридические претензии в рамках подписанного документа. На фоне этого газета "Совершенно секретно" оценила способность Минобороны отстаивать своих интересы в судах.Для Франции задержка с передачей вертолетоносцев Mistral совершенно невыгодна: при окончательном отказе от выполнения контрактных обязательств французским промышленникам придется вернуть России внесенную предоплату и выплатить неустойку. Размер компенсации со стороны французских кораблестроителей может составить 1 млрд евро, и это при том, что стоимость самого контракта составляет 1,2 млрд евро. Окончательные параметры будут определяться в арбитраже Стокгольма или Женевы.Главный научный сотрудник Института экономической политики им. Е. Т. Гайдара, действительный член Академии военных наук РФ Виталий Цымбал рассказал "Совершенно секретно", что уверен - в истории с Mistral до суда не дойдет, закончится полюбовно, а эти корабли в конечном итоге окажутся в России. "По всей видимости, от этого контракта французам очень невыгодно отказываться. Американцы уговаривали канадцев выкупить корабли, затем предлагалось, чтобы их приобрели для нужд НАТО, но даже для этой богатой организации вертолетоносцы оказались слишком дорогими. Подозреваю, в итоге окажется, что для покупки этих кораблей бюджет был только у Сердюкова. Вероятней всего, политики еще некоторое время будут тянуть время, но в результате контракт будет выполнен".Напомним, что Минобороны в ближайшее время планирует начать еще одну международную судебную тяжбу против иностранной компании. В августе замглавы Минобороны Юрий Борисов сообщил, что российское военное ведомство готовит документы для иска в суд в связи с расторжением немецким концерном Rheinmetall контракта на строительство учебного центра боевой подготовки в Мулино Нижегородской области. В Минобороны заявили, что планируют защищать свои интересы в международных судах, в которых военное ведомство собирается взыскать неустойку за неисполнение контракта.Напомним, что ранее в рамках международных санкций Минэкономики Германии отозвало у Rheinmetall разрешение на строительство. Причем, отменив ранее одобренную сделку, Германия вышла за пределы санкций, принятых Евросоюзом в отношении России, поскольку запрет на продажу оружия России не распространяется на контракты, заключенные до 1 августа.ВОЕННЫЕ ВЫИГРЫВАЮТ СУДЫ У ПРЕДПРИЯТИЙ ОПК, КОТОРЫЕ СРЫВАЮТ ОБОРОННЫЙ ЗАКАЗНа фоне предстоящих международных тяжб нужно заметить, что Минобороны не церемонится и с российскими промышленниками, военные буквально завалили судебными исками ведущие предприятия страны. Можно однозначно говорить, что военные юристы хорошо потренировались на своих промышленниках. Пожалуй, самой резонансной стала тяжба с производителем самолетов Ан самарским заводом "Авиакор".В сентябре арбитражный суд Самарской области принял к рассмотрению заявление Минобороны РФ о взыскании с этого предприятия 915,7 млн рублей. В 2011 году завод получил заказ от Минобороны на производство одиннадцати Ан-140, каждый самолет, по официальным данным, стоит порядка 20 млн долларов. Однако в 2012 году, когда пришло время сдавать самолеты, авиастроители передали Минобороны только два из шести запланированных по контракту. Тогда на заводе срыв поставок объясняли тем, что часть производственных сил предприятия была задействована в сборке двух Ту-154 по контракту с МЧС.Далее руководство "Авиакора" уверяло, что сумеет все наверстать и в 2013 году завод сможет собрать шесть Ан-140. Но в итоге предприятие выполнило свои обязательства только наполовину. Несмотря на это, военное ведомство в том же году заключило с "Авиакором" еще один контракт - на поставку трех Ан-140, но в 2014 году Минобороны получило только один самолет. Сообщается, что завод не смог выполнить обязательства по контракту из-за сбоя поставок запчастей с Украины - партнером в реализации проекта выступало киевское конструкторское бюро "Антонов".Отметим, что это будет не первое судебное разбирательство Минобороны и "Авиакора" по вопросам срыва поставок авиационной техники. Стало известно, что авиастроители в общей сложности должны были поставить ведомству 14 самолетов Ан-140, но на сегодняшний день выполнили обязательства меньше чем наполовину. По мнению юристов, Минобороны действует жестко, но обоснованно, поскольку имеет право предъявлять финансовые претензии к заводу в случае срыва сроков поставки самолетов, так как этот пункт прописан в контракте. И судя по всему, требования Минобороны, как это происходило раньше, будут частично удовлетворены. При этом эксперты отрасли добавляют, что денег у "Авиакора" нет и взыскание с него такой суммы может привести к ликвидации предприятия.В конце октября в Арбитражный суд Самарской области поступило несколько исков в адрес еще одного ведущего предприятия ОПК - лидера российской ракетно-космической промышленности Ракетно-космического центра "Прогресс". Министерство обороны требует от производителя ракет выплатить неустойку в размере более одного миллиарда рублей. Иски подаются в связи с нарушением предприятием контрактных обязательств, детали не разглашаются.НЕ ВЫПОЛНЯЮЩИЕ ОБЯЗАТЕЛЬСТВА ПРЕДПРИЯТИЯ ПРОДОЛЖАЮТ УЧАСТВОВАТЬ В КОНКУРСАХСегодня за срыв сроков исполнения контракта предусмотрена лишь выплата неустойки. Это приводит к парадоксальной ситуации, когда, не выполнив один контракт, недобросовестные исполнители претендуют на другие заказы, которые априори не могут реализовать. В связи с этим рассматриваются изменения в закон, которые предпишут дисквалифицировать на срок до 3 лет предприятия, срывающие сроки выполнения гособоронзаказа на 90 дней или причинившие государству ущерб на 10 млн рублей.Вероятней всего, первым под такие санкции попадет ижевское Научно-производственное объединение "Высокоточные системы и технологии" (НПО ВСТ), которое в 2011 году не исполнило обязательств по договору субподряда с ОАО "Кировский завод "Маяк" на поставку неуправляемых ракет С-8ДФ. В настоящее время Министерство обороны пытается взыскать многомиллионную неустойку за срыв поставок. Между тем спустя год то же предприятие участвовало в конкурсе на поставку противотанковых ракет "Вихрь-1". Не добившись победы, НПО ВСТ подало иск в Арбитражный суд Москвы о признании результатов конкурса недействительными.Подобные срывы серьезно тормозят перевооружение армии, военные говорят, что это напрямую отражается на боеготовности, и поэтому они будут принимать к нарушителям самые жесткие меры. Так, задержка передачи флоту спасательного судна "Игорь Белоусов" в 2013 году была вызвана неготовностью глубоководного аппарата ГВК-450, который должно было поставить ЦКБ "Лазурит", и обернулась для предприятия судебными разбирательствами. Сейчас арбитражный суд Нижегородской области рассматривает иск к ЦКБ "Лазурит" - о привлечении к ответственности в связи с нарушением обязательных требований, выполняемых работ, оказываемых услуг в отношении оборонной продукции.ИЗ-ЗА СРЫВОВ СТРОИТЕЛЬНЫХ КОНТРАКТОВ ВЕДОМСТВО НЕСЕТ КОЛОССАЛЬНЫЕ УБЫТКИВсе больше в последнее время у Минобороны появляется претензий к строительным организациям, которые выполняют масштабные проекты. Один из конфликтов всплыл в марте этого года, когда арбитражный суд Москвы принял в работу иск крупнейшего субподрядчика строек Минобороны ЗАО "Инвестстрой-15" к генподрядчику военного ведомства ОАО "Главное управление обустройства войск" (ГУОВ). Во время рассмотрения иска выяснилось, что организации предъявляют друг другу обвинение в срыве исполнения контракта стоимостью 2,259 млрд рублей на строительство 1,188 тыс. квартир для военных в Краснодаре. Ранее ГУОВ затребовало выплату неустойки вместе со штрафами за срыв сроков строительства в размере 974,8 млн рублей.Чтобы получить эти деньги, военные предъявили Банку Москвы претензию о погашении банковской гарантии, выданной "Инвестстрою-15" для обеспечения аванса на сумму 677,7 млн рублей. Теперь представители "Инвестстроя-15" будут доказывать, что аванс был полностью отработан, а сроки строительства сорваны из-за невыполнения ГУОВ встречных обязательств по оформлению документов. Нужно отметить, что "Инвестстрой-15" заключил около 70 контрактов с ГУОВ и Минобороны общим объемом более 64 млрд рублей, часть заявленных объектов субподрядчик до сих пор не завершил.В 2013 году Минобороны подало в суд на еще одного крупного застройщика - группу "Строительное управление-155" (СУ-155), сумма иска составила 357,8 млн рублей. Напомним, ГК "СУ-155" заключила первые контракты на строительство жилья для военных по контрактам с Министерством обороны РФ в 2006 году. В 2009-2011 годах СУ-155 подписало договоры с Минобороны на строительство жилья для военнослужащих на общую сумму 24,853 млрд рублей. Военные заказы составляют пятую часть всех объектов, которые построила группа за этот период. География реализованных и текущих проектов по контрактам с Министерством обороны включает Центральный, Северо-Западный и Приволжский федеральные округа.Эксперты отмечают, что большинство контрактов исполняются в полном объеме, но компанией в большинстве случаев были допущены задержки сроков исполнения обязательств, что повлекло применение к застройщику штрафных санкций. По этим претензиям группа компаний "СУ-155" уже выплатила пени и неустойки в размере около миллиарда рублей. Девелоперы официально признаются: средний срок задержек сдачи жилья - до полугода, но реально опоздания по сдаче объектов могут доходить до нескольких лет. Стандартный тариф штрафа за несданный вовремя объект незначительный, составляет 0,1 % от стоимости контракта в день и не может заставить строителей работать быстрее. Обращает на себя внимание, что, пока Минобороны возглавлял Анатолий Сердюков, штатные спорные моменты ведомство и СУ-155 старались решать в досудебном порядке.При этом задолженность застройщика перед ведомством достигала сотни миллионов рублей. Отношение к этой организации поменялось после того, как министерство возглавил Сергей Шойгу. Но кардинально ситуацию так и не удалось улучшить, строители по-прежнему задерживают сроки сдачи объектов, по всей видимости, военному ведомству придется обратится в суд с новыми исками к СУ-155. Это необходимо, ведь Минобороны из-за нерасторопности строителей несет колоссальные дополнительные издержки, поскольку не может заселить и уволить десятки тысяч офицеров, которые из-за нерасторопности строителей по несколько лет не могут вселиться в положенные им квартиры.КОМПАНИЯМ, КОТОРЫЕ СОТРУДНИЧАЛИ С "ОБОРОНСЕРВИСОМ", НЕ ПЛАТЯТРуководитель Центра военного прогнозирования Института политического и военного анализа Анатолий Цыганок рассказал "Совершенно секретно", что, по его мнению, бывший министр обороны Анатолий Сердюков в свое время заключил много неоднозначных контрактов, которые подлежат пересмотру.Действительно, при предыдущем министре обороны многие мелкие поставщики выигрывали закрытые тендеры и получали многомиллионные контракты, не имея при этом никаких собственных мощностей, что зачастую приводит к срыву поставок и невыполнению обязательств. Вследствие подобной практики к выполнению услуг были привлечены откровенные мошенники. Год назад ряд сторонних компаний-поставщиков предъявил военному ведомству свыше тысячи исков на общую сумму свыше 1,2 миллиарда рублей за услуги, которые, как утверждают в Минобороны, те в действительности не оказывали. Большинство недобросовестных истцов были связаны с холдингом "Оборонсервис", основным поставщиком услуг для Минобороны, скандал в котором стоил должности предыдущему министру обороны Анатолию Сердюкову. В большинстве случаев военным удалось отбиться от необоснованных выплат.Однако не все так однозначно, это доказывает случай, который произошел в Калужской области, где Минобороны отказалось платить подрядчику за выполненные по госзаказу работы, так как контракт был заключен с нарушениями. Компания "Технологии-СКС" промыла и очистила системы отопления и водоотведения в трех войсковых частях, военкомате и военном госпитале на территории Калужской области. Работы были начаты по согласованию с заказчиком (Минобороны) и выполнены в срок без замечаний.Однако после подписания актов приемки оплата на счета "Технологий-СКС" так и не поступила. Компания обратилась в Арбитражный суд Калужской области, требуя принудить заказчика оплатить счета. Спор рассматривался в трех инстанциях, но всякий раз судьи отказывали подрядчику в удовлетворении иска. Причиной стало то, что компания выполняла работы без заключения госконтракта с подведомственными учреждениями Минобороны и без соответствующего тендера. По мнению судей, работы, выполненные с нарушениями требований законодательства о госзаказах, не могут быть оплачены.Руководитель проектов Национальной ассоциации институтов закупок Михаил Шелоумов считает, что более жесткие действия Минобороны в отношении своих поставщиков стали следствием значительных изменений в порядке госзакупок, которые с 2014 года определяются Федеральным законом N 44-ФЗ "О контрактной системе в сфере закупок товаров, работ, услуг для обеспечения государственных и муниципальных нужд". "Закон жестче регламентирует взаимоотношения между заказчиком и поставщиком, его нормы распространяются не только на стадии заключения, но и при исполнении контракта. Теперь, к примеру, заказчик обязан указывать штрафные санкции, предусмотренные контрактом, вносить компании в реестр недобросовестных поставщиков за уклонение от заключения контракта или за нарушение его существенных условий, а также проводить внешнюю или внутреннюю экспертизу. Все это несколько облегчило процедуру взыскания штрафов с недобросовестных исполнителей и позволяет Минобороны оказывать на них стимулирующее давление".По оценкам специалистов, в дополнение к этому закону сейчас в Минобороны делают все, чтобы исключить из системы закупок посредников и перекупщиков и тем самым снизить расходную часть бюджета на оборонный заказ. Напомним, что в этом году были ликвидированы Рособоронпоставка и Рособоронзаказ, по сути, размещение заказов фактически было возвращено в Минобороны.МИНОБОРОНЫ ВЫИГРАЛО СУД У ПРОИЗВОДИТЕЛЕЙ СЫРКОВ "ДРУЖБА", НО ПРОИГРАЛО COCА-COLАВ прошлом году Минобороны участвовало в ряде любопытных судебных процессов, которые показывают, что военным дан полный карт-бланш в отстаивании своих интересов. Так, в ноябре прошлого года Арбитражный суд Москвы постановил взыскать с ОАО "Московский завод плавленых сыров "Карат", одной из крупнейших в России компаний по выпуску плавленых, твердых, свежих сыров, сыра домашнего и других видов молочной продукции, включая творог, сметану и сливочное масло, в пользу Минобороны 1,3 млн рублей неустойки. Как следует из материалов дела, Минобороны и ОАО "Московский завод плавленых сыров "Карат" заключили контракт на поставку продовольственных товаров для нужд Минобороны, но предприятие не смогло своевременно выполнить условия договора.В апреле стало известно - Министерство обороны судится с футбольным клубом ЦСКА, требуя заплатить 300 млн рублей долга за пользование землей, на которой расположена тренировочная база дружины в Ватутинках. Причем Министерство не первый раз конфликтует с ЦСКА. Предыдущий спор вокруг земельного участка под строительство стадиона рядом с Ходынским полем завершился мирным исходом. Правда, для этого футбольному клубу пришлось выкупить у Минобороны землю за 1 млрд рублей.А вот в 2012 году военные потерпели в суде курьезное поражение от иностранной компании. Свердловский арбитражный суд встал на сторону уральского отделения компании Coca-Cola, обязав Центральный военный округ выплатить компании долг за поставленную газировку. Спор возник годом ранее, кода производитель напитков потребовал от военных оплатить поставленный продукт, а те в ответ на претензию заявили, что никаких закупок у компании Coca-Cola не делали и, соответственно, задолженности не существует. Во время расследования выяснилось: Управление торговли Центрального военного округа заказало для воинских частей Свердловской области почти семь тысяч бутылок с напитком на сумму 208 718 рублей. Однако платить за поставленную продукцию военные не стали. В итоге региональное отделение Coca-Cola подало в суд на покупателей. Суд же вынес решение, согласно которому военные должны выплатить компании долг за сладкую воду.На фоне возросшей активности военного ведомства в судах удивляет реакция нынешнего министра обороны на стремление его подчиненных добиваться справедливости такими же способами.По словам Сергея Шойгу, он возмущен поведением солдат и офицеров, которые зачастили с походами в суд. Действительно, количество военнослужащих, которые подают иски против Минобороны, в среднем составляет около 100 тысяч в год. Министр обороны считает, что не стоит тревожить суды, когда "задержали на пять дней зарплату, недодали что-то из формы, квартирой не обеспечили".	\N	\N	60	\N	f	\N	\N	\N	\N	\N	1000	77	\N
1968	1	2014-11-23 21:00:00+01	2015-03-30 13:53:17.185838+02	\N	\N	\N	7	13	6	6	15	\N	\N	5	\N	7	\N	\N	\N	\N	\N	\N	\N	\N	\N	\N	\N	\N	\N	\N	\N	1	4	14	\N	426	90	156	390	Coca-Cola стала первым спонсором чемпионата мира по футболу, публично обвинившим FIFA в том, что она не справляется с расследованием случаев коррупции.	Coca-Cola стала первым спонсором чемпионата мира по футболу, публично обвинившим FIFA в том, что она не справляется с расследованием случаев коррупцииПроизводитель напитков, чья финансовая поддержка приносит FIFA в более чем 300 млн фунтов стерлингов, заявил, что внутреннее расследование тендера на проведение чемпионатов в 2018 и 2022 годах "разочаровывает", пишет DailyMail.FIFA попала под раздачу десять дней назад, когда были опубликованы краткие результаты отчета Майкла Гарсии, свидетельствующие о том, что Россия и Катар в тендерах выиграли честным путем. Однако Гарсия тут же отрекся от своего отчета, заявив, что его работа была выставлена в неверном свете."Нас беспокоит все, что мешает миссии и идеалам FIFA, - сказал после публикации отчета пресс-секретарь Coca-Cola. - И нас разочаровывает то, как было проведено антикоррупционное расследование. Мы надеемся на то, что эта проблема будет решена быстро, а результаты решению окажутся прозрачными".Два других крупных спонсора чемпионатов, McDonalds и Adidas, также выразили свою озабоченность проблемами, обрушившимися на FIFA. Представители McDonalds заявили, что будут "отслеживать ситуацию", а в Adidas обещают, что результаты отчета обсудят непосредственно с руководством FIFA.Также в начале ноября дубайский авиаперевозчик Emirates заявил о том, что больше не будет поддерживать FIFA. Кроме того, ходят слухи о том, что свою финансовую поддержку чемпионатов прекращает и технологический гигант Sony.	\N	\N	52	\N	f	\N	\N	\N	\N	\N	48600	77	\N
1969	1	2014-11-23 21:00:00+01	2015-03-30 13:53:17.185838+02	\N	\N	\N	7	13	6	6	15	\N	\N	5	\N	7	\N	\N	\N	\N	\N	\N	\N	\N	\N	\N	\N	\N	\N	\N	\N	1	4	14	\N	427	91	333	391	В материале приводятся рецепты молочных коктейлей, например, коктейль "Поплавок", для приготовления которого используется "Пепси" или "Кока-Кола".	Коктейль из молока является настоящей вкуснятиной. Увы, такое удовольствие - просто концентрат калорий, и им не получится освежиться в жару. Но для коктейльной вечеринки и людей, которые просто так не хотят пить молоко, такое лакомство точно придется по вкусу. Взбитый с йогуртом, мороженым, смешанный с фруктами или ягодами, молочный коктейль с манго - слюнки текут от такого разнообразия. Этот ингредиент является часто употребляемым, и с его помощью можно сделать вкусные напитки.Оригинальные коктейлиВо всем необходимо соблюдать меру: четырех ингредиентов будет достаточно. Вкусные коктейли из молока готовятся не только на его основе. Можно использовать сливки, йогурт или же кефир. Это придаст напитку дополнительную полезность.Что добавляют в коктейль из молока? В нем можно использовать практически любые ингредиенты:орехи;ягоды;фрукты;шоколад;какао;мяту;имбирь;сироп;мед;желтки яйца.Можно приготовить и молочный коктейль с манго. Слюнки текут от этого напитка! Главное - смешивать подходящие ягоды и фрукты. К примеру, не стоит совмещать основу с апельсином, мандарином или грейпфрутом.Хитрости приготовленияСуществуют такие приемы, которые позволяют добиваться при приготовлении коктейлей идеального результата. Мороженое можно взбивать вместе с наполнителями и молоком, также сладкий шарик добавляется в уже готовый напиток. Основа всегда должна быть охлажденной - это, пожалуй, главное правило. Так намного легче взбить ее в пену. Ингредиенты можно смешивать или приготовить из них пюре, сделав многослойный коктейль. Масса из фруктов и ягод выкладывается на дно бокала, а сверху добавляется молочный микс. Коктейль может быть полосатым, а также с яркими завихрениями - для этого несколько раз следует провести трубочкой.Украшение коктейлейЭто тоже важный момент. Коктейли можно сделать еще чудесней, украсив шапкой из взбитых сливок. Идеальным оформлением для них может стать какао-порошок, а также тертый шоколад. Края стаканов можно украшать сахарным песком, окунув его в лимонный сок или воду, а после этого - в сахар.Молочный коктейль: рецепт с фотоПриготовим коктейль "Ванильное небо".Необходимые ингредиенты :одна банка ванильного йогурта;сто миллилитров молока;абрикос;лимонный сок.ПриготовлениеВсе продукты смешиваются со льдом в блендере, готовая смесь переливается в бокал и украшается абрикосом. Вместо последнего можно использовать манго. Он также отлично подойдет для этого рецепта. Когда пробуешь молочный коктейль с манго, слюнки текут от его вкуса.Следующий коктейль - "Эскимос". Этот рецепт очень прост. Чтобы приготовить такой напиток, необходимо положить в стакан пару кубиков льда, заполнить его "Колой". А сверху поместить мороженое.Немного сложнее в приготовлении коктейль "Поплавок".Ингредиенты :сто миллилитров "Пепси" или "Кока-Колы";двадцать грамм клубники;такое же количество мороженого;пятьдесят миллилитров черного холодного кофе.Коктейли в блендереЛюбителям таких напитков можно дать один дельный совет: приобрести блендер или миксер. В него заливают молоко, кладут замороженное фруктовое пюре, сахар и все взбивают. После этого пена будет держаться около сорока минут. Если пюре не замораживать, а перед взбиванием немного подогревать, пена все равно будет держаться. Когда человек хочет добиться конкретной консистенции для молочного коктейля, то его необходимо делать в комбайне, перемешивая специальной насадкой. Если мороженое крем-брюле взбить с топленым молоком, то напиток выйдет с очень необычным вкусом.	\N	\N	61	\N	f	\N	\N	\N	\N	\N	5000	77	\N
1993	1	2014-11-23 21:00:00+01	2015-03-30 13:53:17.185838+02	\N	\N	\N	9	14	6	6	17	\N	\N	5	\N	7	\N	\N	\N	\N	\N	\N	\N	\N	\N	\N	\N	\N	\N	\N	\N	5	4	19	\N	450	\N	181	409	Агентство интегрированных коммуникаций Comunica теперь дипломированный работодатель мечты. В ноябре оно вошло в число победителей профессионального конкурса InterСomm-2014. При этом на конкурсе соперниками компании были такие "тяжеловесы", как "МТС", PepsiCo или "Северсталь".	Агентство интегрированных коммуникаций Comunica теперь дипломированный работодатель мечты! В ноябре оно вошло в число победителей профессионального конкурса InterСomm-2014.InterComm - это ежегодный конкурс проектов в области внутрикорпоративных коммуникаций. Comunica участвовала в номинации "Приоритетный выбор" (проекты, которые должны показать компанию в качестве самого привлекательного работодателя как для действующих, так и для потенциальных сотрудников).Руководитель отдела обучения и развития Comunica Оксана Резник решила раскрыть карты и рассказать про систему G4, которая позволяет агентству "поженить" идеального кандидата с идеальными обязанностями. В результате проект "Comunica HR-брендинг: как мы создали агентство, в котором хочется работать" занял в своей номинации призовое третье место. При этом на конкурсе соперниками компании были такие "тяжеловесы", как "МТС", PepsiCo или "Северсталь". Победа в этом конкурсе пополнила список достижений агентства: в 2004 году оно стало партнером Golin Harris International, в 2010 - заняло II место в рейтинге PR-агентств по доверию клиентов, а в 2013 получило премии SABRE AWARD и Бренд года/EFFIE.Об агентстве ComunicaОсновано в 1998 году в Москве. Агентство предоставляет широкий спектр коммуникационных услуг (корпоративный, продуктовый, персональный PR, SMM, организация мероприятий, репутационный аудит, антикризисный PR, разработка PR-стратегий, внутренние коммуникации, медиапланирование, аналитика и многое другое). Входит в группу компаний "АДВ Россия" и Interpublic Group of Companies (NYSE: IPG), является партнером Golin International. Среди клиентов агентства - Subaru Motor, Nike, "Интач Страхование", Bosch, "Банк Москвы", Burger King, Стокгольмская Школа Экономики в России и многие другие. Генеральный директор - Михаил Умаров. Сайт компании: www.comunica.ru.О премии InterCommОрганизатор премии - некоммерческое Партнерство для содействия развитию внутрикорпоративных коммуникаций при поддержке общественных объединений, предприятий всех форм собственности, СМИ и независимых экспертов. Основными целями являются разработка профессиональных стандартов работы специалистов по внутрикорпоративным коммуникациям и корпоративной культуре, а также популяризация практических инструментов повышения эффективности внутрикорпоративных коммуникаций. Официальный сайт премии: www.internal-communicator.ru.	\N	\N	74	\N	f	\N	\N	\N	\N	\N	3300	81	\N
1970	1	2014-11-23 21:00:00+01	2015-03-30 13:53:17.185838+02	\N	\N	\N	9	14	6	6	18	\N	\N	5	\N	9	\N	\N	\N	\N	\N	\N	\N	\N	\N	\N	\N	\N	\N	\N	\N	1	4	19	\N	428	\N	176	387	Coca-Cola уже готовится к праздникам и представляет упаковки своих напитков в рождественском оформлении в упаковках объемом 330 мл, 1 л, 1,25 л, а также на групповых упаковках Coca-Cola и Diet Coke.	Coca-Cola уже готовится к праздникам и представляет упаковки своих напитков в рождественском оформлении в упаковках объемом 330 мл, 1 л, 1,25 л, а также на групповых упаковках Coca-Cola и Diet Coke, пишет Upakovano.ru. Таким образом компания хочет не только подарить праздничное настроение, но и добиться роста продаж в этот период.Новый дизайн упаковок призывает покупателей "поделиться Coke" с любым оленем Санта-Клауса: Рудольфом, Молнией, Кометой, Купидоном, Танцором, Стремительным, Громом, Скакуном или Резвым.Отмечается, что газированные безалкогольные напитки являются самой популярной сезонной категорией в Рождество.	\N	\N	58	\N	f	\N	\N	\N	\N	\N	10000	77	\N
1971	1	2014-11-23 21:00:00+01	2015-03-30 13:53:17.185838+02	\N	\N	\N	7	13	6	6	15	\N	\N	5	\N	7	\N	\N	\N	\N	\N	\N	\N	\N	\N	\N	\N	\N	\N	\N	\N	1	4	14	\N	429	\N	132	392	Компания "Coca-Cola" стала первым из официальных спонсоров Кубков Мира, которая публично раскритиковала ФИФА.	Компания "Coca-Cola" стала первым из официальных спонсоров Кубков Мира, которая публично раскритиковала ФИФА. Крупнейшему производителю безалкогольных напитков, который имеет спонсорский контракт с ФИФА на 300 миллионов фунтов стерлингов, не понравилось, как организацией был представлен доклад о коррупционной составляющей при выборе стран-хозяев Кубков Мира 2018 и 2022.	\N	\N	52	\N	f	\N	\N	\N	\N	\N	2600000	77	\N
1972	1	2014-11-23 21:00:00+01	2015-03-30 13:53:17.185838+02	\N	\N	\N	9	20	6	6	17	\N	\N	4	\N	7	\N	\N	\N	\N	\N	\N	\N	\N	\N	\N	\N	\N	\N	\N	\N	1	4	59	\N	430	92	334	393	Журналисты проверили распространенные в сети подборки "интересных фактов" о любимом многими напитке типа "колы", к примеру, такие как: "он разъедает зубную эмаль", "с успехом заменяет бытовую химию", и пришли к выводу, что лишь некоторые "советы " можно взять себе на заметку. Остальные - не более чем страшилки.	Диетологи уверены, что чрезмерное употребление "шипучек" вредит организму. Но наш материал не об этомМы решили проверить другие "потребительские свойства" разрекламированного напитка.У каждой уважающей себя хозяйки в запасе есть несколько проверенных хитростей, которые помогают в быту. В женских журналах и в Интернете вы найдете массу советов на эту тему.Например, по страничкам Сети кочуют подборки "интересных фактов" о любимом многими напитке типа "колы". К примеру, такие страшилки: "он разъедает зубную эмаль", "с успехом заменяет бытовую химию" и т.д. Что из этих утверждений факт, а что - миф? Для чистоты эксперимента мы проводили опыты и с другими напитками - молоком и ананасовым соком."В ней растворяется мясо"Самое распространенное утверждение, что кола способна растворить кусочек мяса, оставленный в ней на пару дней.Мы замочили говядину на сутки в каждом из образцов жидкости. Но мясо никуда не делось. Даже не уменьшилось в размерах, наоборот, немного разбухло. Кола при этом разделилась на две субстанции - воду и коричневые хлопья. С другими напитками ничего не произошло, как и с мясом в них."Она разъедает железо"Знатоки утверждают: кола разъедает гвозди и делает потемневшие монеты снова блестящими. Проверим!Гвоздей под рукой не оказалось, поэтому в каждый из напитков положили по несколько 10-копеечных монет, выбрав из копилки самые ржавые и потертые, оставили отмокать на сутки. Деньги, как и следовало ожидать, не растворились. Но кола и сок заметно их очистили. Монеты засияли, как новые. Вероятно, сделали свое дело кислоты, содержащиеся в жидкостях. А вот в молоке копейки поблекли и, напротив, стали более тусклыми, даже покрылись черными пятнами."Она удаляет налет"Кружки со следами чая и кофе - извечная проблема. Особенно для офисов. Вот тут и можно воспользоваться экспресс-версией: залить в грязнуючашку популярную газировку.Кола с задачей справилась. Уже через час она растворила чайный налет на фарфоровой чашке, однако чтобы стенки стали абсолютно белыми, их пришлось протереть тряпочкой. Второе место - у ананасового сока. Он тоже довольно хорошо удалил налет.Молоко стало аутсайдером в этом эксперименте. Кружка как была темной изнутри, так и осталась.Тот же фокус мы провели и с чайными ложками. Они поддались с трудом. За час отмокания с ними ничего не произошло. Только через сутки ложки в коле заблестели. В молоке и соке налет не сошел."Она растворяет зубную эмаль"Жертвовать настоящим зубом мы не стали, а вот яичную скорлупу на сутки в каждом из напитков оставили.И, надо сказать, что влияние на нее газировки оказалось не таким уж сильным. Да, она заметно потемнела, что говорит о том, что в напитке немало красителей. Но изменился цвет скорлупы и в соке. Она стала желтой. После молока никаких изменений не замечено."Она побеждает накипь"Настало время проверить силу напитка в борьбе с известковой накипью в чайнике. Для этого в нем надо вскипятить лимонад.Берем видавший виды чайник, "облагороженный" необходимой для проведения эксперимента накипью, заливаем в него колу и ставим на медленный огонь. Постепенно доводим температуру до 100 градусов по Цельсию. Однако волшебного преображения с внутренней поверхностью чайника не произошло. После этой процедуры удалось отмыть лишь часть накипи.Кипячение молока в чайнике никакого эффекта не дало, в случае с соком результат также был нулевой.Получается, что лишь некоторые "советы бывалых" можно взять себе на заметку. Остальные - не более чем страшилки или плод буйной фантазии.Проверено: работаетМикроволновая печь. На внутренних стенках микроволновых печей часто появляются брызги и капельки жира. Оттереть их можно с помощью специальных моющих средств. Однако есть куда более простой способ. Просто поставьте в микроволновку пиалу с водой и дайте ей прокипеть (5-10 минут). Пар размочит загрязнения, стенки достаточно будет протереть мягкой тряпочкой. Раковина из нержавеющей стали. Чтобы она блестела как новая, смешайте гель для мытья посуды с соком лимона в пропорции 1:1, обработайте раковину, ополосните и досуха протрите мягкой тряпкой. Таким же образом чистят краны: для самых труднодоступных мест используйте мягкую щеточку, смоченную лимонным соком.Трубы. Соль и пищевая сода не только прочистят засор в раковине, но и уничтожат неприятный запах. Насыпьте в слив стакан соли, затем стакан пищевой соды. Вылейте туда же кастрюлю кипящей воды, и пусть "коктейль" работает.Лимонад - по паспортуГазировку предлагают продавать по паспорту. Не исключено, что ни один ребенок в возрасте до 14 лет в будущем без взрослых не сможет приобрести ее в магазине. С такой инициативой выступила Общественная палата РФ.Также ее члены предлагают помещать на этикетках бутылок со сладкой газировкой надписи, предупреждающие о том, что частое употребление таких напитков может привести к ожирению, диабету и вызвать другие последствия, пагубные для здоровья.	\N	\N	62	\N	f	\N	\N	\N	\N	\N	12000	77	\N
1973	1	2014-11-23 21:00:00+01	2015-03-30 13:53:17.185838+02	\N	\N	\N	7	13	6	6	15	\N	\N	5	\N	7	\N	\N	\N	\N	\N	\N	\N	\N	\N	\N	\N	\N	\N	\N	\N	1	3	14	\N	431	\N	132	394	Microsoft продвигает свой смартфон Lumia 730 необычным способом. Для рекламы она вместе с компанией Coca-Cola организовала мероприятие, чтобы установить рекорд, который смог бы попасть в Книгу рекордов Гиннесса.	Рекордное селфи было сделано на смартфон с 5 МП камерой. Компания Microsoft и Coca-Cola предложили людям стать "моделями" для самого большого в мире селфи, которое было запечатлено на фронтальную камеру Windows Phone средней ценовой категории. На фотографии, сделанной 5 МП камерой телефона Lumia 730, присутствует 1151 человек. Кадр был сделан вчера в Бангладеше.	\N	\N	49	\N	f	\N	\N	\N	\N	\N	2600000	77	\N
1974	1	2014-11-23 21:00:00+01	2015-03-30 13:53:17.185838+02	\N	\N	\N	7	13	6	6	15	\N	\N	5	\N	7	\N	\N	\N	\N	\N	\N	\N	\N	\N	\N	\N	\N	\N	\N	\N	1	4	14	\N	432	\N	335	395	Издение "Creammag" составило список известных курильщиков из мира скейтбординга. Нельзя не упомянуть в этом списке и Фло Миртэна, уроженца французского Лиона, испытывающего зависимость не только к никотину, но и к такому напитку, как Coca-Cola.	Буквально на прошедшей неделе, в четверг, отмечался международный день отказа от курения, привычки, которой подвержены многие, в том числе и многие про-скейтеры, так что мы решили создать небольшой список известных курильщиков из мира скейтбординга. Ну и в лучших традициях минздрава - курение вредит вашему здоровью и тд.Dan DrehoblНаверно, самым плотно ассоциирующимся с курением сигарет скейтером является Ден Дреобл (Dan Drehobl). По его словам, он начал курить в детстве, наблюдая за своим отцом, но сейчас признается, что дело зашло так далеко, что готов уже бросить, спустя столько лет, но, к сожалению, ничего путевого из этого не выходит. Кстати, известный факт, что крупные корпорации не поддерживают отображение курения в своих проектах, например, найки бракует все кадры, где скейтер находится вместе с сигаретой. Похожие правила и у гиганта видеоигр, Electronic Arts, но вот что удивительно, в третьей части своей игры Skate (Кстати, по моему мнению - лучшая серия игр про скейтбординг, выходившая когда либо) Ден появляется с... сигаретой в зубах.Andrew ReynoldsПро Эндрю Рейнолдса (Andrew Reynolds) могу сказать только одно - его свич фс флип через большой сет в Stay Gold от Emerica с сигаретой в руке в свое время впечатлил многих. Трюк довольно серьезный, а выглядит все, как-будто для Эндрю это элементарно. Кстати, на данный момент он уже не курит несколько лет, за что ему почет и уважение.Dylan RiederНу и, конечно же, этот список был бы немыслим без звезды недавней рекламы DKNY, Дилана Ридера (Dylan Rieder). Сигареты для него стали неотъемлемой частью имиджа, почти во всех видео есть кадры, где он затягивается. Сам он к своей вредной привычке относится положительно, ведь в кратком описании его профиля на сайте его обувного спонсора HUF, куда Дилан перебрался в том году и уже стал про, на вопрос о хобби он ответил - сигареты, кофе, музыка, серфинг. Кстати, его любовь к ним уже давно стала объектом шуток. Например, помимо огромного количества фотожаб, самым популярным комментом к видео, где он в видео для Thunder объясняет как делать 360flip, это незамысловатое DYLAN KNOWS SMOKING (от оригинального названия клипа dylan knows tre flips), ведь больше половины хронометража мы можем лицезреть не катание, а то, как он затягивается.Austyn Gillette and Ben NordbergAustynBenНе знаю как для вас, но на самом деле я для себя уже выделил целый отдельный класс скейтеров (да, да, почти как в РПГ), называемый Дилан Ридер. К нему я отношу всех скейтеров с похожим стилем одежды/катания и тд. Обозначение, конечно же, субъективное, я не настаиваю на его правильности и не навязываю, ну вот просто для себя так выделил парочку скейтеров. Среди них есть Остин Жиллетт (Austyn Gillette) и Бен Нордберг (Ben Nordberg). Про первого все более-менее понятно, а вот у второго, похоже, любовь к сигаретам ни чуть ни меньше, чем у Дилана.Flo MirtainНельзя не упомянуть в этом списке и Фло Миртэна (Flo Mirtain), уроженца французского Лиона, испытывающего зависимость не только к никотину, но и к такому напитку, как Coca-Cola. В общем-то эти две слабости и обыгрываются вокруг его имени, это можно заметить как в различных интервью, так и в интро к его файлу в Cliche Bon Voyage где он завершает видео (за что, кстати, и получил статус про).	\N	\N	63	\N	f	\N	\N	\N	\N	\N	4500	77	\N
1975	1	2014-11-23 21:00:00+01	2015-03-30 13:53:17.185838+02	\N	\N	\N	9	19	6	6	17	\N	\N	4	\N	7	\N	\N	\N	\N	\N	\N	\N	\N	\N	\N	\N	\N	\N	\N	\N	1	4	27	\N	433	\N	336	396	Одним из трендов современной архитектуры стала игра со светом. Все больше домов и небоскребов во многих странах мира зодчие превращают в источники визуальной информации. Эта тенденция активно развивается и в России. Мультимедийный фасад используется, среди прочих, в офисном центре "Coca-Cola" в Йоханнесбурге.	Одним из трендов современной архитектуры стала игра со светом. Все больше домов и небоскребов во многих странах мира зодчие превращают в источники визуальной информации. Эта тенденция активно развивается и в России.Медиафасады - это не только прихоть архитектора, инновационный элемент городского дизайна и световой архитектуры, придающий зданию эффектный облик. Такие решения позволяют передавать самый разный контент, в том числе с помощью высококачественного многоцветного видео. Они также являются перспективными площадками для брендинга, средством для проведения праздничных мероприятий. Технологически это системы, состоящие из огромного количества светодиодных элементов, прикрепленных к каркасной основе. Их конструкция может быть выполнена в виде гибкой сетки, жесткой решетки и трубок.Самые первые и самые большиеПрототипом современных видеофасадов стала "Башня Ветров", построенная в 1986 году в Камогаве (город Японии. - Прим. ред.) по проекту архитектора Тойо Ито. "Башня Ветров" - это облицованное отражающими панелями здание цилиндрической формы, которое днем просто отражает город. Однако в темное время суток встроенные в конструкцию 1 300 электрических ламп, 12 неоновых колец и 30 фонарей у подножия начинают играть всеми красками, меняя цвет и интенсивность свечения в зависимости от силы ветра и уровня шума.Первый полноценный мультимедийный фасад появился в 1996 году на здании Nasdaq на Таймс-Сквер в Нью-Йорке. Известными мировыми примерами являются также башня Uniqa в Вене (штаб-квартира крупной страховой компании) и башня "Шанель Гинза" в Токио - флагманский торговый центр "Шанель". В последнем случае громадный экран круглосуточно транслирует показ коллекций этого дома мод разных эпох. Список можно дополнить двумя знаковыми проектами для китайского Макао - "Grand Lisboa Resort Hotel" и "Casino Grand Lisboa", а также офисными центрами "Coca-Cola" и "Nike" в Йоханнесбурге.Архитектор Бен ван Беркель (голландское архбюро "UNStudio") создал проект футуристического торгово-развлекательного центра "Galleria Centercity", возведенного в южнокорейском городе Чеонан в 80 км от Сеула. Главной его "фишкой" стал двухслойный иллюзорный медиафасад - самый большой в мире (22 тыс. светодиодов). Его площадь - 12,6 тыс. кв. м. Днем он представляет собой монохромную зеркальную поверхность, которая пропускает максимальное количество естественного света, задерживая при этом солнечное тепло. Ночью же фасад ТЦ превращается в гигантский экран по всему периметру здания.Медиафасады в МосквеВ России первыми зданиями, которые украсили медиафасады современного поколения, стали два корпуса московской гостиницы "Белград", отель "Золотое кольцо" на Смоленской площади и "книжки" на Новом Арбате. Наиболее "продвинутым" российским примером до некоторых пор считался медиафасад на здании института "Гидропроект". Это один из самых крупных медиафасадов в Европе, его площадь составляет более 3,8 тыс. кв. м - изображение видно с расстояния более двух километров.Сейчас наиболее современным крупным проектом медиафасада с высоким разрешением (240 тыс. светодиодных источников света, 16 млн цветов, площадь 3,6 тыс. кв. м) является новая конструкция в ТРЦ "Вегас-2" на территории "Крокус Сити". Это первый в России медиафасад, повторяющий сложную архитектуру здания и одновременно интегрированный в вентилируемый фасад.Стоит заметить, что в Москве установка медиафасадов не всегда может удачно вписываться в архитектурную концепцию города, что в некотором роде ограничивает их установку. "В ЦАО, например, большинство строящихся объектов выдержаны в определенной исторической стилистике, - говорит управляющий партнер компании "Blackwood" Константин Ковалев. - И медиафасады здесь могут оказаться не самым оптимальным архитектурным решением".Правильно размещенные медиафасады способны генерировать прибыль от продажи рекламы. Например, медиафасад на известном "доме-корабле" на Большой Тульской расположен с торцевой стороны здания, и он за несколько сотен метров виден автомобилистам."Рекламный контент здесь уже достаточно большой и приносит прибыль управляющей компании дома и собственнику "экрана"", - говорит Константин Ковалев.Впрочем, у медиафасада может быть и отдельный владелец. По результатам проведенного компанией Philips исследования рынка, медиафасады, например, в торговых центрах увеличивают посещаемость и объемы продаж примерно на 40%.В регионахВ регионах России распространение медиафасадных решений отчасти связано с развитием спортивной инфраструктуры. Например, огромный медиафасад площадью более 3,6 тыс. кв. м украшает и недавно построенный стадион "Казань-Арена". Причем примерно 1,5 тыс. кв. м - это элементы HD-качества. Медиафасад значительно увеличил привлекательность и популярность стадиона среди горожан. Опыт казанских коллег сейчас планируют взять на вооружение строители новой арены ФК "Краснодар".Рекорд же принадлежит дворцу в Олимпийском парке в Сочи, у которого медиа - не только фасад, но и кровля. Суммарная площадь этой видеоконструкции на 37 тыс. пикселей составляет 22 тыс. кв. м. На медиафасаде реализована система самогенерации изображения. Как исходные данные используются изменения климатических условий: скорости ветра, температуры и влажности.В Санкт-Петербурге медиафасад смонтирован на 140-метровом небоскребе бизнес-центра класса А Leader tower. Как сказано на сайте объекта, в дневное время фасад "подстраивается" под окружающую среду, отражая небо и соседние объекты, а в темное время суток превращается в мультимедийное пространство, воспроизводя анимационные и статичные изображения.По данным компании "Аренасолюшн", в зависимости от производителя, срок службы медиафасада составляет 100 тыс. часов, или примерно 10 лет до затухания экрана до половины яркости. Впрочем, от пыли и воды он может прийти в негодность и раньше. В этом смысле выгодно отличаются застекленные медиафасады, которые в меньшей степени подвержены влиянию окружающей среды и не нуждаются в регулярном обслуживании. Однако стоит заметить, что застекленный медиафасад стоит недешево: 4 500 кв. м светодиодной поверхности - примерно 15 млн долл.	\N	\N	64	\N	f	\N	\N	\N	\N	\N	4200	77	\N
1976	1	2014-11-23 21:00:00+01	2015-03-30 13:53:17.185838+02	\N	\N	\N	7	13	6	6	15	\N	\N	5	\N	7	\N	\N	\N	\N	\N	\N	\N	\N	\N	\N	\N	\N	\N	\N	\N	1	4	14	\N	434	90	337	390	Coca-Cola стала первым спонсором чемпионата мира по футболу, публично обвинившим FIFA в том, что она не справляется с расследованием случаев коррупции.	Coca-Cola стала первым спонсором чемпионата мира по футболу, публично обвинившим FIFA в том, что она не справляется с расследованием случаев коррупцииПроизводитель напитков, чья финансовая поддержка приносит FIFA в более чем 300 млн фунтов стерлингов, заявил, что внутреннее расследование тендера на проведение чемпионатов в 2018 и 2022 годах "разочаровывает", пишет DailyMail.FIFA попала под раздачу десять дней назад, когда были опубликованы краткие результаты отчета Майкла Гарсии, свидетельствующие о том, что Россия и Катар в тендерах выиграли честным путем. Однако Гарсия тут же отрекся от своего отчета, заявив, что его работа была выставлена в неверном свете."Нас беспокоит все, что мешает миссии и идеалам FIFA, - сказал после публикации отчета пресс-секретарь Coca-Cola. - И нас разочаровывает то, как было проведено антикоррупционное расследование. Мы надеемся на то, что эта проблема будет решена быстро, а результаты решению окажутся прозрачными".Два других крупных спонсора чемпионатов, McDonalds и Adidas, также выразили свою озабоченность проблемами, обрушившимися на FIFA. Представители McDonalds заявили, что будут "отслеживать ситуацию", а в Adidas обещают, что результаты отчета обсудят непосредственно с руководством FIFA.Также в начале ноября дубайский авиаперевозчик Emirates заявил о том, что больше не будет поддерживать FIFA. Кроме того, ходят слухи о том, что свою финансовую поддержку чемпионатов прекращает и технологический гигант Sony.	\N	\N	52	\N	f	\N	\N	\N	\N	\N	2100	77	\N
1977	1	2014-11-23 21:00:00+01	2015-03-30 13:53:17.185838+02	\N	\N	\N	7	13	6	6	15	\N	\N	4	\N	7	\N	\N	\N	\N	\N	\N	\N	\N	\N	\N	\N	\N	\N	\N	\N	1	4	14	\N	435	\N	338	397	Вновь названный самым молодым африканским миллиардером Мохамед Девжи превратил скромный семейный торговый бизнес в компанию с миллиардной выручкой. Сейчас динамично растущая METL Group производит самые разные товары. Помимо мыла и тканей METL Group производит также волокно агавы, чай и другие сельхозпродукты, газированные напитки, успешно конкурирующие на местном рынке с Coca-Cola и Pepsi.	Вновь названный самым молодым африканским миллиардером Мохамед Девжи превратил скромный семейный торговый бизнес в компанию с миллиардной выручкой. Он рискнул, взяв у отца займ для приобретения убыточных предприятий, и не прогадал. Сейчас динамично растущая METL Group производит самые разные товары, от одежды и мыла до чая и газировки, и оказывает финансовые и логистические услугиРодившийся в 1975 году Мохамед Девжи стал представителем третьего поколения семьи предпринимателей. Как пишет издание Ventures Africa, согласно семейной истории, его предки эмигрировали из Индии в бедную сельскохозяйственную местность Танзании - Сингида. Там они еле сводили концы с концами, занимаясь торговлей. Отец Мохамеда Гулам Девжи приобрел у одной женщины небольшой магазинчик и превратил его в довольно процветающий бизнес.Сначала Мохамед учился на родине, но в 1992 году родители отправили его получать образование в США. В средней школе в Нью-Джерси юноша уже продемонстрировал лидерские качества: его избрали президентом школы - неплохое начало для иностранца. После получения степени бакалавра по направлению "международный бизнес и финансы" в Джорджтаунском университете в Вашингтоне амбициозный танзаниец получил работу на Уолл-стрит. Там, как пишет Forbes, он работал 100 часов в неделю, а зарабатывал всего лишь $60 тыс. в год. Этих денег не хватало даже на скромную жизнь. "Однажды я позвонил отцу и попросил его о финансовой поддержке. Я попал в финансовые тиски. Арендная плата за мою маленькую квартиру составляла $30 тыс. в год, более 30% от моей зарплаты уходило на налоги. Жизнь была на самом деле очень дорогой", - цитирует Forbes Девжи .Отец сыну в помощи отказал, заявив, что тот только зря теряет время в Америке, и посоветовал вернуться на родину. Мохамед Девжи послушался совета отца и в 1999 году стал главным финансовым контролером в семейной Mohammed Enterprises Tanzanian Limited (METL). Тогда годовая выручка фирмы, торговавшей солью, сахаром, кондитерскими товарами, одеждой, а также оказывавшей транспортные услуги, составляла около $30 млн. Компания в основном импортировала товары и перепродавала их на местном рынке. Такой подход к бизнесу не устраивал предприимчивого Мохамеда Девжи. "Торговля приносила приличную сумму денег, но я всегда чувствовал, что это слишком пассивно. Мы импортировали мыло, и это мне казалось смешным. Почему мы импортировали мыло? Почему мы не могли изготовить мыло сами?", - говорит он. И Мохамед Девжи решил заняться производством товаров, а не только торговлей, несмотря на возражения отца, считавшего, что не стоит рисковать.Экономика Танзании$33,2 млрд - ВВП страны в 2013 годуНа 7% выросла экономика Танзании в 2012-2013 годах$1775 - ВВП по паритету покупательной способности (ППП) на душу населения Танзании164-е место в мире занимает Танзания по ВВП по ППП на душу населения80% населения страны занимается сельским хозяйствомБолее 28% населения живет за чертой бедностиНа 6% сократилось число живущих за чертой бедности с 2007 годаВ 2003 году государство стало продавать за бесценок убыточные предприятия, и 29-летний Девжи решил воспользоваться этим. Он занял у отца $1 млн и приобрел мыловаренный завод, завод по производству пищевых жиров и мыла, а также несколько дышащих на ладан текстильных фабрик. Он по максимуму урезал расходы, вложил средства в технологии и квалифицированный персонал и менее чем через два года сделал предприятия прибыльными. Теперь эти производства входят в группу METL. Так, одно из них - 21st Century Textiles Limited - является крупнейшим текстильным предприятием Восточной и Центральной Африки. Ее мощности позволяют производить около 8,6 тыс тонн хлопчатобумажной пряжи в год (для сравнения, по данным Росстата, в 2012 году всеми предприятиями России было произведено за год около 85 тыс. тонн пряжи). Помимо этого, компания производит также искусственное волокно, традиционную африканскую мужскую и женскую одежду, ткани для различных видов одежды, домашний текстиль. Все текстильные производства METL, по данным издания Ventures Africa, приносят годовую выручку в $100 млн. Приобретенное в 2005 году предприятие по производству масла и мыла, East Coast Oils and Fats, было запущено год спустя, оно производит хозяйственное и туалетное мыло, а также пальмовое масло. Доля предприятия на местном отраслевом рынке - около 70%.Помимо мыла и тканей METL Group производит также волокно агавы, чай и другие сельхозпродукты, газированные напитки, успешно конкурирующие на местном рынке с Coca-Cola и Pepsi, оказывает услуги в области страхования, логистики, мобильной связи. По данным самой группы, в ней занято 24 тыс. человек, ее выручка за прошлый год составила около 3,5% от ВВП страны (то есть примерно $1,2 млрд). В середине прошлого года в интервью Forbes Мохамед Девжи, являющийся теперь главой METL Group, заявил, что выручка группы вырастет до $5 млрд к 2018 году, а к 2023 году он займет первое место в рейтинге африканских миллиардеров. Но, судя по всему, бизнес растет стремительнее, чем ожидал Девжи более года назад: сайт группы обещает $5 млрд выручки уже в 2015 году. Соответственно, и благосостояние самого Девжи увеличивается быстрее.То, что METL преуспевает, демонстрирует и облик самого главы, помимо бизнеса занимающегося еще и политикой (он - член парламента Сингиды). Костюмы индивидуального пошива от Armani, Gucci и Zegna, обувь от Ferragamo, целая коллекция часов и очков (у него около 100 пар очков, которые, по его признанию, для него фетиш)... При этом, как отмечает Ventures Africa, при общении с журналистами Девжи держит себя весьма просто, даже по-приятельски грубовато. Он любит рассказывать о том, что именно отец привил ему интерес к бизнесу: "Мой отец тренировал меня с 11 лет. Он всегда учил меня, как делать бизнес. Каждое Рождество, каждое лето, он давал мне пинка, чтобы я работал на него". "Если кто-нибудь спросит меня, кто умнее, я или мой отец, мой ответ - отец! Почему? Потому что делать деньги из денег проще, чем сделать деньги из ничего", - рассказал Мохамед Девжи Forbes Africa.Африканцы делают деньги на нефтиБогатейшие жители Африки по-прежнему получают доходы в основном от торговли сырьем. Страны, где проживает больше всего африканских богачей, - Нигерия (23), ЮАР и Египет (по 8).Самые молодыеСамыми молодыми богачами Африки издание Ventures Africa считает танзанийца Мохамеда Девжи и нигерийца Игхо Саноми, которым сейчас по 39 лет. Девжи (единственный танзаниец, попавший в Forbes) с состоянием в $2 млрд занимает 24-ю строчку в рейтинге африканских толстосумов. Нефтегазовый нигерийский магнат Саноми, основатель Taleveras Group, - 38-ю.Первая тройкаСамым богатым африканцем является нигериец Алико Данготе, три кита которого - цемент, сахар и мука (Dangote Group). Его состояние, по версии Ventures Africa, достигает почти $26 млрд. На втором месте его соотечественник Майк Аденуга ($8 млрд), зарабатывающий на добыче и переработке нефти (Conoil), а также получающий доходы от Globacom - одной из самых быстрорастущих телекомкомпаний в мире. Третью позицию занимает самый богатый гражданин ЮАР Йохан Руперт ($7,8 млрд), крупнейший акционер швейцарской Compagnie Financiere Richemont, которой принадлежат люксовые бренды Cartier, Dunhill, Van Cleef & Arpels, Jaeger-LeCoultre, Montblanc, Chloe.ЖенщинаПримечательно, что четвертое место в рейтинге принадлежит женщине. Фолоруншо Алакия из Нигерии ($7,3 млрд) является не только самой богатой жительницей Африки, но и самой состоятельной чернокожей женщиной в мире. Она владеет и управляет нигерийской нефтедобывающей компанией Famfa Oil.	\N	\N	65	\N	f	\N	\N	\N	\N	\N	3600	77	\N
1978	1	2014-11-23 21:00:00+01	2015-03-30 13:53:17.185838+02	\N	\N	\N	9	15	6	6	29	\N	\N	4	\N	10	\N	\N	\N	\N	\N	\N	\N	\N	\N	\N	\N	\N	\N	\N	\N	1	4	60	\N	436	93	339	398	В программе пленарного заседания международного форума "Ростовская область - территория роста", помимо губернаторского, были заявлены выступления двух федеральных министров - транспорта и энергетики, главы группы "Ренова" Виктора Вексельберга, руководителей российских подразделений компаний Coca-Cola Hellenic, Guardian, PepsiCo, Air Products, Alstom.	Увидев программу пленарного заседания международного форума "Ростовская область - территория роста", в которой, помимо губернаторского, были заявлены выступления двух федеральных министров - транспорта и энергетики, главы группы "Ренова" Виктора Вексельберга, руководителей российских подразделений компаний Coca-Cola Hellenic, Guardian, PepsiCo, Air Products, Alstom, мы в редакции подумали, что это либо блеф, либо прорыв. Теперь нужно констатировать - все-таки прорыв. Он произошел в очень нужное время, когда бизнесу необходимы инъекции оптимизма. Один из наших собеседников так и выразился: "Понимаете, когда бегун бежит и ему явно плохо, время от времени к кромке должен выбегать тренер и кричать: "Ваня, давай! Ты - лучший!"". Таким тренером 12 ноября выступил губернатор Ростовской области Василий Голубев.Последние 12 лет правительство Ростовской области каждую осень проводило "международный бизнес-форум", который представлял собой выставку проектов, собранную силами муниципалитетов, а также более или менее неудачную дискуссионную программу. Стенды, в общем, делались для губернатора, хотя с выставленными на них проектами он был хорошо знаком. Каждый раз в своих заметках о мероприятии нам приходилось констатировать: не хватает инвестора. В этом виде четыре года назад форум достался команде Василия Голубева в наследство - и первое время казалось, что в него можно вдохнуть полноценную рабочую идею: то ли форум малого бизнеса, то ли форум для муниципалитетов. Но в этом - тринадцатом по счету - году вопрос был решен радикально: организацией занялся не "ВертолЭкспо", а Агентство инвестиционного развития Ростовской области (АИР), и в проведенном международном форуме "Ростовская область - территория роста" никакой преемственности не прослеживалось. Просто мы теперь знаем, что деньги, которые правительство региона раньше направляло на один проект, теперь оно направляет на другой."Организация форумов для нас не основное направление работы - все-таки мы концентрируемся на привлечении инвестиций, - говорит генеральный директор Агентства инвестиционного развития Ростовской области Игорь Бураков. - Нам несколько раз предлагали принять участие в организации ростовского бизнес-форума, но мы отказывались. Формат казался не очень удачным. В этом году согласились, прежде всего, увидев, насколько активно включился в эту историю губернатор. Например, каждый из бизнесменов получил индивидуальное приглашение от первого лица донского региона. В результате мы заполучили потрясающе качественную аудиторию, которая прежде в Ростовской области никогда не собиралась для разговора по делу. Я говорил, когда открывал "пленарку": нам удалось собрать в зале представителей компаний с суммарной капитализацией свыше полтриллиона долларов! И эти люди 12 ноября обсуждали инвестиционные перспективы исключительно Ростовской области. Это очень дорогого стоит".Об интересе к мероприятию говорит, например, тот факт, что глава РСПП Александр Шохин ради участия в нашем пленарном заседании полетел из Лондона на саммит G20 в Австралию через Ростов-на-Дону. При этом, подчеркивает Игорь Бураков, расходы на мероприятие были примерно в четыре раза ниже предыдущих донских бизнес-форумов. Глава АИРа не исключает, что в этом формате мероприятие может проводиться и впредь.Как правило, содержательность деловых мероприятий прямо пропорциональна степени вовлеченности в дискуссию реального бизнеса. С первых же сессий нынешнего ростовского форума было ясно, что бизнес тут появился - и поднял уровень разговора. Например, в работе панельной дискуссии, посвященной кластерному развитию, выступили бизнесмены, которые развивают станкостроительный, вертолетный, инновационный, биотехнологический кластеры. Ощутимым было и представительство от федеральных ведомств. Правда, до заявленного уровня дискуссии еще нужно подтянуться чиновникам второго и третьего уровня, поскольку содержательность, которую организаторы взяли в качестве руководящего принципа, все-таки сложно имитировать.Стержнем мероприятия стало пленарное заседание, в рамках которого донской губернатор обратился к деловому сообществу с инвестиционным посланием. Такие выступления - новый жанр, он практикуется лишь второй год подряд, и впервые аудитория послания сидела в зале.Нельзя сказать, что в инвестиционном послании было нечто принципиально новое. Скорее, оно удачно обобщало понимание этапа, на котором находится Ростовская область, стоящих перед нею основных вызовов, приводило свидетельства системной работы и ее результатов, показывало регион как территорию, где сфера отработки эффективных механизмов бизнеса и власти находится в безусловном приоритете. Старожилы знают, что последнее не всегда было так, что с бизнесом, работающим в регионе, у команды губернатора отношения складывались по-разному. Но Василий Голубев обращался в этот момент одновременно к транснациональному, федеральному и региональному бизнесу - и апеллировал к тому, что объединяет их интересы.Губернатор напомнил, что в 2014 году региону предстояло решить очень сложную задачу - продолжать расти от базы 2013 года, когда объем инвестиций оказался рекордным - почти 250 млрд рублей. Задача усложнилась еще больше - начался украинский кризис, который в наибольшей степени отражается именно на Ростовской области. Уже с весны региону предрекали падение экономики, но результат 9 месяцев красноречив - рост ВРП на 5,7%, промышленности - на 8,5%, АПК - на 24,5%, строительства - на 16%. По словам Василия Голубева, донская экономика оказалась вполне стрессоустойчивой, а заложенные драйверы развития - достаточно мощными. Глава региона сформулировал и основную задачу для Ростовской области - в ближайшие годы оставаться лучше рынка на любой стадии экономического развития страны. Сейчас для этого есть хороший задел - сегодня регион является лучшим в ЮФО по объему инвестиций на душу населения, а также по объему привлекаемых иностранных инвестиций. Даже за последние годы в области реализован и заявлен целый ряд индустриальных проектов, что позволяет рассматривать Ростовскую область как новое индустриальное сердце России, подчеркнул донской губернатор. Он напомнил, что общая стоимость подготовительной программы к чемпионату мира по футболу-2018 в Ростовской области - свыше 85 млрд рублей, включая затраты на строительство аэропорта "Южный", развитие дорожной сети, ввод в эксплуатацию новых мостов через Дон. При этом в перечне "губернаторской сотни инвестпроектов" сегодня 60 проектов с общим объемом инвестиций около 570 млрд рублей. Все это - задел на ближайшие годы.Главной новостью форума по итогам стал тезис о том, что в сфере поддержки бизнеса Ростовская область не будет ничего менять. Неподготовленному наблюдателю эту новость оценить трудно - она требует понимания контекста."Все, что связано с привлечением инвестиций, - это защищенные статьи бюджета, это всегда приоритет, - заявил Василий Голубев. - Поэтому первое, что я хочу подчеркнуть сейчас, когда все ждут, что трудности в экономике, бюджетной сфере будут нарастать: мы не намерены сворачивать бюджетные стимулы для инвесторов. И это по нынешним временам уже, я думаю, очень хорошая новость. Дискуссия по поводу возможного повышения налогов идет в стране несколько месяцев. Вы это прекрасно знаете. Но региональные налоги для бизнеса мы не повышали в этом году и не будем повышать в следующем".Этот тезис деловое сообщество встретило аплодисментами."Базовый вариант экономического роста в 2015 году, по прогнозу Центрального банка, - ноль процентов, - сообщил последние новости Александр Шохин. - На этом фоне центр тяжести в сфере экономического роста ложится на регионы. Как вы знаете, правительство ищет сегодня возможности увеличения налоговой нагрузки на бизнес, и она уже увеличилась. Поэтому тезис о том, что региональные налоги Ростовская область поднимать не будет, нестандартный и совершенно правильный".В то же время Василий Голубев подчеркнул, что регион не собирается проводить более агрессивную политику заимствований. По итогам прошлого года у Ростовской области госдолг был на уровне 18,2% от максимально возможного по Бюджетному кодексу, в то время как по ЮФО этот показатель в среднем составлял 64%, а по стране - 33%. "Низкий госдолг - важная часть инвестиционной привлекательности Ростовской области", - заметил донской губернатор, имея в виду прежде всего то, что при нынешних показателях бюджетных заимствований регион имеет возможность выполнять договоренности с бизнесом."Мы работаем в разных регионах, и могу сказать, что во многих нет никаких правил игры, - отмечает генеральный директор ОАО "Астон" Вадим Викулов. - Обещаний в регионах обычно много, но бюджетных возможностей для их реализации недостаточно. А Ростовская область на форуме имела возможность показать, что правила у нее есть и что ее декларации не расходятся с делом, поэтому новость о том, что в поддержке бизнеса ничего не изменится, конечно, позитивная".Главная точка приложения усилий правительства Ростовской области в сфере поддержки бизнеса - донастройка системы. В рамках инвестиционного послания Василий Голубев выдвинул несколько свежих инициатив. Например, сегодня система поддержки выстроена таким образом, что воспользоваться ею могут только предприятия, зарегистрированные в Ростовской области. Губернатор же предлагает распространить ее и на филиалы: таким образом, резко расширится круг инвесторов, да и платить в бюджет филиалы могут не меньше, чем зарегистрированные в регионе компании."Поскольку Ростовская область неоднократно выступала в роли пионера при внедрении передовых дерегулирующих практик, предлагаю задуматься и еще над одной мерой, которая способна позитивно отразиться на инвестиционном климате, - сказал Василий Голубев. - Сегодня я специально пригласил руководителей органов, которые проверяют предпринимателей. У меня к вам простое предложение: в случае выявления нарушений у компаний применять к ним минимально возможное по законодательству наказание. Соответственно по каждому случаю, где контролирующим или проверяющим органом при наличии диапазона наказаний выбрано не наименьшее, предлагаю проводить предметное разбирательство".Это предложение было также встречено аплодисментами - и затем стало одним из самых обсуждаемых в кулуарах форума. "Согласитесь, хорошая цель - стать регионом с самым низким в России административным давлением на бизнес", - резюмировал губернатор."Форум несомненно удался, поскольку он прошел в очень позитивном ключе, несмотря на турбулентность в экономике, - считает Вадим Викулов. - Важно было участие бизнеса - если бы формат был другим, это было бы послание в никуда. А так бизнес подтвердил все сказанное губернатором. Предприниматели сняли сомнения многих участников - в том числе чиновников - в том, что бизнес действительно готов развиваться в Ростовской области"."Мне очень нравится слово "партнерство", которое вы используете, - заметил губернатору Стефанос Вафеидис, генеральный директор Coca-Cola Hellenic в России. - Когда мы строили в Ростовской области завод, АИР поддерживало нас во всем. В России на получение любого разрешения нужно не менее 30 дней, а здесь мы тратили вполовину меньше"."Когда мы принимали решение вкладывать в Ростовскую область, для нас главными были три причины, - признался Роберт Миллс, генеральный директор Air Products в России. - Первая: в регионе представлено большое разнообразие предприятий. Второе: территория показывает высокие темпы роста. И третье - мы чувствовали поддержку правительства на всех этапах. И когда международная обстановка накалилась, ничего не изменилось". Сегодня Air Products, один из мировых лидеров в сфере производства промышленных газов, реализует на Дону самый большой свой проект в России."Форум такого уровня в Ростовской области давно пора было делать - подобные площадки есть даже в менее успешных регионах, - говорит Вадим Ванеев, генеральный директор компании "Евродон". - Думаю, важно, чтобы в рамках такого формата бизнес имел возможность ставить перед областной властью больше вопросов. Например, вопросов, связанных с инфраструктурой, много. Сошлюсь на конкретный пример: в сентябре губернатор подписал постановление о компенсации нашей компании затрат на инфраструктуру в размере 1,2 миллиарда рублей. Раньше эта поддержка была только декларирована. Конечно, по кабинетам еще идет шушуканье, но многие просто не представляют масштабов нашей стройки. Через год мы планируем выйти на объемы производства в 140 тысяч тонн индейки в год - это больше, чем производит весь Израиль, где уровень потребления этого продукта на душу населения в 15 раз выше, чем в России"."У нас на Юге живут амбициозные предприниматели, но в этой среде всегда было броуновское движение, - заявил председатель совета директоров банка "Центр-инвест" Василий Высоков. - Губернатор выбрал правильный лозунг для того, чтобы объединить бизнес: "Ростовская область - лидер", и это лидерство складывается из успехов отдельных компаний"."Тот кризис, который мы сегодня имеем, - это кризис структурного управления, - откликнулся на эту мысль председатель совета директоров ООО "Группа Мегаполис" Константин Кузин. - В Ростовской области как раз улучшаются процессы управления".С вопросом о впечатлениях от форума мы обратились и к бизнесменам, которые не раз выступали с критикой губернаторского курса - и ответов не получили. По нашему мнению, это свидетельство того, что Василий Голубев правильно нащупал неоспоримую точку - опережающее развитие региона с опорой на крупный бизнес. Внятно, да еще и в присутствии самого крупного бизнеса, эта экономическая политика до сих пор не была озвучена губернатором, хотя и во многом проводилась. Однако исторически отношения с крупным бизнесом у команды Голубева складывались неровные. Теперь у ее курса появился статус общественного договора.	\N	\N	66	\N	f	\N	\N	\N	\N	\N	8500	78	\N
1979	1	2014-11-23 21:00:00+01	2015-03-30 13:53:17.185838+02	\N	\N	\N	9	20	6	6	29	\N	\N	5	\N	10	\N	\N	\N	\N	\N	\N	\N	\N	\N	\N	\N	\N	\N	\N	\N	5	4	58	\N	\N	94	340	399	24 октября 2014г. в Пекине завершился мировой кубок предпринимательских проектов студентов Enactus-2014. В состав жюри вошли топ-менеджеры известных корпораций - Pepsico, Coca-Cola, Unilever.	24 октября в Пекине завершился мировой кубок предпринимательских проектов студентов Enactus-2014. Грандиозное событие объединило студентов из 40 стран и 1600 университетов мира.Россию на престижном соревновании представила команда из Сибайского института Башкирского государственного университета.Перед тем как попасть в Поднебесную, башкирские студенты победили дважды: сначала на региональном уровне в Уфе, а после - в Москве.В столице России ребята одержали победу над командами из Красноярска, Новосибирска, Майкопа, Краснодара и НижнегоНовгорода. И получили право защищать честь страны на финале в Китае.В Пекин отправилась команда из 11 студентов и руководителя. В запасе у ребят было три проекта:"Сельские перспективы" - двое студентов еще на втором курсе организовали ООО "Лес Про" в деревне Юлук Баймакского района. Они получили две субсидии и не только начали получать прибыль, но и создали рабочие места."Happy SuperMom" - объединение молодых мам Сибая, которые являются инициаторами различных праздников и акций в защиту экологии, в поддержку детей из приюта и одиноких пожилых людей."Doffee" - онлайн сервис по поиску специалистов для мелких бытовых услуг. На сайте можно оперативно найти мастера "на час", заказать доставку товаров из магазина, услуги курьера и даже помощников в прополке грядок и установке антивируса.Неля Фатхуллина, и. о. декана экономического факультета Сибайского филиала БашГУ:- Наша победа на всероссийском уровне и участие студентов в Enactus-2014 еще раз доказывает, что образование в нашем вузе, да и национальное образование в Башкирии на очень высоком уровне. Я горжусь этим. Поездка наших студентов в Пекин стала возможной благодаря финансовой поддержке Благотворительного фонда "УРАЛ", за что мы им безмерно благодарны.Китайский дневник: как это былоПервый деньВ этот день проходила ярмарка, где каждая команда представляла свою страну. В огромном зале люди в национальных костюмах пели, танцевали, играли на народных инструментах и угощали всех участников сладостями, сувенирами, делились обычаями и традициями.На церемонии открытия мы все чувствовали себя не конкурентами, а единомышленниками, которые приехали со всего мира, чтобы поделиться своими идеями, проектами и результатами проделанной работы.Второй деньСамое волнительное - представление проектов.Все команды были разбиты на 8 лиг по 4-5 команд.Жюри - топ-менеджеры известных корпораций - Pepsico, Coca-Cola,Unilever... Каждой команде давали 17 минут, чтобы рассказать о проделанной работе. Из каждой лиги в финал проходили две команды. От нас вышли Китай и Марокко, которые после и стали победителями.ФиналСоревновались 4 команды, вышедшие накануне в финал. Кубок получил Китай. Мы не победили, но поездка в Поднебесную - грандиозный опыт общения со студентами из других стран, опыт стремления к большему.	\N	\N	56	\N	f	\N	\N	\N	\N	\N	159000	77	\N
1980	1	2014-11-23 21:00:00+01	2015-03-30 13:53:17.185838+02	\N	\N	\N	7	13	6	6	15	\N	\N	4	\N	7	\N	\N	\N	\N	\N	\N	\N	\N	\N	\N	\N	\N	\N	\N	\N	1	4	14	\N	437	95	341	400	Apple показала первую в истории телерекламу на российских федеральных каналах - Первом, НТВ и СТС. Ротация по центральным телеканалам для Apple так же важна, как и для Coca-Cola и Snickers, и это никак не связано с продажами. Крупный бренд должен всегда мелькать перед глазами и быть на слуху.	На минувшей неделе компания Apple показала первую в истории телерекламу на российских федеральных каналах - Первом, НТВ и СТС. Главный редактор TJ разобрался, какую реакцию вызвал ролик, чем может объясняться тайминг его появления, как это намекает на планы компании Тима Кука и что по этому поводу думает самый знаменитый в России Apple-блогер Валентин Петухов.Вчера вечером я сидел у родственников своей девушки в гостях и пил чай при включенном телевизоре. На столе лежала телепрограмма, где кто-то заботливо обвел черной ручкой КВН по Первому каналу. Признаться, ТВ я не смотрю, но не из принципа, а из-за отсутствия времени, а тут подвернулся удобный случай.Во время рекламной паузы я увидел ролик про iPhone 6, причем не от реселлеров вроде "МегаФона" или "Связного", а от Apple. Тот самый, который озвучивали телеведущий Джимми Фэллон и музыкант Джастин Тимберлейк и который Тим Кук с помпой показал на презентации 9 сентября. Только этот ролик был в русской озвучке голосами Антона Комолова и Ольги Шелест - то есть явно был адаптирован под нашу аудиторию.Как выяснилось, я случайно стал очевидцем исторического события - первой официальной рекламы Apple в эфире прайм-тайма на главном телеканале России.Позже уже выяснилось, что роликов было два: "Дуэт" и второй, демонстрирующий достоинства смартфонов iPhone 6 и iPhone 6 Plus более явно. Пользователи соцсетей сообщали о выходе роликов на ТВ еще 19 ноября, и, по их словам, их видели в эфире не только Первого, но и СТС с НТВ.Но телереклама не пришла одна: на прошлой неделе я видел в Санкт-Петербурге неброские биллборды от Apple с фирменной рекламой iPhone 6 - ровно такие же, что неделей ранее я наблюдал на хайвеях в Калифорнии, только поменьше."Дуэт" вызвал неоднозначную реакцию: кого-то вдохновил оригинальный подход к озвучке "а капелла" темы из фильма "Космическая одиссея 2001 года" Стенли Кубрика, а другие раскритиковали ее за резкость, предположив, что у компании не все в порядке с продажами.ОРИГИНАЛЬНАЯ РЕКЛАМА iPHONE 6 ПО ТВ!!!?!?!?! Последний раз рекламировали 3Gs! Офигеть- Макс Фейс (@maxfacemusic) November 19, 2014Реклама IPhone 6....ПОЖАЛУЙСТА, прекратите ее показывать! Мои нервы скоро не выдержат!- Викуша (@SaraSWAG12) November 24, 2014Реклама iPhone 6 по телевизору pic.twitter.com/Ofwcn2Z82L- ?? (@ttwenty_four) November 23, 2014Реклама apple на тв совсем чтоле?Дела видимо швах у них- Пенка (@Penka00) November 21, 2014Сейчас впервые увидела рекламу #IPhone на ТВ. Продажи видать упали)) #iphone6 #смартфон #реклама #стс- Kate (@meetmeinflorida) November 19, 2014Реклама iPhone 6 по первому? Видимо все очень плохо- Mermaid (@lsdfu) November 19, 2014Я ненавижу рекламу нового iPhone, она еще хуже, чем реклама Мегафон с тем пацаном, или "О Палмолив, мой нежный гель". - Tatyana Heilig (@TanyaHeilig) November 21, 2014О проблемах со спросом говорить явно не приходится: за первые выходные продаж iPhone 6 в сентябре Apple реализовала 10 миллионов устройств: годом ранее, когда вышли 5s и 5c, эта цифра была меньше на миллион.А вот о реальной возможности купить новые айфоны можно дискутировать бесконечно. 24 ноября "Юлмарт" самовольно повысил цены на iPhone 6 и 6 Plus, ожидая, что Apple взвинтит закупочную стоимость устройств 1 декабря. Тогда же Hi-Tech@Mail.Ru сообщил о продолжающихся проблемах с доступностью устройств в магазинах: найти наиболее популярную "шестерку" в наличии практически нереально. Знакомые, желающие приобрести смартфон сейчас, рассказывают, что приходится ждать несколько недель.Так зачем давать рекламу на ТВ, да еще и вкупе с офлайновыми баннерами, если нечего продавать?Запустив массированную рекламную кампанию на фоне грядущего повышения цен, Apple может нивелировать разницу в спросе в период новогодних праздников, когда спрос на продукцию компании особенно велик.Масштабная рекламная кампания, посвященная флагманскому продукту - прямое свидетельство того, что Apple стала расценивать рынок России как значимый. На незначительных рынках такое вливание средств нецелесообразно.У Apple еще нет своих статусных фирменных магазинов на территории России, но с задачей продаж неплохо справляется и интернет-магазин, открытый полтора года назад. Кроме того, в последние годы Apple серьезно увеличила количество партнеров-реселлеров в России: с нескольких десятков их число перевалило за сотню.Ротация по центральным телеканалам для Apple так же важна, как и для Coca-Cola и Snickers, и это никак не связано с продажами. Крупный бренд должен всегда мелькать перед глазами и быть на слуху. Это нормально.Вспомните еще один момент. Рыночная стоимость Apple вплотную приблизилась к 700 миллиардам долларов, аналитики прогнозируют еще больший рост, и журнал Forbes задается вопросом: может ли она стать первой компанией, преодолевшей рубеж в триллион? По крайней мере, обогнать весь российский фондовый рынок вместе взятый - пройденный для Apple этап.Видеоблогер Валентин "Wylsacom" Петухов рассказал TJ свое видение ситуации. По его мнению, телерекламу могли просто дать запоздало или чтобы подогреть интерес аудитории на фоне естественного угасания спроса. Валентин Петухов, видеоблогер WylsacomВесь сок истории с рекламой iPhone 6 на российском телевидении даже не в том, что она там появилась в самое неподходящее время, а в реакции интернета. Все, кто декларировали будто они не смотрят "зомбоящик", первыми отрапортовали об увиденном в твиттер. Вот и верь потом этим лжехипстерам.Реклама на ТВ у Apple всегда жила своей жизнью, в отрыве от действительности. А она сейчас такова: телефонов в сетях почти нет, ценник повышается на фоне укрепления рубля - полный раздрай. Как так получается? Насколько я знаю, сама Apple рекламу на ТВ не покупает, за нее это делают партнеры, будь то операторы или официальные дилеры. В нагрузку к контракту на реализацию конкретного числа устройств прилетает вот такая радость в виде организации маркетинговой поддержки.Продажа телефонов в России стартует в сентябре, а реклама появляется в ноябре? Можно списать это на обычное разгильдяйство, а можно на тонкий расчет: зачем рекламировать то, о чем итак говорят на каждом углу? А сейчас на фоне естественного падения интереса нужно подогреть интерес.В любом случае, утверждать можно одно: самой Apple эта реклама и время ее появления не сильно интересны. А вот контрагентам по контракту - еще как. Ну а как они будут крутиться - сугубо их дело.А вот дефицит айфонов перед новым годом может объясняться двумя вещами. Первая - Apple отгружает только такие партии, которые может продать сразу, чтобы устройства не залеживались на складах. Она специально создает ажиотаж вокруг устройств, заставляя потребителей конкурировать за устройства, искусственно повышая спрос и как следствие цену. Вторая - Apple не производит достаточное количество айфонов, потому что не успевает наращивать производственные мощности на фоне усложнения внутренней начинки продуктов.Так что тем, кто еще не успел приобрести смартфон, лучше поторопиться: дорожают устройства в рублях, дорожает доллар, и даже цены на приложения, не ровен час, возьмут да и вырастут с минимальных 33 рублей. А всем остальным можно улыбаться: мы увидели еще один знак, что Apple серьезно взялась за наш рынок.	\N	\N	67	\N	f	\N	\N	\N	\N	\N	376000	77	\N
1981	1	2014-11-23 21:00:00+01	2015-03-30 13:53:17.185838+02	\N	\N	\N	7	13	6	6	15	\N	\N	4	\N	7	\N	\N	\N	\N	\N	\N	\N	\N	\N	\N	\N	\N	\N	\N	\N	1	4	14	\N	438	96	342	401	Материал представляет собой обзор по тест-драйву машины Nissan Qashqai, упоминается Coca-Cola.	Как вы знаете, я не очень-то люблю кроссоверы. Зато просто без ума от пикапов. Будь моя воля, купил бы все. Каждого - по одному, а некоторых даже по два.Из этого можно сделать вывод, что я несильно пекусь о здоровье нашей планеты. Земле уже 4 540 000 000 лет и по предположениям ученых еще 2,3 миллиарда лет она вполне себе нормально просуществует. Проведя аналогию с человеческой жизнью, нашей планете сейчас 45 с лишним лет и, быть может, сейчас у нее так называемый кризис среднего возраста. Она преспокойно проживет до 68, а потом, видимо, приболеет.Но сейчас о другом. Если один планетарный год равен 100 000 000 человеческих лет, значит человеческая жизнь для планеты все равно что 25 секунд для нас. Ничтожно мало, чтобы успеть нанести хоть какой-то серьезный вред. К тому же, я считаю, что Земля достаточно взрослая, чтобы самой о себе позаботиться. И вся эта спекуляция вокруг темы про глобальное потепление, невосполняемые запасы нефти и выбросы СО2 - лишь очередная уловка правительства, чтобы выкачать из нас побольше денег. А единственный способ покончить с этим раз и навсегда - сжечь в двигателях внутреннего сгорания всю нефть как можно быстрее. И пикапы вместе с muscle cars и суперкарами как нельзя лучше для этого подходят.Но есть и те, кто смотрит на мир по-другому, с другого полюса, и считает меня идиотом. Такие люди по идее должны ездить на Nissan Micra, Daewoo Matiz, Fiat 500 и Smart, а предел их мечтаний, надо полагать - Mini Cooper. Но что-то я не вижу у себя во дворе парковку из малолитражек.И сегодня я должен написать про машину, которую водил всю прошлую неделю - Nissan Qashqai. Первый был похож на кусок мыла из общей пачки без индивидуальной упаковки, а этот вроде даже ничего. Qashqai за 8 лет стал чем-то вроде эталона кроссоверности. Но давайте посмотрим, что он из себя представляет.Кроссоверы придумали для тех, кто хочет иметь настоящий внедорожник, но не хочет так уж сильно вредить природе, сжигая по 35 литром топлива на 100 км (или им просто жалко денег на бензин, не важно). Но в итоге получается такая же нелепость, как Coca-Cola без сахара или безалкогольное пиво. Кроссовер бесполезен, как профессия патологоанатома в стране людоедов. Если хотите месить грязь и ездить на рыбалку, купите настоящий внедорожник, а если нет, то хватит и обычного хэтчбека.Но, возвращаясь к тестовому "Кашкаю", Nissan кажется не оставляет надежду сделать экокроссовер. Во-первых, он не полноприводный. То есть выглядит он абсолютно точно так же, как и полноценный 4х4, и другие участники движения будут думать, что вы только что вернулись из полярной экспедиции или проехались по всем болотам в округе. Но не дайте обвести себя вокруг пальца. Это обыкновенный хэтчбек на ходулях с приводом на одну ось и пластмассовыми наколенниками. Во-вторых, двигатель в нем объемом всего 1,2 литра. Для сравнения, в жаркую погоду столько жидкости недостаточно, чтобы утолить жажду нормальному человеку. Благо, что он с турбиной и выдает 115 лошадиных сил. Не так много, как можно предположить, глядя на машину снаружи, но вполне достаточно, чтобы передвигаться по городу и быть экономичным.Итак, вы не можете ездить на нем по полям и сугробам, но выглядит он, как настоящий внедорожник. А это значит, что каждый раз, выходя к подъезду, ты будешь чувствовать себя лучше человека, садящегося в точно такой же Renault Megane. Это как переодеться в Усама бен Ладена, запихать пару будильников под кофту, прийти в аэропорт Вашингтона, а потом сказать: "Я пошутил!" По мне так, раз уж ты вырядился, как террорист, взорви что-нибудь, не надо никого дурачить.Конечно, кто-то может возразить и сказать, что ему не нужна полноприводная машина и он просто хочет купить себе обычный хэтчбек Nissan. Но это не так уж и просто, ведь с тех пор, как в России закончились последние "Тииды", купить обычный пятидверный хэтбек Nissan невозможно, ведь японцы перестали их делать, вероятно, думая, что будущее за кроссоверами.Только не надо думать, что Qashqai японский. Открыв капот, в этом несложно убедиться - везде надписи Renault. Как бы то ни было, проблемы те же, что и у других. Он довольно большой, а потому его сложнее припарковать, чем маленький хэтч. К тому же он тяжелее, а значит прожорливее и медленней. Вдобавок ко всему он высокий, а значит, хуже управляется. Инженеры это знают, поэтому либо просто "забивают" на это и тогда машина кренится в поворотах не меньше мотоциклов, либо подвеску делают жесткой и малейшие неровности дороги передаются прямиком на копчик. На бумаге эти недостатки выглядят пугающе, но, садясь за руль, все оказывается не так уж и плохо.Благодаря независимым подвескам спереди и сзади, едет Qashqai плавно, несильно кренясь в поворотах и довольно комфортно сглаживая неровности замкадовских дорог. Что касается двигателя, то от него я много не ожидал, но он меня удивил. В паре с механической шестиступенчатой коробкой передач он разгоняет 1373-килограммовую кучу металла и пластика от 0 до 100 км/ч за 10,9 секунд. А благодаря турбонаддуву, максимальный крутящий момент в 190 Нм доступен уже при 2000 оборотах в минуту. Двигатель оказался просто отличным. Хорошо, что его нельзя купить вместе с вариатором, иначе все было бы гораздо хуже.Есть еще 2,0-литровый атмосферник мощностью 144 л.с. и крутящим моментом в 200 Нм, но его придется крутить до 4000-6000 об/мин, чтобы получить полную отдачу. Можно заказать такую машину с вариатором или с механической коробкой передач. Последний вариант единственный, с которым Qashqai будет разгоняться быстрее, чем за 10 секунд (9,9 секунд, если быть точным и не совершать ошибок при переключениях). Есть еще 1,6-литровый турбодизель мощностью 130 л.с., но, несмотря на достойные тяговые характеристики, с ним "Кашкай" будет самым медленным. Из-за безальтернативного вариатора, конечно.Вышло так, что машину приятно водить, равно, как и находиться в ней. В ней нет трех рядов сидений или телевизоров для задних пассажиров. Сзади с относительным комфортом смогут разместиться два пассажира и в их распоряжении будут индивидуальные подстаканники, дефлекторы и подлокотник. Спинки сидений можно сложить, увеличив объем багажника с 430 до 1585 литров.Машина в базовой комплектации обойдется в 848 000 рублей. При этом там уже будет ABS, ESP, 6 подушек безопасности, кондиционер, активный усилитель руля, бортовой компьютер, круиз-контроль, подогрев передних сидений, 4 электростеклоподъемника, музыка с Bluetooth, USB и AUX - в общем, все необходимое. В тестовой машине в комплектации SE+ (третья из шести) добавились навигационная система, цветной сенсорный экран, камера заднего вида, немного кожи на руле и рычаге коробки передач, противотуманки, обогрев лобового стекла, электроскладывание зеркал, датчик дождя и климат-контроль. И все это всего за 960 тысяч рублей. Прекрасная цена, на мой взгляд.И все же это дороже, чем Ford Focus, который и является основным конкурентом Qashqai, хотя по виду и не скажешь. "Форд", конечно, приятнее водить, потому что у него ниже центр тяжести. К тому же его легче припарковать, особенно, если заказать систему автоматической парковки. Я вообще за хэтчбеки в том случае, если пикап не нужен. К слову сказать, и у Ford стало полно кроссоверов, так что я не удивлюсь, если он, как и Nissan вскоре перестанет продавать обычные хэтчбеки.Но и Qashqai на пару с Kuga, Sportage и другими можно понять. С ними вы начинаете чувствовать себя более состоятельным и особенным. И пусть вы живете в обычной многоэтажке, с двумя обычными детьми и совершенно обычной женой, возникает ощущение, что хотя бы машина, которую вы водите, вызывает у окружающих интерес к вашей персоне.АльтернативаSubaru XVЕдет совсем, как легковушка, и, несмотря на то, что он больше похож на обычный хэтчбек, к внедорожникам он гораздо ближе, чем другие, так как его нельзя купить с передним приводом. Привод на все колеса - такая же неотъемлемая часть XV, как руль и колеса у обычных машин. Если хотите привлечь к себе еще больше внимания, можно купить машину в апельсиново-оранжевом цвете.Kia SportageЧестно говоря, смотрится он гораздо дороже обычных хэтчей и многих других кроссоверов, но и стоит он тоже дороже. У него нет современных бензиновых турбодвигателей, зато есть дизель. Автомобиль недавно обновился, но это вряд ли заметит кто-то из соседей. Хорошая замена Kia cee'd, но не стоит думать, что проходимость у него намного выше.Mitsubishi ASXПостроен на базе более крупного Outlander, что не может не радовать/ Неплохо едет в городе, но для загородных путешествий я бы предпочел обычный хэтч. Самым быстрым оказывается базовый мотор с механикой. К тому же еще и самым дешевым. Жаль, что такие машины будут только с приводом на одну ось, но, судя по всему, для многих это не главное в жизни.Mazda CX-5Просторный сзади, удобный внутри, красивый снаружи, веселый в вождении и быстрый на дороге. Это вариант для тех, кто любит погорячее и побыстрее. Ни одна модификация не будет разгоняться до сотни дольше, чем за 10 секунд. Однако за машину в базовой комплектации просят без малого миллион.В салоне ничего необычного. Материалы качественные, ничто не гремит, все на своем местеПриборы хорошо читаются, а бортовой компьютер снабжает всей необходимой дополнительной информацией. Твердая пятеркаСзади не слишком просторно, но колени и голова не упираются. Хорошо также, что есть подлокотник с подстаканниками и индивидуальные дефлекторы обдуваРозетка на 12 Вольт и разъемы USB и AUX расположены внизу центральной консоли, а рядом есть углубление, куда можно положить подзаряжающийся телефон, флэшку или что-то еще. Мелочь, конечно, но удобноПодпись для навигационной системы делал, кажется, Капитан Очевидность, однако быстродействие и интерфейс на высоком современном уровне. До ipad, конечно, не дотягивает, но все равно хорошоДва подстаканника с воздуховодами к ним. То есть летом при включенном кондиционере, стаканчики будут охлаждатьсяБагажник кажется небольшим, но на самом деле целых 430 литров. Правда, если учесть не очень прямоугольную форму, холодильник или шкаф, скажем, могут и не влезтьПод полом запаска и стандартный набор инструментов. А сам фальшпол - это обычная фанерка, не очень эстетично, но свои функции выполняетМотор объемом 1,2 литра ничем не прикрыт, а на аккумуляторе и разных трубочках написано Renault - глобализация в чистом виде. Детали общие	\N	\N	68	\N	f	\N	\N	\N	\N	\N	248000	77	\N
1982	1	2014-11-23 21:00:00+01	2015-03-30 13:53:17.185838+02	\N	\N	\N	9	16	6	6	29	\N	\N	4	\N	10	\N	\N	\N	\N	\N	\N	\N	\N	\N	\N	\N	\N	\N	\N	\N	1	4	61	\N	439	\N	343	402	Директор FOREX CLUB во Владивостоке Константин Чистяков рассказывает о преимуществах вложения капитала в фондовые рынки, упоминается Coca-Cola.	Практически никто не может спрогнозировать, что будет завтра: рост, падение, кризис, девальвация? В такой обстановке уже не до мыслей о приумножении денег, главное - их не потерять. Но есть и другие варианты.Директор FOREX CLUB во Владивостоке Константин Чистяков: Среднегодовая доходность индексов составляет 20%.Вложения без "консервации" денегВыбирая "консервирующие" способы вложения - банковские депозиты или недвижимость, - мы даже не надеемся обогнать инфляцию. Главное - "припарковать" свои $10-50-100 тыс. и хотя бы не ждать потерь. Однако испанцы и жители Прибалтики подтвердят, что та же недвижимость запросто дешевеет в два раза, а незыблемость любого банка ограничена лишь страховой суммой - это мы и сами неоднократно видели.Для того, чтобы избежать таких ситуаций, стоит понять, какой инвестиционный инструмент имеет достаточный потенциал для роста и при этом хорошую репутацию на протяжении долгого времени. А выбор тут невелик: подобными качествами обладают лишь фондовые индексы, в основном американские, такие как Dow Jones, S? или NASDAQ. Оказывается, по всему миру темпы прироста количества людей, инвестирующих свои деньги именно в фондовые индексы, существенно превышают рост числа тех, кто вкладывает деньги в депозиты и недвижимость."Фондовый индекс - это комплексный показатель, характеризующий динамику курсов акций нескольких компаний - лидеров какой-то отрасли или национальной экономики в целом. Фондовые индексы используются как базовый актив в индексных фьючерсах - контрактах, которые заключаются на значение того или иного индекса. Именно в такие контракты вкладывают свои средства граждане развитых стран", - рассказал директор FOREX CLUB во Владивостоке Константин Чистяков.Инвестиция с историей"Скорее мой ксерокс начнет печатать баксы, чем я "сделаю" Dow Jones", - так с досадой говорят финансовые управляющие с Уолл-стрит, понимая, что тягаться по доходности с 30-кой крупнейших корпораций Америки им не под силу. И действительно, старейший фондовый индекс Dow Jones, основанный еще в 1896 году, пережил две мировые войны, Великую Депрессию в Штатах, революцию в России и массу других мелких и крупных кризисов и войн. Были краткосрочные падения, но, несмотря ни на что, в средне- и долгосрочной перспективе он рос и приносил инвесторам доход существенно выше инфляции и процентов по банковским вкладам.Dow Jones сегодня - это индекс, объединяющий 30 компаний из различных отраслей экономики, среди которых неоспоримые лидеры: Visa, McDonald's, Microsoft, Coca-Cola... Индекс включает в себя бумаги лидирующих компаний, что позволяет инвесторам избежать мук выбора между отдельными компаниями или отраслями и вкладывать сразу же, не мелочась, в экономику в целом."В то время как в 2008 году большинство инвестиционных инструментов теряло если не всю, то половину своей стоимости, индексы "просели" на 10-15%, и при этом падение большинства индексов было отработано уже в следующем году. В целом, сейчас среднегодовая доходность индексов составляет порядка 20%, при этом, подчеркну, риски при работе с индексами ниже, чем при работе с другими инструментами", - рассказал Константин Чистяков.Без падений не бывает ростаЕсли бы у вашего дедушки было $10 тыс. и он в 1974 году вложил их в индекс Dow Jones, то сегодня вы бы без труда получили $200 тыс. Но 40 лет - это слишком много, давайте возьмем более актуальный пример, и здесь владельцы "инвестиционной недвижимости", сдаваемой в аренду, наверняка расстроятся. Итак, те, кто инвестировал в индекс Dow Jones 5 лет назад, получили 2,5-кратный рост капитала. Т. е. вложил $10 тыс. - получил $25 тыс. Согласитесь, это неплохой показатель.Скептики скажут, что фондовые рынки тоже падают, на них также бывают кризисы и "ямы". Да, это так, но, как и в обычной жизни, важно не то, как ты упал, - важно, как быстро ты поднялся и где ты сейчас. Так, индекс Dow Jones всегда быстро восстанавливался после падений и набирал новую форму и высоту. Пример тому - глубочайший кризис 2008 года, который был быстро пройден, и почти 30%-ный рост в 2013 году.Получение дохода как традицияВ то же время фондовые индексы - инструмент не только для богатых. В мире насчитывается 2513 фондовых индексов. С каждым днем растет число людей, инвестирующих в них свои средства. Это не означает, что все эти люди богатые. Это означает, что они отказались от "бедных" привычек. И привычкой номер один на пути к богатству может стать инвестирование в фондовые индексы.Артур Огий, аналитик Группы компаний FOREX CLUB."Что делает богатых с каждым годом богаче, а бедных - беднее? Ответов много. Но сводятся, они, по сути, к паре пунктов: разной степени дальновидности и выдержки, а следовательно, к разным типам покупок. Так, богатые люди не доверяют финансовым пирамидам, обещающим сверхдоходность. Богатые люди вкладывают деньги на более длительные сроки в стабильные активы, такие как фондовые индексы", - отметил Артур Огий, аналитик Группы компаний FOREX CLUB.Большинство успешных людей планируют основные вехи своей жизни на годы и десятилетия, а бедные не заглядывают в будущее даже на неделю. Из-за краткосрочности планов, а также желания заполучить все прямо сейчас бедные сами себя загоняют в ловушки. Они набирают потребительские кредиты, непосильные ипотеки, несут свободные деньги наследникам МММ, обещающим моментальную отдачу минимум в 120% годовых. В итоге бедные оказываются в пожизненной роли рабов на чьих-то галерах.А богатые инвестируют: в свой бизнес, в недвижимость, в развитые и стабильные фондовые рынки, в том числе в фондовые индексы США, Германии, Китая, Японии, Англии, а также осторожно используют банковские вклады, облигации и другие финансовые инструменты.Привычка миллионераКак мы уже говорили, те, кто 5 лет назад вложился в Dow Jones, увеличили свои сбережения в 2,5 раза. А что мешает всем так делать?Как правило, недостаток капитала. Сбережения в $1 тыс. за 5 лет смогут вырасти только до $2,5 тыс.: по $300 в год, а большинству нужен миллион в среду. Но его не будет. Никогда не будет. Тому, кто хочет вырваться из порочного круга бедности, следует перестать надеяться на выигрыш в лотерею. Надо учиться у богатых основам экономики, менять модель поведения."Откладывая из зарплаты ежемесячно по $100 в индекс Dow Jones, нельзя через год стать олигархом. Но тот, кто это делает, прививает себе привычку миллионера, что важнее абсолютных цифр, и в конечном итоге поднимает себя на новый уровень жизни", - считает Константин Чистяков.Не спешите петь "Гудбай, Америка…"…ведь можно любить или ненавидеть звездно-полосатый флаг или стороной обходить "Макдоналдс", но факт остается фактом: за океаном есть чему поучиться. Например, как вкладывать свои деньги, чтобы никакие кризисы и потрясения, происходящие в этом мире, не могли вас разорить. Помочь разобраться в этом вам помогут в Группе компаний FOREX CLUB. Узнайте, как инвестировать в один клик в мировые фондовые индексы и другие прибыльные инструменты, в офисе ГК FOREX CLUB.Досье "Дальневосточного капитала": Группа компаний FOREX CLUB основана в 1997 году и предоставляет услуги в сфере трейдинга, инвестиций, обучения и сопровождения клиентам более чем из 120 стран мира. Аналитические и образовательные сервисы FOREX CLUB, начиная с 2006 г. из года в год признаются лучшими в Китае. В 2014 году в рамках China Online Trading Expo (Шанхай) главный аналитик китайского подразделения FOREX CLUB Dennis Jiang получил награду за "Выдающийся вклад в образование инвесторов в 2014 г." и самые точные прогнозы по американскому и европейскому фондовым рынкам.г. Владивосток, ул. Некрасовская, 90 (ЖК "АРМАДА") тел. +7 (423) 279-58-58 e-mail: vladivostok@forexclub.ru	\N	\N	69	\N	f	\N	\N	\N	\N	\N	5000	77	\N
1983	1	2014-11-23 21:00:00+01	2015-03-30 13:53:17.185838+02	\N	\N	\N	7	13	6	6	15	\N	\N	5	\N	7	\N	\N	\N	\N	\N	\N	\N	\N	\N	\N	\N	\N	\N	\N	\N	5	3	14	\N	440	\N	344	403	В благотворительной программе Администрации Щелково к Дню города участвовало около 300 детей. Спонсорскую помощь своей продукцией оказывали предприятия "ВИЛОН", "МУЛТОН", кондитерская фирма "Лакби", "Щелковохлеб".	Щелково является одним из ведущих промышленных городов Московской области. Крупные предприятия, строительные компании, местные отделения банков, торговые центры, предприятия общественного питания, индивидуальные предприниматели оказывают серьезную финансовую поддержку самому любимому празднику щелковчан. Несмотря на непростое время, есть еще неравнодушные люди, готовые помогать своему родному городу в конкретных полезных делах. При этом спонсорские вклады бывают как денежными, так и в виде товаров и услуг.По сложившейся традиции неотъемлемой частью праздничных мероприятий является благотворительная программа к Дню города, которую городской отдел культуры проводит совместно с Щелковским реабилитационным центром для несовершеннолетних "Семья". И наши спонсоры понимают, что несут определенную долю ответственности за юных щелковчан, находящихся в трудной жизненной ситуации.Финансирование социально-значимых программ, направленных на воспитание подрастающего поколения, положительно влияет на имидж предприятия или компании, способствует успешному продвижению собственной продукции. Кроме того существует мнение, что если есть возможность помогать другим, значит дела идут хорошо.В этом году в благотворительной программе Администрации ГПЩ к Дню города участвовало около 300 детей. По договоренности с отделом культуры щелковские предприниматели устраивали в городских кафе ("Экспрессо", "Гудбар", "Традиции вкуса") бесплатные обеды для детей из многодетных и малообеспеченных семей, а учреждения культуры проводили после угощения интерактивные праздничные программы с подарками. Подарки предоставляли магазины "Детский мир", "Гиперглобус", "Золотая клякса", "Карандаш" "Кэмпик". Спонсорскую помощь своей продукцией оказывали предприятия "ВИЛОН", "МУЛТОН", кондитерская фирма "Лакби", "Щелковохлеб". Кроме того в канун Дня города кинотеатры "Пять звезд" и "КЭМП" пригласили социально незащищенных детей на бесплатные сеансы детских кинофильмов и мультфильмов.Продуманное привлечение спонсоров к финансированию социокультурных программ и проектов, является неотъемлемой частью деятельности отдела культуры Администрации ГПЩ. Это большая взаимная работа. Критерием сценки ее эффективности следует считать не количество выделенных средств, а радостное настроение детей, слова благодарности родителей и педагогов.	\N	\N	70	\N	f	\N	\N	\N	\N	\N	2500	79	\N
1984	1	2014-11-23 21:00:00+01	2015-03-30 13:53:17.185838+02	\N	\N	\N	7	13	6	6	13	\N	\N	4	\N	9	\N	\N	\N	\N	\N	\N	\N	\N	\N	\N	\N	\N	\N	\N	\N	1	4	14	\N	441	97	88	404	Инвестиционная группа компаний United Capital Partners (UCP) ищет новые ниши в интернете. UCP ведет переговоры о соинвестировании как минимум с двумя стартапами - предлагающими рекламные технологии GetIntent и HiConversion. На сайте UCP помимо "ВКонтакте" есть информация об инвестициях, в числе прочих, в производителя продуктов питания - "Лебедянский" (соки "Я", "Фруктовый сад" и др.).	Инвестиционная группа компаний United Capital Partners (UCP) под управлением Ильи Щербовича, продавшая в сентябре 48,01% "ВКонтакте", ищет новые ниши в интернете. UCP ведет переговоры о соинвестировании как минимум с двумя стартапами - предлагающими рекламные технологии GetIntent и HiConversionUCP начинает инвестировать в интернет, рассказали РБК два источника в интернет-компаниях и менеджер другого венчурного фонда. "Мини-инвестиции в стартапы и небольшие бизнесы - это одно из наших направлений, очень маленькое для нас по размеру вовлеченного капитала", - подтвердила пресс-секретарь UCP Нафиса Насырова, бюджет на интернет-инвестиции и параметры рассматриваемых проектов она не уточнила.В настоящее время соуправляющий партнер UCP Виктория Лазарева, исполнительный директор UCP Александр Коваль и директор департамента частных инвестиций Александр Богдашин ведут переговоры по меньшей мере с двумя стартапами, предлагающими рекламные технологии, - HiConversion и GetIntent, уточнили источники РБК. "С проектами HiConversion и GetIntent мы знакомы и обсуждаем различные варианты сотрудничества", - добавила Насырова. В GetIntent и HiConversion на запросы РБК не ответили.Собеседники РБК в других интернет-компаниях утверждают, что речь идет о вложениях до $500 тыс. в одну компанию, и сделка с Hiconversion будет закрыта в ближайшее время.HiConverstion специализируется на автоматизации рекламы в социальных сетях, в том числе во "ВКонтакте". В списке клиентов компании - интернет-магазин E5, банк "Ренессанс кредит", сервис для изучения иностранных языков Lingua Leo. Идея стартапа появилась у основателей Антона Смирнова и Анатолия Комкова во время работы в маркетинге интернет-гипермаркета спортивных товаров Heverest: они поняли, что эффективных инструментов для продвижения в соцсетях на рынке нет и придумали свой. Смирнов рассказывал в 2012 году изданию Hopes and fears, что через пять месяцев после запуска его компания достигла оборота примерно в 1 млн руб. (около $30 тыс.) в месяц и смогла себе позволить команду из 15 человек. В компанию инвестировали Moscow Seed Fund (6 млн руб., или примерно $180 тыс.) и Altair (сумма неизвестна).Основанный в 2013 году Георгием Левиным и Владимиром Климонтовичем стартап GetIntent - это система по размещению рекламы, предназначенная прежде всего для сервисов электронной торговли. Технология GetInent позволяет определить, что интересно конкретному пользователю по его действиям на других сайтах, и разместить онлайн-рекламу по аукционной модели RTB (рекламодатели торгуются за конкретном место в реальном времени). Стартап нацелен на американский рынок, уже открыто представительство в Нью-Йорке. Среди клиентов GetIntent - eBay, Unilever, Airbnb, Groupon. В штате компании, согласно данным Crunchbase, от 11 до 50 сотрудников, а первые посевные инвестиции в размере $400 тыс. были привлечены в сентябре 2013 года. GetIntent есть в списке инвестиций на сайте фонда Altair.По следам "ВКонтакте"Два собеседника РБК утверждают, что интернет-направление в UCP развивается под руководством Лазаревой. Именно Лазарева вела сделку с социальной сетью "ВКонтакте": она рассказала об этом в интервью журналу Forbes в 2013 году.UCP выкупила 48,01% акций "ВКонтакте" у сооснователей соцсети Вячеслава Мирилашвили и Льва Левиева в апреле 2013 года, исходя из оценки всего бизнеса в $1,8-2,2 млрд. Сразу после покупки Лазарева говорила Forbes, что UCP рассчитывает на то, что соцсеть будет стоить $10 млрд через 5-10 лет, и сообщала о намерении вывести этот бизнес на биржу через 5-6 лет.Но эти планы не реализовались. Узнав о сделке, главный основатель и на тот момент гендиректор "ВКонтакте" Павел Дуров объявил о том, что она противоречит уставу компании, поскольку другие акционеры не были уведомлены о переговорах. В ответ Щербович сослался на своих юристов, которые гарантировали ему чистоту сделки.Компания Mail.Ru Group, которая на тот момент владела около 40% "ВКонтакте" (позже выкупила еще 11,9996% у гендиректора "МегаФона" Ивана Таврина, увеличив свою долю до 51,99%), пыталась оспорить в суде вхождение UCP в капитал соцсети. В свою очередь UCP требовала от Дурова передать во "ВКонтакте" созданный им мессенджер Telegram. Все эти судебные тяжбы сегодня прекращены: Mail.Ru Group в сентябре выкупила у UCP пакет во "ВКонтакте" за $1,47 млрд, увеличив свою долю до 100%. То есть примерно за 17 месяцев UCP могла заработать более $400 млн.На сайте UCP помимо "ВКонтакте" есть информация об инвестициях в Челябинский цинковый завод и "Газпром нефтехим Салават", Санкт-Петербургскую биржу и биржу РТС, производство нефтегазового оборудования - "Уралмаш", производителей продуктов питания - "Лебедянский" (соки "Я", "Фруктовый сад" и др.) и "Прогресс капитал" (детское питание "Фруто-няня" и др.), розничную торговлю - "Модный континент" (бренд Incity) и группу "Монарх", обработку драгоценных камней - "Монокристалл" и "Севералмаз", негосударственный пенсионный фонд "Наследие". Управляющий партнер Группы компаний United Capital Partners Илья Щербович	\N	\N	71	\N	f	\N	\N	\N	\N	\N	8870000	80	\N
1985	1	2014-11-23 21:00:00+01	2015-03-30 13:53:17.185838+02	\N	\N	\N	7	13	6	6	15	\N	\N	4	\N	7	\N	\N	\N	\N	\N	\N	\N	\N	\N	\N	\N	\N	\N	\N	\N	1	4	14	\N	442	\N	132	405	Инвестиционная группа компаний United Capital Partners (UCP) ищет новые ниши в интернете. UCP ведет переговоры о соинвестировании как минимум с двумя стартапами - предлагающими рекламные технологии GetIntent и HiConversion. На сайте UCP помимо "ВКонтакте" есть информация об инвестициях, в числе прочих, в производителя продуктов питания - "Лебедянский" (соки "Я", "Фруктовый сад" и др.).	UCP запускает отдельный фонд для инвестиций в интернет, рассказали РБК два источника в интернет-компаниях и менеджер другого венчурного фонда. "Мини-инвестиции в стартапы и небольшие бизнесы - это одно из наших направлений, очень маленькое для нас по размеру вовлеченного капитала", - подтвердила пресс-секретарь UCP Нафиса Насырова, бюджет фонда и параметры рассматриваемых проектов она не уточнила.В настоящее время соуправляющий партнер UCP Виктория Лазарева, исполнительный директор UCP Александр Коваль и директор департамента частных инвестиций Александр Богдашин ведут переговоры по меньшей мере с двумя стартапами, предлагающими рекламные технологии - HiConversion и GetIntent, уточнили источники РБК. "С проектами HiConversion и GetIntent мы знакомы и обсуждаем различные варианты сотрудничества", - добавила Насырова. В GetIntent и HiConversion на запросы РБК не ответили.Собеседники РБК в других интернет-компаниях утверждают, что речь идет о вложениях до $500 тыс. в одну компанию, и сделка с Hiconversion будет закрыта в ближайшее время.HiConverstion специализируется на автоматизации рекламы в социальных сетях, в том числе во "ВКонтакте". В списке клиентов компании - интернет-магазин E5, банк "Ренесанс кредит", сервис для изучения иностранных языков Lingua Leo. Идея стартапа появилась у основателей Антона Смирнова и Анатолия Комкова во время работы в маркетинге интернет-гипермаркета спортивных товаров Heverest: они поняли, что эффективных инструментов для продвижения в соцсетях на рынке нет и придумали свой. Смирнов рассказывал в 2012 году изданию Hopes and fears, что через пять месяцев после запуска его компания достигла оборота примерно в 1 млн руб. (около $30 тыс.) в месяц и смогла себе позволить команду из 15 человек. В компанию инвестировали Moscow Seed Fund (6 млн руб. или примерно $180 тыс.) и Altair (сумма неизвестна).Основаный в 2013 году Георгием Левиным и Владимиром Климонтовичем стартап GetIntent - это система по размещению рекламы, предназначенная прежде всего для сервисов электронной торговли. Технология GetInent позволяет определить, что интересно конкретному пользователю по его действиям на других сайтах, и разместить онлайн-рекламу по аукционной модели RTB (рекламодатели торгуются за конкретном место в реальном времени). Стартап нацелен на американский рынок, уже открыто представительство в Нью-Йорке. Среди клиентов GetIntent - eBay, Unilever, Airbnb, Groupon. В штате компании, согласно данным Crunchbase, от 11 до 50 сотрудников, а первые посевные инвестиции в размере $400 тысяч были привлечены в сентябре 2013 года. GetIntent есть в списке инвестиций на сайте фонда Altair.По следам "ВКонтакте"Два собеседника РБК утверждают, что интернет-направление в UCP развивается под руководством Лазаревой. Именно Лазарева вела сделку с социальной сетью "ВКонтакте": она рассказала об этом в интервью журналу Forbes в 2013 году.UCP выкупила 48,01% акций "ВКонтакте" у сооснователей соцсети Вячеслава Мирилашвили и Льва Левиева в апреле 2013 года, исходя из оценки всего бизнеса в $1,8-2,2 млрд Сразу после покупки Лазарева говорила Forbes, что UCP рассчитывает на то, что соцсеть будет стоить $10 млрд через 5-10 лет, и сообщала о намерении вывести этот бизнес на биржу через 5-6 лет.Но эти планы не реализовались. Узнав о сделке, главный основатель и на тот момент гендиректор "ВКонтакте" Павел Дуров объявил о том, что она противоречит уставу компании, поскольку другие акционеры не были уведомлены о переговорах. В ответ Щербович сослался на своих юристов, которые гарантировали ему чистоту сделки.Компания Mail.Ru Group, которая на тот момент владела около 40% "ВКонтакте" (позже выкупила еще 11,9996% у гендиректора "Мегафона" Ивана Таврина, увеличив свою долю до 51,99%), пыталась оспорить в суде вхождение UCP в капитал соцсети. В свою очередь UCP требовала от Дурова передать во "ВКонтакте" созданный им мессенджер Telegram. Все эти судебные тяжбы сегодня прекращены: Mail.Ru Group в сентябре выкупила у UCP пакет во "ВКонтакте" за $1,47 млрд, увеличив свою долю до 100%. То есть примерно за 17 месяцев UCP могла заработать более $400 млнНа сайте UCP помимо "ВКонтакте" есть информация об инвестициях в "Челябинский цинковый завод" и "Газпром нефтехим Салават", Санкт-Петербургскую биржу и биржу РТС, производство нефтегазового оборудования - "Уралмаш", производителей продуктов питания - "Лебедянский" (соки "Я", "Фруктовый сад" и др.) и "Прогресс капитал" (детское питание "Фруто-няня" и др.), розничную торговлю - "Модный континент" (бренд Incity) и группу "Монарх", обработку драгоценных камней - "Монокристалл" и "Севералмаз", негосударственный пенсионный фонд "Наследие". В перечне проектов упоминается только один специализированный фонд - United Capital Partners Oil & Gas Fund."Специализированный фонд может создаваться по разным причинам - например, собран некий состав инвесторов, или команда фонда хочет сконцентрироваться на одной индустрии", - отмечает управляющий партнер Runa Capital Дмитрий Чихачев. Источники РБК не исключают, что в названии нового фонда не будет упоминаться UCP, так как история с "ВКонтакте" повредила имиджу инвестора. "С UCP не хотят иметь дело стартапы, понимая, что другой фонд в их бизнес уже не войдет", - рассуждает менеджер одной из интернет-компаний. Насырова название фонда не комментирует.	\N	\N	71	\N	f	\N	\N	\N	\N	\N	2600000	80	\N
1986	1	2014-11-23 21:00:00+01	2015-03-30 13:53:17.185838+02	\N	\N	\N	7	13	6	6	15	\N	\N	8	\N	7	\N	\N	\N	\N	\N	\N	\N	\N	\N	\N	\N	\N	\N	\N	\N	1	4	14	\N	443	\N	174	406	Наличие собственной сырьевой базы у ОАО "Сады Придонья", контроль агротехники выращивания плодов и овощей, выбор сырья для детского питания Спеленок, высокая технологичность производства и профессионализм сотрудников гарантируют безопасность, качество и вкусовые свойства выпускаемой продукции.	Каждая мама хочет своему малышу здоровья и доверяет только натуральным продуктам. "Спеленок" - двойной эксперт: он знает все про питание малышей и знает, как сделать его натуральным и безопасным.Именно наличие собственной сырьевой базы у производителя - ОАО "Сады Придонья", контроль агротехники выращивания плодов и овощей, выбор сырья для детского питания Спеленок, высокая технологичность производства и профессионализм сотрудников гарантируют главное - безопасность, качество и вкусовые свойства выпускаемой продукции. Слоган марки Спеленок: "Мы знаем, как растить. Спеленок" очень точно позиционирует продукцию детского питания Спеленок в ряду конкурентовМарка динамично развивается и завоевывает доверие потребителей, ведь в ассортиментной линейке есть все необходимое для сбалансированного питания и здорового развития детей раннего возраста - соковая продукция, фруктовые и овощные пюре, каши, детская вода. За 10 месяцев 2014 объемы продаж продукции марки "Спеленок" выросли на 5,9 % по сравнению с аналогичным периодом 2013 года. Наибольший рост показали пюре на растительной основе, которые выпускаются в двух форматах упаковки стекло и тетра пак и выросли на 34,3 %	\N	\N	72	\N	f	\N	\N	\N	\N	\N	12000	80	\N
1987	1	2014-11-23 21:00:00+01	2015-03-30 13:53:17.185838+02	\N	\N	\N	7	13	6	6	15	\N	\N	8	\N	7	\N	\N	\N	\N	\N	\N	\N	\N	\N	\N	\N	\N	\N	\N	\N	1	4	14	\N	444	\N	194	406	На федеральных каналах РФ стартовал новый флайт рекламной кампании с роликами "Прямо с ветки", "Прямо с грядки" в поддержку марки "Спеленок" - детского питания для самых маленьких от компании "Сады Придонья".	24 ноября на федеральных каналах РФ стартовал новый флайт рекламной кампании с роликами "Прямо с ветки", "Прямо с грядки" в поддержку марки "Спеленок" - детского питания для самых маленьких от компании "Сады Придонья". Каждая мама хочет своему малышу здоровья и доверяет только натуральным продуктам. "Спеленок" - двойной эксперт: он знает все про питание малышей и знает, как сделать его натуральным и безопасным.Именно наличие собственной сырьевой базы у производителя - ОАО "Сады Придонья", контроль агротехники выращивания плодов и овощей, выбор сырья для детского питания Спеленок, высокая технологичность производства и профессионализм сотрудников гарантируют главное - безопасность, качество и вкусовые свойства выпускаемой продукции. Слоган марки Спеленок: "Мы знаем, как растить. Спеленок" очень точно позиционирует продукцию детского питания Спеленок в ряду конкурентовМарка динамично развивается и завоевывает доверие потребителей, ведь в ассортиментной линейке есть все необходимое для сбалансированного питания и здорового развития детей раннего возраста - соковая продукция, фруктовые и овощные пюре, каши, детская вода. За 10 месяцев 2014 объемы продаж продукции марки "Спеленок" выросли на 5, 9 % по сравнению с аналогичным периодом 2013 года. Наибольший рост показали пюре на растительной основе, которые выпускаются в двух форматах упаковки стекло и тетра пак и выросли на 34, 3 % Источник	\N	\N	72	\N	f	\N	\N	\N	\N	\N	2230	80	\N
1988	1	2014-11-23 21:00:00+01	2015-03-30 13:53:17.185838+02	\N	\N	\N	7	13	6	6	15	\N	\N	8	\N	7	\N	\N	\N	\N	\N	\N	\N	\N	\N	\N	\N	\N	\N	\N	\N	1	4	14	\N	445	\N	167	407	На федеральных каналах РФ стартовал новый флайт рекламной кампании с роликами "Прямо с ветки", "Прямо с грядки" в поддержку марки "Спеленок" - детского питания для самых маленьких от компании "Сады Придонья".	24 ноября на федеральных каналах РФ стартовал новый флайт рекламной кампании с роликами "Прямо с ветки", "Прямо с грядки" в поддержку марки "Спеленок" - детского питания для самых маленьких от компании "Сады Придонья".Каждая мама хочет своему малышу здоровья и доверяет только натуральным продуктам. "Спеленок" - двойной эксперт: он знает все про питание малышей и знает, как сделать его натуральным и безопасным.Именно наличие собственной сырьевой базы у производителя - ОАО "Сады Придонья", контроль агротехники выращивания плодов и овощей, выбор сырья для детского питания Спеленок, высокая технологичность производства и профессионализм сотрудников гарантируют главное - безопасность, качество и вкусовые свойства выпускаемой продукции. Слоган марки Спеленок: "Мы знаем, как растить. Спеленок" очень точно позиционирует продукцию детского питания Спеленок в ряду конкурентовМарка динамично развивается и завоевывает доверие потребителей, ведь в ассортиментной линейке есть все необходимое для сбалансированного питания и здорового развития детей раннего возраста - соковая продукция, фруктовые и овощные пюре, каши, детская вода. За 10 месяцев 2014 объемы продаж продукции марки "Спеленок" выросли на 5,9 % по сравнению с аналогичным периодом 2013 года. Наибольший рост показали пюре на растительной основе, которые выпускаются в двух форматах упаковки стекло и тетра пак и выросли на 34,3 %	\N	\N	72	\N	f	\N	\N	\N	\N	\N	89200	80	\N
1991	1	2014-11-23 21:00:00+01	2015-03-30 13:53:17.185838+02	\N	\N	\N	9	14	6	6	18	\N	\N	8	\N	9	\N	\N	\N	\N	\N	\N	\N	\N	\N	\N	\N	\N	\N	\N	\N	1	4	19	\N	448	\N	176	407	На федеральных каналах РФ стартовал новый флайт рекламной кампании с роликами "Прямо с ветки", "Прямо с грядки" в поддержку марки "Спеленок" - детского питания для самых маленьких от компании "Сады Придонья".	24 ноября на федеральных каналах РФ стартовал новый флайт рекламной кампании с роликами "Прямо с ветки", "Прямо с грядки" в поддержку марки "Спеленок" - детского питания для самых маленьких от компании "Сады Придонья".Каждая мама хочет своему малышу здоровья и доверяет только натуральным продуктам. "Спеленок" - двойной эксперт: он знает все про питание малышей и знает, как сделать его натуральным и безопасным.Именно наличие собственной сырьевой базы у производителя - ОАО "Сады Придонья", контроль агротехники выращивания плодов и овощей, выбор сырья для детского питания Спеленок, высокая технологичность производства и профессионализм сотрудников гарантируют главное - безопасность, качество и вкусовые свойства выпускаемой продукции. Слоган марки Спеленок: "Мы знаем, как растить. Спеленок" очень точно позиционирует продукцию детского питания Спеленок в ряду конкурентовМарка динамично развивается и завоевывает доверие потребителей, ведь в ассортиментной линейке есть все необходимое для сбалансированного питания и здорового развития детей раннего возраста - соковая продукция, фруктовые и овощные пюре, каши, детская вода. За 10 месяцев 2014 объемы продаж продукции марки "Спеленок" выросли на 5,9 % по сравнению с аналогичным периодом 2013 года. Наибольший рост показали пюре на растительной основе, которые выпускаются в двух форматах упаковки стекло и тетра пак и выросли на 34,3 %	\N	\N	72	\N	f	\N	\N	\N	\N	\N	10000	80	\N
1994	1	2014-11-23 21:00:00+01	2015-03-30 13:53:17.185838+02	\N	\N	\N	7	13	6	6	15	\N	\N	5	\N	7	\N	\N	\N	\N	\N	\N	\N	\N	\N	\N	\N	\N	\N	\N	\N	1	4	14	\N	451	\N	348	410	Компания Marketing One и Высшая школа маркетинга и развития бизнеса НИУ "Высшая школа экономики" объявляют о запуске второго набора программы "Я - менеджер по маркетингу" совместного образовательного проекта - TOP Marketing, который является эксклюзивным предложением на рынке российского бизнес-образования. В преподавательском составе - только звезды, люди, придумавшие индустрию продвижения в России, топ-маркетологи и топ-управленцы со стажем в 15-20 лет в лидирующих компаниях - MARS, PepsiCo, TELE2, Yota, Nestle, Knauf, Danone, Балтика, РЖД, АльфаСтрахование, Росно, МАЙ и др.	Компания Marketing One и Высшая школа маркетинга и развития бизнеса НИУ "Высшая школа экономики" объявляют о запуске второго набора программы "Я - менеджер по маркетингу" совместного образовательного проекта - TOP Marketing, который является эксклюзивным предложением на рынке российского бизнес-образования.Ритм курса (по сравнению с первым набором) изменится. Были учтены многочисленные пожелания - теперь занятия пройдут в формате "интенсив": всего 4 дня, с 8 по 11 декабря, с 10 до 18 часов.Этот проект для тех, кто уже освоился в бизнесе и испытывает потребность дальнейшего профессионального и личностного роста, кто хочет жить интересно и работать в удовольствие. Маркетологи и бизнесмены, желающие стать лучшими в своей профессии, лидерами в своем рыночном сегменте - этот проект для вас.В преподавательском составе - только звезды, люди, придумавшие индустрию продвижения в России, топ-маркетологи и топ-управленцы со стажем в 15-20 лет в лидирующих компаниях - MARS, PepsiCo, TELE2, Yota, Nestle, Knauf, Danone, Балтика, РЖД, АльфаСтрахование, Росно, МАЙ и др. - головы и сердца большого бизнеса. Образовательная программа, школы уникальна. Она разработана специально для менеджеров, управляющих маркетингом в средних и крупных компаниях, основана на лучшем международном опыте с учетом особенностей российского рынка,Бесспорным достоинством проекта является интерактивный формат обучения, позволяющий слушателям получать ту информацию, которая им необходима."Для нас этот проект очень важен. Мы видим много желающих получать знания и навыки из рук профессионалов-практиков с большим опытом работы. И при этом в сжатой, лаконичной, но живой и интерактивной форме, с разбором собственных кейсов", говорит генеральный директор компании Marketing One Владимир Наумов."Как профессиональные маркетологи, мы хорошо понимаем потребности рынка, поэтому именно сегодня мы выводим на рынок принципиально новый продукт, в основе которого коучинг, наставничество и развлечения", резюмировала Татьяна Комиссарова, декан Высшей школы маркетинга и развития бизнеса НИУ ВШЭ.	\N	\N	75	\N	f	\N	\N	\N	\N	\N	1000	81	\N
1995	1	2014-11-23 21:00:00+01	2015-03-30 13:53:17.185838+02	\N	\N	\N	7	13	6	6	15	\N	\N	5	\N	7	\N	\N	\N	\N	\N	\N	\N	\N	\N	\N	\N	\N	\N	\N	\N	1	4	14	\N	452	\N	349	411	Запланированное заседания в Брюсселе коллегии еврокомиссаров отменено в связи вынесением на обсуждение пленарной сессии Европарламента вопроса о доверии председателю Еврокомиссии Жан-Клоду Юнкеру, чье имя связывают с крупным финансовым скандалом, о соглашении с 340 крупнейшими корпорациями, позволяющие им платить меньше налогов. Среди корпораций называются Apple, IKEA, Amazon, Pepsi, банк Credit agricole.	Запланированное заседания в Брюсселе коллегии еврокомиссаров отменено в связи вынесением на обсуждение пленарной сессии Европарламента вопроса о доверии председателю Еврокомиссии Жан-Клоду Юнкеру, чье имя связывают с крупным финансовым скандалом, получившим название Luxembourg Leaks или, сокращенно, LuxLeaksсо.По его словам, все 28 членов Еврокомиссии прибудут в Страсбург, чтобы поддержать руководителя высшего органа исполнительной власти Евросоюза.Дебаты в ассамблее начнутся в 18:00 по местному времени (20:00 мск), а непосредственно голосование по вопросу о доверии намечено на полдень вторника.Первая рабочая неделя Юнкера на посту главы высшего органа исполнительной власти ЕС оказалась омрачена тем, что Международный консорциум журналистов-расследователей (ICIJ) выступил 6 ноября с утверждением, что у Люксембурга существуют тайные соглашения с 340 крупнейшими корпорациями, позволяющие им платить меньше налогов. Этот скандал получил название LuxLeaksсо.В ходе расследования журналисты ICIJ сумели получить доступ к 28 тыс. страниц налоговой документации, свидетельствующей о том, что корпорации переводили часть своих доходов в Люксембург, пользуясь как пробелами в международном законодательстве, так и налогово-финансовыми нормами этого европейского государства.Это заявление вызвало мощный резонанс в европейских СМИ и институтах, поскольку оно опровергло более ранние заявления руководства страны о намерении покончить с практикой "налоговой гавани", имевшей место в период, когда премьером Люксембурга был Жан-Клод Юнкер, ставший с 1 ноября главой Еврокомиссии.Согласно данным ICIJ, соглашения с корпорациями, среди которых называются Apple, IKEA, Amazon, Pepsi, банк Credit agricole, были заключены в период с 2002 по 2010 год.Созданный механизм уклонения от уплаты налогов лишил казну целого ряда государств многих миллиардов евро. Заняв пост председателя Еврокомиссии, Юнкер, являющийся одним из архитекторов льготной фискальной системы Великого Герцогства, пообещал покончить с налоговыми лазейками, заявив при этом, что налоговый режим Люксембурга в полной мере соответствует требованиям законодательства Евросоюза.Позже Юнкер отрицал свою причастность к скандалу со сверхльготными налоговыми схемами в Великом Герцогстве. "Все делалось в соответствии с национальными законодательными нормами (Люксембурга) и международными нормами в этой области", - сказал Юнкер, отвечая на вопрос журналистов о налоговых схемах во время его пребывания на посту премьера Люксембурга. При этом Юнкер не исключил долю своей ответственности. "Я не архитектор. Но, конечно, я несу политическую ответственность за это", - заявил он.	\N	\N	76	\N	f	\N	\N	\N	\N	\N	1000	81	\N
1996	1	2014-11-23 21:00:00+01	2015-03-30 13:53:17.185838+02	\N	\N	\N	7	13	6	6	15	\N	\N	5	\N	7	\N	\N	\N	\N	\N	\N	\N	\N	\N	\N	\N	\N	\N	\N	\N	1	4	14	\N	453	\N	350	411	Запланированное заседания в Брюсселе коллегии еврокомиссаров отменено в связи вынесением на обсуждение пленарной сессии Европарламента вопроса о доверии председателю Еврокомиссии Жан-Клоду Юнкеру, чье имя связывают с крупным финансовым скандалом, о соглашении с 340 крупнейшими корпорациями, позволяющие им платить меньше налогов. Среди корпораций называются Apple, IKEA, Amazon, Pepsi, банк Credit agricole.	Запланированное заседания в Брюсселе коллегии еврокомиссаров отменено в связи вынесением на обсуждение пленарной сессии Европарламента вопроса о доверии председателю Еврокомиссии Жан-Клоду Юнкеру, чье имя связывают с крупным финансовым скандалом, получившим название Luxembourg Leaks или, сокращенно, LuxLeaksсо. Об этом корр. ТАСС сообщил источник в Европарламенте.По его словам, все 28 членов Еврокомиссии прибудут в Страсбург, чтобы поддержать руководителя высшего органа исполнительной власти Евросоюза.Дебаты в ассамблее начнутся в 18:00 по местному времени (20:00 мск), а непосредственно голосование по вопросу о доверии намечено на полдень вторника.Luxembourg LeaksПервая рабочая неделя Юнкера на посту главы высшего органа исполнительной власти ЕС оказалась омрачена тем, что Международный консорциум журналистов-расследователей (ICIJ) выступил 6 ноября с утверждением, что у Люксембурга существуют тайные соглашения с 340 крупнейшими корпорациями, позволяющие им платить меньше налогов. Этот скандал получил название LuxLeaksсо.В ходе расследования журналисты ICIJ сумели получить доступ к 28 тыс. страниц налоговой документации, свидетельствующей о том, что корпорации переводили часть своих доходов в Люксембург, пользуясь как пробелами в международном законодательстве, так и налогово-финансовыми нормами этого европейского государства.Это заявление вызвало мощный резонанс в европейских СМИ и институтах, поскольку оно опровергло более ранние заявления руководства страны о намерении покончить с практикой "налоговой гавани", имевшей место в период, когда премьером Люксембурга был Жан-Клод Юнкер, ставший с 1 ноября главой Еврокомиссии.Согласно данным ICIJ, соглашения с корпорациями, среди которых называются Apple, IKEA, Amazon, Pepsi, банк Credit agricole, были заключены в период с 2002 по 2010 год.Созданный механизм уклонения от уплаты налогов лишил казну целого ряда государств многих миллиардов евро. Заняв пост председателя Еврокомиссии, Юнкер, являющийся одним из архитекторов льготной фискальной системы Великого Герцогства, пообещал покончить с налоговыми лазейками, заявив при этом, что налоговый режим Люксембурга в полной мере соответствует требованиям законодательства Евросоюза.Позже Юнкер отрицал свою причастность к скандалу со сверхльготными налоговыми схемами в Великом Герцогстве. "Все делалось в соответствии с национальными законодательными нормами (Люксембурга) и международными нормами в этой области", - сказал Юнкер, отвечая на вопрос журналистов о налоговых схемах во время его пребывания на посту премьера Люксембурга. При этом Юнкер не исключил долю своей ответственности. "Я не архитектор. Но, конечно, я несу политическую ответственность за это", - заявил он.	\N	\N	76	\N	f	\N	\N	\N	\N	\N	80000	81	\N
1997	1	2014-11-23 21:00:00+01	2015-03-30 13:53:17.185838+02	\N	\N	\N	7	13	6	6	13	\N	\N	5	\N	9	\N	\N	\N	\N	\N	\N	\N	\N	\N	\N	\N	\N	\N	\N	\N	1	4	14	\N	454	\N	93	411	Запланированное заседания в Брюсселе коллегии еврокомиссаров отменено в связи вынесением на обсуждение пленарной сессии Европарламента вопроса о доверии председателю Еврокомиссии Жан-Клоду Юнкеру, чье имя связывают с крупным финансовым скандалом, о соглашении с 340 крупнейшими корпорациями, позволяющие им платить меньше налогов. Среди корпораций называются Apple, IKEA, Amazon, Pepsi, банк Credit agricole.	Председатель Еврокомиссии оказался в центре крупного финансового скандала, получившего название Luxembourg LeaksЗапланированное заседания в Брюсселе коллегии еврокомиссаров отменено в связи вынесением на обсуждение пленарной сессии Европарламента вопроса о доверии председателю Еврокомиссии Жан-Клоду Юнкеру, чье имя связывают с крупным финансовым скандалом, получившим название Luxembourg Leaks или, сокращенно, LuxLeaksсо. Об этом корр. ТАСС сообщил источник в Европарламенте.По его словам, все 28 членов Еврокомиссии прибудут в Страсбург, чтобы поддержать руководителя высшего органа исполнительной власти Евросоюза.Дебаты в ассамблее начнутся в 18:00 по местному времени (20:00 мск), а непосредственно голосование по вопросу о доверии намечено на полдень вторника.Luxembourg LeaksПервая рабочая неделя Юнкера на посту главы высшего органа исполнительной власти ЕС оказалась омрачена тем, что Международный консорциум журналистов-расследователей (ICIJ) выступил 6 ноября с утверждением, что у Люксембурга существуют тайные соглашения с 340 крупнейшими корпорациями, позволяющие им платить меньше налогов. Этот скандал получил название LuxLeaksсо.В ходе расследования журналисты ICIJ сумели получить доступ к 28 тыс. страниц налоговой документации, свидетельствующей о том, что корпорации переводили часть своих доходов в Люксембург, пользуясь как пробелами в международном законодательстве, так и налогово-финансовыми нормами этого европейского государства.Это заявление вызвало мощный резонанс в европейских СМИ и институтах, поскольку оно опровергло более ранние заявления руководства страны о намерении покончить с практикой "налоговой гавани", имевшей место в период, когда премьером Люксембурга был Жан-Клод Юнкер, ставший с 1 ноября главой Еврокомиссии.Согласно данным ICIJ, соглашения с корпорациями, среди которых называются Apple, IKEA, Amazon, Pepsi, банк Credit agricole, были заключены в период с 2002 по 2010 год.Созданный механизм уклонения от уплаты налогов лишил казну целого ряда государств многих миллиардов евро. Заняв пост председателя Еврокомиссии, Юнкер, являющийся одним из архитекторов льготной фискальной системы Великого Герцогства, пообещал покончить с налоговыми лазейками, заявив при этом, что налоговый режим Люксембурга в полной мере соответствует требованиям законодательства Евросоюза.Позже Юнкер отрицал свою причастность к скандалу со сверхльготными налоговыми схемами в Великом Герцогстве. "Все делалось в соответствии с национальными законодательными нормами (Люксембурга) и международными нормами в этой области", - сказал Юнкер, отвечая на вопрос журналистов о налоговых схемах во время его пребывания на посту премьера Люксембурга. При этом Юнкер не исключил долю своей ответственности. "Я не архитектор. Но, конечно, я несу политическую ответственность за это", - заявил он.	\N	\N	76	\N	f	\N	\N	\N	\N	\N	3500000	81	\N
1998	1	2014-11-23 21:00:00+01	2015-03-30 13:53:17.185838+02	\N	\N	\N	7	18	6	6	15	\N	\N	5	\N	7	\N	\N	\N	\N	\N	\N	\N	\N	\N	\N	\N	\N	\N	\N	\N	1	4	63	\N	455	\N	351	412	Иркутский коллектив "Доктор Джаз" сыграет концерт совместно с американской певицей Паулетт МакВильямс. Более 30 лет Паулетт являлась одной из самых востребованных бэк-вокалисток в современной музыке, ее голос звучал в рекламных роликах McDonalds, Pepsi, Cadillac и др.	Иркутский коллектив "Доктор Джаз" совместно с американской певицей Паулетт МакВильямс сыграет концерт в столице Приангарья.Знаменитые джазовые хиты и лучшие образцы зарубежной эстрады в джазовых аранжировках прозвучат для слушателей 28 ноября в Иркутской областной филармонии.Паулетт МакВильямс считается обладательницей глубокого бархатного тембра голоса. Более 30 лет Паулетт являлась одной из самых востребованных бэк-вокалисток в современной музыке, ей довелось получить Грэмми, работать с Майклом Джексоном, Селин Дион, Дайаной Росс, Дэвидом Боуи и Анастэйшей. Ее голос звучал в рекламных роликах McDonalds, Pepsi, Cadillac, American Express, Master Card и многих других.Это уже не первое совместный концерт иркутских музыкантов с Паулетт МакВильямс. В 2013 году выступлением с Паулетт был закрыт джазовый сезон 2012/2013 года. В этот раз концерт станет третьим в джазовом сезоне, предваряющем юбилейный фестиваль "Джаз на Байкале", который пройдет в апреле 2015 года.Также музыканты 1 декабря сыграют в Улан-Удэ, а 3 декабря их ждут в Чите, сообщают организаторы.	\N	\N	77	\N	f	\N	\N	\N	\N	\N	4800	81	\N
1999	1	2014-11-23 21:00:00+01	2015-03-30 13:53:17.185838+02	\N	\N	\N	7	13	6	6	15	\N	\N	5	\N	7	\N	\N	\N	\N	\N	\N	\N	\N	\N	\N	\N	\N	\N	\N	\N	1	4	14	\N	456	\N	352	413	Национальная футбольная лига подтвердила что американская певица Кэти Перри станет главной звездой мызыкального шоу на финальном матче Супербоул. Одновременно с этим компания Pepsi, рекламным лицом которой является Кэти Перри, выпустила на своем YouTube-канале рекламный ролик, посвященный участию певицы в шоу.	Национальная футбольная лига США (NFL) официально подтвердила 23 ноября, что американская певица Кэти Перри (Katy Perry) станет главной звездой мызыкального шоу, которое обычно проводится в перерыве финального матча по американскому футболу - Супербоул (так называемое Half-Time Show). Поп-звезде предстоит спеть в рамках Супербоул XLIX, который состоится 1 февраля 2015 года на арене "University of Phoenix Stadium" в городе Глендэйл (Аризона). Сама певица сообщила об этом в своем официальном аккаунте в Twitter.. @SNFonNBC @NFL Yeppers! And I've already started testing out ideas! http://t.co/eYUKcQTxtG #halftime- KATY PERRY (@katyperry) 24 ноября 2014Кэти Перри выступит на Супербоул с 15-минутной программой, в которую будут включены все ее хиты. Одновременно с этим компания Pepsi, рекламным лицом которой является Кэти Перри, выпустила 23 ноября на своем YouTube-канале рекламный ролик, посвященный участию певицы в шоу на Супербоул.	\N	\N	78	\N	f	\N	\N	\N	\N	\N	1000	81	\N
2000	1	2014-11-23 21:00:00+01	2015-03-30 13:53:17.185838+02	\N	\N	\N	7	13	6	6	15	\N	\N	5	\N	7	\N	\N	\N	\N	\N	\N	\N	\N	\N	\N	\N	\N	\N	\N	\N	1	4	14	\N	457	\N	132	413	Национальная футбольная лига подтвердила что американская певица Кэти Перри станет главной звездой мызыкального шоу на финальном матче Супербоул. Одновременно с этим компания Pepsi, рекламным лицом которой является Кэти Перри, выпустила на своем YouTube-канале рекламный ролик, посвященный участию певицы в шоу.	Национальная футбольная лига США (NFL) официально подтвердила 23 ноября, что американская певица Кэти Перри (Katy Perry) станет главной звездой мызыкального шоу, которое обычно проводится в перерыве финального матча по американскому футболу - Супербоул (так называемое Half-Time Show). Поп-звезде предстоит спеть в рамках Супербоул XLIX, который состоится 1 февраля 2015 года на арене "University of Phoenix Stadium" в городе Глендэйл (Аризона). Сама певица сообщила об этом в своем официальном аккаунте в Twitter.. @SNFonNBC @NFL Yeppers! And I've already started testing out ideas! http://t.co/eYUKcQTxtG #halftime- KATY PERRY (@katyperry) 24 ноября 2014Кэти Перри выступит на Супербоул с 15-минутной программой, в которую будут включены все ее хиты.Одновременно с этим компания Pepsi, рекламным лицом которой является Кэти Перри, выпустила 23 ноября на своем YouTube-канале рекламный ролик, посвященный участию певицы в шоу на Супербоул.	\N	\N	78	\N	f	\N	\N	\N	\N	\N	2600000	81	\N
2001	1	2014-11-23 21:00:00+01	2015-03-30 13:53:17.185838+02	\N	\N	\N	9	18	6	6	17	\N	\N	5	\N	7	\N	\N	\N	\N	\N	\N	\N	\N	\N	\N	\N	\N	\N	\N	\N	1	4	63	\N	458	\N	353	414	Иркутский коллектив "Доктор Джаз" сыграет концерт совместно с американской певицей Паулетт МакВильямс. Более 30 лет Паулетт являлась одной из самых востребованных бэк-вокалисток в современной музыке, ее голос звучал в рекламных роликах McDonalds, Pepsi, Cadillac и др.	Иркутский коллектив "Доктор Джаз" совместно с американской певицей Паулетт МакВильямс сыграет концерт в столице Приангарья. Знаменитые джазовые хиты и лучшие образцы зарубежной эстрады в джазовых аранжировках прозвучат для слушателей 28 ноября в Иркутской областной филармонии.Паулетт МакВильямс считается обладательницей глубокого бархатного тембра голоса. Более 30 лет Паулетт являлась одной из самых востребованных бэк-вокалисток в современной музыке, ей довелось получить Грэмми, работать с Майклом Джексоном, Селин Дион, Дайаной Росс, Дэвидом Боуи и Анастэйшей. Ее голос звучал в рекламных роликах McDonalds, Pepsi, Cadillac, American Express, Master Card и многих других.Это уже не первое совместный концерт иркутских музыкантов с Паулетт МакВильямс. В 2013 году выступлением с Паулетт был закрыт джазовый сезон 2012/2013 года. В этот раз концерт станет третьим в джазовом сезоне, предваряющем юбилейный фестиваль "Джаз на Байкале", который пройдет в апреле 2015 года.Также музыканты 1 декабря сыграют в Улан-Удэ, а 3 декабря их ждут в Чите, сообщают организаторы.	\N	\N	77	\N	f	\N	\N	\N	\N	\N	18400	81	\N
2002	1	2014-11-23 21:00:00+01	2015-03-30 13:53:17.185838+02	\N	\N	\N	9	20	6	6	29	\N	\N	5	\N	10	\N	\N	\N	\N	\N	\N	\N	\N	\N	\N	\N	\N	\N	\N	\N	1	4	58	\N	459	\N	354	415	Крупный региональный мясопереработчик - компания "Сава", купившая в сентябре у группы PepsiCo контрольный пакет Туймазинского молокозавода, зарегистрировала ООО "Сава-молоко".	Крупный региональный мясопереработчик - компания "Сава", купившая в сентябре у группы PepsiCo контрольный пакет Туймазинского молокозавода, зарегистрировала ООО "Сава-молоко". Предприятие займется переработкой молока и производством сыра, следует из данных портала Kartoteka.ru. ООО "Сава-молоко" образовано в Туймазах с уставным капиталом 47,13 млн руб. - таким же был уставный капитал ликвидированного в ноябре Туймазинского молокозавода. "Сава-молоко" образовано в день ликвидации Туймазинского молокозавода 13 ноября. Единственным владельцем "Сава-молоко" является Владимир Павлов - один из владельцев и директоров предприятий, входящих в холдинг "Сава". По неофициальным данным, "Сава" заплатил PepsiCo за молокозавод в Туймазах около $1,5 млн и планировал использовать мощности предприятия для расширения мясопереработки.	\N	\N	79	\N	f	\N	\N	\N	\N	\N	2500	81	\N
2003	1	2014-11-23 21:00:00+01	2015-03-30 13:53:17.185838+02	\N	\N	\N	7	13	6	6	15	\N	\N	5	\N	7	\N	\N	\N	\N	\N	\N	\N	\N	\N	\N	\N	\N	\N	\N	\N	1	4	14	\N	460	\N	355	416	Академия re:Store проведет мастер-класс по рисованию на iPad. На этот раз в роли эксперта приглашен известный иллюстратор Фил Дунский , рисующий для таких компаний как Mail.ru, Билайн, Yandex, Pepsi и агентств - BBDO, DDB, Lowe и других.	Академия re:Store проведет мастер-класс по рисованию на iPad. На этот раз в роли эксперта приглашен известный иллюстратор Фил Дунский , рисующий для таких компаний как Mail.ru, Билайн, Yandex, Pepsi и агентств - BBDO, DDB, Lowe и других. Помимо собственно техники рисования с использованием стилуса и планшета, Дунский расскажет об особенностях "художнического" тайм-менеджемента, самомотивировании, "тонкостях" в общении иллюстратора с заказчиками. Участники семинара должны захватить из дома iPad с установленной программой Procreate и, желательно, стилус. Тогда, обещает Дунский, "мы сможем вместе порисовать что-нибудь доброе". Программа мастер-класса:1. Чуть-чуть об авторе и его работах2. Инструменты для работы (бумага, карандаш, телефон с камерой, Macbook Pro и планшет Wacom, Photoshop, iPad, Wacom Creative Stylus и Procreate)3. Создание иллюстраций в программе Procreate на iPad4. Создание иллюстраций в программе Photoshop на iMac/macBook5. Процесс рисования, демонстрация техники, в которой работает Дунский6. Как организовать рабочий процесс, не уснуть на рабочем месте, остаться в форме, продолжать работать с интересом, когда не интересно... 7. Как продолжать улыбаться клиенту, когда хочется кричать8. Ответы на вопросыВход на лекцию свободный, но необходима предварительная регистрация. Зарегистрироваться можно на сайте Школы новых медиа или по телефону 8(495)728-12-24.Мастер-класс Фила ДунскогоМосква, Школа Новых МедиаФакультет коммуникаций, медиа и дизайна НИУ ВШЭ14 ноября, 19:00	\N	\N	80	\N	f	\N	\N	\N	\N	\N	550000	81	\N
\.


--
-- Name: main_article_id_seq; Type: SEQUENCE SET; Schema: public; Owner: stas
--

SELECT pg_catalog.setval('main_article_id_seq', 2003, true);


--
-- Data for Name: main_article_monitoring_product; Type: TABLE DATA; Schema: public; Owner: stas
--

COPY main_article_monitoring_product (id, article_id, monitoringproduct_id) FROM stdin;
2508	1946	47
2509	1989	47
2510	1947	47
2511	1948	47
2512	1949	47
2513	1950	47
2514	1951	47
2515	1990	47
2516	1952	47
2517	1953	47
2518	1954	47
2519	1955	47
2520	1956	47
2521	1957	47
2522	1958	47
2523	1959	47
2524	1992	47
2525	1960	47
2526	1961	47
2527	1962	47
2528	1963	47
2529	1964	47
2530	1965	47
2531	1966	47
2532	1967	47
2533	1968	47
2534	1969	47
2535	1993	47
2536	1970	47
2537	1971	47
2538	1972	47
2539	1973	47
2540	1974	47
2541	1975	47
2542	1976	47
2543	1977	47
2544	1978	47
2545	1979	47
2546	1980	47
2547	1981	47
2548	1982	47
2549	1983	47
2550	1984	47
2551	1985	47
2552	1986	47
2553	1987	47
2554	1988	47
2555	1991	47
2556	1994	47
2557	1995	47
2558	1996	47
2559	1997	47
2560	1998	47
2561	1999	47
2562	2000	47
2563	2001	47
2564	2002	47
2565	2003	47
2334	1946	45
2335	1946	1
2336	1946	43
2337	1947	45
2338	1947	1
2339	1947	43
2340	1948	45
2341	1948	1
2342	1948	43
2343	1949	45
2344	1949	1
2345	1949	43
2346	1950	45
2347	1950	1
2348	1950	43
2349	1951	45
2350	1951	1
2351	1951	43
2352	1952	45
2353	1952	1
2354	1952	43
2355	1953	45
2356	1953	1
2357	1953	43
2358	1954	45
2359	1954	1
2360	1954	43
2361	1955	45
2362	1955	1
2363	1955	43
2364	1956	45
2365	1956	1
2366	1956	43
2367	1957	45
2368	1957	1
2369	1957	43
2370	1958	45
2371	1958	1
2372	1958	43
2373	1959	45
2374	1959	1
2375	1959	43
2376	1960	45
2377	1960	1
2378	1960	43
2379	1961	45
2380	1961	1
2381	1961	43
2382	1962	45
2383	1962	1
2384	1962	43
2385	1963	45
2386	1963	1
2387	1963	43
2388	1964	45
2389	1964	1
2390	1964	43
2391	1965	45
2392	1965	1
2393	1965	43
2394	1966	45
2395	1966	1
2396	1966	43
2397	1967	45
2398	1967	1
2399	1967	43
2400	1968	45
2401	1968	1
2402	1968	43
2403	1969	45
2404	1969	1
2405	1969	43
2406	1970	45
2407	1970	1
2408	1970	43
2409	1971	45
2410	1971	1
2411	1971	43
2412	1972	45
2413	1972	1
2414	1972	43
2415	1973	45
2416	1973	1
2417	1973	43
2418	1974	45
2419	1974	1
2420	1974	43
2421	1975	45
2422	1975	1
2423	1975	43
2424	1976	45
2425	1976	1
2426	1976	43
2427	1977	45
2428	1977	1
2429	1977	43
2430	1978	45
2431	1978	1
2432	1978	43
2433	1979	45
2434	1979	1
2435	1979	43
2436	1980	45
2437	1980	1
2438	1980	43
2439	1981	45
2440	1981	1
2441	1981	43
2442	1982	45
2443	1982	1
2444	1982	43
2445	1983	45
2446	1983	1
2447	1983	43
2448	1984	45
2449	1984	1
2450	1984	43
2451	1985	45
2452	1985	1
2453	1985	43
2454	1986	45
2455	1986	1
2456	1986	43
2457	1987	45
2458	1987	1
2459	1987	43
2460	1988	45
2461	1988	1
2462	1988	43
2463	1989	45
2464	1989	1
2465	1989	43
2466	1990	45
2467	1990	1
2468	1990	43
2469	1991	45
2470	1991	1
2471	1991	43
2472	1992	45
2473	1992	1
2474	1992	43
2475	1993	45
2476	1993	1
2477	1993	43
2478	1994	45
2479	1994	1
2480	1994	43
2481	1995	45
2482	1995	1
2483	1995	43
2484	1996	45
2485	1996	1
2486	1996	43
2487	1997	45
2488	1997	1
2489	1997	43
2490	1998	45
2491	1998	1
2492	1998	43
2493	1999	45
2494	1999	1
2495	1999	43
2496	2000	45
2497	2000	1
2498	2000	43
2499	2001	45
2500	2001	1
2501	2001	43
2502	2002	45
2503	2002	1
2504	2002	43
2505	2003	45
2506	2003	1
2507	2003	43
\.


--
-- Name: main_article_monitoring_product_id_seq; Type: SEQUENCE SET; Schema: public; Owner: stas
--

SELECT pg_catalog.setval('main_article_monitoring_product_id_seq', 2623, true);


--
-- Data for Name: main_articletitle; Type: TABLE DATA; Schema: public; Owner: stas
--

COPY main_articletitle (id, title, project_id) FROM stdin;
64	Вести.net: "умные" очки обесценились, а Nokia потеряла мобильность	1
124	Взломан сервис Snapchat, произошла утечка данных 4,6 млн пользователей	1
125	Диверсификация экономики России: чем можно заменить нефть и газ (0)	1
65	Маска для сна сделает сон более качественным	1
66	Nexus 7 перестал воспроизводить видео с Android 5.0	1
126	Файлы CPL и ChePro позволяют заражать компьютерные системы	1
127	Пионер года: почему все марки Олега Тинькова хорошо продаются	1
128	Эксперты: злоумышленники заражали компьютеры от имени "святого духа"	1
129	Читатели CNews выбрали человека 2013 года	1
130	Эксперты ЛК зафиксировали распространение спама от "святого духа"	1
131	Антивирус Касперского будет поддерживать Windows XP	1
67	Процессор Apple A8X для iPad стал большой проблемой для Intel, Qualcomm, Samsung и NVIDIA	1
132	С закрытыми глазами	1
307	"Ростелеком" отделил мобильные активы / ид "коммерсантъ"	1
133	Троян вымогает деньги… "на строительство храма"	1
134	Около 300 тыс фунтов удалось собрать для больных детей из РФ в Лондоне	1
135	Microsoft не решилась убить Windows XP: Антивирусная поддержка продлена еще на год	1
68	"Google Glass продуктом массовым не станет"	1
69	Google Project Loon обзавелся первым партнером	1
136	Эксперты: Облачный сервис Amazon – наибольший распространитель вирусов в США	1
72	Facebook на работе станет нормой	1
73	Сайт Virus Total предоставляет подробную информацию по вредоносному ПО для Linux	1
74	Вилкой в Glass	1
75	"Facebook at Work будет неплохим вариантом для небольших компаний"	1
76	Tales from the Borderlands от создателей The Wolf Among Us появится до конца года	1
70	В испытаниях проекта Google Project Loon в Австралии будет задействовано 20 шаров	1
77	Искусственный интеллект научили показывать фокусы	1
78	Франция дает льготы исследователям	1
71	WinZip 19 и WinZip 19 Pro предлагают новый способ работы с файлами в "облаке"	1
79	Безопасность будущего от мировых экспертов на All-over-IP 2014	1
80	Пять полезных офисных пакетов для Android	1
82	The Last Door - вдохновленный творениями Лавкрафта хоррор для Android	1
83	Легендарным "Червячкам" 19 лет: праздничные скидки в App Store и Google Play	1
84	"Лаборатория Касперского" нашла потенциальные уязвимости в терминалах сети велопроката	1
85	Австралийский провайдер поможет Google запустить интернет-аэростаты	1
86	Рейтинг РБК: топ-10 рекламодателей в мобильном интернете	1
81	"ТКС Банк" запустил мобильное приложение для сервиса денежных переводов между картами российских банков	1
87	Импортозамещение в ИТ: почему не сработают предложения Минкомсвязи	1
88	Московские терминалы оплаты велоаренды оказались уязвимыми для хакеров	1
89	Facebook at Work: слухи о корпоративной социальной сети	1
329	Рекорд от Microsoft: 1151 человек в одном селфи-снимке	2
330	Nokia Lumia 730 и самое большое групповое селфи	2
245	"Роснефть" защитила запасы	1
246	Цена нефти Brent слабо изменилась за то время, что Владимир Путин выступал с посланием	1
247	Игорь Сечин ждет, как "барыги" на рынке нефти отреагируют на послание президента России	1
248	СМИ: Саудовская Аравия готова допустить падение цены барреля нефти до $60	1
249	Statoil продолжает сотрудничество с "Роснефтью", но намерен следовать "букве" санкций	1
250	Арктическая "Победа": перспективы освоения шельфа северных морей	1
332	Любимые бренды россиян	2
373	Рекорд от Microsoft: 1151 человек в одном селфи-снимке	1
137	Softline продемонстрирует IT-решения будущего СМБ-руководителям всей страны	1
138	Aкция от "Лаборатории Касперского" с World of Tanks и World of Warplanes	1
139	Продукты "Лаборатории Касперского" обошли всех конкурентов в тестировании Dennis Technology Labs	1
140	Как обеспечить информационную безопасность бизнеса	1
141	Nod32, Norton и Avira названы самыми популярными антивирусами в Одноклассниках (0)	1
142	Назван худший пароль 2013 года	1
143	WhatsApp для PC? Не поддавайтесь на провокацию	1
144	Вредоносное ПО рассылается под видом приложения WhatsApp для ПК	1
145	Поддельные приложения WhatsApp для ПК распространяют вредоносное ПО	1
146	Обвиняются "медведи"	1
147	Российские эксперты дали советы по обращению с паролями	1
148	В 2013 почтовый спам менялся с рекламного на мошеннический	1
150	Казахстан стал 10-м в списке стран-источников спама в 2013 году	1
374	Nokia Lumia 730 и самое большое групповое селфи	1
90	Владельцы Nexus 4 получат Android Lollipop в ближайшее время	1
91	Google Glass не впечатлили	1
92	MobileSputnik сертифицирован по программе Symantec Sealed	1
93	Госдепартамент США атаковали хакеры	1
94	NYT: на Таймс-сквер установят самый большой и дорогой цифровой билборд	1
95	Google раздаст интернет с помощью воздушных шаров	1
96	Facebook в галстуке	1
97	Facebook разработает новую социальную сеть для делового общения	1
98	FT сообщила о создании компанией Facebook корпоративной соцсети	1
99	Facebook создает профессиональную соцсеть	1
100	Смарт-часы ASUS ZenWatch добавлены в каталог Google Play	1
101	Новые струйные МФУ Brother Business Smart подойдут малому бизнесу	1
102	СМИ: Facebook готовит конкурента LinkedIn и Google Drive для делового общения в сети	1
103	Facebook готовит конкурента LinkedIn и Google Drive для делового общения в сети - СМИ	1
104	Facebook создаст конкурента LinkedIn	1
105	СМИ: Facebook разрабатывает новый сайт	1
106	Facebook создаст новый сайт для офисных работников	1
107	Интерес к Google Glass падает	1
108	"Гонка к нулю" пугает большинство технологических компаний	1
109	AP опубликовал ролик, снятый сразу после падения "Боинга" над Донецком	1
110	Google перенесла релиз умных очков Glass на 2015 год	1
111	Facebook создаст новый сайт для профессионалов Facebook at Work	1
112	FT: Facebook тайно работает над новым сайтом Facebook at Work	1
113	YouTube включит погромче	1
114	"США надо свыкнуться с мыслью, что на первом месте будем мы"	1
115	Вести.net: новый смартфон от НТС - специально для селфи	1
116	Оно полетело	1
117	ФБР интересуется футболом	1
118	На обочине нечеловеческого прогресса	1
119	Апофеоз шопинга	1
120	Гибридное облако от EMC	1
121	С любого устройства в любом месте	1
122	Возможности Digital Signage для бронирования переговорных	1
123	«Совсем без интернета Россия не останется»	1
387	Coca-Cola призывает "поделиться Coke" с оленями Санта-Клауса.	1
251	Запасы месторождения "Победа" по итогам геологоразведки могут быть увеличены - Чилингаров	1
252	"Роснефть" проведет оценку углеводородов Вашуткинского участка в НАО	1
253	ФАС создала специальную комиссию для рассмотрения причин отказа "Газпромом" в допуске "Роснефти" к ГТС Сахалина	1
254	Улюкаев считает справедливым приватизировать "Роснефть" в валюте	1
255	"Роснефть" может объявить о сделке с индийской ONGC до конца года	1
392	Кока-Кола атаковала ФИФА	1
151	Казахстан сохраняет место в десятке стран - источников спама в 2013 году24	1
152	Казахстан вошел в Топ-10 стран-источников спама	1
153	Любовь к начальству — это диагноз	1
154	В прошлом году количество спама в почтовом трафике уменьшилось на 2,5%	1
149	"Лаборатория Касперского" проанализировала, как изменился спам за 2013 год	1
155	Обнаружен бот, зомбирующий ПК на Windows, Mac и Linux	1
156	ЛК провела исследование трояна для Windows, Mac и Linux	1
157	Банк "Югра" под защитой "Лаборатории Касперского"	1
158	Вредоносное приложение превращает компьютеры в "зомби"	1
159	Спам становится все более вредоносным	1
160	Ревнивцы стали мишенью мошенников	1
161	"Лаборатория Касперского" о трюках спам-кредиторов	1
162	"Лаборатория Касперского" и Ru-Center заблокируют фишинговые домены	1
163	Ru-Center и "Лаборатория Касперского" объединили усилия по борьбе с киберугрозами в Сети	1
164	"Лаборатория Касперского" и RU-CENTER выследят опасные сайты	1
165	RSA: Троян ChewBacca распространяется в 11 странах	1
166	"Лаборатория Касперского" и RU-Center собираются очистить Интернет от опасных сайтов	1
167	"Лаборатория Касперского" и RU-CENTER договорились о сотрудничестве	1
168	"Лаборатория Касперского" предупредила об опасности спама, предлагающего кредиты	1
169	"Антивирус для трейдеров" - надежная защита от компании "FreshForex" и "Лаборатории Касперского" (0)	1
170	Как получить "Антивирус для трейдеров" от "FreshForex"?	1
171	Ассоциация европейского бизнеса попросила защиты от санкций у властей РФ, Украины и ЕС	1
172	Пища патриотов	1
173	Интервью с Жизель Бюндхен: "У меня на первом месте семья"	1
174	Подписан договор между ТРЦ "Yessa" и сетью "Бомонд"	1
176	Скарлетт Йоханссон: Я супергерой поневоле	1
177	В "Британке" сменился директор	1
178	Международный форум современных технологий промышленной стирки, химической чистки и текстильного сервиса	1
175	В Британской высшей школе дизайна новый директор	1
179	Европейский бизнес пытается предотвратить новые санкции	1
180	АЕБ потребовала защитить бизнес от дальнейших санкций	1
181	Европейские бизнесмены призвали прекратить санкционную войну	1
182	АЕБ попросила лидеров ЕС, России и Украины предотвратить новые санкции	1
183	Как работает бойкот российских товаров	1
184	Международный форум современных технологий промышленной стирки, химической чистки и текстильного сервиса Texcare Forum Russia 2014, 1 - 2 октября 2014, ЦВК "Экспоцентр"	1
379	Создано самое масштабное "сэлфи" в мире	1
257	Нефтяной рынок не отреагировал на речь Путина	1
258	Улюкаев: Акции "Роснефти" должны быть проданы не ниже цены IPO	1
259	ONGC может получить 10% Ванкора на следующей неделе	1
260	МЭР работает с четырьмя проектами "Роснефти" на выделение средств ФНБ	1
261	Алексей Улюкаев: "Роснефть" не будет приватизирована в 2014 году, по следующему году вопрос открыт	1
262	Госкомиссия по запасам подтвердила открытие нового месторождения нефти в Карском море	1
263	Сечин: санкции не влияют на планы "Роснефти" в Арктике	1
264	Металлоинвест и Роснефть заключили соглашение о стратегическом партнерстве в производстве ГСМ	1
380	Президент The Coca-Cola Company: Мы все еще конструктивно недовольны собой	1
406	Мы знаем, как растить. Спеленок.	1
186	"Обнаженные сердца" подарили омским ребятишкам кусочек счастья	1
187	Крупный европейский бизнес просит прекратить санкционную войну	1
188	Крупный европейский бизнес просит больше не вводить санкции	1
189	Ассоциация европейского бизнеса призвала защитить инвесторов от новых санкций	1
190	Ассоциация европейского бизнеса просит защитить инвесторов от новых санкций	1
191	Европейский бизнес просит Баррозу остановить политику санкций	1
192	АЕБ просит защитить иностранный бизнес от санкций в отношении России	1
185	АЕБ просит Евросоюз, Россию и Украину защитить иностранных инвесторов	1
193	Европейские бизнесмены требуют встречи с Баррозу: новые санкции ударят по европейским компаниям	1
194	Ассоциация европейского бизнеса просит защитить инвесторов от новых экономических санкций	1
195	Анастасия Бутрым стала директором Британской школы дизайна	1
196	В Омске открылась вторая площадка от Фонда "Обнаженные сердца"	1
197	На рабочих местах: самые интересные офисы столицы	1
198	ИГ "Норд-Капитал": После вчерашнего роста, сегодня на российском фондовом рынке мы наблюдаем консолидацию в районе 1450 пунктов по индексу ММВБ.	1
199	АЕБ просит предотвратить новые санкции	1
200	Ассоциация европейского бизнеса попросила защиты от санкций у властей России, Украины и ЕС	1
202	ИГ "Норд-Капитал": На российском фондовом рынке наблюдается консолидация	1
203	Индексы притаились	1
204	Участники торгов внимательно прислушиваются к выходящим новостям - рынок продолжает оставаться заложником геополитики	1
205	ИГ "Норд-Капитал". Комментарий и прогноз по текущей ситуации на рынке (середина дня)	1
206	Грабители украли партию парфюмерии на 5 миллионов рублей	1
207	Новые капсулы ARIEL 3В1 PODS: маленькое, но мощное решение больших задач	1
201	Комментарий и прогноз по текущей ситуации на рынке (середина дня)	1
383	Уроки китайского	1
358	Золотая инвестиционная середина	2
415	"Сава" зарегистрировала молокоперерабатывающую компанию	1
301	Александр Воробьев назначен исполняющим обязанности гендиректора узбекской "дочки" "вымпелкома"	1
265	ФСК ЕЭС и "Роснефть" договорились о партнерстве в области нефтепродуктообеспечения	1
266	Роснефть потратит 1 млрд на сейсморазведочные работы в Магадане	1
267	Переработка в Европе поправит финансовое здоровье Роснефти	1
268	Дивиденды BP от доли в "Роснефти" могут сократиться более чем в два раза	1
269	"Лукойл" больше не партнер	1
270	Компания недели: "Газпром"	1
271	"Башнефти" вернули месторождения	1
272	"Башнефть" уйдет без партнера	1
273	Новак: конкретных сроков обсуждения цены на газ для Турции пока нет	1
274	Суд рассмотрит дело о загрязнении Московским НПЗ атмосферы	1
275	UPDATE 2-Putin orders cash from Russia's wealth fund be used to support bank	1
276	Gazprom's LNG:Uncertainty engulfs Russia-Japan gas project in Vladivostok	1
277	Russia to Pump Up Oil Exports to Asia	1
278	Saudis: Oil to Firm at $60 --- Shift by OPEC's Biggest Producer Suggests It Won't Push for Supply Reductions	1
279	ONGC Videsh might soon buy stake in 2 Siberian oilfields	1
280	Russian diesel exports from Primorsk to rise 5.6 pct in Dec m/m	1
302	Credit Suisse снизил рейтинг ADR МТС до "продавать" после переоценки сектора	1
304	"Евросеть" в шоке от антигей-инициатив охлобыстина	1
305	2014: перспективы мобильного интернета	1
291	Запрет на продажу sim-карт с рук вступил в силу 1 января	1
306	Москве тесно	1
359	20 ноября в КК "Славия" состоялась торжественная церемония вручения благодарственных писем Администрации г.п. Щелково за спонсорскую помощь в проведении Дня города	2
256	Проблемы итальянского подрядчика "Южного потока" на руку "Роснефти"	1
209	В Старом Кировске открыли современную игровую площадку для детей	1
281	Bad-Mannered Russians in the West	1
211	АЕБ призывает руководителей ЕС, России и Украины защитить иностранных инвесторов	1
212	В магазинах появятся товары под брендом сериала "Кухня"	1
213	День рождения Бейонсе	1
214	София Вергара заработала больше всех телевизионных актрис	1
208	Компания Unilever представила на рынке США коммерческие морозильники для мороженого, работающие от солнечной энергии.	1
216	Именница Бейонсе: секреты красоты	1
217	ОДЕССА - "Бомонд" прописался в ТРЦ Yessa	1
218	Отток Рубиновых мозгов, или почему казанские футбольные менеджеры не пригодились там где родились?	1
219	"Инмарко" и Фонд "Обнаженные сердца" открыли новую детскую площадку	1
220	Oxfam International:10 компаний могут формировать продуктовую корзину большей части населения планеты	1
221	FM Logistic продолжает расширять собственный автопарк	1
222	В одесском ТРЦ "Yessa" откроется магазин сети "Бомонд"	1
223	Круглый стол "Благотворительность под Новый год: весело и эффективно"	1
224	"Обнаженные сердца" открою новую детскую площадку	1
225	СОВМЕСТНЫЙ FASHION-ПРОЕКТ ARIEL И ЮЛИИ ДАЛАКЯН	1
308	"Рабы не мы": как избавиться от мобильных оков	1
215	На окраине Омска построили детскую площадку по инициативе фонда Водяновой	1
309	Суд отменил штраф цб, наложенный на мтс за непредоставление информации	1
227	"Unilever": "Инмарко" и Фонд "Обнаженные сердца" торжественно открыли новую детск	1
310	Сеть мтс эффективно справилась с новогодними нагрузками	1
312	Куда звонить воронежцам в экстренной ситуации в новогодние праздники?	1
313	Hi-tech перспективы нового года	1
385	Microsoft поставила мировой рекорд по количеству людей на сэлфи-снимке	1
311	В новогоднюю ночь россияне отправили больше 600 миллионов смсок	1
315	С нового года в калужских троллейбусах транслируются объявления, направленные на профилактику мошенничества	1
314	Самые частые виды мошенничества в калужской области	1
316	"Народный репортер rzn.info" продолжает конкурс на лучший новогодний репортаж	1
317	Брянские полицейские задержали преступника, обворовавшего свою невесту	1
318	В новогодний вечер жительницу брянска обворовал любимый	1
319	Россияне собрали девять миллионов на помощь пострадавшим в волгограде	1
388	Молодые миллионеры	1
389	"Совершенно секретно": Генеральская прокуратура	1
391	Молочный коктейль с манго - слюнки текут от чудесного напитка	1
210	"Инмарко" и Фонд "Обнаженные сердца" торжественно открыли новую детскую площадку	1
228	"Солнечные" холодильники для мороженого	1
229	Новые капсулы Ariel 3в1 Pods: маленькое, но мощное решение больших задач	1
226	Топ-машина	1
230	Родное дело	1
231	Сегодня в Омске будет открыта еще одна детская площадка. "Инмарко" и Фонд помощи детям "Обнаженные сердца" представят новый игровой и спортивный комплекс в рамках партнерского проекта "Поделись улыбкой"	1
234	Сериал на прилавке	1
235	ВЕРНАЯ ФОРМУЛИРОВКА	1
236	Московский транспорт обрел логотип от австралийского "кутюрье"	1
237	ВЫСШИЙ ЦВЕТ	1
238	Best beauty BUYS	1
239	Девушка с камерой	1
240	Бизнес инвестирует в развитие областной промышленности	1
233	Рекламные бюджеты некоторых банков выросли в разы	1
241	10 компаний, контролирующих мировую пищевую индустрию	1
242	Середина дня: рынок продолжает оставаться заложником геополитики	1
243	Пензенец украл парфюмерию с завода L'Oreal в Калужской обл.	1
232	Повестка дня: 4 сентября в Омске	1
244	О спруте, пирамиде - и вообще продолжение про Vanguard	1
398	Инъекция инвестиционного оптимизма	1
282	«Ростелеком» отделил мобильные активы	1
399	От Сибая до Китая	1
400	С жиру бесятся	1
283	Фонд Deutsche Bank купил акции Московской биржи и поучаствовал в IPO «ТКС банка»	1
284	Безопасность: top 10 статей и постов в блоге pc week/re в 2013 году	1
285	В прошедший новый год россияне отправили на треть больше sms, чем годом ранее	1
286	Госкомпании стали главными поставщиками новостей в этом году	1
287	Куда ушли миллиарды	1
288	Маленький, но недетский ipad	1
289	"Мегафон" заблокировал около одного миллиарда спам-сообщений в 2013 году	1
290	Итоги 2013 и тренды 2014: смартфоны и мобильные ос	1
292	3dnews-2013. ключевые it-события прошедшего года в обзорах нашего сайта	1
293	Абоненты казахстанского "билайна" 31 декабря наговорили 69 миллионов минут	1
294	Абоненты белорусского мтс отправили 17 миллионов sms в новогоднюю ночь	1
295	Ces 2014: at&t произвел революцию на рынке мобильного контента	1
296	Белорусский мтс первым отчитался об итогах новогодней ночи	1
297	Ренессанс Капитал повысил рейтинг акций Мегафона до "держать"	1
298	Торговля из-под полы: нелегальным продавцам сим-карт штраф не страшен	1
299	«Мы бы хотели, чтобы Россия осталась на Байконуре навсегда»	1
300	Вести	1
397	$2 млрд на масле: как африканец сделал состояние на семейном бизнесе	1
401	Nissan Qashqai II: Только бы не хэтчбек	1
402	Золотая инвестиционная середина	1
416	ТЕХНИКА - Оранжевое небо, оранжевый верблюд	1
394	Новый рекорд: в самом масштабном селфи приняли участие более тысячи человек	1
320	"Народный репортер rzn.info" подвел итоги 2013 года и выбрал лучший репортаж	1
321	Обнинский интернет взлетел на 4g?скоростях	1
322	В новогоднюю ночь россияне отправили свыше 600 миллионов смсок	1
323	Какой интернет дешевле для планшета	1
324	Россияне отправили в новогоднюю ночь более 600 миллионов sms	1
325	От "ё-мобиля" до истребителей. rzn.info продолжает публиковать рейтинги самых читаемых новостей	1
326	Lte. теперь и в калуге	1
327	Россияне задолжали банкам, но стали лучше оплачивать счета за связь	1
328	"Ростелеком" отделил мобильные активы. реорганизация оператора одобрена акционерами	1
303	Россияне стали аккуратнее платить за сотовую связь	1
395	Шесть известных скейтеров-курильщиков	1
396	Архитектура зазеркалья	1
390	Крупнейшие спонсоры обвинили FIFA в непрозрачности из-за чемпионатов мира в России и Катаре	1
403	20 ноября в КК "Славия" состоялась торжественная церемония вручения благодарственных писем Администрации г.п. Щелково за спонсорскую помощь в проведении Дня города	1
393	Как мы отмывали деньги... газировкой	1
404	Экс-совладелец "ВКонтакте" будет снова инвестировать в интернет	1
405	Бывший совладелец "ВКонтакте" будет снова инвестировать в интернет	1
417	Рекорд от Microsoft: 1151 человек в одном селфи-снимке	4
418	Nokia Lumia 730 и самое большое групповое селфи	4
339	Уроки китайского	2
420	Любимые бренды россиян	4
422	Россияне выбрали любимые бренды - это Samsung, Adidas и Sony	4
419	Apple пожертвует миллионы на борьбу со СПИДом	4
421	Coca-Cola недовольна скандалом вокруг ФИФА	4
423	Создано самое масштабное "сэлфи" в мире	4
424	Президент The Coca-Cola Company: Мы все еще конструктивно недовольны собой	4
425	Event Management Technologies - технический партнер Саммита АКМР	4
426	"Буреягэсстрой", "Валта Пет Продактс", "Диполь Технологии" - среди номинантов конкурса "Лучшее Корпоративное Медиа - 2015"	4
427	Уроки китайского	4
428	Любимыми марками россиян стали Samsung и Adidas	4
430	Предвестник теннисной революции?	4
429	Microsoft поставила мировой рекорд по количеству людей на сэлфи-снимке	4
432	Молодые миллионеры	4
433	"Совершенно секретно": Генеральская прокуратура	4
435	Молочный коктейль с манго - слюнки текут от чудесного напитка	4
431	Coca-Cola призывает "поделиться Coke" с оленями Санта-Клауса.	4
436	Кока-Кола атаковала ФИФА	4
437	Как мы отмывали деньги... газировкой	4
438	Новый рекорд: в самом масштабном селфи приняли участие более тысячи человек	4
439	Шесть известных скейтеров-курильщиков	4
440	Архитектура зазеркалья	4
434	Крупнейшие спонсоры обвинили FIFA в непрозрачности из-за чемпионатов мира в России и Катаре	4
441	$2 млрд на масле: как африканец сделал состояние на семейном бизнесе	4
442	Инъекция инвестиционного оптимизма	4
443	От Сибая до Китая	4
444	С жиру бесятся	4
445	Nissan Qashqai II: Только бы не хэтчбек	4
446	Золотая инвестиционная середина	4
338	"Буреягэсстрой", "Валта Пет Продактс", "Диполь Технологии" - среди номинантов конкурса "Лучшее Корпоративное Медиа - 2015"	2
447	20 ноября в КК "Славия" состоялась торжественная церемония вручения благодарственных писем Администрации г.п. Щелково за спонсорскую помощь в проведении Дня города	4
340	Любимыми марками россиян стали Samsung и Adidas	2
448	Экс-совладелец "ВКонтакте" будет снова инвестировать в интернет	4
449	Бывший совладелец "ВКонтакте" будет снова инвестировать в интернет	4
342	Предвестник теннисной революции?	2
341	Microsoft поставила мировой рекорд по количеству людей на сэлфи-снимке	2
450	Мы знаем, как растить. Спеленок.	4
344	Молодые миллионеры	2
345	"Совершенно секретно": Генеральская прокуратура	2
451	"Сады Придонья": Мы знаем, как растить. Спеленок.	4
452	Предприниматели Ижевска к масштабированию бизнеса готовы	4
347	Молочный коктейль с манго - слюнки текут от чудесного напитка	2
343	Coca-Cola призывает "поделиться Coke" с оленями Санта-Клауса.	2
348	Кока-Кола атаковала ФИФА	2
453	Comunica: долой прокрастинацию, даешь интеграцию!	4
349	Как мы отмывали деньги... газировкой	2
350	Новый рекорд: в самом масштабном селфи приняли участие более тысячи человек	2
351	Шесть известных скейтеров-курильщиков	2
352	Архитектура зазеркалья	2
346	Крупнейшие спонсоры обвинили FIFA в непрозрачности из-за чемпионатов мира в России и Катаре	2
454	"Я - менеджер по маркетингу"	4
455	Заседание еврокомиссаров отменено в связи с обсуждением вопроса о доверии Юнкеру	4
456	На сцене Иркутской филармонии выступит ансамбль "Доктор Джаз"	4
457	Поп-звезда Кэти Перри споет в перерыве Супербоула	4
458	Ансамбль "Доктор Джаз" совместно с американской певицей Паулетт МакВильямс даст концерт в Иркутской областной филармонии	4
334	Россияне выбрали любимые бренды - это Samsung, Adidas и Sony	2
331	Apple пожертвует миллионы на борьбу со СПИДом	2
333	Coca-Cola недовольна скандалом вокруг ФИФА	2
335	Создано самое масштабное "сэлфи" в мире	2
336	Президент The Coca-Cola Company: Мы все еще конструктивно недовольны собой	2
337	Event Management Technologies - технический партнер Саммита АКМР	2
364	Предприниматели Ижевска к масштабированию бизнеса готовы	2
459	"Сава" зарегистрировала молокоперерабатывающую компанию	4
365	Comunica: долой прокрастинацию, даешь интеграцию!	2
366	"Я - менеджер по маркетингу"	2
460	ТЕХНИКА - Оранжевое небо, оранжевый верблюд	4
367	Заседание еврокомиссаров отменено в связи с обсуждением вопроса о доверии Юнкеру	2
368	На сцене Иркутской филармонии выступит ансамбль "Доктор Джаз"	2
369	Поп-звезда Кэти Перри споет в перерыве Супербоула	2
370	Ансамбль "Доктор Джаз" совместно с американской певицей Паулетт МакВильямс даст концерт в Иркутской областной филармонии	2
371	"Сава" зарегистрировала молокоперерабатывающую компанию	2
372	ТЕХНИКА - Оранжевое небо, оранжевый верблюд	2
376	Любимые бренды россиян	1
378	Россияне выбрали любимые бренды - это Samsung, Adidas и Sony	1
353	$2 млрд на масле: как африканец сделал состояние на семейном бизнесе	2
354	Инъекция инвестиционного оптимизма	2
355	От Сибая до Китая	2
356	С жиру бесятся	2
357	Nissan Qashqai II: Только бы не хэтчбек	2
360	Экс-совладелец "ВКонтакте" будет снова инвестировать в интернет	2
361	Бывший совладелец "ВКонтакте" будет снова инвестировать в интернет	2
362	Мы знаем, как растить. Спеленок.	2
375	Apple пожертвует миллионы на борьбу со СПИДом	1
363	"Сады Придонья": Мы знаем, как растить. Спеленок.	2
377	Coca-Cola недовольна скандалом вокруг ФИФА	1
381	Event Management Technologies - технический партнер Саммита АКМР	1
382	"Буреягэсстрой", "Валта Пет Продактс", "Диполь Технологии" - среди номинантов конкурса "Лучшее Корпоративное Медиа - 2015"	1
384	Любимыми марками россиян стали Samsung и Adidas	1
386	Предвестник теннисной революции?	1
407	"Сады Придонья": Мы знаем, как растить. Спеленок.	1
408	Предприниматели Ижевска к масштабированию бизнеса готовы	1
409	Comunica: долой прокрастинацию, даешь интеграцию!	1
410	"Я - менеджер по маркетингу"	1
411	Заседание еврокомиссаров отменено в связи с обсуждением вопроса о доверии Юнкеру	1
412	На сцене Иркутской филармонии выступит ансамбль "Доктор Джаз"	1
413	Поп-звезда Кэти Перри споет в перерыве Супербоула	1
414	Ансамбль "Доктор Джаз" совместно с американской певицей Паулетт МакВильямс даст концерт в Иркутской областной филармонии	1
\.


--
-- Name: main_articletitle_id_seq; Type: SEQUENCE SET; Schema: public; Owner: stas
--

SELECT pg_catalog.setval('main_articletitle_id_seq', 460, true);


--
-- Data for Name: main_articletitle_monitoring_product; Type: TABLE DATA; Schema: public; Owner: stas
--

COPY main_articletitle_monitoring_product (id, articletitle_id, monitoringproduct_id) FROM stdin;
64	64	1
65	65	1
66	66	1
67	67	1
68	68	1
69	69	1
70	70	1
71	71	1
72	72	1
73	73	1
74	74	1
75	75	1
76	76	1
77	77	1
78	78	1
79	79	1
80	80	1
81	81	1
82	82	1
83	83	1
84	84	1
85	85	1
86	86	1
87	87	1
88	88	1
89	89	1
90	90	1
91	91	1
92	92	1
93	93	1
94	94	1
95	95	1
96	96	1
97	97	1
98	98	1
99	99	1
100	100	1
101	101	1
102	102	1
103	103	1
104	104	1
105	105	1
106	106	1
107	107	1
108	108	1
109	109	1
110	110	1
111	111	1
112	112	1
113	113	1
114	114	1
115	115	1
116	116	1
117	117	1
118	118	1
119	119	1
120	120	1
121	121	1
122	122	1
123	123	1
124	124	2
125	125	2
126	126	2
127	127	2
128	128	2
129	129	2
130	130	2
131	131	2
132	132	2
133	133	2
134	134	2
135	135	2
136	136	2
137	137	2
138	138	2
139	139	2
140	140	2
141	141	2
142	142	2
143	143	2
144	144	2
145	145	2
146	146	2
147	147	2
148	148	2
149	149	2
150	150	2
151	151	2
152	152	2
153	153	2
154	154	2
155	155	2
156	156	2
157	157	2
158	158	2
159	159	2
160	160	2
161	161	2
162	162	2
163	163	2
164	164	2
165	165	2
166	166	2
167	167	2
168	168	2
169	169	2
170	170	2
171	171	2
172	172	2
173	173	2
174	174	2
175	175	2
176	176	2
177	177	2
178	178	2
179	179	2
180	180	2
181	181	2
182	182	2
183	183	2
184	184	2
185	185	2
186	186	2
187	187	2
188	188	2
189	189	2
190	190	2
191	191	2
192	192	2
193	193	2
194	194	2
195	195	2
196	196	2
197	197	2
198	198	2
199	199	2
200	200	2
201	201	2
202	202	2
203	203	2
204	204	2
205	205	2
206	206	2
207	207	2
208	208	2
209	209	2
210	210	2
211	211	2
212	212	2
213	213	2
214	214	2
215	215	2
216	216	2
217	217	2
218	218	2
219	219	2
220	220	2
221	221	2
222	222	2
223	223	2
224	224	2
225	225	2
226	226	2
227	227	2
228	228	2
229	229	2
230	230	2
231	231	2
232	232	2
233	233	2
234	234	2
235	235	2
236	236	2
237	237	2
238	238	2
239	239	2
240	240	2
241	241	2
242	242	2
243	243	2
244	244	2
245	245	1
246	246	1
247	247	1
248	248	1
249	249	1
250	250	1
251	251	1
252	252	1
253	253	1
254	254	1
255	255	1
256	256	1
257	257	1
258	258	1
259	259	1
260	260	1
261	261	1
262	262	1
263	263	1
264	264	1
265	265	1
266	266	1
267	267	1
268	268	1
269	269	1
270	270	1
271	271	1
272	272	1
273	273	1
274	274	1
275	275	1
276	276	1
277	277	1
278	278	1
279	279	1
280	280	1
281	281	1
282	282	1
283	283	1
284	284	1
285	285	1
286	286	1
287	287	1
288	288	1
289	289	1
290	290	1
291	291	1
292	292	1
293	293	1
294	294	1
295	295	1
296	296	1
297	297	1
298	298	1
299	299	1
300	300	1
301	301	1
302	302	1
303	303	1
304	304	1
305	305	1
306	306	1
307	307	1
308	308	1
309	309	1
310	310	1
311	311	1
312	312	1
313	313	1
314	314	1
315	315	1
316	316	1
317	317	1
318	318	1
319	319	1
320	320	1
321	321	1
322	322	1
323	323	1
324	324	1
325	325	1
326	326	1
327	327	1
328	328	1
329	329	2
330	330	2
331	331	2
332	332	2
333	333	2
334	334	2
335	335	2
336	336	2
337	337	2
338	338	2
339	339	2
340	340	2
341	341	2
342	342	2
343	343	2
344	344	2
345	345	2
346	346	2
347	347	2
348	348	2
349	349	2
350	350	2
351	351	2
352	352	2
353	353	2
354	354	2
355	355	2
356	356	2
357	357	2
358	358	2
359	359	2
360	360	2
361	361	2
362	362	2
363	363	2
364	364	2
365	365	2
366	366	2
367	367	2
368	368	2
369	369	2
370	370	2
371	371	2
372	372	2
637	373	43
638	374	43
639	375	43
640	376	43
641	377	43
642	378	43
643	379	43
644	380	43
645	381	43
646	382	43
647	383	43
648	384	43
649	385	43
650	386	43
651	387	43
652	388	43
653	389	43
654	390	43
655	391	43
656	392	43
657	393	43
658	394	43
659	395	43
660	396	43
661	397	43
662	398	43
663	399	43
664	400	43
665	401	43
666	402	43
667	403	43
668	404	43
669	405	43
670	406	43
671	407	43
672	408	43
673	409	43
674	410	43
675	411	43
676	412	43
677	413	43
678	414	43
679	415	43
680	416	43
725	373	44
726	374	44
727	375	44
728	376	44
729	377	44
730	378	44
731	379	44
732	380	44
733	381	44
734	382	44
735	383	44
736	384	44
737	385	44
738	386	44
739	387	44
740	388	44
741	389	44
742	390	44
743	391	44
744	392	44
745	393	44
746	394	44
747	395	44
748	396	44
749	397	44
750	398	44
751	399	44
752	400	44
753	401	44
754	402	44
755	403	44
756	404	44
757	405	44
758	406	44
759	407	44
760	408	44
761	409	44
762	410	44
763	411	44
764	412	44
765	413	44
766	414	44
767	415	44
768	416	44
461	417	9
462	418	9
463	419	9
464	420	9
465	421	9
466	422	9
467	423	9
468	424	9
469	425	9
470	426	9
471	427	9
472	428	9
473	429	9
474	430	9
475	431	9
476	432	9
477	433	9
478	434	9
479	435	9
480	436	9
481	437	9
482	438	9
483	439	9
484	440	9
485	441	9
486	442	9
487	443	9
488	444	9
489	445	9
490	446	9
491	447	9
492	448	9
493	449	9
494	450	9
495	451	9
496	452	9
497	453	9
498	454	9
499	455	9
500	456	9
501	457	9
502	458	9
503	459	9
504	460	9
506	373	9
508	374	9
510	375	9
512	376	9
514	377	9
516	378	9
518	379	9
520	380	9
522	381	9
524	382	9
526	383	9
528	384	9
530	385	9
532	386	9
534	387	9
536	388	9
538	389	9
540	390	9
542	391	9
544	392	9
546	393	9
548	394	9
550	395	9
552	396	9
554	397	9
556	398	9
558	399	9
560	400	9
562	401	9
564	402	9
566	403	9
568	404	9
570	405	9
572	406	9
574	407	9
576	408	9
578	409	9
580	410	9
582	411	9
584	412	9
586	413	9
588	414	9
590	415	9
592	416	9
769	373	45
770	374	45
771	375	45
772	376	45
773	377	45
774	378	45
775	379	45
776	380	45
777	381	45
778	382	45
779	383	45
780	384	45
781	385	45
782	386	45
783	387	45
784	388	45
785	389	45
786	390	45
787	391	45
788	392	45
789	393	45
790	394	45
791	395	45
792	396	45
793	397	45
794	398	45
795	399	45
796	400	45
797	401	45
798	402	45
799	403	45
800	404	45
801	405	45
802	406	45
803	407	45
804	408	45
805	409	45
806	410	45
807	411	45
808	412	45
809	413	45
810	414	45
811	415	45
812	416	45
813	373	1
814	374	1
815	375	1
816	376	1
817	377	1
818	378	1
819	379	1
820	380	1
821	381	1
822	382	1
823	383	1
824	384	1
825	385	1
826	386	1
827	387	1
828	388	1
829	389	1
830	390	1
831	391	1
832	392	1
833	393	1
834	394	1
835	395	1
836	396	1
837	397	1
838	398	1
839	399	1
840	400	1
841	401	1
842	402	1
843	403	1
844	404	1
845	405	1
846	406	1
847	407	1
848	408	1
849	409	1
850	410	1
851	411	1
852	412	1
853	413	1
854	414	1
855	415	1
856	416	1
\.


--
-- Name: main_articletitle_monitoring_product_id_seq; Type: SEQUENCE SET; Schema: public; Owner: stas
--

SELECT pg_catalog.setval('main_articletitle_monitoring_product_id_seq', 856, true);


--
-- Data for Name: main_author; Type: TABLE DATA; Schema: public; Owner: stas
--

COPY main_author (id, title, project_id) FROM stdin;
29	Ромина Макгинесс	1
30	Ольга Левкович	1
31	Ирина Буркина	1
32	Владимир Квасников	1
33	Иван Тихонов	1
34	Анастасия Агамалова	1
35	Светлана Путинцева	1
36	Анна Макарова	1
64	Karen Dawisha	1
13	Андрей Васильков	1
15	Алексей Киселев	1
16	Яна Рождественская	1
72	Дмитрий Мельников	1
18	Сергей Соболев	1
19	Сергей Белоусов	1
20	Кирилл Сарханянц	1
17	Тимофей Белосельцев	1
21	Вера Кичанова	1
14	Юнна Коцар	1
22	Елизавета Антонова	1
23	Евгения Головина	1
24	Симакина Анастасия	1
25	Мария Епифанова	1
26	Алексей Рожков	1
27	Виталий Сараев*	1
28	Владислав Новый	1
38	Рузанна Манукян	1
39	Владислав Коваленко, Юлиана Петрова	1
40	Юлиана Петрова	1
41	Екатерина Брызгалова	1
78	Александр Круглов	2
42	Анастасия Ежова	1
43	Алексей Васильев	1
44	Олег Адамович	1
45	Любовь Егорова	1
37	Роман Ткачук	1
46	Татьяна Волкова	1
74	Анна Неретина	1
80	Антон Kvas	2
73	Ирина Леонова	1
81	Елена Синицына	2
79	Екатерина Щербакова	2
82	Владимир Козлов	2
83	Светлана Ахмирова	2
75	Сергей Викторов	1
84	Никита Лихачев	2
85	Александр Долгих	2
86	Дарья Луганская	2
47	Галина Старинская	1
48	Виталий Макарчев	1
49	Юрий Михайленко	1
50	Александр Андреев	1
51	Ася Сотникова	1
52	Михаил Оверченко	1
53	Маргарита Папченкова	1
54	Петр Третьяков	1
55	Григорий Бирг	1
56	Михаил Серовпетр	1
57	Михаил Серов	1
58	Кирилл Мельников	1
59	Тимофей Дзядко	1
60	Alexei Anishchuk	1
61	Yohei Ishikawa	1
62	Eric Yep 	1
63	Summer Said, Sarah Kent and Benoit Faucon	1
87	Вероника Полянская	1
88	Анна Смолкина, Игорь Дорошенко, Денис Дубовиков, Сергей Громов	1
98	Вероника Полянская	4
66	Александр Лабыкин	1
67	Олег Капранов	1
68	Антон Печеровый	1
69	Иван Чеберко	1
70	Илья Шатилин 	1
71	Анастасия Гаврилюк	1
65	Владимир Лавицкий	1
76	Вероника Полянская	2
77	Анна Смолкина, Игорь Дорошенко, Денис Дубовиков, Сергей Громов	2
89	Александр Круглов	1
99	Анна Смолкина, Игорь Дорошенко, Денис Дубовиков, Сергей Громов	4
91	Антон Kvas	1
100	Александр Круглов	4
102	Антон Kvas	4
103	Елена Синицына	4
101	Екатерина Щербакова	4
104	Владимир Козлов	4
105	Светлана Ахмирова	4
106	Никита Лихачев	4
107	Александр Долгих	4
108	Дарья Луганская	4
92	Елена Синицына	1
90	Екатерина Щербакова	1
93	Владимир Козлов	1
94	Светлана Ахмирова	1
95	Никита Лихачев	1
96	Александр Долгих	1
97	Дарья Луганская	1
\.


--
-- Name: main_author_id_seq; Type: SEQUENCE SET; Schema: public; Owner: stas
--

SELECT pg_catalog.setval('main_author_id_seq', 108, true);


--
-- Data for Name: main_author_monitoring_product; Type: TABLE DATA; Schema: public; Owner: stas
--

COPY main_author_monitoring_product (id, author_id, monitoringproduct_id) FROM stdin;
13	13	1
14	14	1
15	15	1
16	16	1
17	17	1
18	18	1
19	19	1
20	20	1
21	21	1
22	22	1
23	23	1
24	24	1
25	25	1
26	26	1
27	27	1
28	28	1
29	29	2
30	30	2
31	31	2
32	32	2
33	33	2
34	34	2
35	35	2
36	36	2
37	37	2
38	38	2
39	39	2
40	40	2
41	41	2
42	42	2
43	43	2
44	44	2
45	45	2
46	46	2
47	47	1
48	48	1
49	49	1
50	50	1
51	51	1
52	52	1
53	53	1
54	54	1
55	55	1
56	56	1
57	57	1
58	58	1
59	59	1
60	60	1
61	61	1
62	62	1
63	63	1
64	64	1
65	65	1
66	66	1
67	67	1
68	68	1
69	69	1
70	70	1
71	71	1
72	72	1
73	73	1
74	74	1
75	75	1
76	76	2
77	77	2
78	78	2
79	79	2
80	80	2
81	81	2
82	82	2
83	83	2
84	84	2
85	85	2
86	86	2
109	98	9
110	99	9
111	100	9
112	101	9
113	102	9
114	103	9
115	104	9
116	105	9
117	106	9
118	107	9
119	108	9
121	87	9
123	88	9
125	89	9
127	90	9
129	91	9
131	92	9
133	93	9
135	94	9
137	95	9
139	96	9
141	97	9
153	87	43
154	88	43
155	89	43
156	90	43
157	91	43
158	92	43
159	93	43
160	94	43
161	95	43
162	96	43
163	97	43
175	87	44
176	88	44
177	89	44
178	90	44
179	91	44
180	92	44
181	93	44
182	94	44
183	95	44
184	96	44
185	97	44
186	87	45
187	88	45
188	89	45
189	90	45
190	91	45
191	92	45
192	93	45
193	94	45
194	95	45
195	96	45
196	97	45
197	87	1
198	88	1
199	89	1
200	90	1
201	91	1
202	92	1
203	93	1
204	94	1
205	95	1
206	96	1
207	97	1
\.


--
-- Name: main_author_monitoring_product_id_seq; Type: SEQUENCE SET; Schema: public; Owner: stas
--

SELECT pg_catalog.setval('main_author_monitoring_product_id_seq', 207, true);


--
-- Data for Name: main_bissinesdirection; Type: TABLE DATA; Schema: public; Owner: stas
--

COPY main_bissinesdirection (id, title, project_id) FROM stdin;
\.


--
-- Name: main_bissinesdirection_id_seq; Type: SEQUENCE SET; Schema: public; Owner: stas
--

SELECT pg_catalog.setval('main_bissinesdirection_id_seq', 1, false);


--
-- Data for Name: main_bissinesdirection_monitoring_product; Type: TABLE DATA; Schema: public; Owner: stas
--

COPY main_bissinesdirection_monitoring_product (id, bissinesdirection_id, monitoringproduct_id) FROM stdin;
\.


--
-- Name: main_bissinesdirection_monitoring_product_id_seq; Type: SEQUENCE SET; Schema: public; Owner: stas
--

SELECT pg_catalog.setval('main_bissinesdirection_monitoring_product_id_seq', 1, false);


--
-- Data for Name: main_branch; Type: TABLE DATA; Schema: public; Owner: stas
--

COPY main_branch (id, title, project_id) FROM stdin;
1	Москва	1
3	Белгородский филиал	1
5	Курский филиал	1
8	Брянский филиал	1
9	Тульский филиал	1
10	Липецкий филиал	1
2	Воронежский филиал	1
12	Орловский филиал	1
11	Тамбовский филиал	1
7	Рязанский филиал	1
6	Калужский филиал	1
13	Санкт-Петербургский филиал	1
4	Псковский филиал	1
\.


--
-- Name: main_branch_id_seq; Type: SEQUENCE SET; Schema: public; Owner: stas
--

SELECT pg_catalog.setval('main_branch_id_seq', 13, true);


--
-- Data for Name: main_branch_monitoring_product; Type: TABLE DATA; Schema: public; Owner: stas
--

COPY main_branch_monitoring_product (id, branch_id, monitoringproduct_id) FROM stdin;
1	1	1
2	2	1
3	3	1
4	4	1
5	5	1
6	6	1
7	7	1
8	8	1
9	9	1
10	10	1
11	11	1
12	12	1
13	13	1
\.


--
-- Name: main_branch_monitoring_product_id_seq; Type: SEQUENCE SET; Schema: public; Owner: stas
--

SELECT pg_catalog.setval('main_branch_monitoring_product_id_seq', 13, true);


--
-- Data for Name: main_brandorproduct; Type: TABLE DATA; Schema: public; Owner: stas
--

COPY main_brandorproduct (id, title, project_id) FROM stdin;
\.


--
-- Name: main_brandorproduct_id_seq; Type: SEQUENCE SET; Schema: public; Owner: stas
--

SELECT pg_catalog.setval('main_brandorproduct_id_seq', 1, false);


--
-- Data for Name: main_brandorproduct_monitoring_product; Type: TABLE DATA; Schema: public; Owner: stas
--

COPY main_brandorproduct_monitoring_product (id, brandorproduct_id, monitoringproduct_id) FROM stdin;
\.


--
-- Name: main_brandorproduct_monitoring_product_id_seq; Type: SEQUENCE SET; Schema: public; Owner: stas
--

SELECT pg_catalog.setval('main_brandorproduct_monitoring_product_id_seq', 1, false);


--
-- Data for Name: main_category; Type: TABLE DATA; Schema: public; Owner: stas
--

COPY main_category (id, parent_id, title, project_id, lft, rght, tree_id, level) FROM stdin;
64	58	Печатная пресса	1	7	8	12	2
17	\N	Google	1	1	6	1	0
18	17	подкатегория	1	2	5	1	1
19	18	подподкатегория	1	3	4	1	2
46	44	Радио	1	5	6	10	2
71	69	Интернет-СМИ	1	11	12	13	2
60	\N	Конкуренты	1	1	14	13	0
47	44	Информагентство	1	7	8	10	2
69	60	Региональные СМИ	1	8	13	13	1
70	69	Печатная пресса	1	9	10	13	2
44	43	Федеральный уровень	1	2	11	10	1
45	44	Печатная пресса	1	3	4	10	2
49	\N	Компании	1	1	8	11	0
50	49	Федеральный уровень	1	2	7	11	1
52	50	Информагентство	1	5	6	11	2
27	26	Информагентство	1	2	3	4	1
57	\N	Вымпелком	1	1	16	12	0
66	57	Региональные СМИ	1	10	15	12	1
56	53	Интернет-СМИ	1	17	18	10	2
68	66	Интернет-СМИ	1	13	14	12	2
78	\N	Coca Cola Hellenic	1	1	2	20	0
54	53	Информагентство	1	13	14	10	2
43	\N	Роснефть и партнёры	1	1	20	10	0
53	43	Зарубежье	1	12	19	10	1
55	53	Печатная пресса	1	15	16	10	2
77	\N	The Coca-Cola Company	1	1	2	19	0
24	23	Интернет-СМИ	1	2	3	3	1
23	\N	Лаборатория Касперского и конкуренты	1	1	6	3	0
25	23	Информагентство	1	4	5	3	1
79	\N	Соки. Мултон	1	1	2	21	0
32	\N	Colgate Palmolive	1	1	4	7	0
33	32	Интернет-СМИ	1	2	3	7	1
80	\N	Соки. Конкурентная среда	1	1	2	22	0
81	\N	PepsiCo	1	1	2	23	0
21	20	Информагентство	1	2	3	2	1
35	28	Информагентство	1	4	5	5	1
20	\N	Лаборатория Касперского	1	1	6	2	0
22	20	Интернет-СМИ	1	4	5	2	1
36	\N	Nefis Cosmetics	1	1	4	8	0
37	36	Интернет-СМИ	1	2	3	8	1
73	\N	Coca Cola Hellenic	2	1	2	15	0
72	\N	The Coca-Cola Company	2	1	2	14	0
74	\N	Соки. Мултон	2	1	2	16	0
83	\N	Coca Cola Hellenic	4	1	2	25	0
65	61	ТВ	1	5	6	13	2
75	\N	Соки. Конкурентная среда	2	1	2	17	0
63	58	Информагентство	1	5	6	12	2
82	\N	The Coca-Cola Company	4	1	2	24	0
84	\N	Соки. Мултон	4	1	2	26	0
76	\N	PepsiCo	2	1	2	18	0
58	57	Федеральные СМИ	1	2	9	12	1
59	58	Интернет-СМИ	1	3	4	12	2
85	\N	Соки. Конкурентная среда	4	1	2	27	0
61	60	Федеральные СМИ	1	2	7	13	1
62	61	Интернет-СМИ	1	3	4	13	2
39	28	Печатная пресса	1	6	7	5	1
67	66	Печатная пресса	1	11	12	12	2
48	44	Интернет-СМИ	1	9	10	10	2
40	30	Печатная пресса	1	4	5	6	1
41	\N	Kimberly Clark	1	1	4	9	0
42	41	Печатная пресса	1	2	3	9	1
38	26	Печатная пресса	1	6	7	4	1
86	\N	PepsiCo	4	1	2	28	0
51	50	Печатная пресса	1	3	4	11	2
30	\N	L'Oreal	1	1	6	6	0
31	30	Интернет-СМИ	1	2	3	6	1
28	\N	Unilever	1	1	8	5	0
29	28	Интернет-СМИ	1	2	3	5	1
26	\N	Procter & Gamble	1	1	8	4	0
34	26	Интернет-СМИ	1	4	5	4	1
\.


--
-- Name: main_category_id_seq; Type: SEQUENCE SET; Schema: public; Owner: stas
--

SELECT pg_catalog.setval('main_category_id_seq', 86, true);


--
-- Data for Name: main_category_monitoring_product; Type: TABLE DATA; Schema: public; Owner: stas
--

COPY main_category_monitoring_product (id, category_id, monitoringproduct_id) FROM stdin;
17	17	1
18	18	1
19	19	1
20	20	2
21	21	2
22	22	2
23	23	2
24	24	2
25	25	2
26	26	2
27	27	2
28	28	2
29	29	2
30	30	2
31	31	2
32	32	2
33	33	2
34	34	2
35	35	2
36	36	2
37	37	2
38	38	2
39	39	2
40	40	2
41	41	2
42	42	2
43	43	1
44	44	1
45	45	1
46	46	1
47	47	1
48	48	1
49	49	1
50	50	1
51	51	1
52	52	1
53	53	1
54	54	1
55	55	1
56	56	1
57	57	1
58	58	1
59	59	1
60	60	1
61	61	1
62	62	1
63	63	1
64	64	1
65	65	1
66	66	1
67	67	1
68	68	1
69	69	1
70	70	1
71	71	1
72	72	2
73	73	2
74	74	2
75	75	2
76	76	2
88	82	9
89	83	9
90	84	9
91	85	9
92	86	9
94	77	9
96	78	9
98	79	9
100	80	9
102	81	9
108	77	43
109	78	43
110	79	43
111	80	43
112	81	43
118	77	44
119	78	44
120	79	44
121	80	44
122	81	44
123	77	45
124	78	45
125	79	45
126	80	45
127	81	45
128	77	1
129	78	1
130	79	1
131	80	1
132	81	1
\.


--
-- Name: main_category_monitoring_product_id_seq; Type: SEQUENCE SET; Schema: public; Owner: stas
--

SELECT pg_catalog.setval('main_category_monitoring_product_id_seq', 132, true);


--
-- Data for Name: main_city; Type: TABLE DATA; Schema: public; Owner: stas
--

COPY main_city (id, title, project_id) FROM stdin;
16	Киев	1
30	Шымкент	1
21	Алматы	1
31	Нижневартовск	1
52	Пенза	2
25	Омск	1
53	Екатеринбург	2
54	Ростов-на-Дону	2
55	Владивосток	2
56	Ижевск	2
59	Пенза	1
22	Украина	1
27	Екатеринбург	1
60	Ростов-на-Дону	1
18	Борисов	1
20	Краснодар	1
15	Харьков	1
17	Минск	1
23	Якутск	1
24	Днепропетровск	1
61	Владивосток	1
37	Белгород	1
39	Курск	1
28	Калуга	1
26	Хабаровск	1
40	Людиново	1
62	Ижевск	1
42	Брянск	1
19	Санкт-Петербург	1
33	Japan	1
35	India	1
32	UK	1
34	US	1
29	Тольятти	1
43	Тула	1
44	Липецк	1
36	Воронеж	1
47	Орел	1
45	Тамбов	1
41	Рязань	1
46	Обнинск	1
38	Псков	1
48	Великие Луки	1
49	Санкт-Петербург	2
57	Иркутск	2
51	Уфа	2
50	Москва	2
67	Пенза	4
68	Екатеринбург	4
69	Ростов-на-Дону	4
70	Владивосток	4
71	Ижевск	4
64	Санкт-Петербург	4
72	Иркутск	4
66	Уфа	4
65	Москва	4
63	Иркутск	1
58	Уфа	1
14	Москва	1
\.


--
-- Name: main_city_id_seq; Type: SEQUENCE SET; Schema: public; Owner: stas
--

SELECT pg_catalog.setval('main_city_id_seq', 72, true);


--
-- Data for Name: main_city_monitoring_product; Type: TABLE DATA; Schema: public; Owner: stas
--

COPY main_city_monitoring_product (id, city_id, monitoringproduct_id) FROM stdin;
14	14	1
15	14	2
16	15	2
17	16	2
18	17	2
19	18	2
20	19	2
21	20	2
22	21	2
23	22	2
24	23	2
25	24	2
26	25	2
27	26	2
28	27	2
29	28	2
30	29	2
31	30	2
32	31	2
33	32	1
34	33	1
35	34	1
36	35	1
37	36	1
38	37	1
39	38	1
40	39	1
41	28	1
42	40	1
43	41	1
44	42	1
45	43	1
46	44	1
47	45	1
48	46	1
49	47	1
50	19	1
51	48	1
52	49	2
53	50	2
54	51	2
55	52	2
56	53	2
57	54	2
58	55	2
59	56	2
60	57	2
79	64	9
80	65	9
81	66	9
82	67	9
83	68	9
84	69	9
85	70	9
86	71	9
87	72	9
89	19	9
91	14	9
93	58	9
95	59	9
97	27	9
99	60	9
101	61	9
103	62	9
105	63	9
115	19	43
116	14	43
117	58	43
118	59	43
119	27	43
120	60	43
121	61	43
122	62	43
123	63	43
133	19	44
134	14	44
135	58	44
136	59	44
137	27	44
138	60	44
139	61	44
140	62	44
141	63	44
142	19	45
143	14	45
144	58	45
145	59	45
146	27	45
147	60	45
148	61	45
149	62	45
150	63	45
151	58	1
152	59	1
153	27	1
154	60	1
155	61	1
156	62	1
157	63	1
\.


--
-- Name: main_city_monitoring_product_id_seq; Type: SEQUENCE SET; Schema: public; Owner: stas
--

SELECT pg_catalog.setval('main_city_monitoring_product_id_seq', 157, true);


--
-- Data for Name: main_clientproduct; Type: TABLE DATA; Schema: public; Owner: stas
--

COPY main_clientproduct (id, project_id) FROM stdin;
\.


--
-- Name: main_clientproduct_id_seq; Type: SEQUENCE SET; Schema: public; Owner: stas
--

SELECT pg_catalog.setval('main_clientproduct_id_seq', 1, false);


--
-- Data for Name: main_country; Type: TABLE DATA; Schema: public; Owner: stas
--

COPY main_country (id, title, project_id) FROM stdin;
9	Казахстан	1
14	Россия	2
8	Белоруссия	1
15	Россия	4
11	Япония	1
13	Индия	1
10	Великобритания	1
12	США	1
7	Украина	1
6	Россия	1
\.


--
-- Name: main_country_id_seq; Type: SEQUENCE SET; Schema: public; Owner: stas
--

SELECT pg_catalog.setval('main_country_id_seq', 15, true);


--
-- Data for Name: main_country_monitoring_product; Type: TABLE DATA; Schema: public; Owner: stas
--

COPY main_country_monitoring_product (id, country_id, monitoringproduct_id) FROM stdin;
6	6	1
7	6	2
8	7	2
9	8	2
10	9	2
11	10	1
12	11	1
13	12	1
14	13	1
15	14	2
18	15	9
20	6	9
22	6	43
24	6	44
25	6	45
\.


--
-- Name: main_country_monitoring_product_id_seq; Type: SEQUENCE SET; Schema: public; Owner: stas
--

SELECT pg_catalog.setval('main_country_monitoring_product_id_seq', 25, true);


--
-- Data for Name: main_day; Type: TABLE DATA; Schema: public; Owner: stas
--

COPY main_day (id, title, project_id) FROM stdin;
3	10.0	1
4	11.0	1
5	13.0	1
6	14.0	1
7	15.0	1
8	16.0	1
9	17.0	1
10	20.0	1
11	21.0	1
12	22.0	1
13	23.0	1
14	24.0	1
23	4.0	1
15	27.0	1
16	29.0	1
17	30.0	1
2	9.0	1
22	5.0	1
18	31.0	1
25	3.0	1
1	2.0	1
21	6.0	1
24	1.0	1
19	8.0	1
20	7.0	1
\.


--
-- Name: main_day_id_seq; Type: SEQUENCE SET; Schema: public; Owner: stas
--

SELECT pg_catalog.setval('main_day_id_seq', 25, true);


--
-- Data for Name: main_day_monitoring_product; Type: TABLE DATA; Schema: public; Owner: stas
--

COPY main_day_monitoring_product (id, day_id, monitoringproduct_id) FROM stdin;
1	1	2
2	2	2
3	3	2
4	4	2
5	5	2
6	6	2
7	7	2
8	8	2
9	9	2
10	10	2
11	11	2
12	12	2
13	13	2
14	14	2
15	15	2
16	16	2
17	17	2
18	18	2
19	19	1
20	20	1
21	21	1
22	22	1
23	23	1
24	24	1
25	2	1
26	25	1
27	1	1
\.


--
-- Name: main_day_monitoring_product_id_seq; Type: SEQUENCE SET; Schema: public; Owner: stas
--

SELECT pg_catalog.setval('main_day_monitoring_product_id_seq', 27, true);


--
-- Data for Name: main_directorycategory; Type: TABLE DATA; Schema: public; Owner: stas
--

COPY main_directorycategory (id, parent_id, title, lft, rght, tree_id, level, text, index_sort) FROM stdin;
2	\N	Категория 2	1	4	2	0	<p>&nbsp;ety ey te et y</p>\r\n\r\n<p>&nbsp;er</p>\r\n\r\n<p>y</p>\r\n\r\n<p>er</p>\r\n\r\n<p>&nbsp;</p>\r\n\r\n<p>&nbsp;</p>\r\n\r\n<p>&nbsp;</p>\r\n\r\n<p>ye te ryeryer yeryer yre</p>\r\n	2
3	1	подкатегория 1	2	3	1	1	<p>подкатегория 1подкатегория 1подкатегория 1подкатегория 1</p>\r\n\r\n<p>подкатегория 1</p>\r\n\r\n<p>подкатегория 1подкатегория 1подкатегория 1подкатегория 1v</p>\r\n\r\n<p>подкатегория 1подкатегория 1vvvподкатегория 1</p>\r\n\r\n<p>&nbsp;подкатегория 1</p>\r\n\r\n<p>&nbsp;</p>\r\n	1
5	2	подкатегория 2-1	2	3	2	1	<p>fdg er erg wer w&nbsp;</p>\r\n\r\n<p>we</p>\r\n\r\n<p>&nbsp;</p>\r\n\r\n<p>&nbsp;</p>\r\n\r\n<p>&nbsp;wrgwer ewr er reg erwgerw werg</p>\r\n\r\n<p>ewrg ewrg werg ewr gewr</p>\r\n\r\n<p>we rg ewrgewrg</p>\r\n\r\n<p>ewrg ewrg werg werg</p>\r\n\r\n<p>&nbsp;</p>\r\n\r\n<p>&nbsp;</p>\r\n\r\n<p>&nbsp;</p>\r\n\r\n<p>wergwerg erg ewr</p>\r\n\r\n<p>we</p>\r\n\r\n<p>rg werg ewrg</p>\r\n\r\n<p>wer</p>\r\n\r\n<p>gewrg</p>\r\n	1
1	\N	Категория1 цу ццу кцу к	1	8	1	0	<p>ad sf&nbsp; asf sadsf asdf sdaf sad fasd f</p>\r\n\r\n<p>asd</p>\r\n\r\n<p>fasd</p>\r\n\r\n<p>&nbsp;f</p>\r\n\r\n<p>sad</p>\r\n\r\n<p>fasd fasdf sdaf asdf asdf sdf asdf</p>\r\n\r\n<p>&nbsp;asd</p>\r\n\r\n<p>f</p>\r\n\r\n<p>asdf asd</p>\r\n\r\n<p>f asf</p>\r\n	1
4	1	подкатегория 1-2 фыв фыв 	4	7	1	1	<p>подкатегория 1-2 подкатегория 1-2 подкатегория 1-2 подкатегория 1-2 подкатегория 1-2</p>\r\n\r\n<p>подкатегория 1-2</p>\r\n\r\n<p>подкатегория 1-2</p>\r\n\r\n<p>подкатегория 1-2подкатегория 1-2подкатегория 1-2подкатегория 1-2подкатегория 1-2</p>\r\n\r\n<p>подкатегория 1-2подкатегория 1-2подкатегория 1-2</p>\r\n\r\n<p>&nbsp;</p>\r\n	1
\.


--
-- Name: main_directorycategory_id_seq; Type: SEQUENCE SET; Schema: public; Owner: stas
--

SELECT pg_catalog.setval('main_directorycategory_id_seq', 6, true);


--
-- Data for Name: main_duration; Type: TABLE DATA; Schema: public; Owner: stas
--

COPY main_duration (id, title, project_id) FROM stdin;
\.


--
-- Name: main_duration_id_seq; Type: SEQUENCE SET; Schema: public; Owner: stas
--

SELECT pg_catalog.setval('main_duration_id_seq', 1, false);


--
-- Data for Name: main_duration_monitoring_product; Type: TABLE DATA; Schema: public; Owner: stas
--

COPY main_duration_monitoring_product (id, duration_id, monitoringproduct_id) FROM stdin;
\.


--
-- Name: main_duration_monitoring_product_id_seq; Type: SEQUENCE SET; Schema: public; Owner: stas
--

SELECT pg_catalog.setval('main_duration_monitoring_product_id_seq', 1, false);


--
-- Data for Name: main_edgeregion; Type: TABLE DATA; Schema: public; Owner: stas
--

COPY main_edgeregion (id, title, project_id) FROM stdin;
\.


--
-- Name: main_edgeregion_id_seq; Type: SEQUENCE SET; Schema: public; Owner: stas
--

SELECT pg_catalog.setval('main_edgeregion_id_seq', 1, false);


--
-- Data for Name: main_edgeregion_monitoring_product; Type: TABLE DATA; Schema: public; Owner: stas
--

COPY main_edgeregion_monitoring_product (id, edgeregion_id, monitoringproduct_id) FROM stdin;
\.


--
-- Name: main_edgeregion_monitoring_product_id_seq; Type: SEQUENCE SET; Schema: public; Owner: stas
--

SELECT pg_catalog.setval('main_edgeregion_monitoring_product_id_seq', 1, false);


--
-- Data for Name: main_emotionaltonematerial; Type: TABLE DATA; Schema: public; Owner: stas
--

COPY main_emotionaltonematerial (id, title, project_id) FROM stdin;
3	благоприятный	2
6	благоприятный	4
4	нейтральный	2
2	негативный	1
7	нейтральный	4
5	благоприятный	1
1	нейтральный	1
\.


--
-- Name: main_emotionaltonematerial_id_seq; Type: SEQUENCE SET; Schema: public; Owner: stas
--

SELECT pg_catalog.setval('main_emotionaltonematerial_id_seq', 7, true);


--
-- Data for Name: main_emotionaltonematerial_monitoring_product; Type: TABLE DATA; Schema: public; Owner: stas
--

COPY main_emotionaltonematerial_monitoring_product (id, emotionaltonematerial_id, monitoringproduct_id) FROM stdin;
1	1	1
2	2	1
3	3	2
4	4	2
9	6	9
10	7	9
12	5	9
14	1	9
17	5	43
18	1	43
21	5	44
22	1	44
23	5	45
24	1	45
25	5	1
\.


--
-- Name: main_emotionaltonematerial_monitoring_product_id_seq; Type: SEQUENCE SET; Schema: public; Owner: stas
--

SELECT pg_catalog.setval('main_emotionaltonematerial_monitoring_product_id_seq', 25, true);


--
-- Data for Name: main_emotionaltoneobject; Type: TABLE DATA; Schema: public; Owner: stas
--

COPY main_emotionaltoneobject (id, title, project_id) FROM stdin;
11	негативное	2
13	позитивное	4
10	позитивное	2
9	нейтральное	2
14	негативное	4
12	нейтральное	4
8	позитивное	1
6	негативное	1
7	нейтральное	1
\.


--
-- Name: main_emotionaltoneobject_id_seq; Type: SEQUENCE SET; Schema: public; Owner: stas
--

SELECT pg_catalog.setval('main_emotionaltoneobject_id_seq', 14, true);


--
-- Data for Name: main_emotionaltoneobject_monitoring_product; Type: TABLE DATA; Schema: public; Owner: stas
--

COPY main_emotionaltoneobject_monitoring_product (id, emotionaltoneobject_id, monitoringproduct_id) FROM stdin;
6	6	1
7	7	1
8	8	1
9	7	2
10	8	2
11	9	2
12	10	2
13	11	2
20	12	9
21	13	9
22	14	9
24	7	9
26	8	9
28	6	9
32	7	43
33	8	43
34	6	43
38	7	44
39	8	44
40	6	44
41	7	45
42	8	45
43	6	45
\.


--
-- Name: main_emotionaltoneobject_monitoring_product_id_seq; Type: SEQUENCE SET; Schema: public; Owner: stas
--

SELECT pg_catalog.setval('main_emotionaltoneobject_monitoring_product_id_seq', 43, true);


--
-- Data for Name: main_emotionaltonetitle; Type: TABLE DATA; Schema: public; Owner: stas
--

COPY main_emotionaltonetitle (id, title, project_id) FROM stdin;
1	благоприятный	2
5	благоприятный	4
2	нейтральный	2
6	нейтральный	4
3	благоприятный	1
4	нейтральный	1
\.


--
-- Name: main_emotionaltonetitle_id_seq; Type: SEQUENCE SET; Schema: public; Owner: stas
--

SELECT pg_catalog.setval('main_emotionaltonetitle_id_seq', 6, true);


--
-- Data for Name: main_emotionaltonetitle_monitoring_product; Type: TABLE DATA; Schema: public; Owner: stas
--

COPY main_emotionaltonetitle_monitoring_product (id, emotionaltonetitle_id, monitoringproduct_id) FROM stdin;
1	1	2
2	2	2
7	5	9
8	6	9
10	3	9
12	4	9
15	3	43
16	4	43
19	3	44
20	4	44
21	3	45
22	4	45
23	3	1
24	4	1
\.


--
-- Name: main_emotionaltonetitle_monitoring_product_id_seq; Type: SEQUENCE SET; Schema: public; Owner: stas
--

SELECT pg_catalog.setval('main_emotionaltonetitle_monitoring_product_id_seq', 24, true);


--
-- Data for Name: main_emotionaltonetitleobject; Type: TABLE DATA; Schema: public; Owner: stas
--

COPY main_emotionaltonetitleobject (id, title, project_id) FROM stdin;
6	негативный	1
9	нейтральный	2
10	нейтральный	4
8	благоприятный	1
7	нейтральный	1
\.


--
-- Name: main_emotionaltonetitleobject_id_seq; Type: SEQUENCE SET; Schema: public; Owner: stas
--

SELECT pg_catalog.setval('main_emotionaltonetitleobject_id_seq', 10, true);


--
-- Data for Name: main_emotionaltonetitleobject_monitoring_product; Type: TABLE DATA; Schema: public; Owner: stas
--

COPY main_emotionaltonetitleobject_monitoring_product (id, emotionaltonetitleobject_id, monitoringproduct_id) FROM stdin;
6	6	1
7	7	1
8	7	2
9	8	2
10	9	2
13	10	9
15	7	9
17	7	43
19	7	44
20	7	45
\.


--
-- Name: main_emotionaltonetitleobject_monitoring_product_id_seq; Type: SEQUENCE SET; Schema: public; Owner: stas
--

SELECT pg_catalog.setval('main_emotionaltonetitleobject_monitoring_product_id_seq', 20, true);


--
-- Data for Name: main_federaldistrict; Type: TABLE DATA; Schema: public; Owner: stas
--

COPY main_federaldistrict (id, title, project_id) FROM stdin;
26	ЮФО	2
27	ДФО	2
22	СЗФО	2
28	СФО	2
24	ПФО	2
23	ЦФО	2
32	УФО	4
33	ЮФО	4
34	ДФО	4
29	СЗФО	4
35	СФО	4
31	ПФО	4
30	ЦФО	4
17	Украина	1
21	Казахстан	1
19	УФО	1
12	Москва	1
15	ЮФО	1
25	УФО	2
16	ДФО	1
14	СЗФО	1
18	СФО	1
20	ПФО	1
13	ЦФО	1
\.


--
-- Name: main_federaldistrict_id_seq; Type: SEQUENCE SET; Schema: public; Owner: stas
--

SELECT pg_catalog.setval('main_federaldistrict_id_seq', 35, true);


--
-- Data for Name: main_federaldistrict_monitoring_product; Type: TABLE DATA; Schema: public; Owner: stas
--

COPY main_federaldistrict_monitoring_product (id, federaldistrict_id, monitoringproduct_id) FROM stdin;
12	12	1
13	13	2
14	14	2
15	15	2
16	16	2
17	17	2
18	12	2
19	18	2
20	19	2
21	20	2
22	21	2
23	13	1
24	22	2
25	23	2
26	24	2
27	25	2
28	26	2
29	27	2
30	28	2
45	29	9
46	30	9
47	31	9
48	32	9
49	33	9
50	34	9
51	35	9
53	14	9
55	13	9
57	20	9
59	19	9
61	15	9
63	16	9
65	18	9
73	14	43
74	13	43
75	20	43
76	19	43
77	15	43
78	16	43
79	18	43
87	14	44
88	13	44
89	20	44
90	19	44
91	15	44
92	16	44
93	18	44
94	14	45
95	13	45
96	20	45
97	19	45
98	15	45
99	16	45
100	18	45
101	14	1
102	20	1
103	19	1
104	15	1
105	16	1
106	18	1
\.


--
-- Name: main_federaldistrict_monitoring_product_id_seq; Type: SEQUENCE SET; Schema: public; Owner: stas
--

SELECT pg_catalog.setval('main_federaldistrict_monitoring_product_id_seq', 106, true);


--
-- Data for Name: main_globallocalevent; Type: TABLE DATA; Schema: public; Owner: stas
--

COPY main_globallocalevent (id, title, project_id) FROM stdin;
\.


--
-- Name: main_globallocalevent_id_seq; Type: SEQUENCE SET; Schema: public; Owner: stas
--

SELECT pg_catalog.setval('main_globallocalevent_id_seq', 1, false);


--
-- Data for Name: main_globallocalevent_monitoring_product; Type: TABLE DATA; Schema: public; Owner: stas
--

COPY main_globallocalevent_monitoring_product (id, globallocalevent_id, monitoringproduct_id) FROM stdin;
\.


--
-- Name: main_globallocalevent_monitoring_product_id_seq; Type: SEQUENCE SET; Schema: public; Owner: stas
--

SELECT pg_catalog.setval('main_globallocalevent_monitoring_product_id_seq', 1, false);


--
-- Data for Name: main_hashtags; Type: TABLE DATA; Schema: public; Owner: stas
--

COPY main_hashtags (id, title, project_id, article_id) FROM stdin;
\.


--
-- Name: main_hashtags_id_seq; Type: SEQUENCE SET; Schema: public; Owner: stas
--

SELECT pg_catalog.setval('main_hashtags_id_seq', 1, false);


--
-- Data for Name: main_hashtags_monitoring_product; Type: TABLE DATA; Schema: public; Owner: stas
--

COPY main_hashtags_monitoring_product (id, hashtags_id, monitoringproduct_id) FROM stdin;
\.


--
-- Name: main_hashtags_monitoring_product_id_seq; Type: SEQUENCE SET; Schema: public; Owner: stas
--

SELECT pg_catalog.setval('main_hashtags_monitoring_product_id_seq', 1, false);


--
-- Data for Name: main_headertonality; Type: TABLE DATA; Schema: public; Owner: stas
--

COPY main_headertonality (id, title, project_id) FROM stdin;
\.


--
-- Name: main_headertonality_id_seq; Type: SEQUENCE SET; Schema: public; Owner: stas
--

SELECT pg_catalog.setval('main_headertonality_id_seq', 1, false);


--
-- Data for Name: main_headertonality_monitoring_product; Type: TABLE DATA; Schema: public; Owner: stas
--

COPY main_headertonality_monitoring_product (id, headertonality_id, monitoringproduct_id) FROM stdin;
\.


--
-- Name: main_headertonality_monitoring_product_id_seq; Type: SEQUENCE SET; Schema: public; Owner: stas
--

SELECT pg_catalog.setval('main_headertonality_monitoring_product_id_seq', 1, false);


--
-- Data for Name: main_idpressrelease; Type: TABLE DATA; Schema: public; Owner: stas
--

COPY main_idpressrelease (id, title, project_id) FROM stdin;
1	Все золото одной команде: продукты «Лаборатории Касперского» обошли всех конкурентов в тестировании Dennis Technology Labs	1
3	Банк «ЮГРА» под надежной защитой «Лаборатории Касперского»	1
2	Мошенничество вместо рекламы: «Лаборатория Касперского» проанализировала, как изменился спам за 2013 год	1
5	Безопасный домен — безопасный Интернет: «Лаборатория Касперского» и RU-CENTER очистят Сеть от опасных сайтов	1
4	Кредит доверия: «Лаборатория Касперского» о трюках спам-кредиторов	1
\.


--
-- Name: main_idpressrelease_id_seq; Type: SEQUENCE SET; Schema: public; Owner: stas
--

SELECT pg_catalog.setval('main_idpressrelease_id_seq', 5, true);


--
-- Data for Name: main_idpressrelease_monitoring_product; Type: TABLE DATA; Schema: public; Owner: stas
--

COPY main_idpressrelease_monitoring_product (id, idpressrelease_id, monitoringproduct_id) FROM stdin;
1	1	2
2	2	2
3	3	2
4	4	2
5	5	2
\.


--
-- Name: main_idpressrelease_monitoring_product_id_seq; Type: SEQUENCE SET; Schema: public; Owner: stas
--

SELECT pg_catalog.setval('main_idpressrelease_monitoring_product_id_seq', 5, true);


--
-- Data for Name: main_image; Type: TABLE DATA; Schema: public; Owner: stas
--

COPY main_image (id, title, project_id) FROM stdin;
\.


--
-- Name: main_image_id_seq; Type: SEQUENCE SET; Schema: public; Owner: stas
--

SELECT pg_catalog.setval('main_image_id_seq', 1, false);


--
-- Data for Name: main_image_monitoring_product; Type: TABLE DATA; Schema: public; Owner: stas
--

COPY main_image_monitoring_product (id, image_id, monitoringproduct_id) FROM stdin;
\.


--
-- Name: main_image_monitoring_product_id_seq; Type: SEQUENCE SET; Schema: public; Owner: stas
--

SELECT pg_catalog.setval('main_image_monitoring_product_id_seq', 1, false);


--
-- Data for Name: main_importfile; Type: TABLE DATA; Schema: public; Owner: stas
--

COPY main_importfile (id, file_import, date, file_type, proccesing, project_id) FROM stdin;
5	upload_to/Test_Google_BDM_2_3.xlsx	2014-11-24 14:37:54.280061+01	1	1	1
6	upload_to/Test_Google_BDM_2_4.xlsx	2014-11-26 11:28:20.253821+01	1	1	1
7	upload_to/База_P_G_new2_для_demo_1.xlsx	2014-12-18 10:08:07.917019+01	1	1	1
12	upload_to/BDM_RN_2_fin.xlsx	2015-03-03 14:21:52.29+01	1	1	1
13	upload_to/BDM_RN_2_fin_KbdizOB.xlsx	2015-03-03 14:24:59.072+01	1	1	1
14	upload_to/Шаблон_Базы_с_кодировкой_по_проекту_Вымпелком_РФ_57стр_ed_19.08.xlsx	2015-03-03 14:42:21.478+01	1	1	1
17	upload_to/Coca-Cola_base_24.11.2014_fin_3_wZfDuVe.xlsx	2015-03-03 15:39:16.684093+01	1	1	1
18	upload_to/Coca-Cola_base_24.11.2014_fin_3_wZfDuVe_smmaxLF.xlsx	2015-03-13 14:41:31.509432+01	1	1	1
15	upload_to/Coca-Cola_base_24.11.2014_fin_3.xlsx	2015-03-03 14:58:07.068+01	1	1	1
\.


--
-- Name: main_importfile_id_seq; Type: SEQUENCE SET; Schema: public; Owner: stas
--

SELECT pg_catalog.setval('main_importfile_id_seq', 18, true);


--
-- Data for Name: main_importfile_product; Type: TABLE DATA; Schema: public; Owner: stas
--

COPY main_importfile_product (id, importfile_id, monitoringproduct_id) FROM stdin;
5	5	1
6	6	1
8	7	2
13	12	1
14	13	1
16	14	1
45	17	43
46	17	45
59	18	43
60	18	45
61	15	1
62	15	43
63	15	45
\.


--
-- Name: main_importfile_product_id_seq; Type: SEQUENCE SET; Schema: public; Owner: stas
--

SELECT pg_catalog.setval('main_importfile_product_id_seq', 63, true);


--
-- Data for Name: main_inforeason; Type: TABLE DATA; Schema: public; Owner: stas
--

COPY main_inforeason (id, title, project_id) FROM stdin;
5	Мобильное приложение Neuro в Google Play	1
7	ОС Google Android 3.0 Honeycomb	1
11	Данные Virustotal.Com о зловредах для ОС GNU/Linux	1
12	Игра Tales from the Borderlands в Google Play	1
13	Мобильное приложение Phoney в Google Play	1
14	Налоговые льготы в европейских странах для исследовательских компаний	1
9	Интеграция WinZip 19 с учетными записями Google Drive, GoogleTalk	1
15	Geo-продукты Google	1
16	Офисный набор приложений Google	1
75	Coca-Cola - партнерство с благотворительной организацией RED	1
18	Игра The Last Door: Collector's Edition в Google Play	1
19	Игра Worms в Google Play	1
78	Coca Cola - социально ответственный бизнес	1
21	Google - один из ключевых игроков в сегменте мобильной рекламы	1
17	Мобильное приложение «ТКС Банка» в Google Play	1
22	Импортозамещение в сфере ИТ	1
20	Виджет Google в приложении для велосипедных паркоматов	1
6	Выпуск ОС Android 5.0 Lollipop для устройств Nexus	1
23	MobileSputnik for Symantec в Google Play	1
24	Использование Госдепартаментом США почтовых аккаунтов Gmail из-за хакерской атаки	1
25	Google - эксклюзивный рекламодатель на самом большом цифровом билборде	1
8	Развитие проекта Project Loon	1
26	Смарт-часы ASUS ZenWatch в каталоге Google Play	1
27	Прямое сканирование с МФУ Brother Business Smart в Google Docs	1
79	Hellenic - в составе правления Ассоциации директоров по корпоративным коммуникациям и медиа России (АКМР)	1
76	Coca-Cola - восьмое в рейтинге "Любимые бренды россиян" от Online Market Intelligence	1
82	Coca Cola - спонсор The International Premier Tennis League 	1
4	Снижение интереса к Google Glass	1
10	Разработка сервиса Facebook at Work - конкурента Google Drive	1
30	Запуск сервиса музыкальной подписки YouTube Music Key	1
28	Google на рынке облачных сервисов	1
31	Приложение Zoe в Google Play	1
29	Снимки Google Maps	1
32	Запрос ФБР в Google USA в связи с расследованием возможной причастности руководства FIFA к коррупции при выборе стран-хозяек ЧМ 2018 г. и 2022 г.	1
33	Беспилотные автомобили Google	1
34	Сравнение с Google	1
35	Разработка средств резервного копирования и восстановления данных для облачных приложений Google Apps	1
36	Совместимость ShareFile с Google Drive	1
37	Сервис Google Calendar	1
38	Реализация «права на забвение» пользователей сети	1
84	Coca-Cola - безналичная оплата напитков	1
85	Coca-Cola - победа в судебном споре с Управлением торговли Центрального военного округа	1
86	Coca-Cola - использование напитка для приготовления коктейля "Поплавок"	1
87	PepsiCo - использование напитка для приготовления коктейля "Поплавок"	1
83	Coca-Cola - продажа напитков в рождественских упаковках	1
41	Coca-Cola - восьмое в рейтинге "Любимые бренды россиян" от Online Market Intelligence	2
47	Coca Cola - спонсор The International Premier Tennis League 	2
49	Coca-Cola - безналичная оплата напитков	2
50	Coca-Cola - победа в судебном споре с Управлением торговли Центрального военного округа	2
51	Coca-Cola - использование напитка для приготовления коктейля "Поплавок"	2
52	PepsiCo - использование напитка для приготовления коктейля "Поплавок"	2
48	Coca-Cola - продажа напитков в рождественских упаковках	2
53	Coca-Cola - интересные свойства напитка	2
39	Coca Cola - партнерство с Microsoft в установлении мирового рекорда	2
54	Coca Cola - зависимость от напитка у скейтбордиста Фло Миртэна	2
55	Coca Cola - офисный центр компании в обзоре зданий с мультимедийными фасадами	2
88	Coca-Cola - интересные свойства напитка	1
74	Coca Cola - партнерство с Microsoft в установлении мирового рекорда	1
89	Coca Cola - зависимость от напитка у скейтбордиста Фло Миртэна	1
40	Coca-Cola - партнерство с благотворительной организацией RED	2
90	Coca Cola - офисный центр компании в обзоре зданий с мультимедийными фасадами	1
43	Coca Cola - социально ответственный бизнес	2
44	Hellenic - в составе правления Ассоциации директоров по корпоративным коммуникациям и медиа России (АКМР)	2
77	Coca-Cola - публичная критика в адрес ФИФА	1
91	Coca-Cola - конкурент METL Group на африканском рынке	1
92	PepsiCo - конкурент METL Group на африканском рынке	1
93	Hellenic - участие в форуме "Ростовская область - территория роста"	1
42	Coca-Cola - публичная критика в адрес ФИФА	2
56	Coca-Cola - конкурент METL Group на африканском рынке	2
57	PepsiCo - конкурент METL Group на африканском рынке	2
58	Hellenic - участие в форуме "Ростовская область - территория роста"	2
59	PepsiCo - участие в форуме "Ростовская область - территория роста"	2
45	Coca-Cola - в составе жюри ENACTUS-2014 в Пекине	2
46	PepsiCo - в составе жюри ENACTUS-2014 в Пекине	2
60	Coca-Cola - ротация по центральным телеканалам	2
61	Coca-Cola - сравнение кроссовера с колой без сахара	2
62	Coca-Cola - в числе лидеров фондового индекса Dow Jones	2
63	Мултон - поддержка благотворительной программы к Дню города Щелково	2
64	Лебедянский - получение инвестиций от United Capital Partners	2
94	PepsiCo - участие в форуме "Ростовская область - территория роста"	1
80	Coca-Cola - в составе жюри ENACTUS-2014 в Пекине	1
81	PepsiCo - в составе жюри ENACTUS-2014 в Пекине	1
95	Coca-Cola - ротация по центральным телеканалам	1
65	Сады Придонья - детское питание "Спеленок"	2
66	Сады Придонья - участие в форуме "Бизнес-Трамплин. Масштабирование"	2
96	Coca-Cola - сравнение кроссовера с колой без сахара	1
67	PepsiCo - участие в конкурсе InterСomm-2014	2
68	PepsiCo - в преподавательском составе программы "Я - менеджер по маркетингу"	2
69	PepsiCo - в числе компаний замешанных в финансовом скандале Luxembourg Leaks	2
97	Coca-Cola - в числе лидеров фондового индекса Dow Jones	1
71	PepsiCo - выпуск рекламного ролика об участии Кэти Перри в шоу Супербоул	2
70	PepsiCo - участие Паулетт МакВильямс в рекламных роликах	2
72	PepsiCo - продажа контрольного пакета Туймазинского молокозавода компании "Сава"	2
73	PepsiCo - в числе клиентов иллюстратора Фила Дунского	2
98	Мултон - поддержка благотворительной программы к Дню города Щелково	1
99	Лебедянский - получение инвестиций от United Capital Partners	1
100	Сады Придонья - детское питание "Спеленок"	1
101	Сады Придонья - участие в форуме "Бизнес-Трамплин. Масштабирование"	1
102	PepsiCo - участие в конкурсе InterСomm-2014	1
103	PepsiCo - в преподавательском составе программы "Я - менеджер по маркетингу"	1
104	PepsiCo - в числе компаний замешанных в финансовом скандале Luxembourg Leaks	1
106	PepsiCo - выпуск рекламного ролика об участии Кэти Перри в шоу Супербоул	1
105	PepsiCo - участие Паулетт МакВильямс в рекламных роликах	1
107	PepsiCo - продажа контрольного пакета Туймазинского молокозавода компании "Сава"	1
108	PepsiCo - в числе клиентов иллюстратора Фила Дунского	1
\.


--
-- Name: main_inforeason_id_seq; Type: SEQUENCE SET; Schema: public; Owner: stas
--

SELECT pg_catalog.setval('main_inforeason_id_seq', 108, true);


--
-- Data for Name: main_inforeason_monitoring_product; Type: TABLE DATA; Schema: public; Owner: stas
--

COPY main_inforeason_monitoring_product (id, inforeason_id, monitoringproduct_id) FROM stdin;
354	74	45
145	74	9
355	75	45
4	4	1
5	5	1
6	6	1
7	7	1
8	8	1
9	9	1
10	10	1
11	11	1
12	12	1
13	13	1
14	14	1
15	15	1
16	16	1
17	17	1
18	18	1
19	19	1
20	20	1
21	21	1
22	22	1
23	23	1
24	24	1
25	25	1
26	26	1
27	27	1
28	28	1
29	29	1
30	30	1
31	31	1
32	32	1
33	33	1
34	34	1
35	35	1
36	36	1
37	37	1
38	38	1
147	75	9
356	76	45
149	76	9
357	77	45
151	77	9
358	78	45
153	78	9
359	79	45
155	79	9
360	80	45
157	80	9
361	81	45
159	81	9
362	82	45
161	82	9
363	83	45
163	83	9
364	84	45
165	84	9
365	85	45
167	85	9
366	86	45
169	86	9
367	87	45
171	87	9
368	88	45
173	88	9
369	89	45
175	89	9
370	90	45
177	90	9
371	91	45
179	91	9
372	92	45
181	92	9
74	39	2
75	40	2
76	41	2
77	42	2
78	43	2
79	44	2
80	45	2
81	46	2
82	47	2
83	48	2
84	49	2
85	50	2
86	51	2
87	52	2
88	53	2
89	54	2
90	55	2
91	56	2
92	57	2
93	58	2
94	59	2
95	60	2
96	61	2
97	62	2
98	63	2
99	64	2
100	65	2
101	66	2
102	67	2
103	68	2
104	69	2
105	70	2
106	71	2
107	72	2
108	73	2
373	93	45
183	93	9
374	94	45
185	94	9
375	95	45
187	95	9
376	96	45
189	96	9
377	97	45
191	97	9
378	98	45
193	98	9
379	99	45
195	99	9
380	100	45
197	100	9
381	101	45
199	101	9
382	102	45
201	102	9
383	103	45
203	103	9
384	104	45
205	104	9
385	105	45
207	105	9
386	106	45
209	106	9
387	107	45
211	107	9
388	108	45
213	108	9
249	74	43
250	75	43
251	76	43
252	77	43
253	78	43
254	79	43
255	80	43
256	81	43
257	82	43
258	83	43
259	84	43
260	85	43
261	86	43
262	87	43
263	88	43
264	89	43
265	90	43
266	91	43
267	92	43
268	93	43
269	94	43
270	95	43
271	96	43
272	97	43
273	98	43
274	99	43
275	100	43
276	101	43
277	102	43
278	103	43
279	104	43
280	105	43
281	106	43
282	107	43
283	108	43
319	74	44
320	75	44
321	76	44
322	77	44
323	78	44
324	79	44
325	80	44
326	81	44
327	82	44
328	83	44
329	84	44
330	85	44
331	86	44
332	87	44
333	88	44
334	89	44
335	90	44
336	91	44
337	92	44
338	93	44
339	94	44
340	95	44
341	96	44
342	97	44
343	98	44
344	99	44
345	100	44
346	101	44
347	102	44
348	103	44
349	104	44
350	105	44
351	106	44
352	107	44
353	108	44
389	74	1
390	75	1
391	76	1
392	77	1
393	78	1
394	79	1
395	80	1
396	81	1
397	82	1
398	83	1
399	84	1
400	85	1
401	86	1
402	87	1
403	88	1
404	89	1
405	90	1
406	91	1
407	92	1
408	93	1
409	94	1
410	95	1
411	96	1
412	97	1
413	98	1
414	99	1
415	100	1
416	101	1
417	102	1
418	103	1
419	104	1
420	105	1
421	106	1
422	107	1
423	108	1
\.


--
-- Name: main_inforeason_monitoring_product_id_seq; Type: SEQUENCE SET; Schema: public; Owner: stas
--

SELECT pg_catalog.setval('main_inforeason_monitoring_product_id_seq', 423, true);


--
-- Data for Name: main_initiation; Type: TABLE DATA; Schema: public; Owner: stas
--

COPY main_initiation (id, title, project_id) FROM stdin;
1	да	1
\.


--
-- Name: main_initiation_id_seq; Type: SEQUENCE SET; Schema: public; Owner: stas
--

SELECT pg_catalog.setval('main_initiation_id_seq', 1, true);


--
-- Data for Name: main_initiation_monitoring_product; Type: TABLE DATA; Schema: public; Owner: stas
--

COPY main_initiation_monitoring_product (id, initiation_id, monitoringproduct_id) FROM stdin;
1	1	2
\.


--
-- Name: main_initiation_monitoring_product_id_seq; Type: SEQUENCE SET; Schema: public; Owner: stas
--

SELECT pg_catalog.setval('main_initiation_monitoring_product_id_seq', 1, true);


--
-- Data for Name: main_interactionkind; Type: TABLE DATA; Schema: public; Owner: stas
--

COPY main_interactionkind (id, title, project_id) FROM stdin;
1	B2C, B2B	1
3	B2B	1
2	B2C	1
\.


--
-- Name: main_interactionkind_id_seq; Type: SEQUENCE SET; Schema: public; Owner: stas
--

SELECT pg_catalog.setval('main_interactionkind_id_seq', 3, true);


--
-- Data for Name: main_interactionkind_monitoring_product; Type: TABLE DATA; Schema: public; Owner: stas
--

COPY main_interactionkind_monitoring_product (id, interactionkind_id, monitoringproduct_id) FROM stdin;
1	1	2
2	2	2
3	3	2
\.


--
-- Name: main_interactionkind_monitoring_product_id_seq; Type: SEQUENCE SET; Schema: public; Owner: stas
--

SELECT pg_catalog.setval('main_interactionkind_monitoring_product_id_seq', 3, true);


--
-- Data for Name: main_km; Type: TABLE DATA; Schema: public; Owner: stas
--

COPY main_km (id, title, project_id, index_sort) FROM stdin;
\.


--
-- Name: main_km_id_seq; Type: SEQUENCE SET; Schema: public; Owner: stas
--

SELECT pg_catalog.setval('main_km_id_seq', 1, false);


--
-- Data for Name: main_km_monitoring_product; Type: TABLE DATA; Schema: public; Owner: stas
--

COPY main_km_monitoring_product (id, km_id, monitoringproduct_id) FROM stdin;
\.


--
-- Name: main_km_monitoring_product_id_seq; Type: SEQUENCE SET; Schema: public; Owner: stas
--

SELECT pg_catalog.setval('main_km_monitoring_product_id_seq', 1, false);


--
-- Data for Name: main_kmkeyvalue; Type: TABLE DATA; Schema: public; Owner: stas
--

COPY main_kmkeyvalue (id, kay, value, project_id) FROM stdin;
\.


--
-- Name: main_kmkeyvalue_id_seq; Type: SEQUENCE SET; Schema: public; Owner: stas
--

SELECT pg_catalog.setval('main_kmkeyvalue_id_seq', 1, false);


--
-- Data for Name: main_kmkeyvalue_monitoring_product; Type: TABLE DATA; Schema: public; Owner: stas
--

COPY main_kmkeyvalue_monitoring_product (id, kmkeyvalue_id, monitoringproduct_id) FROM stdin;
\.


--
-- Name: main_kmkeyvalue_monitoring_product_id_seq; Type: SEQUENCE SET; Schema: public; Owner: stas
--

SELECT pg_catalog.setval('main_kmkeyvalue_monitoring_product_id_seq', 1, false);


--
-- Data for Name: main_kmmention; Type: TABLE DATA; Schema: public; Owner: stas
--

COPY main_kmmention (id, km_id, key_id, article_id, project_id) FROM stdin;
\.


--
-- Name: main_kmmention_id_seq; Type: SEQUENCE SET; Schema: public; Owner: stas
--

SELECT pg_catalog.setval('main_kmmention_id_seq', 1, false);


--
-- Data for Name: main_kmmention_monitoring_product; Type: TABLE DATA; Schema: public; Owner: stas
--

COPY main_kmmention_monitoring_product (id, kmmention_id, monitoringproduct_id) FROM stdin;
\.


--
-- Name: main_kmmention_monitoring_product_id_seq; Type: SEQUENCE SET; Schema: public; Owner: stas
--

SELECT pg_catalog.setval('main_kmmention_monitoring_product_id_seq', 1, false);


--
-- Data for Name: main_kmspecial; Type: TABLE DATA; Schema: public; Owner: stas
--

COPY main_kmspecial (id, title, project_id) FROM stdin;
\.


--
-- Name: main_kmspecial_id_seq; Type: SEQUENCE SET; Schema: public; Owner: stas
--

SELECT pg_catalog.setval('main_kmspecial_id_seq', 1, false);


--
-- Data for Name: main_kmspecial_monitoring_product; Type: TABLE DATA; Schema: public; Owner: stas
--

COPY main_kmspecial_monitoring_product (id, kmspecial_id, monitoringproduct_id) FROM stdin;
\.


--
-- Name: main_kmspecial_monitoring_product_id_seq; Type: SEQUENCE SET; Schema: public; Owner: stas
--

SELECT pg_catalog.setval('main_kmspecial_monitoring_product_id_seq', 1, false);


--
-- Data for Name: main_macroregion; Type: TABLE DATA; Schema: public; Owner: stas
--

COPY main_macroregion (id, title, project_id) FROM stdin;
\.


--
-- Name: main_macroregion_id_seq; Type: SEQUENCE SET; Schema: public; Owner: stas
--

SELECT pg_catalog.setval('main_macroregion_id_seq', 1, false);


--
-- Data for Name: main_macroregion_monitoring_product; Type: TABLE DATA; Schema: public; Owner: stas
--

COPY main_macroregion_monitoring_product (id, macroregion_id, monitoringproduct_id) FROM stdin;
\.


--
-- Name: main_macroregion_monitoring_product_id_seq; Type: SEQUENCE SET; Schema: public; Owner: stas
--

SELECT pg_catalog.setval('main_macroregion_monitoring_product_id_seq', 1, false);


--
-- Data for Name: main_maintonality; Type: TABLE DATA; Schema: public; Owner: stas
--

COPY main_maintonality (id, title, project_id) FROM stdin;
\.


--
-- Name: main_maintonality_id_seq; Type: SEQUENCE SET; Schema: public; Owner: stas
--

SELECT pg_catalog.setval('main_maintonality_id_seq', 1, false);


--
-- Data for Name: main_maintonality_monitoring_product; Type: TABLE DATA; Schema: public; Owner: stas
--

COPY main_maintonality_monitoring_product (id, maintonality_id, monitoringproduct_id) FROM stdin;
\.


--
-- Name: main_maintonality_monitoring_product_id_seq; Type: SEQUENCE SET; Schema: public; Owner: stas
--

SELECT pg_catalog.setval('main_maintonality_monitoring_product_id_seq', 1, false);


--
-- Data for Name: main_materialgenre; Type: TABLE DATA; Schema: public; Owner: stas
--

COPY main_materialgenre (id, title, project_id) FROM stdin;
12	репортаж	2
11	обзор	2
17	репортаж	4
13	пресс-релиз	2
10	новость	2
16	обзор	4
18	пресс-релиз	4
7	интервью	1
15	новость	4
14	репортаж	1
6	аналитика	1
9	статья	1
4	обзор	1
8	пресс-релиз	1
5	новость	1
\.


--
-- Name: main_materialgenre_id_seq; Type: SEQUENCE SET; Schema: public; Owner: stas
--

SELECT pg_catalog.setval('main_materialgenre_id_seq', 18, true);


--
-- Data for Name: main_materialgenre_monitoring_product; Type: TABLE DATA; Schema: public; Owner: stas
--

COPY main_materialgenre_monitoring_product (id, materialgenre_id, monitoringproduct_id) FROM stdin;
4	4	1
5	5	1
6	6	1
7	7	1
8	5	2
9	4	2
10	8	2
11	9	1
12	10	2
13	11	2
14	12	2
15	13	2
24	15	9
25	16	9
26	17	9
27	18	9
29	5	9
31	4	9
33	14	9
35	8	9
40	5	43
41	4	43
42	14	43
43	8	43
48	5	44
49	4	44
50	14	44
51	8	44
52	5	45
53	4	45
54	14	45
55	8	45
56	14	1
57	8	1
\.


--
-- Name: main_materialgenre_monitoring_product_id_seq; Type: SEQUENCE SET; Schema: public; Owner: stas
--

SELECT pg_catalog.setval('main_materialgenre_monitoring_product_id_seq', 57, true);


--
-- Data for Name: main_materialreason; Type: TABLE DATA; Schema: public; Owner: stas
--

COPY main_materialreason (id, title, project_id) FROM stdin;
4	Продолжение сотрудничества с норвежским нефтегазовым концерном Statoil ASA 	1
5	Получение лицензии на Вашуткинский участок недр	1
6	Отказ "Газпромом" в допуске компании "Роснефть" к газотранспортной системе на Сахалине	1
18	Запуск компанией Apple двухнедельной кампании Apps for RED	2
25	Старт The International Premier Tennis League	2
9	Планы по приобретению квоты Saipem	1
50	Запуск компанией Apple двухнедельной кампании Apps for RED	1
3	Игорь Сечин о возможном падении цен нефти до 60 долларов за баррель и ниже в первой половине 2015 года	1
2	Ожидание Игорем Сечиным реакции нефтерынка на послание президента России Федеральному собранию	1
8	Сделка "Роснефти"  с индийской ONGC	1
10	Возможность финансовой поддержки "Роснефти" из Фонда национального благосостояния	1
7	Приватизация "Роснефти"	1
1	Открытие нового арктического газонефтяного месторождения "Победа" на шельфе Карского моря	1
11	Роснефть продолжит осваивать шельф Арктики	1
12	Подписание договоров о поставках нефтепродуктов и смазочных материалов для четырех промышленных гигантов России	1
13	Подписание соглашения между ФСК ЕЭС и "Роснефть" о партнерстве в области нефтепродуктообеспечения	1
14	Проведение тендера на проведение полевых сейсморазведочных работ 3D на лицензионном участке "Магадан-3"	1
15	Выкуп доли Total в немецком НПЗ	1
16	Сокращение дивидендов компании BP от доли в "Роснефти" 	1
53	Зарождение социально ответственного бизнеса	1
54	Event Management Technologies партнер саммита "Корпоративные коммуникации и СМИ: передовые практики и мировые тренды"	1
55	Прием заявок на участие в конкурсе "Лучшее Корпоративное Медиа - 2015"	1
51	Итоги рейтинга top-20 "Любимые бренды россиян" от Online Market Intelligence	1
57	Старт The International Premier Tennis League	1
112	Мастер-класс по рисованию на iPad от академии re:Store	4
59	Серия специальных репортажей от РБК ТВ	1
60	Обзор судебных тяжб с участием Минобороны	1
61	Рецепты молочных коктейлей	1
58	Напитки от Coca-Cola в рождественских упаковках	1
23	Прием заявок на участие в конкурсе "Лучшее Корпоративное Медиа - 2015"	2
19	Итоги рейтинга top-20 "Любимые бренды россиян" от Online Market Intelligence	2
27	Серия специальных репортажей от РБК ТВ	2
28	Обзор судебных тяжб с участием Минобороны	2
62	Подборки интересных фактов о свойствах некоторых напитков	1
49	Рекламное мероприятие от Microsoft по продвижению нового смартфона Lumia 730	1
82	Запуск компанией Apple двухнедельной кампании Apps for RED	4
29	Рецепты молочных коктейлей	2
26	Напитки от Coca-Cola в рождественских упаковках	2
63	Список известных курильщиков из мира скейтбординга	1
85	Зарождение социально ответственного бизнеса	4
86	Event Management Technologies партнер саммита "Корпоративные коммуникации и СМИ: передовые практики и мировые тренды"	4
87	Прием заявок на участие в конкурсе "Лучшее Корпоративное Медиа - 2015"	4
83	Итоги рейтинга top-20 "Любимые бренды россиян" от Online Market Intelligence	4
64	Обзор зданий с мультимедийными фасадами	1
30	Подборки интересных фактов о свойствах некоторых напитков	2
17	Рекламное мероприятие от Microsoft по продвижению нового смартфона Lumia 730	2
31	Список известных курильщиков из мира скейтбординга	2
32	Обзор зданий с мультимедийными фасадами	2
89	Старт The International Premier Tennis League	4
20	Публичная критика от Coca-Cola в адрес ФИФА	2
52	Публичная критика от Coca-Cola в адрес ФИФА	1
33	Создание компании с миллиардной выручкой молодым африканцем Мохамед Девжи	2
91	Серия специальных репортажей от РБК ТВ	4
92	Обзор судебных тяжб с участием Минобороны	4
93	Рецепты молочных коктейлей	4
90	Напитки от Coca-Cola в рождественских упаковках	4
94	Подборки интересных фактов о свойствах некоторых напитков	4
81	Рекламное мероприятие от Microsoft по продвижению нового смартфона Lumia 730	4
95	Список известных курильщиков из мира скейтбординга	4
65	Создание компании с миллиардной выручкой молодым африканцем Мохамед Девжи	1
66	Обзор пленарного заседания форума "Ростовская область - территория роста"	1
56	Участие студентов СибГУ в кубке ENACTUS-2014 в Пекине	1
21	Зарождение социально ответственного бизнеса	2
22	Event Management Technologies партнер саммита "Корпоративные коммуникации и СМИ: передовые практики и мировые тренды"	2
76	Финансовый скандал Luxembourg Leaks, отмена заседания еврокомиссаров в Брюсселе	1
24	Участие студентов СибГУ в кубке ENACTUS-2014 в Пекине	2
35	Первая официальная телереклама Apple	2
36	Обзор по тест-драйву машины Nissan Qashqai	2
37	Константин Чистяков о преимуществах вложения капитала в фондовые рынки	2
38	Благотворительная программа к Дню города Щелково	2
96	Обзор зданий с мультимедийными фасадами	4
39	Инвестиции в интернет-стартапы от United Capital Partners	2
84	Публичная критика от Coca-Cola в адрес ФИФА	4
97	Создание компании с миллиардной выручкой молодым африканцем Мохамед Девжи	4
98	Обзор пленарного заседания форума "Ростовская область - территория роста"	4
88	Участие студентов СибГУ в кубке ENACTUS-2014 в Пекине	4
99	Первая официальная телереклама Apple	4
100	Обзор по тест-драйву машины Nissan Qashqai	4
101	Константин Чистяков о преимуществах вложения капитала в фондовые рынки	4
40	Детское питание "Спеленок"	2
41	Форум предпринимателей "Бизнес-Трамплин. Масштабирование"	2
42	Comunica в числе победителей конкурса InterСomm-2014	2
43	Запуск набора программы "Я - менеджер по маркетингу"	2
102	Благотворительная программа к Дню города Щелково	4
103	Инвестиции в интернет-стартапы от United Capital Partners	4
44	Финансовый скандал Luxembourg Leaks, отмена заседания еврокомиссаров в Брюсселе	2
104	Детское питание "Спеленок"	4
105	Форум предпринимателей "Бизнес-Трамплин. Масштабирование"	4
34	Обзор пленарного заседания форума "Ростовская область - территория роста"	2
46	Участие Кэти Перри в мызыкальном шоу на финальном матче Супербоул	2
45	Выступление коллектива "Доктор Джаз" совместно с певицей Паулетт МакВильямс	2
47	Регистрация ООО "Сава-молоко"	2
48	Мастер-класс по рисованию на iPad от академии re:Store	2
106	Comunica в числе победителей конкурса InterСomm-2014	4
107	Запуск набора программы "Я - менеджер по маркетингу"	4
108	Финансовый скандал Luxembourg Leaks, отмена заседания еврокомиссаров в Брюсселе	4
78	Участие Кэти Перри в мызыкальном шоу на финальном матче Супербоул	1
110	Участие Кэти Перри в мызыкальном шоу на финальном матче Супербоул	4
109	Выступление коллектива "Доктор Джаз" совместно с певицей Паулетт МакВильямс	4
111	Регистрация ООО "Сава-молоко"	4
77	Выступление коллектива "Доктор Джаз" совместно с певицей Паулетт МакВильямс	1
79	Регистрация ООО "Сава-молоко"	1
80	Мастер-класс по рисованию на iPad от академии re:Store	1
67	Первая официальная телереклама Apple	1
68	Обзор по тест-драйву машины Nissan Qashqai	1
69	Константин Чистяков о преимуществах вложения капитала в фондовые рынки	1
70	Благотворительная программа к Дню города Щелково	1
71	Инвестиции в интернет-стартапы от United Capital Partners	1
72	Детское питание "Спеленок"	1
73	Форум предпринимателей "Бизнес-Трамплин. Масштабирование"	1
74	Comunica в числе победителей конкурса InterСomm-2014	1
75	Запуск набора программы "Я - менеджер по маркетингу"	1
\.


--
-- Name: main_materialreason_id_seq; Type: SEQUENCE SET; Schema: public; Owner: stas
--

SELECT pg_catalog.setval('main_materialreason_id_seq', 112, true);


--
-- Data for Name: main_materialreason_monitoring_product; Type: TABLE DATA; Schema: public; Owner: stas
--

COPY main_materialreason_monitoring_product (id, materialreason_id, monitoringproduct_id) FROM stdin;
1	1	1
2	2	1
3	3	1
4	4	1
5	5	1
6	6	1
7	7	1
8	8	1
9	9	1
10	10	1
11	11	1
12	12	1
13	13	1
14	14	1
15	15	1
16	16	1
17	17	2
18	18	2
19	19	2
20	20	2
21	21	2
22	22	2
23	23	2
24	24	2
25	25	2
26	26	2
27	27	2
28	28	2
29	29	2
30	30	2
31	31	2
32	32	2
33	33	2
34	34	2
35	35	2
36	36	2
37	37	2
38	38	2
39	39	2
40	40	2
41	41	2
42	42	2
43	43	2
44	44	2
45	45	2
46	46	2
47	47	2
48	48	2
241	49	43
242	50	43
243	51	43
244	52	43
245	53	43
246	54	43
247	55	43
248	56	43
249	57	43
250	58	43
251	59	43
252	60	43
253	61	43
254	62	43
255	63	43
256	64	43
257	65	43
258	66	43
259	67	43
260	68	43
261	69	43
262	70	43
263	71	43
264	72	43
265	73	43
266	74	43
267	75	43
268	76	43
269	77	43
270	78	43
271	79	43
272	80	43
113	81	9
114	82	9
115	83	9
116	84	9
117	85	9
118	86	9
119	87	9
120	88	9
121	89	9
122	90	9
123	91	9
124	92	9
125	93	9
126	94	9
127	95	9
128	96	9
129	97	9
130	98	9
131	99	9
132	100	9
133	101	9
134	102	9
135	103	9
136	104	9
137	105	9
138	106	9
139	107	9
140	108	9
141	109	9
142	110	9
143	111	9
144	112	9
146	49	9
148	50	9
150	51	9
152	52	9
154	53	9
156	54	9
158	55	9
160	56	9
162	57	9
164	58	9
166	59	9
168	60	9
170	61	9
172	62	9
174	63	9
176	64	9
178	65	9
180	66	9
182	67	9
184	68	9
186	69	9
188	70	9
190	71	9
192	72	9
194	73	9
196	74	9
198	75	9
200	76	9
202	77	9
204	78	9
206	79	9
208	80	9
305	49	44
306	50	44
307	51	44
308	52	44
309	53	44
310	54	44
311	55	44
312	56	44
313	57	44
314	58	44
315	59	44
316	60	44
317	61	44
318	62	44
319	63	44
320	64	44
321	65	44
322	66	44
323	67	44
324	68	44
325	69	44
326	70	44
327	71	44
328	72	44
329	73	44
330	74	44
331	75	44
332	76	44
333	77	44
334	78	44
335	79	44
336	80	44
337	49	45
338	50	45
339	51	45
340	52	45
341	53	45
342	54	45
343	55	45
344	56	45
345	57	45
346	58	45
347	59	45
348	60	45
349	61	45
350	62	45
351	63	45
352	64	45
353	65	45
354	66	45
355	67	45
356	68	45
357	69	45
358	70	45
359	71	45
360	72	45
361	73	45
362	74	45
363	75	45
364	76	45
365	77	45
366	78	45
367	79	45
368	80	45
369	49	1
370	50	1
371	51	1
372	52	1
373	53	1
374	54	1
375	55	1
376	56	1
377	57	1
378	58	1
379	59	1
380	60	1
381	61	1
382	62	1
383	63	1
384	64	1
385	65	1
386	66	1
387	67	1
388	68	1
389	69	1
390	70	1
391	71	1
392	72	1
393	73	1
394	74	1
395	75	1
396	76	1
397	77	1
398	78	1
399	79	1
400	80	1
\.


--
-- Name: main_materialreason_monitoring_product_id_seq; Type: SEQUENCE SET; Schema: public; Owner: stas
--

SELECT pg_catalog.setval('main_materialreason_monitoring_product_id_seq', 400, true);


--
-- Data for Name: main_mediacategory; Type: TABLE DATA; Schema: public; Owner: stas
--

COPY main_mediacategory (id, title, project_id) FROM stdin;
1	General interest	1
3	специализированные	1
2	business	1
\.


--
-- Name: main_mediacategory_id_seq; Type: SEQUENCE SET; Schema: public; Owner: stas
--

SELECT pg_catalog.setval('main_mediacategory_id_seq', 3, true);


--
-- Data for Name: main_mediacategory_monitoring_product; Type: TABLE DATA; Schema: public; Owner: stas
--

COPY main_mediacategory_monitoring_product (id, mediacategory_id, monitoringproduct_id) FROM stdin;
1	1	2
2	2	2
3	3	2
\.


--
-- Name: main_mediacategory_monitoring_product_id_seq; Type: SEQUENCE SET; Schema: public; Owner: stas
--

SELECT pg_catalog.setval('main_mediacategory_monitoring_product_id_seq', 3, true);


--
-- Data for Name: main_mediacategoryspecial; Type: TABLE DATA; Schema: public; Owner: stas
--

COPY main_mediacategoryspecial (id, title, project_id) FROM stdin;
\.


--
-- Name: main_mediacategoryspecial_id_seq; Type: SEQUENCE SET; Schema: public; Owner: stas
--

SELECT pg_catalog.setval('main_mediacategoryspecial_id_seq', 1, false);


--
-- Data for Name: main_mediacategoryspecial_monitoring_product; Type: TABLE DATA; Schema: public; Owner: stas
--

COPY main_mediacategoryspecial_monitoring_product (id, mediacategoryspecial_id, monitoringproduct_id) FROM stdin;
\.


--
-- Name: main_mediacategoryspecial_monitoring_product_id_seq; Type: SEQUENCE SET; Schema: public; Owner: stas
--

SELECT pg_catalog.setval('main_mediacategoryspecial_monitoring_product_id_seq', 1, false);


--
-- Data for Name: main_medialevel; Type: TABLE DATA; Schema: public; Owner: stas
--

COPY main_medialevel (id, title, project_id) FROM stdin;
11	Федеральный	2
12	Региональный	4
13	Федеральный	4
8	Иностранный	1
10	Региональный	2
9	Региональный	1
7	Федеральный	1
\.


--
-- Name: main_medialevel_id_seq; Type: SEQUENCE SET; Schema: public; Owner: stas
--

SELECT pg_catalog.setval('main_medialevel_id_seq', 13, true);


--
-- Data for Name: main_medialevel_monitoring_product; Type: TABLE DATA; Schema: public; Owner: stas
--

COPY main_medialevel_monitoring_product (id, medialevel_id, monitoringproduct_id) FROM stdin;
7	7	1
8	7	2
9	8	2
10	9	2
11	8	1
12	9	1
13	10	2
14	11	2
19	12	9
20	13	9
22	9	9
24	7	9
27	9	43
28	7	43
31	9	44
32	7	44
33	9	45
34	7	45
\.


--
-- Name: main_medialevel_monitoring_product_id_seq; Type: SEQUENCE SET; Schema: public; Owner: stas
--

SELECT pg_catalog.setval('main_medialevel_monitoring_product_id_seq', 34, true);


--
-- Data for Name: main_medialist; Type: TABLE DATA; Schema: public; Owner: stas
--

COPY main_medialist (id, title, project_id) FROM stdin;
1	Platinum	1
3	Gold	1
2	Others	1
\.


--
-- Name: main_medialist_id_seq; Type: SEQUENCE SET; Schema: public; Owner: stas
--

SELECT pg_catalog.setval('main_medialist_id_seq', 3, true);


--
-- Data for Name: main_medialist_monitoring_product; Type: TABLE DATA; Schema: public; Owner: stas
--

COPY main_medialist_monitoring_product (id, medialist_id, monitoringproduct_id) FROM stdin;
1	1	2
2	2	2
3	3	2
\.


--
-- Name: main_medialist_monitoring_product_id_seq; Type: SEQUENCE SET; Schema: public; Owner: stas
--

SELECT pg_catalog.setval('main_medialist_monitoring_product_id_seq', 3, true);


--
-- Data for Name: main_medialistspecial; Type: TABLE DATA; Schema: public; Owner: stas
--

COPY main_medialistspecial (id, title, project_id) FROM stdin;
\.


--
-- Name: main_medialistspecial_id_seq; Type: SEQUENCE SET; Schema: public; Owner: stas
--

SELECT pg_catalog.setval('main_medialistspecial_id_seq', 1, false);


--
-- Data for Name: main_medialistspecial_monitoring_product; Type: TABLE DATA; Schema: public; Owner: stas
--

COPY main_medialistspecial_monitoring_product (id, medialistspecial_id, monitoringproduct_id) FROM stdin;
\.


--
-- Name: main_medialistspecial_monitoring_product_id_seq; Type: SEQUENCE SET; Schema: public; Owner: stas
--

SELECT pg_catalog.setval('main_medialistspecial_monitoring_product_id_seq', 1, false);


--
-- Data for Name: main_mediatype; Type: TABLE DATA; Schema: public; Owner: stas
--

COPY main_mediatype (id, title, project_id) FROM stdin;
15	печатная пресса	2
17	ТВ	4
13	ТВ	2
8	Радио	1
12	Интернет-СМИ	2
18	информагентство	4
19	печатная пресса	4
16	Интернет-СМИ	4
11	ТВ	1
14	информагентство	2
9	информагентство	1
10	печатная пресса	1
7	Интернет-СМИ	1
\.


--
-- Name: main_mediatype_id_seq; Type: SEQUENCE SET; Schema: public; Owner: stas
--

SELECT pg_catalog.setval('main_mediatype_id_seq', 19, true);


--
-- Data for Name: main_mediatype_monitoring_product; Type: TABLE DATA; Schema: public; Owner: stas
--

COPY main_mediatype_monitoring_product (id, mediatype_id, monitoringproduct_id) FROM stdin;
7	7	1
8	8	1
9	9	1
10	10	1
11	9	2
12	7	2
13	10	2
14	11	1
15	12	2
16	13	2
17	14	2
18	15	2
27	16	9
28	17	9
29	18	9
30	19	9
32	7	9
34	11	9
36	9	9
38	10	9
43	7	43
44	11	43
45	9	43
46	10	43
51	7	44
52	11	44
53	9	44
54	10	44
55	7	45
56	11	45
57	9	45
58	10	45
\.


--
-- Name: main_mediatype_monitoring_product_id_seq; Type: SEQUENCE SET; Schema: public; Owner: stas
--

SELECT pg_catalog.setval('main_mediatype_monitoring_product_id_seq', 58, true);


--
-- Data for Name: main_mediatypespecial; Type: TABLE DATA; Schema: public; Owner: stas
--

COPY main_mediatypespecial (id, title, project_id) FROM stdin;
\.


--
-- Name: main_mediatypespecial_id_seq; Type: SEQUENCE SET; Schema: public; Owner: stas
--

SELECT pg_catalog.setval('main_mediatypespecial_id_seq', 1, false);


--
-- Data for Name: main_mediatypespecial_monitoring_product; Type: TABLE DATA; Schema: public; Owner: stas
--

COPY main_mediatypespecial_monitoring_product (id, mediatypespecial_id, monitoringproduct_id) FROM stdin;
\.


--
-- Name: main_mediatypespecial_monitoring_product_id_seq; Type: SEQUENCE SET; Schema: public; Owner: stas
--

SELECT pg_catalog.setval('main_mediatypespecial_monitoring_product_id_seq', 1, false);


--
-- Data for Name: main_mediaview; Type: TABLE DATA; Schema: public; Owner: stas
--

COPY main_mediaview (id, title, project_id) FROM stdin;
32	ФТВ	2
10	федеральное радио	1
25	ФП	1
20	Иностранный Интернет	1
23	Федеральная пресса	1
24	Иностранная пресса	1
38	ФТВ	4
11	федеральное ИА	1
33	РИА	2
9	федеральный интернет	1
26	ФР	1
35	ФИА	2
12	федеральная пресса	1
30	РИИ	2
34	РП	2
31	ФИИ	2
39	РИА	4
14	ИИИ	1
41	ФИА	4
16	ИИА	1
27	ИП	1
36	РИИ	4
40	РП	4
37	ФИИ	4
28	ФТВ	1
19	Региональное ИА	1
18	РИА	1
22	Региональный Интернет	1
21	Федеральный Интернет	1
13	ФИА	1
17	РИИ	1
29	РП	1
15	ФИИ	1
\.


--
-- Name: main_mediaview_id_seq; Type: SEQUENCE SET; Schema: public; Owner: stas
--

SELECT pg_catalog.setval('main_mediaview_id_seq', 41, true);


--
-- Data for Name: main_mediaview_monitoring_product; Type: TABLE DATA; Schema: public; Owner: stas
--

COPY main_mediaview_monitoring_product (id, mediaview_id, monitoringproduct_id) FROM stdin;
9	9	1
10	10	1
11	11	1
12	12	1
13	13	2
14	14	2
15	15	2
16	16	2
17	17	2
18	18	2
19	19	2
20	20	2
21	21	2
22	22	2
23	23	2
24	24	2
25	25	1
26	26	1
27	13	1
28	15	1
29	16	1
30	27	1
31	14	1
32	28	1
33	29	1
34	17	1
35	30	2
36	31	2
37	32	2
38	33	2
39	34	2
40	35	2
53	36	9
54	37	9
55	38	9
56	39	9
57	40	9
58	41	9
60	17	9
62	15	9
64	28	9
66	18	9
68	29	9
70	13	9
77	17	43
78	15	43
79	28	43
80	18	43
81	29	43
82	13	43
89	17	44
90	15	44
91	28	44
92	18	44
93	29	44
94	13	44
95	17	45
96	15	45
97	28	45
98	18	45
99	29	45
100	13	45
101	18	1
\.


--
-- Name: main_mediaview_monitoring_product_id_seq; Type: SEQUENCE SET; Schema: public; Owner: stas
--

SELECT pg_catalog.setval('main_mediaview_monitoring_product_id_seq', 101, true);


--
-- Data for Name: main_mentionproduct; Type: TABLE DATA; Schema: public; Owner: stas
--

COPY main_mentionproduct (id, product_id, mention_product_value_id, article_id) FROM stdin;
\.


--
-- Name: main_mentionproduct_id_seq; Type: SEQUENCE SET; Schema: public; Owner: stas
--

SELECT pg_catalog.setval('main_mentionproduct_id_seq', 1, false);


--
-- Data for Name: main_mentionproduct_monitoring_product; Type: TABLE DATA; Schema: public; Owner: stas
--

COPY main_mentionproduct_monitoring_product (id, mentionproduct_id, monitoringproduct_id) FROM stdin;
\.


--
-- Name: main_mentionproduct_monitoring_product_id_seq; Type: SEQUENCE SET; Schema: public; Owner: stas
--

SELECT pg_catalog.setval('main_mentionproduct_monitoring_product_id_seq', 1, false);


--
-- Data for Name: main_mentionproductvalue; Type: TABLE DATA; Schema: public; Owner: stas
--

COPY main_mentionproductvalue (id, title, project_id, article_id) FROM stdin;
\.


--
-- Name: main_mentionproductvalue_id_seq; Type: SEQUENCE SET; Schema: public; Owner: stas
--

SELECT pg_catalog.setval('main_mentionproductvalue_id_seq', 1, false);


--
-- Data for Name: main_mentionproductvalue_monitoring_product; Type: TABLE DATA; Schema: public; Owner: stas
--

COPY main_mentionproductvalue_monitoring_product (id, mentionproductvalue_id, monitoringproduct_id) FROM stdin;
\.


--
-- Name: main_mentionproductvalue_monitoring_product_id_seq; Type: SEQUENCE SET; Schema: public; Owner: stas
--

SELECT pg_catalog.setval('main_mentionproductvalue_monitoring_product_id_seq', 1, false);


--
-- Data for Name: main_mentionsobject; Type: TABLE DATA; Schema: public; Owner: stas
--

COPY main_mentionsobject (id, article_id, project_id, referred_object_id, emotional_tone_object_id, emotional_tone_title_id, object_role_id, advertisement_promo_id, initiation_id, info_reason_id, prt, prv, mo, mq) FROM stdin;
1527	1946	1	2	7	7	4	\N	\N	74	0.201712500000000017	1.31249999999999978	\N	\N
1528	1947	1	2	7	7	4	\N	\N	74	0.209474999999999995	39.3749999999999929	\N	\N
1529	1948	1	2	7	7	5	\N	\N	75	0.161174999999999985	23.625	\N	\N
1530	1949	1	2	8	7	4	\N	\N	76	0.21242500000000003	29.644387499999997	\N	\N
1531	1950	1	2	7	7	6	\N	\N	77	0.434049999999999936	84.375	\N	\N
1532	1951	1	2	7	7	6	\N	\N	77	0.434049999999999936	140.625	\N	\N
1533	1952	1	2	8	7	4	\N	\N	76	0.204375000000000001	19.6875	\N	\N
1534	1953	1	2	7	7	5	\N	\N	75	0.161174999999999985	51.1875	\N	\N
1535	1954	1	2	7	7	6	\N	\N	77	0.434049999999999936	140.625	\N	\N
1536	1955	1	2	7	7	4	\N	\N	74	0.209474999999999995	393.749999999999943	\N	\N
1537	1956	1	2	7	7	6	\N	\N	78	0.434049999999999936	534.374999999999886	\N	\N
1538	1957	1	3	7	7	5	\N	\N	79	0.156862500000000016	8.859375	\N	\N
1539	1958	1	3	7	7	5	\N	\N	79	0.156862500000000016	8.859375	\N	\N
1540	1959	1	2	7	7	5	\N	\N	80	0.164337499999999997	435.891174442656904	\N	\N
1541	1959	1	7	7	7	5	\N	\N	81	0.164337499999999997	435.891174442656904	\N	\N
1542	1960	1	2	8	7	4	\N	\N	76	0.252674999999999983	1574.33290978398941	\N	\N
1543	1961	1	2	7	7	4	\N	\N	74	0.209474999999999995	31.4999999999999929	\N	\N
1544	1962	1	2	7	7	4	\N	\N	74	0.209474999999999995	1.31249999999999978	\N	\N
1545	1963	1	2	7	7	5	\N	\N	82	0.169225000000000014	111.562499999999986	\N	\N
1546	1964	1	2	7	7	4	\N	\N	74	0.209474999999999995	78.7499999999999858	\N	\N
1547	1965	1	2	7	7	6	\N	\N	83	0.221549999999999969	26.2499999999999964	\N	\N
1548	1966	1	2	7	7	5	\N	\N	84	0.399299999999999988	5043.02896337378934	\N	\N
1549	1967	1	2	7	7	4	\N	\N	85	0.169225000000000014	2.23124999999999973	\N	\N
1550	1968	1	2	7	7	4	\N	\N	77	0.421974999999999989	38.25	\N	\N
1551	1969	1	2	7	7	5	\N	\N	86	0.161174999999999985	31.1062499999999993	\N	\N
1552	1969	1	7	7	7	5	\N	\N	87	0.161174999999999985	31.1062499999999993	\N	\N
1553	1970	1	2	7	7	6	\N	\N	83	0.212925000000000031	120.66191680073544	\N	\N
1554	1971	1	2	7	7	6	\N	\N	77	0.221549999999999969	393.749999999999943	\N	\N
1555	1972	1	2	7	7	4	\N	\N	88	0.164337499999999997	6.47062499999999918	\N	\N
1556	1973	1	2	7	7	4	\N	\N	74	0.209474999999999995	393.749999999999943	\N	\N
1557	1974	1	2	7	7	4	\N	\N	89	0.161174999999999985	13.78125	\N	\N
1558	1975	1	2	7	7	5	\N	\N	90	0.164337499999999997	44.6249999999999929	\N	\N
1559	1976	1	2	7	7	4	\N	\N	77	0.421974999999999989	1.59375	\N	\N
1560	1977	1	2	7	7	5	\N	\N	91	0.169225000000000014	2.97499999999999964	\N	\N
1561	1977	1	7	7	7	5	\N	\N	92	0.169225000000000014	2.97499999999999964	\N	\N
1562	1978	1	3	7	7	4	\N	\N	93	0.454060000000000019	1300.65295557580657	\N	\N
1563	1978	1	7	7	7	5	\N	\N	94	0.241560000000000025	958.375862003225961	\N	\N
1564	1979	1	2	7	7	5	\N	\N	80	0.169800000000000006	212.536876237870047	\N	\N
1565	1979	1	7	7	7	5	\N	\N	81	0.169800000000000006	212.536876237870047	\N	\N
1566	1980	1	2	7	7	5	\N	\N	95	0.169225000000000014	256.406573201562821	\N	\N
1567	1981	1	2	7	7	5	\N	\N	96	0.169225000000000014	52.306940933118824	\N	\N
1568	1982	1	2	8	7	5	\N	\N	97	0.222200000000000009	303.980250723742358	\N	\N
1569	1983	1	4	7	7	5	\N	\N	98	0.161174999999999985	0.984375	\N	\N
1570	1984	1	5	7	7	5	\N	\N	99	0.169225000000000014	780.937499999999886	\N	\N
1571	1985	1	5	7	7	5	\N	\N	99	0.169225000000000014	334.687499999999943	\N	\N
1572	1986	1	6	7	7	6	\N	\N	100	0.173250000000000015	22.0499999999999972	\N	\N
1573	1987	1	6	7	7	6	\N	\N	100	0.173250000000000015	12.2499999999999982	\N	\N
1574	1988	1	6	7	7	6	\N	\N	100	0.181300000000000017	24.4999999999999964	\N	\N
1575	1989	1	6	7	7	4	\N	\N	101	0.331862500000000005	12.0234374999999982	\N	\N
1576	1990	1	6	7	7	4	\N	\N	101	0.331862500000000005	26.7187499999999964	\N	\N
1577	1991	1	6	7	7	6	\N	\N	100	0.175550000000000012	112.617789014019749	\N	\N
1578	1992	1	6	7	7	4	\N	\N	101	0.331862500000000005	13.3593749999999982	\N	\N
1579	1993	1	7	7	7	5	\N	\N	102	0.156862500000000016	9.0496437600551598	\N	\N
1580	1994	1	7	7	7	5	\N	\N	103	0.161174999999999985	19.6875	\N	\N
1581	1995	1	7	6	7	5	\N	\N	104	0.0603749999999999912	-21.65625	\N	\N
1582	1996	1	7	6	7	5	\N	\N	104	0.0603749999999999912	-11.8125	\N	\N
1583	1997	1	7	6	7	5	\N	\N	104	0.0603749999999999912	-1378.125	\N	\N
1584	1998	1	7	7	7	5	\N	\N	105	0.161174999999999985	9.95460813606067596	\N	\N
1585	1999	1	7	7	7	4	\N	\N	106	0.161174999999999985	19.6875	\N	\N
1586	2000	1	7	7	7	4	\N	\N	106	0.161174999999999985	295.3125	\N	\N
1587	2001	1	7	7	7	5	\N	\N	105	0.156862500000000016	14.9319122040910131	\N	\N
1588	2002	1	7	7	7	4	\N	\N	107	0.225000000000000033	26.7533976031527665	\N	\N
1589	2003	1	7	7	7	5	\N	\N	108	0.209474999999999995	132.978723404255305	\N	\N
\.


--
-- Name: main_mentionsobject_id_seq; Type: SEQUENCE SET; Schema: public; Owner: stas
--

SELECT pg_catalog.setval('main_mentionsobject_id_seq', 1589, true);


--
-- Data for Name: main_mentionsobject_monitoring_product; Type: TABLE DATA; Schema: public; Owner: stas
--

COPY main_mentionsobject_monitoring_product (id, mentionsobject_id, monitoringproduct_id) FROM stdin;
1857	1527	45
1858	1527	1
1859	1527	43
1860	1528	45
1861	1528	1
1862	1528	43
1863	1529	45
1864	1529	1
1865	1529	43
1866	1530	45
1867	1530	1
1868	1530	43
1869	1531	45
1870	1531	1
1871	1531	43
1872	1532	45
1873	1532	1
1874	1532	43
1875	1533	45
1876	1533	1
1877	1533	43
1878	1534	45
1879	1534	1
1880	1534	43
1881	1535	45
1882	1535	1
1883	1535	43
1884	1536	45
1885	1536	1
1886	1536	43
1887	1537	45
1888	1537	1
1889	1537	43
1890	1538	45
1891	1538	1
1892	1538	43
1893	1539	45
1894	1539	1
1895	1539	43
1896	1540	45
1897	1540	1
1898	1540	43
1899	1541	45
1900	1541	1
1901	1541	43
1902	1542	45
1903	1542	1
1904	1542	43
1905	1543	45
1906	1543	1
1907	1543	43
1908	1544	45
1909	1544	1
1910	1544	43
1911	1545	45
1912	1545	1
1913	1545	43
1914	1546	45
1915	1546	1
1916	1546	43
1917	1547	45
1918	1547	1
1919	1547	43
1920	1548	45
1921	1548	1
1922	1548	43
1923	1549	45
1924	1549	1
1925	1549	43
1926	1550	45
1927	1550	1
1928	1550	43
1929	1551	45
1930	1551	1
1931	1551	43
1932	1552	45
1933	1552	1
1934	1552	43
1935	1553	45
1936	1553	1
1937	1553	43
1938	1554	45
1939	1554	1
1940	1554	43
1941	1555	45
1942	1555	1
1943	1555	43
1944	1556	45
1945	1556	1
1946	1556	43
1947	1557	45
1948	1557	1
1949	1557	43
1950	1558	45
1951	1558	1
1952	1558	43
1953	1559	45
1954	1559	1
1955	1559	43
1956	1560	45
1957	1560	1
1958	1560	43
1959	1561	45
1960	1561	1
1961	1561	43
1962	1562	45
1963	1562	1
1964	1562	43
1965	1563	45
1966	1563	1
1967	1563	43
1968	1564	45
1969	1564	1
1970	1564	43
1971	1565	45
1972	1565	1
1973	1565	43
1974	1566	45
1975	1566	1
1976	1566	43
1977	1567	45
1978	1567	1
1979	1567	43
1980	1568	45
1981	1568	1
1982	1568	43
1983	1569	45
1984	1569	1
1985	1569	43
1986	1570	45
1987	1570	1
1988	1570	43
1989	1571	45
1990	1571	1
1991	1571	43
1992	1572	45
1993	1572	1
1994	1572	43
1995	1573	45
1996	1573	1
1997	1573	43
1998	1574	45
1999	1574	1
2000	1574	43
2001	1575	45
2002	1575	1
2003	1575	43
2004	1576	45
2005	1576	1
2006	1576	43
2007	1577	45
2008	1577	1
2009	1577	43
2010	1578	45
2011	1578	1
2012	1578	43
2013	1579	45
2014	1579	1
2015	1579	43
2016	1580	45
2017	1580	1
2018	1580	43
2019	1581	45
2020	1581	1
2021	1581	43
2022	1582	45
2023	1582	1
2024	1582	43
2025	1583	45
2026	1583	1
2027	1583	43
2028	1584	45
2029	1584	1
2030	1584	43
2031	1585	45
2032	1585	1
2033	1585	43
2034	1586	45
2035	1586	1
2036	1586	43
2037	1587	45
2038	1587	1
2039	1587	43
2040	1588	45
2041	1588	1
2042	1588	43
2043	1589	45
2044	1589	1
2045	1589	43
\.


--
-- Name: main_mentionsobject_monitoring_product_id_seq; Type: SEQUENCE SET; Schema: public; Owner: stas
--

SELECT pg_catalog.setval('main_mentionsobject_monitoring_product_id_seq', 2045, true);


--
-- Data for Name: main_mentionsobject_technologies; Type: TABLE DATA; Schema: public; Owner: stas
--

COPY main_mentionsobject_technologies (id, mentionsobject_id, technologies_id) FROM stdin;
\.


--
-- Name: main_mentionsobject_technologies_id_seq; Type: SEQUENCE SET; Schema: public; Owner: stas
--

SELECT pg_catalog.setval('main_mentionsobject_technologies_id_seq', 1, false);


--
-- Data for Name: main_month; Type: TABLE DATA; Schema: public; Owner: stas
--

COPY main_month (id, title, project_id) FROM stdin;
3	3.0	1
4	4.0	1
5	5.0	1
1	1.0	1
2	2.0	1
\.


--
-- Name: main_month_id_seq; Type: SEQUENCE SET; Schema: public; Owner: stas
--

SELECT pg_catalog.setval('main_month_id_seq', 5, true);


--
-- Data for Name: main_month_monitoring_product; Type: TABLE DATA; Schema: public; Owner: stas
--

COPY main_month_monitoring_product (id, month_id, monitoringproduct_id) FROM stdin;
1	1	2
2	2	2
3	3	2
4	4	2
5	5	2
6	2	1
7	1	1
\.


--
-- Name: main_month_monitoring_product_id_seq; Type: SEQUENCE SET; Schema: public; Owner: stas
--

SELECT pg_catalog.setval('main_month_monitoring_product_id_seq', 7, true);


--
-- Data for Name: main_objectrole; Type: TABLE DATA; Schema: public; Owner: stas
--

COPY main_objectrole (id, title, project_id) FROM stdin;
7	значимая	2
9	ведущая	2
8	контекстная	2
6	ведущая	1
4	значимая	1
5	контекстная	1
\.


--
-- Name: main_objectrole_id_seq; Type: SEQUENCE SET; Schema: public; Owner: stas
--

SELECT pg_catalog.setval('main_objectrole_id_seq', 9, true);


--
-- Data for Name: main_objectrole_monitoring_product; Type: TABLE DATA; Schema: public; Owner: stas
--

COPY main_objectrole_monitoring_product (id, objectrole_id, monitoringproduct_id) FROM stdin;
4	4	1
5	5	1
6	6	1
10	7	2
11	8	2
12	9	2
17	4	9
19	5	9
21	6	9
25	4	43
26	5	43
27	6	43
31	4	44
32	5	44
33	6	44
34	4	45
35	5	45
36	6	45
\.


--
-- Name: main_objectrole_monitoring_product_id_seq; Type: SEQUENCE SET; Schema: public; Owner: stas
--

SELECT pg_catalog.setval('main_objectrole_monitoring_product_id_seq', 36, true);


--
-- Data for Name: main_penetration; Type: TABLE DATA; Schema: public; Owner: stas
--

COPY main_penetration (id, title, project_id) FROM stdin;
1	полная	1
2	частичная	1
3	минимальная	1
\.


--
-- Name: main_penetration_id_seq; Type: SEQUENCE SET; Schema: public; Owner: stas
--

SELECT pg_catalog.setval('main_penetration_id_seq', 3, true);


--
-- Data for Name: main_penetration_monitoring_product; Type: TABLE DATA; Schema: public; Owner: stas
--

COPY main_penetration_monitoring_product (id, penetration_id, monitoringproduct_id) FROM stdin;
1	1	2
2	2	2
3	3	2
\.


--
-- Name: main_penetration_monitoring_product_id_seq; Type: SEQUENCE SET; Schema: public; Owner: stas
--

SELECT pg_catalog.setval('main_penetration_monitoring_product_id_seq', 3, true);


--
-- Data for Name: main_product; Type: TABLE DATA; Schema: public; Owner: stas
--

COPY main_product (id, title, project_id, index_sort) FROM stdin;
\.


--
-- Name: main_product_id_seq; Type: SEQUENCE SET; Schema: public; Owner: stas
--

SELECT pg_catalog.setval('main_product_id_seq', 1, false);


--
-- Data for Name: main_product_monitoring_product; Type: TABLE DATA; Schema: public; Owner: stas
--

COPY main_product_monitoring_product (id, product_id, monitoringproduct_id) FROM stdin;
\.


--
-- Name: main_product_monitoring_product_id_seq; Type: SEQUENCE SET; Schema: public; Owner: stas
--

SELECT pg_catalog.setval('main_product_monitoring_product_id_seq', 1, false);


--
-- Data for Name: main_project; Type: TABLE DATA; Schema: public; Owner: stas
--

COPY main_project (id, title, slug, login, access, password) FROM stdin;
1	Test	test	admin	1	admin
2	Coca-Cola	cccl	admin	1	cocacola
4	a	a	admin	1	admin
\.


--
-- Name: main_project_id_seq; Type: SEQUENCE SET; Schema: public; Owner: stas
--

SELECT pg_catalog.setval('main_project_id_seq', 4, true);


--
-- Data for Name: main_referredobject; Type: TABLE DATA; Schema: public; Owner: stas
--

COPY main_referredobject (id, title, project_id, index_sort) FROM stdin;
1	Google	1	1
2	Coca-Cola Company	1	1
3	Coca-Cola Hellenic	1	2
4	Мултон	1	3
5	Лебедянский	1	4
6	Сады Придонья	1	5
7	PepsiCo	1	6
8	yo	4	1
\.


--
-- Name: main_referredobject_id_seq; Type: SEQUENCE SET; Schema: public; Owner: stas
--

SELECT pg_catalog.setval('main_referredobject_id_seq', 8, true);


--
-- Data for Name: main_region; Type: TABLE DATA; Schema: public; Owner: stas
--

COPY main_region (id, title, project_id) FROM stdin;
8	Московский регион	1
11	Россия	2
9	Центральный регион	1
10	Северо-Западный регион	1
12	Россия	4
7	Зарубежье	1
6	Россия	1
\.


--
-- Name: main_region_id_seq; Type: SEQUENCE SET; Schema: public; Owner: stas
--

SELECT pg_catalog.setval('main_region_id_seq', 12, true);


--
-- Data for Name: main_region_monitoring_product; Type: TABLE DATA; Schema: public; Owner: stas
--

COPY main_region_monitoring_product (id, region_id, monitoringproduct_id) FROM stdin;
6	6	1
7	6	2
8	7	2
9	7	1
10	8	1
11	9	1
12	10	1
13	11	2
16	12	9
18	6	9
20	6	43
22	6	44
23	6	45
\.


--
-- Name: main_region_monitoring_product_id_seq; Type: SEQUENCE SET; Schema: public; Owner: stas
--

SELECT pg_catalog.setval('main_region_monitoring_product_id_seq', 23, true);


--
-- Data for Name: main_sidespeaker; Type: TABLE DATA; Schema: public; Owner: stas
--

COPY main_sidespeaker (id, project_id, article_id, mentions_object_id, fio, "position", side_speaker_tonality_id, side_speaker_status_id) FROM stdin;
\.


--
-- Name: main_sidespeaker_id_seq; Type: SEQUENCE SET; Schema: public; Owner: stas
--

SELECT pg_catalog.setval('main_sidespeaker_id_seq', 8, true);


--
-- Data for Name: main_sidespeaker_monitoring_product; Type: TABLE DATA; Schema: public; Owner: stas
--

COPY main_sidespeaker_monitoring_product (id, sidespeaker_id, monitoringproduct_id) FROM stdin;
\.


--
-- Name: main_sidespeaker_monitoring_product_id_seq; Type: SEQUENCE SET; Schema: public; Owner: stas
--

SELECT pg_catalog.setval('main_sidespeaker_monitoring_product_id_seq', 8, true);


--
-- Data for Name: main_sidespeakerstatus; Type: TABLE DATA; Schema: public; Owner: stas
--

COPY main_sidespeakerstatus (id, title, project_id) FROM stdin;
1	эксперт	1
2	власть	1
\.


--
-- Name: main_sidespeakerstatus_id_seq; Type: SEQUENCE SET; Schema: public; Owner: stas
--

SELECT pg_catalog.setval('main_sidespeakerstatus_id_seq', 2, true);


--
-- Data for Name: main_sidespeakerstatus_monitoring_product; Type: TABLE DATA; Schema: public; Owner: stas
--

COPY main_sidespeakerstatus_monitoring_product (id, sidespeakerstatus_id, monitoringproduct_id) FROM stdin;
1	1	1
2	2	1
\.


--
-- Name: main_sidespeakerstatus_monitoring_product_id_seq; Type: SEQUENCE SET; Schema: public; Owner: stas
--

SELECT pg_catalog.setval('main_sidespeakerstatus_monitoring_product_id_seq', 2, true);


--
-- Data for Name: main_sidespeakertonality; Type: TABLE DATA; Schema: public; Owner: stas
--

COPY main_sidespeakertonality (id, title, project_id) FROM stdin;
1	нейтральное	1
\.


--
-- Name: main_sidespeakertonality_id_seq; Type: SEQUENCE SET; Schema: public; Owner: stas
--

SELECT pg_catalog.setval('main_sidespeakertonality_id_seq', 1, true);


--
-- Data for Name: main_sidespeakertonality_monitoring_product; Type: TABLE DATA; Schema: public; Owner: stas
--

COPY main_sidespeakertonality_monitoring_product (id, sidespeakertonality_id, monitoringproduct_id) FROM stdin;
1	1	1
\.


--
-- Name: main_sidespeakertonality_monitoring_product_id_seq; Type: SEQUENCE SET; Schema: public; Owner: stas
--

SELECT pg_catalog.setval('main_sidespeakertonality_monitoring_product_id_seq', 1, true);


--
-- Data for Name: main_source; Type: TABLE DATA; Schema: public; Owner: stas
--

COPY main_source (id, title, project_id) FROM stdin;
142	Mir24.tv	1
143	minfin.com.ua	1
106	tv.net.ua (Украина)	1
81	computerra.ru	1
107	forbes.ru	1
80	Коммерсантъ FM	1
144	arbat.mos.ru	1
83	ixbt.com	1
109	X-drivers.ru	1
145	Finance.rambler.ru	1
146	top55.info	1
147	Tvc.ru	1
113	Spbit.su	1
85	cnews.ru	1
89	Forbes.ru	1
148	Gorodskoyportal.ru/moskva	1
115	PC WEEK -online (Ukrainian Edition)	1
116	Sostav.ua	1
87	Mskit.ru	1
117	Yugopolis.ru	1
149	the-village.ru	1
150	gigamir.net	1
110	Взгляд.ру	1
118	Ixbt.com	1
210	Серебряный дождь	1
151	riasv.ru	1
120	Headline.kz (Казахстан)	1
121	Kazakhstan Today (Казахстан)	1
122	Forbes.kz (Казахстан)	1
123	Ведомости - online	1
319	pozitive.org	1
152	nsn.fm	1
153	sejchas.ru	1
91	Slon.ru	1
92	vedomosti.ru	1
86	it-weekly.ru	1
125	soft.mail.ru	1
112	ex-press.by (Республика Беларусь)	1
96	novayagazeta.ru	1
82	gazeta.ru	1
90	Lenta.Ru	1
78	vesti.ru	1
98	Новая газета	1
211	ТАСС	1
100	Эксперт	1
101	Компания	1
111	Интерфакс (Республика Беларусь)	1
114	CHIP UA Online	1
102	Журнал сетевых решений/LAN	1
320	winline.ru	1
213	Vedomosti.ru	1
108	Cnews.ru	1
126	Ferra.ru	1
105	SecurityLab.Ru	1
127	Osp.ru	1
119	ИА Клерк.Ру	1
104	profi-forex.org	1
128	profi-forex.by (Республика Беларусь)	1
129	1sn.ru	1
130	dnpr.com.ua	1
131	MarieClaire.ru	1
97	Tdaily.ru	1
133	allretail.ua	1
134	Advert-news.ru	1
135	Metronews.ru	1
136	gorod.afisha.ru	1
137	kop.sao.mos.ru	1
221	Investfunds.ru	1
139	Росбалт	1
140	polit.ru	1
141	pronedra.ru	1
154	nakanune.ru	1
155	otr-online.ru	1
157	omskgazzeta.ru	1
158	m24.ru	1
159	Mfd.ru	1
124	capital.ua	1
84	kommersant.ru	1
160	v-vybor.com	1
161	quote.rbc.ru	1
162	2stocks.ru	1
163	Finam.ru	1
164	vestifinance.ru	1
165	kaluga-poisk.ru	1
166	joinfo.com	1
321	Re-port.ru	1
168	admomsk.ru	1
169	Pr-release.ru	1
94	ПРАЙМ	1
171	august.ru	1
138	advertology.ru	1
172	moscvichka.ru	1
170	Investing.com	1
175	InThePress.ru	1
322	Footballtop.ru	1
212	РИА Новый регион	1
323	Sport.mail.ru	1
324	droider.ru	1
325	thg.ru	1
214	Kommersant.ru	1
216	Gazeta.ru	1
217	Quote.rbc.ru	1
218	Ruscable.ru	1
219	Oilru.com	1
220	Investcafe.ru	1
326	championat.com	1
103	Коммерсантъ	1
222	РБК daily	1
95	РИА Новости	1
224	Nikkei Report	1
225	The Wall Street Journal Online	1
226	The Wall Street Journal U.S. Edition	1
327	Subscribe.ru	1
177	News.tochka.net	1
178	RetailStudio.org	1
328	ufa.mk.ru	1
180	Dk.ru	1
182	prodmagazin.ru	1
183	Loglink.ru	1
184	Arendator.ru	1
185	Garant.ru	1
186	intercharm.net	1
187	Presuha.ru	1
179	Sports.ru	1
189	Retailer.ru	1
190	Rb.ru	1
191	Worldcharity.ru	1
192	Openmarket.ru	1
193	Publishernews.ru	1
195	FoodNewsTime.ru	1
196	foodnewsweek.ru	1
197	edinstvennaya.ua	1
198	Секрет фирмы	1
199	omsktime.ru	1
173	omskregion.info	1
200	Kuplu.kz	1
201	OK!	1
202	zbulvar.ru	1
203	InStyle	1
204	Комсомольская правда	1
205	Капитал	1
206	mngz.ru	1
207	stock-maks.com	1
208	nashinews.ru	1
188	Gorodskoyportal.ru/omsk	1
209	Forum.msk.ru	1
99	Ведомости	1
227	Business Standard	1
223	Reuters News	1
228	The New York Times	1
231	Regions.Ru	1
232	BFM.ru	1
233	Эксперт online	1
234	Газета.ру	1
235	iXBT.com	1
236	Мобильный форум	1
333	FB.ru	1
238	3DNews.ru	1
270	pozitive.org	2
271	winline.ru	2
334	pravda-news.ru	1
273	Re-port.ru	2
274	Footballtop.ru	2
275	Sport.mail.ru	2
277	thg.ru	2
335	Creammag.ru	1
239	Content-Review.com	1
229	Коммерсантъ.ru	1
230	PC Week.ru	1
242	Известия	1
336	nedv.info	1
243	Россия	1
244	Финам.Ru	1
240	Финмаркет	1
246	Sostav.ru	1
245	ADVERtology.ru	1
247	Сотовик	1
241	Вести.Ру	1
237	Digit.ru	1
248	Iks-media.ru	1
249	МОЁ!	1
250	Аргументы и Факты Белгород	1
251	Moe-belgorod.ru	1
253	moe-kursk.ru	1
254	Ikaluga.com	1
255	40.mvd.ru	1
256	Iludinovo.com	1
258	32.mvd.ru	1
259	Bryansktoday.ru	1
260	62.ru	1
261	ProVoronezh.ru	1
262	71.ru	1
263	48.ru	1
264	68.ru	1
337	Marpeople.com	1
266	infovoronezh.ru	1
267	Gorodskoyportal.ru/orel	1
268	Vtambove.ru	1
257	Рязанский городской сайт	1
265	Журнал Е	1
252	Businesspskov.ru	1
269	vluki.ru	1
338	Oilworld.ru	1
339	Эксперт Юг	1
340	BONUS	1
341	tjournal.ru	1
342	autonavigator.ru	1
343	Дальневосточный капитал	1
344	schelkovo-gorod.ru	1
312	warandpeace.ru	2
313	Итар-Тасс	2
314	moi-goda.ru	2
315	Prosport-online.ru	2
279	news.rambler.ru	2
316	i38.ru	2
317	Коммерсантъ Уфа	2
318	zvuki.ru	2
356	pozitive.org	4
357	winline.ru	4
359	Re-port.ru	4
360	Footballtop.ru	4
361	Sport.mail.ru	4
362	droider.ru	4
363	thg.ru	4
364	championat.com	4
366	Subscribe.ru	4
367	ufa.mk.ru	4
368	Lenta.ru	4
358	Pcnews.ru	4
369	News-pc.ru	4
370	Sports.ru	4
371	hi-tech.mail.ru	4
373	РБК ТВ	4
374	naiz.org	4
375	adindex.ru	4
376	FB.ru	4
276	droider.ru	2
278	championat.com	2
378	pravda-news.ru	4
215	Lenta.ru	1
280	Subscribe.ru	2
281	ufa.mk.ru	2
282	Lenta.ru	2
272	Pcnews.ru	2
283	News-pc.ru	2
284	Sports.ru	2
285	hi-tech.mail.ru	2
379	Creammag.ru	4
287	РБК ТВ	2
380	nedv.info	4
288	naiz.org	2
289	adindex.ru	2
290	FB.ru	2
381	Marpeople.com	4
382	Oilworld.ru	4
383	Эксперт Юг	4
384	BONUS	4
385	tjournal.ru	4
386	autonavigator.ru	4
292	pravda-news.ru	2
387	Дальневосточный капитал	4
388	schelkovo-gorod.ru	4
389	РосБизнесКонсалтинг	4
390	Press-release.ru	4
391	Foodmarkets.ru	4
372	opt-union.ru	4
392	d-kvadrat.ru	4
393	Gorodskoyportal.ru	4
377	Advis.ru	4
394	udbiz.ru	4
395	karta-smi.ru	4
396	oohmag.ru	4
397	geopolitica.ru	4
398	warandpeace.ru	4
293	Creammag.ru	2
294	nedv.info	2
295	Marpeople.com	2
296	Oilworld.ru	2
297	Эксперт Юг	2
298	BONUS	2
299	tjournal.ru	2
300	autonavigator.ru	2
301	Дальневосточный капитал	2
302	schelkovo-gorod.ru	2
303	РосБизнесКонсалтинг	2
399	Итар-Тасс	4
304	Press-release.ru	2
305	Foodmarkets.ru	2
286	opt-union.ru	2
306	d-kvadrat.ru	2
307	Gorodskoyportal.ru	2
291	Advis.ru	2
308	udbiz.ru	2
309	karta-smi.ru	2
310	oohmag.ru	2
311	geopolitica.ru	2
400	moi-goda.ru	4
401	Prosport-online.ru	4
365	news.rambler.ru	4
402	i38.ru	4
403	Коммерсантъ Уфа	4
404	zvuki.ru	4
79	Pcnews.ru	1
329	News-pc.ru	1
330	hi-tech.mail.ru	1
331	РБК ТВ	1
332	naiz.org	1
156	adindex.ru	1
88	РосБизнесКонсалтинг	1
174	Press-release.ru	1
194	Foodmarkets.ru	1
167	opt-union.ru	1
345	d-kvadrat.ru	1
346	Gorodskoyportal.ru	1
176	Advis.ru	1
347	udbiz.ru	1
181	karta-smi.ru	1
348	oohmag.ru	1
349	geopolitica.ru	1
350	warandpeace.ru	1
93	Итар-Тасс	1
351	moi-goda.ru	1
352	Prosport-online.ru	1
132	news.rambler.ru	1
353	i38.ru	1
354	Коммерсантъ Уфа	1
355	zvuki.ru	1
\.


--
-- Name: main_source_id_seq; Type: SEQUENCE SET; Schema: public; Owner: stas
--

SELECT pg_catalog.setval('main_source_id_seq', 404, true);


--
-- Data for Name: main_source_monitoring_product; Type: TABLE DATA; Schema: public; Owner: stas
--

COPY main_source_monitoring_product (id, source_id, monitoringproduct_id) FROM stdin;
78	78	1
79	79	1
80	80	1
81	81	1
82	82	1
83	83	1
84	84	1
85	85	1
86	86	1
87	87	1
88	88	1
89	89	1
90	90	1
91	91	1
92	92	1
93	93	1
94	94	1
95	95	1
96	96	1
97	97	1
98	98	1
99	99	1
100	100	1
101	101	1
102	102	1
103	103	1
104	95	2
105	104	2
106	105	2
107	106	2
108	107	2
109	108	2
110	109	2
111	110	2
112	111	2
113	112	2
114	113	2
115	114	2
116	115	2
117	116	2
118	117	2
119	118	2
120	119	2
121	120	2
122	121	2
123	122	2
124	123	2
125	124	2
126	125	2
127	126	2
128	127	2
129	128	2
130	129	2
131	130	2
132	131	2
133	132	2
134	133	2
135	134	2
136	135	2
137	136	2
138	137	2
139	138	2
140	139	2
141	140	2
142	141	2
143	142	2
144	143	2
145	144	2
146	145	2
147	146	2
148	147	2
149	148	2
150	149	2
151	150	2
152	151	2
153	152	2
154	153	2
155	92	2
156	154	2
157	155	2
158	156	2
159	157	2
160	158	2
161	159	2
162	84	2
163	160	2
164	161	2
165	162	2
166	163	2
167	164	2
168	165	2
169	166	2
170	167	2
171	168	2
172	169	2
173	170	2
174	171	2
175	172	2
176	173	2
177	174	2
178	175	2
179	176	2
180	177	2
181	178	2
182	179	2
183	180	2
184	181	2
185	182	2
186	183	2
187	184	2
188	185	2
189	186	2
190	187	2
191	188	2
192	189	2
193	190	2
194	191	2
195	192	2
196	193	2
197	194	2
198	195	2
199	196	2
200	197	2
201	198	2
202	199	2
203	200	2
204	99	2
205	201	2
206	202	2
207	203	2
208	204	2
209	205	2
210	206	2
211	207	2
212	208	2
213	209	2
214	210	1
215	211	1
216	212	1
217	213	1
218	214	1
219	215	1
220	216	1
221	217	1
222	218	1
223	219	1
224	220	1
225	221	1
226	222	1
227	223	1
228	224	1
229	225	1
230	226	1
231	227	1
232	228	1
233	229	1
234	230	1
235	231	1
236	232	1
237	233	1
238	234	1
239	235	1
240	236	1
241	237	1
242	238	1
243	239	1
244	240	1
245	241	1
246	242	1
247	243	1
248	244	1
249	245	1
250	246	1
251	247	1
252	248	1
253	249	1
254	250	1
255	251	1
256	252	1
257	253	1
258	254	1
259	255	1
260	256	1
261	257	1
262	258	1
263	259	1
264	260	1
265	261	1
266	262	1
267	263	1
268	264	1
269	265	1
270	266	1
271	267	1
272	268	1
273	269	1
274	270	2
275	271	2
276	272	2
277	273	2
278	274	2
279	275	2
280	276	2
281	277	2
282	278	2
283	279	2
284	280	2
285	281	2
286	282	2
287	283	2
288	284	2
289	285	2
290	286	2
291	287	2
292	288	2
293	289	2
294	290	2
295	291	2
296	292	2
297	293	2
298	294	2
299	295	2
300	296	2
301	297	2
302	298	2
303	299	2
304	300	2
305	301	2
306	302	2
307	303	2
308	304	2
309	305	2
310	306	2
311	307	2
312	308	2
313	309	2
314	310	2
315	311	2
316	312	2
317	313	2
318	314	2
319	315	2
320	316	2
321	317	2
322	318	2
617	319	43
618	320	43
619	79	43
620	321	43
621	322	43
622	323	43
623	324	43
624	325	43
625	326	43
626	132	43
627	327	43
628	328	43
629	215	43
630	329	43
631	179	43
632	330	43
633	167	43
634	331	43
635	332	43
636	156	43
637	333	43
638	176	43
639	334	43
640	335	43
641	336	43
642	337	43
643	338	43
644	339	43
645	340	43
646	341	43
647	342	43
648	343	43
649	344	43
650	88	43
651	174	43
652	194	43
653	345	43
654	346	43
655	347	43
656	181	43
657	348	43
658	349	43
659	350	43
660	93	43
661	351	43
662	352	43
663	353	43
664	354	43
665	355	43
421	356	9
422	357	9
423	358	9
424	359	9
425	360	9
426	361	9
427	362	9
428	363	9
429	364	9
430	365	9
431	366	9
432	367	9
433	368	9
434	369	9
435	370	9
436	371	9
437	372	9
438	373	9
439	374	9
440	375	9
441	376	9
442	377	9
443	378	9
444	379	9
445	380	9
446	381	9
447	382	9
448	383	9
449	384	9
450	385	9
451	386	9
452	387	9
453	388	9
454	389	9
455	390	9
456	391	9
457	392	9
458	393	9
459	394	9
460	395	9
461	396	9
462	397	9
463	398	9
464	399	9
465	400	9
466	401	9
467	402	9
468	403	9
469	404	9
471	319	9
473	320	9
475	79	9
477	321	9
479	322	9
481	323	9
483	324	9
485	325	9
487	326	9
489	132	9
491	327	9
493	328	9
495	215	9
497	329	9
499	179	9
501	330	9
503	167	9
505	331	9
507	332	9
509	156	9
511	333	9
513	176	9
515	334	9
517	335	9
519	336	9
521	337	9
523	338	9
525	339	9
527	340	9
529	341	9
531	342	9
533	343	9
535	344	9
537	88	9
539	174	9
541	194	9
543	345	9
545	346	9
547	347	9
549	181	9
551	348	9
553	349	9
555	350	9
557	93	9
559	351	9
561	352	9
563	353	9
565	354	9
567	355	9
715	319	44
716	320	44
717	79	44
718	321	44
719	322	44
720	323	44
721	324	44
722	325	44
723	326	44
724	132	44
725	327	44
726	328	44
727	215	44
728	329	44
729	179	44
730	330	44
731	167	44
732	331	44
733	332	44
734	156	44
735	333	44
736	176	44
737	334	44
738	335	44
739	336	44
740	337	44
741	338	44
742	339	44
743	340	44
744	341	44
745	342	44
746	343	44
747	344	44
748	88	44
749	174	44
750	194	44
751	345	44
752	346	44
753	347	44
754	181	44
755	348	44
756	349	44
757	350	44
758	93	44
759	351	44
760	352	44
761	353	44
762	354	44
763	355	44
764	319	45
765	320	45
766	79	45
767	321	45
768	322	45
769	323	45
770	324	45
771	325	45
772	326	45
773	132	45
774	327	45
775	328	45
776	215	45
777	329	45
778	179	45
779	330	45
780	167	45
781	331	45
782	332	45
783	156	45
784	333	45
785	176	45
786	334	45
787	335	45
788	336	45
789	337	45
790	338	45
791	339	45
792	340	45
793	341	45
794	342	45
795	343	45
796	344	45
797	88	45
798	174	45
799	194	45
800	345	45
801	346	45
802	347	45
803	181	45
804	348	45
805	349	45
806	350	45
807	93	45
808	351	45
809	352	45
810	353	45
811	354	45
812	355	45
813	319	1
814	320	1
815	321	1
816	322	1
817	323	1
818	324	1
819	325	1
820	326	1
821	132	1
822	327	1
823	328	1
824	329	1
825	179	1
826	330	1
827	167	1
828	331	1
829	332	1
830	156	1
831	333	1
832	176	1
833	334	1
834	335	1
835	336	1
836	337	1
837	338	1
838	339	1
839	340	1
840	341	1
841	342	1
842	343	1
843	344	1
844	174	1
845	194	1
846	345	1
847	346	1
848	347	1
849	181	1
850	348	1
851	349	1
852	350	1
853	351	1
854	352	1
855	353	1
856	354	1
857	355	1
\.


--
-- Name: main_source_monitoring_product_id_seq; Type: SEQUENCE SET; Schema: public; Owner: stas
--

SELECT pg_catalog.setval('main_source_monitoring_product_id_seq', 857, true);


--
-- Data for Name: main_speaker; Type: TABLE DATA; Schema: public; Owner: stas
--

COPY main_speaker (id, project_id, fio, speaker_category_id, speaker_level_id, speaker_quote_uniqueness_id) FROM stdin;
4	1	федеральный уровень, федеральный уровень	4	4	5
10	2	аноним	9	8	\N
5	1	федеральный уровень	6	5	6
6	1	Астро Теллер, глава подразделения Google X, Сергей Брин, один из основателей Google	4	4	4
11	2	Стефанос Вафеидис	8	7	\N
7	1	Крис О'Нил, глава по бизнес-операциям Glass, Сергей Брин, один из основателей Google	4	4	5
8	1	Крис О'Нил, глава по бизнес-операциям Glass	5	5	6
9	1	Сергей Брин, один из основателей Google	6	5	6
12	1	аноним	12	11	\N
13	1	Стефанос Вафеидис	11	10	\N
\.


--
-- Name: main_speaker_id_seq; Type: SEQUENCE SET; Schema: public; Owner: stas
--

SELECT pg_catalog.setval('main_speaker_id_seq', 13, true);


--
-- Data for Name: main_speaker_monitoring_product; Type: TABLE DATA; Schema: public; Owner: stas
--

COPY main_speaker_monitoring_product (id, speaker_id, monitoringproduct_id) FROM stdin;
4	4	1
5	5	1
6	6	1
7	7	1
8	8	1
9	9	1
12	10	2
13	11	2
17	12	9
19	13	9
22	12	43
23	13	43
26	12	44
27	13	44
28	12	45
29	13	45
30	12	1
31	13	1
\.


--
-- Name: main_speaker_monitoring_product_id_seq; Type: SEQUENCE SET; Schema: public; Owner: stas
--

SELECT pg_catalog.setval('main_speaker_monitoring_product_id_seq', 31, true);


--
-- Data for Name: main_speakercategory; Type: TABLE DATA; Schema: public; Owner: stas
--

COPY main_speakercategory (id, title, project_id) FROM stdin;
4	руководитель подразделения, топ-менеджмент	1
5	руководитель подразделения	1
6	топ-менеджмент	1
7	аноним	2
9	Представители пресс-службы	2
8	Топ-менеджмент	2
10	аноним	1
12	Представители пресс-службы	1
11	Топ-менеджмент	1
\.


--
-- Name: main_speakercategory_id_seq; Type: SEQUENCE SET; Schema: public; Owner: stas
--

SELECT pg_catalog.setval('main_speakercategory_id_seq', 12, true);


--
-- Data for Name: main_speakercategory_monitoring_product; Type: TABLE DATA; Schema: public; Owner: stas
--

COPY main_speakercategory_monitoring_product (id, speakercategory_id, monitoringproduct_id) FROM stdin;
4	4	1
5	5	1
6	6	1
10	7	2
11	8	2
12	9	2
17	10	9
19	11	9
21	12	9
25	10	43
26	11	43
27	12	43
31	10	44
32	11	44
33	12	44
34	10	45
35	11	45
36	12	45
37	10	1
38	11	1
39	12	1
\.


--
-- Name: main_speakercategory_monitoring_product_id_seq; Type: SEQUENCE SET; Schema: public; Owner: stas
--

SELECT pg_catalog.setval('main_speakercategory_monitoring_product_id_seq', 39, true);


--
-- Data for Name: main_speakerlevel; Type: TABLE DATA; Schema: public; Owner: stas
--

COPY main_speakerlevel (id, title, project_id) FROM stdin;
4	федеральный уровень, федеральный уровень	1
5	федеральный уровень	1
6	аноним	2
8	региональный	2
7	федеральный	2
9	аноним	1
11	региональный	1
10	федеральный	1
\.


--
-- Name: main_speakerlevel_id_seq; Type: SEQUENCE SET; Schema: public; Owner: stas
--

SELECT pg_catalog.setval('main_speakerlevel_id_seq', 11, true);


--
-- Data for Name: main_speakerlevel_monitoring_product; Type: TABLE DATA; Schema: public; Owner: stas
--

COPY main_speakerlevel_monitoring_product (id, speakerlevel_id, monitoringproduct_id) FROM stdin;
4	4	1
5	5	1
9	6	2
10	7	2
11	8	2
16	9	9
18	10	9
20	11	9
24	9	43
25	10	43
26	11	43
30	9	44
31	10	44
32	11	44
33	9	45
34	10	45
35	11	45
36	9	1
37	10	1
38	11	1
\.


--
-- Name: main_speakerlevel_monitoring_product_id_seq; Type: SEQUENCE SET; Schema: public; Owner: stas
--

SELECT pg_catalog.setval('main_speakerlevel_monitoring_product_id_seq', 38, true);


--
-- Data for Name: main_speakerquote; Type: TABLE DATA; Schema: public; Owner: stas
--

COPY main_speakerquote (id, title, project_id) FROM stdin;
\.


--
-- Name: main_speakerquote_id_seq; Type: SEQUENCE SET; Schema: public; Owner: stas
--

SELECT pg_catalog.setval('main_speakerquote_id_seq', 1, false);


--
-- Data for Name: main_speakerquote_monitoring_product; Type: TABLE DATA; Schema: public; Owner: stas
--

COPY main_speakerquote_monitoring_product (id, speakerquote_id, monitoringproduct_id) FROM stdin;
\.


--
-- Name: main_speakerquote_monitoring_product_id_seq; Type: SEQUENCE SET; Schema: public; Owner: stas
--

SELECT pg_catalog.setval('main_speakerquote_monitoring_product_id_seq', 1, false);


--
-- Data for Name: main_speakerquoteuniqueness; Type: TABLE DATA; Schema: public; Owner: stas
--

COPY main_speakerquoteuniqueness (id, title, project_id) FROM stdin;
4	да, да	1
5	да, нет	1
6	нет	1
\.


--
-- Name: main_speakerquoteuniqueness_id_seq; Type: SEQUENCE SET; Schema: public; Owner: stas
--

SELECT pg_catalog.setval('main_speakerquoteuniqueness_id_seq', 6, true);


--
-- Data for Name: main_speakerquoteuniqueness_monitoring_product; Type: TABLE DATA; Schema: public; Owner: stas
--

COPY main_speakerquoteuniqueness_monitoring_product (id, speakerquoteuniqueness_id, monitoringproduct_id) FROM stdin;
4	4	1
5	5	1
6	6	1
\.


--
-- Name: main_speakerquoteuniqueness_monitoring_product_id_seq; Type: SEQUENCE SET; Schema: public; Owner: stas
--

SELECT pg_catalog.setval('main_speakerquoteuniqueness_monitoring_product_id_seq', 6, true);


--
-- Data for Name: main_speakerspeechhate; Type: TABLE DATA; Schema: public; Owner: stas
--

COPY main_speakerspeechhate (id, title, project_id) FROM stdin;
4	отдельные цитаты, косвенное цитирование	1
5	отдельные цитаты	1
6	косвенное цитирование	1
\.


--
-- Name: main_speakerspeechhate_id_seq; Type: SEQUENCE SET; Schema: public; Owner: stas
--

SELECT pg_catalog.setval('main_speakerspeechhate_id_seq', 6, true);


--
-- Data for Name: main_speakerspeechhate_monitoring_product; Type: TABLE DATA; Schema: public; Owner: stas
--

COPY main_speakerspeechhate_monitoring_product (id, speakerspeechhate_id, monitoringproduct_id) FROM stdin;
4	4	1
5	5	1
6	6	1
\.


--
-- Name: main_speakerspeechhate_monitoring_product_id_seq; Type: SEQUENCE SET; Schema: public; Owner: stas
--

SELECT pg_catalog.setval('main_speakerspeechhate_monitoring_product_id_seq', 6, true);


--
-- Data for Name: main_statementspeaker; Type: TABLE DATA; Schema: public; Owner: stas
--

COPY main_statementspeaker (id, project_id, article_id, speaker_id, mentions_object_id, speaker_speech_hate_id) FROM stdin;
167	1	1950	12	1531	\N
168	1	1951	12	1532	\N
169	1	1954	12	1535	\N
170	1	1956	12	1537	\N
171	1	1968	12	1550	\N
172	1	1976	12	1559	\N
173	1	1978	13	1563	\N
\.


--
-- Name: main_statementspeaker_id_seq; Type: SEQUENCE SET; Schema: public; Owner: stas
--

SELECT pg_catalog.setval('main_statementspeaker_id_seq', 173, true);


--
-- Data for Name: main_statementspeaker_monitoring_product; Type: TABLE DATA; Schema: public; Owner: stas
--

COPY main_statementspeaker_monitoring_product (id, statementspeaker_id, monitoringproduct_id) FROM stdin;
206	167	45
207	167	1
208	167	43
209	168	45
210	168	1
211	168	43
212	169	45
213	169	1
214	169	43
215	170	45
216	170	1
217	170	43
218	171	45
219	171	1
220	171	43
221	172	45
222	172	1
223	172	43
224	173	45
225	173	1
226	173	43
\.


--
-- Name: main_statementspeaker_monitoring_product_id_seq; Type: SEQUENCE SET; Schema: public; Owner: stas
--

SELECT pg_catalog.setval('main_statementspeaker_monitoring_product_id_seq', 226, true);


--
-- Data for Name: main_tag; Type: TABLE DATA; Schema: public; Owner: stas
--

COPY main_tag (id, title, project_id) FROM stdin;
2	Feature article	1
4	KL Mentioned	1
1	ICA	1
3	News	1
5	TR	1
\.


--
-- Name: main_tag_id_seq; Type: SEQUENCE SET; Schema: public; Owner: stas
--

SELECT pg_catalog.setval('main_tag_id_seq', 5, true);


--
-- Data for Name: main_tag_monitoring_product; Type: TABLE DATA; Schema: public; Owner: stas
--

COPY main_tag_monitoring_product (id, tag_id, monitoringproduct_id) FROM stdin;
1	1	2
2	2	2
3	3	2
4	4	2
5	5	2
\.


--
-- Name: main_tag_monitoring_product_id_seq; Type: SEQUENCE SET; Schema: public; Owner: stas
--

SELECT pg_catalog.setval('main_tag_monitoring_product_id_seq', 5, true);


--
-- Data for Name: main_technologies; Type: TABLE DATA; Schema: public; Owner: stas
--

COPY main_technologies (id, title, project_id) FROM stdin;
\.


--
-- Name: main_technologies_id_seq; Type: SEQUENCE SET; Schema: public; Owner: stas
--

SELECT pg_catalog.setval('main_technologies_id_seq', 1, false);


--
-- Data for Name: main_technologies_monitoring_product; Type: TABLE DATA; Schema: public; Owner: stas
--

COPY main_technologies_monitoring_product (id, technologies_id, monitoringproduct_id) FROM stdin;
\.


--
-- Name: main_technologies_monitoring_product_id_seq; Type: SEQUENCE SET; Schema: public; Owner: stas
--

SELECT pg_catalog.setval('main_technologies_monitoring_product_id_seq', 1, false);


--
-- Data for Name: main_thematiccategory; Type: TABLE DATA; Schema: public; Owner: stas
--

COPY main_thematiccategory (id, title, project_id) FROM stdin;
\.


--
-- Name: main_thematiccategory_id_seq; Type: SEQUENCE SET; Schema: public; Owner: stas
--

SELECT pg_catalog.setval('main_thematiccategory_id_seq', 1, false);


--
-- Data for Name: main_thematiccategory_monitoring_product; Type: TABLE DATA; Schema: public; Owner: stas
--

COPY main_thematiccategory_monitoring_product (id, thematiccategory_id, monitoringproduct_id) FROM stdin;
\.


--
-- Name: main_thematiccategory_monitoring_product_id_seq; Type: SEQUENCE SET; Schema: public; Owner: stas
--

SELECT pg_catalog.setval('main_thematiccategory_monitoring_product_id_seq', 1, false);


--
-- Data for Name: main_thirdpartyspeakers; Type: TABLE DATA; Schema: public; Owner: stas
--

COPY main_thirdpartyspeakers (id, title, project_id) FROM stdin;
\.


--
-- Name: main_thirdpartyspeakers_id_seq; Type: SEQUENCE SET; Schema: public; Owner: stas
--

SELECT pg_catalog.setval('main_thirdpartyspeakers_id_seq', 1, false);


--
-- Data for Name: main_thirdpartyspeakers_monitoring_product; Type: TABLE DATA; Schema: public; Owner: stas
--

COPY main_thirdpartyspeakers_monitoring_product (id, thirdpartyspeakers_id, monitoringproduct_id) FROM stdin;
\.


--
-- Name: main_thirdpartyspeakers_monitoring_product_id_seq; Type: SEQUENCE SET; Schema: public; Owner: stas
--

SELECT pg_catalog.setval('main_thirdpartyspeakers_monitoring_product_id_seq', 1, false);


--
-- Data for Name: main_url; Type: TABLE DATA; Schema: public; Owner: stas
--

COPY main_url (id, title, project_id) FROM stdin;
84	http://www.vesti.ru/doc.html?id=2131343&cid=9	1
405	http://pozitive.org/apple/rekord-ot-microsoft-1151-chelovek-v-odnom-selfi-snimke.html	1
406	http://www.winline.ru/news/nokia_lumia_730_samoe_bolshoe_gruppovoe_selfi.php	1
407	http://pcnews.ru/news/apple_pozertvuet_milliony_na_borbu_so_spidom-584386.html	1
85	http://pcnews.ru/news/maska_dla_sna_sdelaet_son_bolee_kacestvennym-582586.html	1
86	http://pcnews.ru/news/nexus_7_perestal_vosproizvodit_video_s_android_50-582577.html	1
87	http://pcnews.ru/news/processor_apple_a8x_dla_ipad_stal_bolsoj_problemoj_dla_intel_qualcomm_samsung_i_nvidia-582574.html	1
88	http://www.kommersant.ru/doc/2613006	1
89	http://pcnews.ru/news/google_project_loon_obzavelsa_pervym_partnerom-582557.html	1
90	http://pcnews.ru/news/v_ispytaniah_proekta_google_project_loon_v_avstralii_budet_zadejstvovano_20_sarov-582549.html	1
91	http://pcnews.ru/news/winzip_19_i_winzip_19_pro_predlagaut_novyj_sposob_raboty_s_fajlami_v_oblake-582546.html	1
92	http://www.computerra.ru/110470/facebook-at-work/	1
93	http://pcnews.ru/news/sajt_virus_total_predostavlaet_podrobnuu_informaciu_po_vredonosnomu_po_dla_linux-582542.html	1
94	http://www.gazeta.ru/tech/2014/11/17_a_6304181.shtml	1
95	http://www.kommersant.ru/doc/2612899	1
96	http://pcnews.ru/news/tales_from_the_borderlands_ot_sozdatelej_the_wolf_among_us_poavitsa_do_konca_goda-582534.html	1
97	http://www.ixbt.com/news/hard/index.shtml?18/42/86	1
98	http://www.vesti.ru/doc.html?id=2131026&cid=2161	1
99	http://www.kommersant.ru/doc/2612909	1
100	http://www.cnews.ru/news/line/print.shtml?2014/11/17/589756	1
101	http://www.it-weekly.ru/news-company/events/66839.html	1
102	http://pcnews.ru/news/pat_poleznyh_ofisnyh_paketov_dla_android-582507.html	1
103	http://pcnews.ru/news/tks_bank_zapustil_mobilnoe_prilozenie_dla_servisa_deneznyh_perevodov_mezdu_kartami_rossijskih_bankov_-582493.html	1
104	http://pcnews.ru/news/the_last_door___vdohnovlennyj_tvoreniami_lavkrafta_horror_dla_android-582475.html	1
105	http://pcnews.ru/news/legendarnym_cervackam_19_let_prazdnicnye_skidki_v_app_store_i_google_play-582477.html	1
106	http://mskit.ru/news/n175245/	1
107	http://www.rbc.ru/rbcfreenews/5469ec76cbb20fa2cea49dc8	1
108	http://top.rbc.ru/business/17/11/2014/5469db08cbb20f2a82e96769	1
109	http://www.cnews.ru/news/line/print.shtml?2014/11/17/589743	1
110	http://www.forbes.ru/mneniya-column/konkurentsiya/273509-importozameshchenie-v-it-pochemu-ne-srabotayut-predlozheniya-min	1
111	http://lenta.ru/news/2014/11/17/kasper/	1
112	http://pcnews.ru/news/facebook_at_work_sluhi_o_korporativnoj_socialnoj_seti-582438.html	1
113	http://pcnews.ru/news/vladelcy_nexus_4_polucat_android_lollipop_v_blizajsee_vrema-582439.html	1
114	http://www.kommersant.ru/doc/2612705	1
115	http://mskit.ru/short_news/s175226/	1
116	http://slon.ru/fast/russia/gosdepartament-ssha-atakovali-khakery-1184983.xhtml	1
117	http://www.gazeta.ru/tech/news/2014/11/17/n_6657381.shtml	1
118	http://www.gazeta.ru/tech/news/2014/11/17/n_6657373.shtml	1
119	http://www.gazeta.ru/tech/2014/11/17_a_6303777.shtml	1
408	http://re-port.ru/research/lyubimye_brendy_rossijan/	1
280	http://www.vedomosti.ru/newspaper/article/805231/rosneft-zaschitila-zapasy	1
281	http://www.silver.ru/main.mhtml?Part=22&PubID=76498	1
282	http://itar-tass.com/ekonomika/1622301	1
283	http://itar-tass.com/ekonomika/1622088	1
284	http://tass.ru/ekonomika/1622783	1
285	http://ria.ru/authors/20141204/1036592065.html	1
286	http://ria.ru/economy/20141204/1036525467.html	1
287	http://1prime.ru/companies/20141204/797265984.html	1
288	http://top.rbc.ru/business/04/12/2014/54808d1ccbb20f57f015ace1	1
289	http://www.newdaynews.ru/italy/519986.html	1
290	http://www.vedomosti.ru/finance/news/36872441/neftyanoj-rynok-ne-otreagiroval-na-rech-putina	1
291	http://www.vedomosti.ru/companies/news/36864701/ulyukaev-rosneft-dolzhna-byt-prodana-ne-nizhe-ceny-ipo	1
292	http://www.vedomosti.ru/companies/news/36871701/ongc-mozhet-poluchit-10-vankora-na-sleduyuschej-nedele	1
293	http://www.kommersant.ru/doc/2625508	1
294	http://www.kommersant.ru/doc/2625461	1
295	http://lenta.ru/news/2014/12/04/oilfield/	1
296	http://www.gazeta.ru/business/news/2014/12/04/n_6711873.shtml	1
297	http://quote.rbc.ru/news/fond/2014/12/04/34271079.html	1
298	http://www.ruscable.ru/news/2014/12/04/FSK_EES_i_Rosnefty_dogovorilisy_o_partnerstve_v_ob/	1
299	http://oilru.com/news/440196/	1
300	http://investcafe.ru/blogs/grbirg/posts/47140	1
158	http://www.pcweek.ua/themes/detail.php?ID=145587	1
159	http://sostav.ua/publication/kak-obespechit-informatsionnuyu-bezopasnost-biznesa-59196.html	1
160	http://www.profi-forex.org/internet/social-nye-seti/odnoklassniki/entry1008195606.html	1
161	http://www.yugopolis.ru/news/hitech/2014/01/21/63336/internet-kompuoternaya-bezopasnost	1
162	http://www.interfax.by/article/1146274	1
163	http://ria.ru/technology/20140122/990634011.html	1
164	http://www.securitylab.ru/news/449133.php	1
165	http://www.vz.ru/society/2014/1/22/669049.html	1
166	http://ria.ru/technology/20140123/990977496.html	1
167	http://www.ixbt.com/news/soft/index.shtml?17/58/80	1
120	http://top.rbc.ru/technology_and_media/17/11/2014/5469b31fcbb20ff152b416a4	1
121	http://lenta.ru/news/2014/11/17/fbwork/	1
122	http://www.vedomosti.ru/newsline/news/2014/11/17/36056771	1
123	http://pcnews.ru/news/smart_casy_asus_zenwatch_dobavleny_v_katalog_google_play-582383.html	1
124	http://pcnews.ru/news/novye_strujnye_mfu_brother_business_smart_podojdut_malomu_biznesu-582382.html	1
125	http://tass.ru/ekonomika/1576686	1
126	http://slon.ru/fast/world/facebook-sozdast-konkurenta-linkedin-1184920.xhtml	1
127	http://ria.ru/economy/20141117/1033657359.html	1
128	http://1prime.ru/telecommunications_and_technologies/20141117/796126107.html	1
129	http://www.it-weekly.ru/market/business/66811.html	1
130	http://pcnews.ru/news/gonka_k_nulu_pugaet_bolsinstvo_tehnologiceskih_kompanij-582357.html	1
131	http://www.novayagazeta.ru/news/1689408.html	1
132	http://pcnews.ru/news/google_perenesla_reliz_umnyh_ockov_glass_na_2015_god-582353.html	1
133	http://www.novayagazeta.ru/news/1689406.html	1
134	http://www.gazeta.ru/tech/news/2014/11/17/n_6656697.shtml	1
135	http://www.tdaily.ru/news/top-novosti/34792	1
136	http://lenta.ru/articles/2014/11/17/chinese/	1
137	http://www.vesti.ru/doc.html?id=2129867	1
138	http://www.novayagazeta.ru/inquests/66134.html	1
139	http://www.vedomosti.ru/newspaper/article/792851/fbr-interesuetsya-futbolom	1
140	http://www.kommersant.ru/doc/2612392	1
141	http://ria.ru/technology/20140102/987702134.html	1
142	http://www.profi-forex.org/novosti-rossii/entry1008194218.html	1
143	http://www.securitylab.ru/news/448838.php	1
144	http://www.tv.net.ua/news/internet/1050742132-fayly-cpl-i-chepro-pozvolyayut-zarazhat-kompyuternye-sistemy.html	1
145	http://www.forbes.ru/milliardery/249496-pioner-goda-pochemu-vse-marki-olega-tinkova-khorosho-prodayutsya	1
146	http://ria.ru/technology/20140114/989125869.html	1
147	http://corp.cnews.ru/news/top/index.shtml?2014/01/14/556270	1
148	http://www.securitylab.ru/news/448897.php	1
149	http://www.x-drivers.ru/news/software/14004.html	1
150	http://www.vz.ru/society/2014/1/14/667775.html	1
151	http://www.interfax.by/article/1145692	1
152	http://ex-press.by/article.php?id=78500	1
153	http://ria.ru/society/20140115/989433174.html	1
154	http://safe.cnews.ru/news/top/index.shtml?2014/01/16/556601	1
155	http://www.securitylab.ru/news/448977.php	1
156	http://www.spbit.su/news/n157738	1
157	http://www.chip.ua/novosti/aktsiya-ot-laboratorii-kasperskogo-s-world-of-tanks-i-world-of-warplanes	1
168	http://www.klerk.ru/soft/news/351370/	1
169	http://news.headline.kz/chto_v_strane/kazahstan_stal_10-m_v_spiske_stran-istochnikov_spama_v_2013_godu.html	1
170	http://kt.kz/rus/science/kazahstan_sohranjaet_mesto_v_desjatke_stranistochnikov_spama_v_2013_godu_1153583455.html	1
301	http://world.investfunds.ru/news/view/68777/	1
302	http://www.vedomosti.ru/newspaper/article/805491/lukojl-bolshe-ne-partner	1
303	http://www.vedomosti.ru/newspaper/article/804971/gazprom	1
304	http://www.kommersant.ru/doc/2625261	1
305	http://rbcdaily.ru/industry/562949993200529	1
306	http://ria.ru/economy/20141204/1036530221.html	1
307	http://ria.ru/moscow/20141204/1036463648.html	1
345	http://vtambove.ru/news/society/70402/	1
346	http://businesspskov.ru/rinfra/isvyaz/78499.html	1
413	http://www.championat.com/business/news-1992458-coca-cola-nedovolna-skandalom-vokrug-fifa.html	1
414	http://news.rambler.ru/28047909/	1
415	http://news.rambler.ru/28047846/	1
416	http://subscribe.ru/archive/release.benefits.advert/201411/24180908.html	1
171	http://forbes.kz/news/2014/01/24/newsid_49617	1
172	http://www.vedomosti.ru/career/news/21900271/lyubov-k-nachalstvu-eto-diagnoz	1
173	http://www.capital.ua/ru/news/12388-v-proshlom-godu-kolichestvo-spama-v-pochtovom-trafike-umenshilos-na-2-5	1
174	http://www.chip.ua/novosti/laboratoriya-kasperskogo-proanalizirovala-kak-izmenilsya-spam-za-2013-god	1
175	http://safe.cnews.ru/news/top/index.shtml?2014/01/29/558426	1
176	http://www.securitylab.ru/news/449255.php	1
177	http://corp.cnews.ru/news/line/index.shtml?2014/01/30/558482	1
178	http://soft.mail.ru/pressrl_page.php?id=54385	1
179	http://ex-press.by/article.php?id=79356	1
180	http://www.interfax.by/article/1147017	1
181	http://www.chip.ua/novosti/laboratoriya-kasperskogo-o-tryukah-spam-kreditorov/	1
182	http://safe.cnews.ru/news/line/index.shtml?2014/01/31/558666	1
183	http://www.ferra.ru/ru/techlife/news/2014/01/31/kaspersky-RU-CENTER/#.U_F9hvl_uSo	1
184	http://www.securitylab.ru/news/449306.php	1
185	http://www.osp.ru/news/2014/0131/13022965/	1
186	http://www.klerk.ru/soft/news/351908/	1
187	http://www.klerk.ru/soft/news/351875/	1
188	http://www.profi-forex.org/forex/forex-brokers/novosti-brokerov/entry1008197100.html	1
189	http://www.profi-forex.by/news/entry5000023295.html	1
190	http://www.1sn.ru/115107.html	1
191	http://dnpr.com.ua/content/pishcha-patriotov	1
192	http://www.marieclaire.ru/razgovori/intervyu-s-jizel-byundhen/	1
193	http://news.rambler.ru/26783661/	1
194	http://allretail.ua/news/38134/	1
195	http://advert-news.ru/novosti-kompaniy/v-britanskoy-visshey-shkole-dizayna-noviy-direktor.html	1
196	http://www.metronews.ru/uikend/skarlett-johansson-ja-supergeroj-ponevole/Tponid---Y4Jgxd1cWWGI/	1
197	http://gorod.afisha.ru/news/8859/	1
198	http://koptevo.mos.ru/presscenter/news/detail/1262565.html	1
199	http://www.advertology.ru/article125506.htm	1
200	http://www.rosbalt.ru/main/2014/09/04/1311710.html	1
201	http://polit.ru/news/2014/09/04/needmeet/	1
202	http://pronedra.ru/business/2014/09/04/es-biznes-sankcii/	1
203	http://mir24.tv/news/world/11178031	1
204	http://minfin.com.ua/2014/09/04/4549214/	1
205	http://arbat.mos.ru/presscenter/news/detail/1261880.html	1
206	http://finance.rambler.ru/news/economics/150459346.html	1
207	http://top55.info/news/newsid/17256/	1
208	http://www.tvc.ru/news/show/id/49348	1
209	http://gorodskoyportal.ru/moskva/news/news/8133818/	1
210	http://www.the-village.ru/village/hopesandfears/news/164229-anti-sanctions	1
211	http://gigamir.net/money/pub1060955	1
212	http://www.riasv.ru/entry/96158/	1
213	http://nsn.fm/hots/evropeyskiy-biznes-prosit-barrozu-ostanovit-politiku-sanktsiy.php	1
214	http://www.sejchas.ru/state/1582	1
215	http://www.vedomosti.ru/finance/news/33020301/aeb-prosit-evrosoyuz-rossiyu-i-ukrainu-zaschitit-inostrannyh	1
216	http://www.nakanune.ru/news/2014/9/4/22367766/	1
217	http://www.otr-online.ru/news/assotsiatsiya-evropeiskogo-biznesa-33718.html	1
218	http://www.adindex.ru/news/hr/2014/09/4/114569.phtml	1
219	http://omskgazzeta.ru/gorod/v_omske_otkrlas_vtoraya_plochshadka_ot_fonda_obnajenne_serdtsa/	1
220	http://www.m24.ru/articles/54731	1
221	http://mfd.ru/comments/view/?id=126285	1
222	http://www.capital.ua/ru/news/28617-aeb-prosit-predotvratit-novye-sanktsii	1
223	http://www.kommersant.ru/doc/2559737	1
417	http://subscribe.ru/archive/release.benefits.advert/201411/24180821.html	1
423	http://hi-tech.mail.ru/news/microsoft-world-record-selfie.html	1
424	http://www.opt-union.ru/news.php?id=71911	1
425	http://naiz.org/media/12/2272/	1
308	http://www.kommersant.ru/doc/2380717	1
309	http://www.vedomosti.ru/finance/news/21067671/fond-deutsche-bank-kupil-akcii-moskovskoj-birzhi-i	1
310	http://www.pcweek.ru/security/article/detail.php?ID=158644	1
311	http://regions.ru/news/2493121/	1
312	http://www.bfm.ru/news/241315	1
313	http://expert.ru/2014/01/4/kuda-ushli-milliardyi/	1
314	http://www.gazeta.ru/tech/2013/12/30_a_5825253.shtml	1
315	http://www.ixbt.com/news/soft/index.shtml?17/52/21	1
316	http://www.mforum.ru/phones/tests/104705.htm	1
317	http://digit.ru/state/20140101/410045243.html	1
318	http://www.3dnews.ru/790089	1
319	http://www.content-review.com/articles/26094/	1
320	http://www.content-review.com/articles/26089/	1
321	http://www.content-review.com/articles/26086/	1
322	http://www.content-review.com/articles/26078/	1
323	http://www.finmarket.ru/shares/analytics.asp?nt=0&id=3598176	1
324	http://www.vesti.ru/doc.html?id=1180702	1
224	http://v-vybor.com/analitika/NC/arkchive_2014/9/4_09_2014_prognoz	1
225	http://quote.rbc.ru/comments/2014/09/04/34212012.html	1
226	http://www.2stocks.ru/main/invest/stocks/article/nc040914	1
227	http://www.finam.ru/analysis/marketnews/uchastniki-torgov-vnimatelno-prislushivayutsya-k-vyxodyashim-novostyam-rynok-prodolzhaet-ostavatsya-zalozhnikom-geopolitiki-20140904-1700/	1
228	http://www.vestifinance.ru/markets/comments/16376	1
229	http://www.kaluga-poisk.ru/news/grabiteli-ukrali-partiyu-parfyumerii-na-5-millionov-rubley/	1
230	http://joinfo.ua/news/view/998036_Novie-kapsuli-ARIEL-3V1-PODS-malenkoe-moschnoe.html	1
231	http://www.opt-union.ru/news.php?id=62798	1
232	http://www.admomsk.ru/web/guest/news/-/asset_publisher/mh3W/content/496549	1
233	http://pr-release.ru/cat/news/49850	1
234	http://ru.investing.com/news/общие-новости/аеб-призывает-руководителей-ес,-россии-и-украины-защитить-иностранных-инвесторов-132075	1
235	http://www.august.ru/news/v-magazinah-pojavjatsja-tovary-pod-brendom-seriala-kuhnja	1
236	http://www.advertology.ru/article125491.htm	1
237	http://vm.ru/moscvichka/2014/09/04/sofiya-vergara-zarabotala-bolshe-vseh-televizionnih-aktris-12477.html	1
238	http://omskregion.info/item.asp?id=26025	1
239	http://www.press-release.ru/news/regions/4e48704627596/	1
240	http://ru.investing.com/analysis/Комментарий-и-прогноз-по-текущей-ситуации-на-рынке-(середина-дня)-94291	1
241	http://inthepress.ru/press/p291853.html	1
242	http://www.advis.ru/php/view_news.php?id=6F64AC05-2BDA-9D49-B1C0-F73254641B8F	1
243	http://lady.tochka.net/43980-imennitsa-beyonse-sekrety-krasoty/	1
244	http://retailstudio.org/news/odessa-bomond-propisalsya-v-trts-yessa	1
245	http://www.sports.ru/tribuna/blogs/rubinhouse/668342.html	1
246	http://www.dk.ru/firms/98722609/news/236884084	1
247	http://www.karta-smi.ru/pr/211730	1
248	http://prodmagazin.ru/2014/09/04/oxfam-international-10-kompaniy-mogut-formirovat-produktovuyu-korzinu-bolshey-chasti-naseleniya-planetyi/	1
249	http://www.loglink.ru/news/84042	1
250	http://news.rambler.ru/26771652/	1
251	http://arendator.ru/news/134368-v_odesskom_trc_laquoyessaraquo_otkroetsya_magazin_seti_laquobomondraquo/	1
252	http://www.garant.ru/info/infopartner/563037/	1
253	http://www.intercharm.net/news/index.phtm?ident=15659&page=&PHPSESSID=f0db5eed8047896e12efc25d9c3c9094	1
254	http://www.intercharm.net/news/index.phtm?ident=15654&page=&PHPSESSID=f0db5eed8047896e12efc25d9c3c9094	1
255	http://presuha.ru/release/439976-inmarko-i-fond-obnazhennye-serdca-torzhestvenno-otkryli-novuyu-detskuyu-ploschadku.html	1
256	http://news.rambler.ru/26771068/	1
257	http://gorodskoyportal.ru/omsk/news/news/8120764/	1
258	http://www.retailer.ru/item/id/103106/	1
426	http://www.adindex.ru/news/sport/2014/11/24/117735.phtml	1
428	http://www.advis.ru/php/view_news.php?id=E8D8BEF2-207D-F04C-87D2-F6CD18882DA4	1
429	http://news.rambler.ru/28036593/	1
431	http://news.rambler.ru/28037482/	1
432	http://www.creammag.ru/posts/sport/skateboarding/shest-izvestnyh-skeyterov-kurilshchikov/	1
325	http://izvestia.ru/news/563496	1
326	https://www.finam.ru/analysis/newsitem7B7E9/	1
327	http://www.finmarket.ru/shares/analytics/3599845	1
328	http://www.advertology.ru/article120129.htm	1
329	http://www.sostav.ru/publication/evroset-v-shoke-ot-gej-initsiativ-okhlobystina-7684.html	1
330	http://www.tdaily.ru/news/top-novosti/31770	1
331	http://www.advertology.ru/article120124.htm	1
332	http://www.tdaily.ru/news/glavnye-novosti/31772	1
333	http://www.sotovik.ru/news/225937-rostelekom-otdelil-mobilnie-aktivi.html	1
334	http://www.vesti.ru/doc.html?id=1191143	1
335	http://www.digit.ru/telecom/20140109/410509863.html	1
336	http://www.iksmedia.ru/news/5029171-Set-MTS-effektivno-spravilas-s-novo.html	1
337	http://www.moe-belgorod.ru/news/view/280408.html	1
338	http://www.moe-kursk.ru/news/view/280408.html	1
339	http://ikaluga.com/news/2014/01/06/samye-chastye-vidy-moshennichestva-v-kaluzhskoy	1
340	http://40.mvd.ru/news/item/1546797/	1
341	http://32.mvd.ru/news/item/1514714/	1
342	http://www.bryansktoday.ru/201401035936/incidents/V-novogodniy-vecher-zhitelnitsu-Bryanska-obvoroval-lyubimyy.html	1
343	http://www.rzn.info/news/2014/page/67/	1
344	http://www.infovoronezh.ru/News/V-Novogodnyuyu-noch-rossiyane-otpravili-svyishe-600-millionov-SMSok-23162.html	1
433	http://nedv.info/index.php?article=8602&arts	1
259	http://www.rb.ru/article/unilever-inmarko-i-fond-obnajennye-serdtsa-torjestvenno-otkryli-novuyu-detsk/7378234.html	1
260	http://www.worldcharity.ru/PressReleaseworldcharity/PressReleaseShow.asp?ID=517604	1
261	http://openmarket.ru/PressRelease/PressReleaseShow.asp?id=517604	1
262	http://publishernews.ru/PressRelease/PressReleaseShow.asp?id=517604	1
263	http://foodmarkets.ru/news/topic/16235	1
264	http://www.foodnewstime.ru/week_news/tehno/solnechnye-xolodilniki-dlya-morozhenogo.html	1
265	http://www.foodnewsweek.ru/%D0%BD%D0%B0%D1%83%D0%BA%D0%B0/texnologiya/solnechnye-xolodilniki-dlya-morozhenogo.html	1
266	http://edinstvennaya.ua/view/17995	1
267	http://www.kommersant.ru/doc/2545315	1
268	http://www.kommersant.ru/doc/2545318	1
269	http://www.omsktime.ru/news/id/63382	1
270	http://omskregion.info/item.asp?id=26011	1
271	http://kuplu.kz/novosti/?id=7224	1
272	http://www.vedomosti.ru/newspaper/article/747811/serial-na-prilavke	1
273	http://www.zbulvar.ru/?c=news&id=48819	1
274	http://www.mngz.ru/research-statistics/691731-10-kompaniy-kontroliruyuschih-mirovuyu-pischevuyu-industriyu.html	1
275	http://stock-maks.com/nwp/12528-seredina-dnya-rynok-prodolzhaet-ostavatsya-zalozhnikom-geopolitiki.html	1
276	http://nashinews.ru/penzenec-ukral-parfyumeriyu-s-zavoda-loreal-v-kaluzhskoj-obl.html	1
277	http://gorodskoyportal.ru/omsk/news/news/8113422/	1
278	http://news.rambler.ru/26766976/	1
279	http://forum-msk.org/material/fpolitic/10489554.html	1
347	http://stocks.investfunds.ru/news/54171/	1
348	http://www.vluki.ru/news/2014/01/07/267929.html	1
409	http://www.footballtop.ru/news/coca-cola-nedovolna-skandalom-vokrug-fifa	1
356	http://www.thg.ru/technews/20141124_193549.html	2
410	http://sport.mail.ru/news/football-worldcup/20245613/	1
411	http://droider.ru/post/rossiyane-vyibrali-lyubimyie-brendyi-eto-samsung-adidas-i-sony-24-11-2014/	1
412	http://www.thg.ru/technews/20141124_193549.html	1
418	http://ufa.mk.ru/articles/2014/11/24/uroki-kitayskogo.html	1
419	http://lenta.ru/news/2014/11/24/top20brands/	1
514	http://i38.ru/kultura-pervie/ansambl-doktor-dzhaz-sovmestno-s-amerikanskoy-pevitsey-paulett-makvilyams-dast-kontsert-v-irkutskoy-oblastnoy-filarmonii	4
515	http://www.kommersant.ru/doc/2618044	4
516	http://www.zvuki.ru/R/P/34446/	4
420	http://pcnews.ru/news/microsoft_postavila_mirovoj_rekord_po_kolicestvu_ludej_na_selfi_snimke-584293.html	1
421	http://news-pc.ru/microsoft-postavila-mirovoj-rekord-po-kolichestvu-lyudej-na-selfi-snimke/	1
422	http://www.sports.ru/tribuna/blogs/bezhish/705596.html	1
427	http://fb.ru/article/158559/molochnyiy-kokteyl-s-mango---slyunki-tekut-ot-chudesnogo-napitka	1
461	http://pozitive.org/apple/rekord-ot-microsoft-1151-chelovek-v-odnom-selfi-snimke.html	4
352	http://re-port.ru/research/lyubimye_brendy_rossijan/	2
353	http://www.footballtop.ru/news/coca-cola-nedovolna-skandalom-vokrug-fifa	2
462	http://www.winline.ru/news/nokia_lumia_730_samoe_bolshoe_gruppovoe_selfi.php	4
354	http://sport.mail.ru/news/football-worldcup/20245613/	2
355	http://droider.ru/post/rossiyane-vyibrali-lyubimyie-brendyi-eto-samsung-adidas-i-sony-24-11-2014/	2
463	http://pcnews.ru/news/apple_pozertvuet_milliony_na_borbu_so_spidom-584386.html	4
357	http://www.championat.com/business/news-1992458-coca-cola-nedovolna-skandalom-vokrug-fifa.html	2
358	http://news.rambler.ru/28047909/	2
464	http://re-port.ru/research/lyubimye_brendy_rossijan/	4
359	http://news.rambler.ru/28047846/	2
360	http://subscribe.ru/archive/release.benefits.advert/201411/24180908.html	2
465	http://www.footballtop.ru/news/coca-cola-nedovolna-skandalom-vokrug-fifa	4
361	http://subscribe.ru/archive/release.benefits.advert/201411/24180821.html	2
362	http://ufa.mk.ru/articles/2014/11/24/uroki-kitayskogo.html	2
466	http://sport.mail.ru/news/football-worldcup/20245613/	4
363	http://lenta.ru/news/2014/11/24/top20brands/	2
364	http://pcnews.ru/news/microsoft_postavila_mirovoj_rekord_po_kolicestvu_ludej_na_selfi_snimke-584293.html	2
467	http://droider.ru/post/rossiyane-vyibrali-lyubimyie-brendyi-eto-samsung-adidas-i-sony-24-11-2014/	4
365	http://news-pc.ru/microsoft-postavila-mirovoj-rekord-po-kolichestvu-lyudej-na-selfi-snimke/	2
366	http://www.sports.ru/tribuna/blogs/bezhish/705596.html	2
468	http://www.thg.ru/technews/20141124_193549.html	4
367	http://hi-tech.mail.ru/news/microsoft-world-record-selfie.html	2
368	http://www.opt-union.ru/news.php?id=71911	2
369	http://naiz.org/media/12/2272/	2
370	http://www.adindex.ru/news/sport/2014/11/24/117735.phtml	2
371	http://fb.ru/article/158559/molochnyiy-kokteyl-s-mango---slyunki-tekut-ot-chudesnogo-napitka	2
372	http://www.advis.ru/php/view_news.php?id=E8D8BEF2-207D-F04C-87D2-F6CD18882DA4	2
373	http://news.rambler.ru/28036593/	2
374	http://www.pravda-news.ru/topic/55776.html	2
375	http://news.rambler.ru/28037482/	2
376	http://www.creammag.ru/posts/sport/skateboarding/shest-izvestnyh-skeyterov-kurilshchikov/	2
377	http://nedv.info/index.php?article=8602&arts	2
378	http://marpeople.com/news/54416/fif	2
379	http://www.oilworld.ru/news.php?view=250769	2
380	http://expert.ru/south/2014/48/in_ektsiya-investitsionnogo-optimizma/	2
381	http://tjournal.ru/paper/first-iphone-ad-russian-tv	2
382	http://www.autonavigator.ru/guides/test-drive/Nissan/Qashqai/25973.html	2
383	http://dvkapital.ru/finance/dfo_24.11.2014_6527_zolotaja-investitsionnaja-seredina.html	2
469	http://www.championat.com/business/news-1992458-coca-cola-nedovolna-skandalom-vokrug-fifa.html	4
470	http://news.rambler.ru/28047909/	4
471	http://news.rambler.ru/28047846/	4
472	http://subscribe.ru/archive/release.benefits.advert/201411/24180908.html	4
473	http://subscribe.ru/archive/release.benefits.advert/201411/24180821.html	4
474	http://ufa.mk.ru/articles/2014/11/24/uroki-kitayskogo.html	4
475	http://lenta.ru/news/2014/11/24/top20brands/	4
476	http://pcnews.ru/news/microsoft_postavila_mirovoj_rekord_po_kolicestvu_ludej_na_selfi_snimke-584293.html	4
477	http://news-pc.ru/microsoft-postavila-mirovoj-rekord-po-kolichestvu-lyudej-na-selfi-snimke/	4
478	http://www.sports.ru/tribuna/blogs/bezhish/705596.html	4
479	http://hi-tech.mail.ru/news/microsoft-world-record-selfie.html	4
480	http://www.opt-union.ru/news.php?id=71911	4
481	http://naiz.org/media/12/2272/	4
482	http://www.adindex.ru/news/sport/2014/11/24/117735.phtml	4
434	http://marpeople.com/news/54416/fif	1
435	http://www.oilworld.ru/news.php?view=250769	1
436	http://expert.ru/south/2014/48/in_ektsiya-investitsionnogo-optimizma/	1
437	http://tjournal.ru/paper/first-iphone-ad-russian-tv	1
438	http://www.autonavigator.ru/guides/test-drive/Nissan/Qashqai/25973.html	1
349	http://pozitive.org/apple/rekord-ot-microsoft-1151-chelovek-v-odnom-selfi-snimke.html	2
350	http://www.winline.ru/news/nokia_lumia_730_samoe_bolshoe_gruppovoe_selfi.php	2
351	http://pcnews.ru/news/apple_pozertvuet_milliony_na_borbu_so_spidom-584386.html	2
439	http://dvkapital.ru/finance/dfo_24.11.2014_6527_zolotaja-investitsionnaja-seredina.html	1
440	http://www.schelkovo-gorod.ru/news_274_3295	1
442	http://news.rambler.ru/28044970/	1
483	http://fb.ru/article/158559/molochnyiy-kokteyl-s-mango---slyunki-tekut-ot-chudesnogo-napitka	4
484	http://www.advis.ru/php/view_news.php?id=E8D8BEF2-207D-F04C-87D2-F6CD18882DA4	4
485	http://news.rambler.ru/28036593/	4
486	http://www.pravda-news.ru/topic/55776.html	4
487	http://news.rambler.ru/28037482/	4
488	http://www.creammag.ru/posts/sport/skateboarding/shest-izvestnyh-skeyterov-kurilshchikov/	4
489	http://nedv.info/index.php?article=8602&arts	4
490	http://marpeople.com/news/54416/fif	4
491	http://www.oilworld.ru/news.php?view=250769	4
492	http://expert.ru/south/2014/48/in_ektsiya-investitsionnogo-optimizma/	4
493	http://tjournal.ru/paper/first-iphone-ad-russian-tv	4
494	http://www.autonavigator.ru/guides/test-drive/Nissan/Qashqai/25973.html	4
495	http://dvkapital.ru/finance/dfo_24.11.2014_6527_zolotaja-investitsionnaja-seredina.html	4
496	http://www.schelkovo-gorod.ru/news_274_3295	4
384	http://www.schelkovo-gorod.ru/news_274_3295	2
385	http://top.rbc.ru/technology_and_media/24/11/2014/546dcfe4cbb20fe9b5ff4d35	2
386	http://news.rambler.ru/28044970/	2
387	http://www.press-release.ru/branches/pr/2adc23612d861/	2
388	http://foodmarkets.ru/news/topic/17070	2
389	http://www.opt-union.ru/news.php?id=71914	2
390	http://www.d-kvadrat.ru/dk/promo/16310.html	2
391	http://gorodskoyportal.ru/izhevsk/news/news/10041067/	2
392	http://www.advis.ru/php/view_news.php?id=FAF6F351-C678-7249-8C93-E50443E1A926	2
393	http://www.udbiz.ru/node/3162	2
394	http://www.karta-smi.ru/pr/217910	2
395	http://oohmag.ru/novosti/-ja-menedzher-po-marketingu.html	2
396	http://geopolitica.ru/news/zasedanie-evrokomissarov-otmeneno-v-svyazi-s-obsuzhdeniem-voprosa-o-doverii-yunkeru	2
397	http://www.warandpeace.ru/ru/news/view/95999/	2
398	http://tass.ru/mezhdunarodnaya-panorama/1592947	2
399	http://moi-goda.ru/irkutsk-v-kurse-sobitiy/na-stsene-irkutskoy-filarmonii-vistupit-ansambl-doktor-dzhaz	2
400	http://prosport-online.ru/other/pop-zvezda-keti-perri-spoet-v-pereryve-superboula	2
401	http://news.rambler.ru/28031528/	2
402	http://i38.ru/kultura-pervie/ansambl-doktor-dzhaz-sovmestno-s-amerikanskoy-pevitsey-paulett-makvilyams-dast-kontsert-v-irkutskoy-oblastnoy-filarmonii	2
403	http://www.kommersant.ru/doc/2618044	2
404	http://www.zvuki.ru/R/P/34446/	2
497	http://top.rbc.ru/technology_and_media/24/11/2014/546dcfe4cbb20fe9b5ff4d35	4
498	http://news.rambler.ru/28044970/	4
499	http://www.press-release.ru/branches/pr/2adc23612d861/	4
500	http://foodmarkets.ru/news/topic/17070	4
501	http://www.opt-union.ru/news.php?id=71914	4
502	http://www.d-kvadrat.ru/dk/promo/16310.html	4
503	http://gorodskoyportal.ru/izhevsk/news/news/10041067/	4
504	http://www.advis.ru/php/view_news.php?id=FAF6F351-C678-7249-8C93-E50443E1A926	4
505	http://www.udbiz.ru/node/3162	4
506	http://www.karta-smi.ru/pr/217910	4
507	http://oohmag.ru/novosti/-ja-menedzher-po-marketingu.html	4
508	http://geopolitica.ru/news/zasedanie-evrokomissarov-otmeneno-v-svyazi-s-obsuzhdeniem-voprosa-o-doverii-yunkeru	4
509	http://www.warandpeace.ru/ru/news/view/95999/	4
510	http://tass.ru/mezhdunarodnaya-panorama/1592947	4
511	http://moi-goda.ru/irkutsk-v-kurse-sobitiy/na-stsene-irkutskoy-filarmonii-vistupit-ansambl-doktor-dzhaz	4
512	http://prosport-online.ru/other/pop-zvezda-keti-perri-spoet-v-pereryve-superboula	4
513	http://news.rambler.ru/28031528/	4
430	http://www.pravda-news.ru/topic/55776.html	1
441	http://top.rbc.ru/technology_and_media/24/11/2014/546dcfe4cbb20fe9b5ff4d35	1
443	http://www.press-release.ru/branches/pr/2adc23612d861/	1
444	http://foodmarkets.ru/news/topic/17070	1
445	http://www.opt-union.ru/news.php?id=71914	1
446	http://www.d-kvadrat.ru/dk/promo/16310.html	1
447	http://gorodskoyportal.ru/izhevsk/news/news/10041067/	1
448	http://www.advis.ru/php/view_news.php?id=FAF6F351-C678-7249-8C93-E50443E1A926	1
449	http://www.udbiz.ru/node/3162	1
450	http://www.karta-smi.ru/pr/217910	1
451	http://oohmag.ru/novosti/-ja-menedzher-po-marketingu.html	1
456	http://prosport-online.ru/other/pop-zvezda-keti-perri-spoet-v-pereryve-superboula	1
457	http://news.rambler.ru/28031528/	1
458	http://i38.ru/kultura-pervie/ansambl-doktor-dzhaz-sovmestno-s-amerikanskoy-pevitsey-paulett-makvilyams-dast-kontsert-v-irkutskoy-oblastnoy-filarmonii	1
459	http://www.kommersant.ru/doc/2618044	1
460	http://www.zvuki.ru/R/P/34446/	1
452	http://geopolitica.ru/news/zasedanie-evrokomissarov-otmeneno-v-svyazi-s-obsuzhdeniem-voprosa-o-doverii-yunkeru	1
453	http://www.warandpeace.ru/ru/news/view/95999/	1
454	http://tass.ru/mezhdunarodnaya-panorama/1592947	1
455	http://moi-goda.ru/irkutsk-v-kurse-sobitiy/na-stsene-irkutskoy-filarmonii-vistupit-ansambl-doktor-dzhaz	1
\.


--
-- Name: main_url_id_seq; Type: SEQUENCE SET; Schema: public; Owner: stas
--

SELECT pg_catalog.setval('main_url_id_seq', 516, true);


--
-- Data for Name: main_url_monitoring_product; Type: TABLE DATA; Schema: public; Owner: stas
--

COPY main_url_monitoring_product (id, url_id, monitoringproduct_id) FROM stdin;
84	84	1
85	85	1
86	86	1
87	87	1
88	88	1
89	89	1
90	90	1
91	91	1
92	92	1
93	93	1
94	94	1
95	95	1
96	96	1
97	97	1
98	98	1
99	99	1
100	100	1
101	101	1
102	102	1
103	103	1
104	104	1
105	105	1
106	106	1
107	107	1
108	108	1
109	109	1
110	110	1
111	111	1
112	112	1
113	113	1
114	114	1
115	115	1
116	116	1
117	117	1
118	118	1
119	119	1
120	120	1
121	121	1
122	122	1
123	123	1
124	124	1
125	125	1
126	126	1
127	127	1
128	128	1
129	129	1
130	130	1
131	131	1
132	132	1
133	133	1
134	134	1
135	135	1
136	136	1
137	137	1
138	138	1
139	139	1
140	140	1
141	141	2
142	142	2
143	143	2
144	144	2
145	145	2
146	146	2
147	147	2
148	148	2
149	149	2
150	150	2
151	151	2
152	152	2
153	153	2
154	154	2
155	155	2
156	156	2
157	157	2
158	158	2
159	159	2
160	160	2
161	161	2
162	162	2
163	163	2
164	164	2
165	165	2
166	166	2
167	167	2
168	168	2
169	169	2
170	170	2
171	171	2
172	172	2
173	173	2
174	174	2
175	175	2
176	176	2
177	177	2
178	178	2
179	179	2
180	180	2
181	181	2
182	182	2
183	183	2
184	184	2
185	185	2
186	186	2
187	187	2
188	188	2
189	189	2
190	190	2
191	191	2
192	192	2
193	193	2
194	194	2
195	195	2
196	196	2
197	197	2
198	198	2
199	199	2
200	200	2
201	201	2
202	202	2
203	203	2
204	204	2
205	205	2
206	206	2
207	207	2
208	208	2
209	209	2
210	210	2
211	211	2
212	212	2
213	213	2
214	214	2
215	215	2
216	216	2
217	217	2
218	218	2
219	219	2
220	220	2
221	221	2
222	222	2
223	223	2
224	224	2
225	225	2
226	226	2
227	227	2
228	228	2
229	229	2
230	230	2
231	231	2
232	232	2
233	233	2
234	234	2
235	235	2
236	236	2
237	237	2
238	238	2
239	239	2
240	240	2
241	241	2
242	242	2
243	243	2
244	244	2
245	245	2
246	246	2
247	247	2
248	248	2
249	249	2
250	250	2
251	251	2
252	252	2
253	253	2
254	254	2
255	255	2
256	256	2
257	257	2
258	258	2
259	259	2
260	260	2
261	261	2
262	262	2
263	263	2
264	264	2
265	265	2
266	266	2
267	267	2
268	268	2
269	269	2
270	270	2
271	271	2
272	272	2
273	273	2
274	274	2
275	275	2
276	276	2
277	277	2
278	278	2
279	279	2
280	280	1
281	281	1
282	282	1
283	283	1
284	284	1
285	285	1
286	286	1
287	287	1
288	288	1
289	289	1
290	290	1
291	291	1
292	292	1
293	293	1
294	294	1
295	295	1
296	296	1
297	297	1
298	298	1
299	299	1
300	300	1
301	301	1
302	302	1
303	303	1
304	304	1
305	305	1
306	306	1
307	307	1
308	308	1
309	309	1
310	310	1
311	311	1
312	312	1
313	313	1
314	314	1
315	315	1
316	316	1
317	317	1
318	318	1
319	319	1
320	320	1
321	321	1
322	322	1
323	323	1
324	324	1
325	325	1
326	326	1
327	327	1
328	328	1
329	329	1
330	330	1
331	331	1
332	332	1
333	333	1
334	334	1
335	335	1
336	336	1
337	337	1
338	338	1
339	339	1
340	340	1
341	341	1
342	342	1
343	343	1
344	344	1
345	345	1
346	346	1
347	347	1
348	348	1
349	349	2
350	350	2
351	351	2
352	352	2
353	353	2
354	354	2
355	355	2
356	356	2
357	357	2
358	358	2
359	359	2
360	360	2
361	361	2
362	362	2
363	363	2
364	364	2
365	365	2
366	366	2
367	367	2
368	368	2
369	369	2
370	370	2
371	371	2
372	372	2
373	373	2
374	374	2
375	375	2
376	376	2
377	377	2
378	378	2
379	379	2
380	380	2
381	381	2
382	382	2
383	383	2
384	384	2
385	385	2
386	386	2
387	387	2
388	388	2
389	389	2
390	390	2
391	391	2
392	392	2
393	393	2
394	394	2
395	395	2
396	396	2
397	397	2
398	398	2
399	399	2
400	400	2
401	401	2
402	402	2
403	403	2
404	404	2
741	405	43
742	406	43
743	407	43
744	408	43
745	409	43
746	410	43
747	411	43
748	412	43
749	413	43
750	414	43
751	415	43
752	416	43
753	417	43
754	418	43
755	419	43
756	420	43
757	421	43
758	422	43
759	423	43
760	424	43
761	425	43
762	426	43
763	427	43
764	428	43
765	429	43
766	430	43
517	461	9
518	462	9
519	463	9
520	464	9
521	465	9
522	466	9
523	467	9
524	468	9
525	469	9
526	470	9
527	471	9
528	472	9
529	473	9
530	474	9
531	475	9
532	476	9
533	477	9
534	478	9
535	479	9
536	480	9
537	481	9
538	482	9
539	483	9
540	484	9
541	485	9
542	486	9
543	487	9
544	488	9
545	489	9
546	490	9
547	491	9
548	492	9
549	493	9
550	494	9
551	495	9
552	496	9
553	497	9
554	498	9
555	499	9
556	500	9
557	501	9
558	502	9
559	503	9
560	504	9
561	505	9
562	506	9
563	507	9
564	508	9
565	509	9
566	510	9
567	511	9
568	512	9
569	513	9
570	514	9
571	515	9
572	516	9
767	431	43
574	405	9
768	432	43
576	406	9
769	433	43
578	407	9
770	434	43
580	408	9
771	435	43
582	409	9
772	436	43
584	410	9
773	437	43
586	411	9
774	438	43
588	412	9
775	439	43
590	413	9
776	440	43
592	414	9
777	441	43
594	415	9
778	442	43
596	416	9
779	443	43
598	417	9
780	444	43
600	418	9
781	445	43
602	419	9
782	446	43
604	420	9
783	447	43
606	421	9
784	448	43
608	422	9
785	449	43
610	423	9
786	450	43
612	424	9
787	451	43
614	425	9
788	452	43
616	426	9
789	453	43
618	427	9
790	454	43
620	428	9
791	455	43
622	429	9
792	456	43
624	430	9
793	457	43
626	431	9
794	458	43
628	432	9
795	459	43
630	433	9
796	460	43
632	434	9
634	435	9
636	436	9
638	437	9
640	438	9
642	439	9
644	440	9
646	441	9
648	442	9
650	443	9
652	444	9
654	445	9
656	446	9
658	447	9
660	448	9
662	449	9
664	450	9
666	451	9
668	452	9
670	453	9
672	454	9
674	455	9
676	456	9
678	457	9
680	458	9
682	459	9
684	460	9
853	405	44
854	406	44
855	407	44
856	408	44
857	409	44
858	410	44
859	411	44
860	412	44
861	413	44
862	414	44
863	415	44
864	416	44
865	417	44
866	418	44
867	419	44
868	420	44
869	421	44
870	422	44
871	423	44
872	424	44
873	425	44
874	426	44
875	427	44
876	428	44
877	429	44
878	430	44
879	431	44
880	432	44
881	433	44
882	434	44
883	435	44
884	436	44
885	437	44
886	438	44
887	439	44
888	440	44
889	441	44
890	442	44
891	443	44
892	444	44
893	445	44
894	446	44
895	447	44
896	448	44
897	449	44
898	450	44
899	451	44
900	452	44
901	453	44
902	454	44
903	455	44
904	456	44
905	457	44
906	458	44
907	459	44
908	460	44
909	405	45
910	406	45
911	407	45
912	408	45
913	409	45
914	410	45
915	411	45
916	412	45
917	413	45
918	414	45
919	415	45
920	416	45
921	417	45
922	418	45
923	419	45
924	420	45
925	421	45
926	422	45
927	423	45
928	424	45
929	425	45
930	426	45
931	427	45
932	428	45
933	429	45
934	430	45
935	431	45
936	432	45
937	433	45
938	434	45
939	435	45
940	436	45
941	437	45
942	438	45
943	439	45
944	440	45
945	441	45
946	442	45
947	443	45
948	444	45
949	445	45
950	446	45
951	447	45
952	448	45
953	449	45
954	450	45
955	451	45
956	452	45
957	453	45
958	454	45
959	455	45
960	456	45
961	457	45
962	458	45
963	459	45
964	460	45
965	405	1
966	406	1
967	407	1
968	408	1
969	409	1
970	410	1
971	411	1
972	412	1
973	413	1
974	414	1
975	415	1
976	416	1
977	417	1
978	418	1
979	419	1
980	420	1
981	421	1
982	422	1
983	423	1
984	424	1
985	425	1
986	426	1
987	427	1
988	428	1
989	429	1
990	430	1
991	431	1
992	432	1
993	433	1
994	434	1
995	435	1
996	436	1
997	437	1
998	438	1
999	439	1
1000	440	1
1001	441	1
1002	442	1
1003	443	1
1004	444	1
1005	445	1
1006	446	1
1007	447	1
1008	448	1
1009	449	1
1010	450	1
1011	451	1
1012	452	1
1013	453	1
1014	454	1
1015	455	1
1016	456	1
1017	457	1
1018	458	1
1019	459	1
1020	460	1
\.


--
-- Name: main_url_monitoring_product_id_seq; Type: SEQUENCE SET; Schema: public; Owner: stas
--

SELECT pg_catalog.setval('main_url_monitoring_product_id_seq', 1020, true);


--
-- Data for Name: main_visibility; Type: TABLE DATA; Schema: public; Owner: stas
--

COPY main_visibility (id, title, project_id) FROM stdin;
\.


--
-- Name: main_visibility_id_seq; Type: SEQUENCE SET; Schema: public; Owner: stas
--

SELECT pg_catalog.setval('main_visibility_id_seq', 1, false);


--
-- Data for Name: main_visibility_monitoring_product; Type: TABLE DATA; Schema: public; Owner: stas
--

COPY main_visibility_monitoring_product (id, visibility_id, monitoringproduct_id) FROM stdin;
\.


--
-- Name: main_visibility_monitoring_product_id_seq; Type: SEQUENCE SET; Schema: public; Owner: stas
--

SELECT pg_catalog.setval('main_visibility_monitoring_product_id_seq', 1, false);


--
-- Data for Name: main_visibilityspecial; Type: TABLE DATA; Schema: public; Owner: stas
--

COPY main_visibilityspecial (id, title, project_id) FROM stdin;
\.


--
-- Name: main_visibilityspecial_id_seq; Type: SEQUENCE SET; Schema: public; Owner: stas
--

SELECT pg_catalog.setval('main_visibilityspecial_id_seq', 1, false);


--
-- Data for Name: main_visibilityspecial_monitoring_product; Type: TABLE DATA; Schema: public; Owner: stas
--

COPY main_visibilityspecial_monitoring_product (id, visibilityspecial_id, monitoringproduct_id) FROM stdin;
\.


--
-- Name: main_visibilityspecial_monitoring_product_id_seq; Type: SEQUENCE SET; Schema: public; Owner: stas
--

SELECT pg_catalog.setval('main_visibilityspecial_monitoring_product_id_seq', 1, false);


--
-- Data for Name: main_week; Type: TABLE DATA; Schema: public; Owner: stas
--

COPY main_week (id, title, project_id) FROM stdin;
1	1.0	1
\.


--
-- Name: main_week_id_seq; Type: SEQUENCE SET; Schema: public; Owner: stas
--

SELECT pg_catalog.setval('main_week_id_seq', 1, true);


--
-- Data for Name: main_week_monitoring_product; Type: TABLE DATA; Schema: public; Owner: stas
--

COPY main_week_monitoring_product (id, week_id, monitoringproduct_id) FROM stdin;
1	1	2
2	1	1
\.


--
-- Name: main_week_monitoring_product_id_seq; Type: SEQUENCE SET; Schema: public; Owner: stas
--

SELECT pg_catalog.setval('main_week_monitoring_product_id_seq', 2, true);


--
-- Data for Name: monitoring_product_constructorwidget; Type: TABLE DATA; Schema: public; Owner: stas
--

COPY monitoring_product_constructorwidget (id, project_id, monitoring_product_id, data) FROM stdin;
64	1	64	[{"a11": {}, "a10": "day__id__in", "a1": "\\u0414\\u0435\\u043d\\u044c", "a3": "", "a2": "[\\u0442\\u0435\\u043a\\u0441\\u0442]", "a5": "\\u041d\\u0435\\u0442", "a4": "\\u0447\\u0438\\u0441\\u043b\\u043e\\u0432\\u043e\\u0439", "a7": "", "a6": "-", "a9": "list", "a8": ""}, {"a11": {}, "a10": "month__id__in", "a1": "\\u041c\\u0435\\u0441\\u044f\\u0446", "a3": "", "a2": "[\\u0442\\u0435\\u043a\\u0441\\u0442]", "a5": "\\u041d\\u0435\\u0442", "a4": "\\u0447\\u0438\\u0441\\u043b\\u043e\\u0432\\u043e\\u0439", "a7": "", "a6": "-", "a9": "list", "a8": ""}, {"a11": {}, "a10": "week__id__in", "a1": "\\u041d\\u0435\\u0434\\u0435\\u043b\\u044f", "a3": "", "a2": "[\\u0442\\u0435\\u043a\\u0441\\u0442]", "a5": "\\u041d\\u0435\\u0442", "a4": "\\u0447\\u0438\\u0441\\u043b\\u043e\\u0432\\u043e\\u0439", "a7": "", "a6": "-", "a9": "list", "a8": ""}, {"a11": {}, "a10": "media_level__id__in", "a1": "\\u0423\\u0440\\u043e\\u0432\\u0435\\u043d\\u044c \\u0421\\u041c\\u0418", "a3": 7.0, "a2": "[\\u0442\\u0435\\u043a\\u0441\\u0442]", "a5": "\\u041d\\u0435\\u0442", "a4": "\\u0442\\u0435\\u043a\\u0441\\u0442\\u043e\\u0432\\u044b\\u0439", "a7": "\\u043d\\u0435\\u0442", "a6": "\\u043d\\u0435\\u0442", "a9": "", "a8": "-"}, {"a11": {}, "a10": "city__id__in", "a1": "\\u0413\\u043e\\u0440\\u043e\\u0434", "a3": 5.0, "a2": "[\\u0442\\u0435\\u043a\\u0441\\u0442]", "a5": "\\u041d\\u0435\\u0442", "a4": "\\u0442\\u0435\\u043a\\u0441\\u0442\\u043e\\u0432\\u044b\\u0439", "a7": "\\u0434\\u0430", "a6": "\\u0434\\u0430", "a9": "", "a8": "-"}, {"a11": {}, "a10": "federal_district__id__in", "a1": "\\u0424\\u041e", "a3": 4.0, "a2": "[\\u0442\\u0435\\u043a\\u0441\\u0442]", "a5": "\\u041d\\u0435\\u0442", "a4": "\\u0442\\u0435\\u043a\\u0441\\u0442\\u043e\\u0432\\u044b\\u0439", "a7": "\\u0434\\u0430", "a6": "\\u043d\\u0435\\u0442", "a9": "", "a8": "\\u0411\\u0435\\u0437 \\u0424\\u041e"}, {"a11": {}, "a10": "region__id__in", "a1": "\\u0420\\u0435\\u0433\\u0438\\u043e\\u043d", "a3": "", "a2": "[\\u0442\\u0435\\u043a\\u0441\\u0442]", "a5": "\\u041d\\u0435\\u0442", "a4": "\\u0442\\u0435\\u043a\\u0441\\u0442\\u043e\\u0432\\u044b\\u0439", "a7": "\\u0434\\u0430", "a6": "\\u043d\\u0435\\u0442", "a9": "", "a8": "-"}, {"a11": {}, "a10": "branch__id__in", "a1": "\\u0424\\u0438\\u043b\\u0438\\u0430\\u043b", "a3": "", "a2": "[\\u0442\\u0435\\u043a\\u0441\\u0442]", "a5": "\\u041d\\u0435\\u0442", "a4": "\\u0442\\u0435\\u043a\\u0441\\u0442\\u043e\\u0432\\u044b\\u0439", "a7": "\\u0434\\u0430", "a6": "\\u043d\\u0435\\u0442", "a9": "", "a8": "\\u041f\\u0443\\u0441\\u0442\\u043e"}, {"a11": {}, "a10": "country__id__in", "a1": "\\u0421\\u0442\\u0440\\u0430\\u043d\\u0430", "a3": 3.0, "a2": "[\\u0442\\u0435\\u043a\\u0441\\u0442]", "a5": "\\u041d\\u0435\\u0442", "a4": "\\u0442\\u0435\\u043a\\u0441\\u0442\\u043e\\u0432\\u044b\\u0439", "a7": "\\u0434\\u0430", "a6": "\\u043d\\u0435\\u0442", "a9": "", "a8": "-"}, {"a11": {}, "a10": "author__id__in", "a1": "\\u0410\\u0432\\u0442\\u043e\\u0440", "a3": 14.0, "a2": "[\\u0442\\u0435\\u043a\\u0441\\u0442]", "a5": "\\u041d\\u0435\\u0442", "a4": "\\u0442\\u0435\\u043a\\u0441\\u0442\\u043e\\u0432\\u044b\\u0439", "a7": "\\u0434\\u0430", "a6": "\\u0434\\u0430", "a9": "", "a8": "\\u0411\\u0435\\u0437 \\u0430\\u0432\\u0442\\u043e\\u0440\\u0430"}, {"a11": {}, "a10": "media_type__id__in", "a1": "\\u0422\\u0438\\u043f \\u0421\\u041c\\u0418", "a3": "", "a2": "[\\u0442\\u0435\\u043a\\u0441\\u0442]", "a5": "\\u041d\\u0435\\u0442", "a4": "\\u0442\\u0435\\u043a\\u0441\\u0442\\u043e\\u0432\\u044b\\u0439", "a7": "\\u043d\\u0435\\u0442", "a6": "\\u043d\\u0435\\u0442", "a9": "", "a8": "-"}, {"a11": {}, "a10": "media_view__id__in", "a1": "\\u0412\\u0438\\u0434 \\u0421\\u041c\\u0418", "a3": 9.0, "a2": "[\\u0442\\u0435\\u043a\\u0441\\u0442]", "a5": "\\u041d\\u0435\\u0442", "a4": "\\u0442\\u0435\\u043a\\u0441\\u0442\\u043e\\u0432\\u044b\\u0439", "a7": "\\u043d\\u0435\\u0442", "a6": "\\u043d\\u0435\\u0442", "a9": "", "a8": "-"}, {"a11": {}, "a10": "media_list__id__in", "a1": "\\u0421\\u043f\\u0438\\u0441\\u043e\\u043a \\u0421\\u041c\\u0418", "a3": "", "a2": "[\\u0442\\u0435\\u043a\\u0441\\u0442]", "a5": "\\u041d\\u0435\\u0442", "a4": "\\u0442\\u0435\\u043a\\u0441\\u0442\\u043e\\u0432\\u044b\\u0439", "a7": "\\u043d\\u0435\\u0442", "a6": "\\u043d\\u0435\\u0442", "a9": "", "a8": "\\u041f\\u0443\\u0441\\u0442\\u043e"}, {"a11": {}, "a10": "media_category__id__in", "a1": "\\u041a\\u0430\\u0442\\u0435\\u0433\\u043e\\u0440\\u0438\\u044f \\u0421\\u041c\\u0418", "a3": 8.0, "a2": "[\\u0442\\u0435\\u043a\\u0441\\u0442]", "a5": "\\u041d\\u0435\\u0442", "a4": "\\u0442\\u0435\\u043a\\u0441\\u0442\\u043e\\u0432\\u044b\\u0439", "a7": "\\u043d\\u0435\\u0442", "a6": "\\u043d\\u0435\\u0442", "a9": "", "a8": "-"}, {"a11": {}, "a10": "source__id__in", "a1": "\\u0418\\u0441\\u0442\\u043e\\u0447\\u043d\\u0438\\u043a", "a3": 6.0, "a2": "[\\u0442\\u0435\\u043a\\u0441\\u0442]", "a5": "\\u041d\\u0435\\u0442", "a4": "\\u0442\\u0435\\u043a\\u0441\\u0442\\u043e\\u0432\\u044b\\u0439", "a7": "\\u0434\\u0430", "a6": "\\u0434\\u0430", "a9": "", "a8": "-"}, {"a11": {}, "a10": "title__id__in", "a1": "\\u0417\\u0430\\u0433\\u043e\\u043b\\u043e\\u0432\\u043e\\u043a", "a3": "", "a2": "[\\u0442\\u0435\\u043a\\u0441\\u0442]", "a5": "\\u041d\\u0435\\u0442", "a4": "\\u0442\\u0435\\u043a\\u0441\\u0442\\u043e\\u0432\\u044b\\u0439", "a7": "\\u0434\\u0430", "a6": "\\u0434\\u0430", "a9": "", "a8": "-"}, {"a11": {}, "a10": "release_time", "a1": "\\u0412\\u0440\\u0435\\u043c\\u044f \\u043f\\u0443\\u0431\\u043b\\u0438\\u043a\\u0430\\u0446\\u0438\\u0438", "a3": "", "a2": "[\\u0442\\u0435\\u043a\\u0441\\u0442]", "a5": "\\u041d\\u0435\\u0442", "a4": "\\u0432\\u0440\\u0435\\u043c\\u044f", "a7": "\\u043d\\u0435\\u0442", "a6": "\\u043d\\u0435\\u0442", "a9": "-", "a8": ""}, {"a11": {}, "a10": "url__id__in", "a1": "URL", "a3": "", "a2": "[\\u0442\\u0435\\u043a\\u0441\\u0442]", "a5": "\\u041d\\u0435\\u0442", "a4": "\\u0442\\u0435\\u043a\\u0441\\u0442\\u043e\\u0432\\u044b\\u0439", "a7": "\\u0434\\u0430", "a6": "\\u0434\\u0430", "a9": "", "a8": "\\u0411\\u0435\\u0437 URL"}, {"a11": {}, "a10": "bissines_direction__id__in", "a1": "\\u041d\\u0430\\u043f\\u0440\\u0430\\u0432\\u043b\\u0435\\u043d\\u0438\\u0435 \\u0431\\u0438\\u0437\\u043d\\u0435\\u0441\\u0430", "a3": "", "a2": "[\\u0442\\u0435\\u043a\\u0441\\u0442]", "a5": "\\u041d\\u0435\\u0442", "a4": "\\u0442\\u0435\\u043a\\u0441\\u0442\\u043e\\u0432\\u044b\\u0439", "a7": "\\u043d\\u0435\\u0442", "a6": "\\u043d\\u0435\\u0442", "a9": "", "a8": "\\u041f\\u0443\\u0441\\u0442\\u043e"}, {"a11": {}, "a10": "thematic_category__id__in", "a1": "\\u0422\\u0435\\u043c\\u0430\\u0442\\u0438\\u0447\\u0435\\u0441\\u043a\\u0430\\u044f \\u043a\\u0430\\u0442\\u0435\\u0433\\u043e\\u0440\\u0438\\u044f", "a3": "", "a2": "[\\u0442\\u0435\\u043a\\u0441\\u0442]", "a5": "\\u041d\\u0435\\u0442", "a4": "\\u0442\\u0435\\u043a\\u0441\\u0442\\u043e\\u0432\\u044b\\u0439", "a7": "\\u043d\\u0435\\u0442", "a6": "\\u043d\\u0435\\u0442", "a9": "", "a8": "\\u0414\\u0440\\u0443\\u0433\\u043e\\u0435"}, {"a11": {}, "a10": "material_genre__id__in", "a1": "\\u0416\\u0430\\u043d\\u0440 \\u043c\\u0430\\u0442\\u0435\\u0440\\u0438\\u0430\\u043b\\u0430", "a3": "", "a2": "[\\u0442\\u0435\\u043a\\u0441\\u0442]", "a5": "\\u041d\\u0435\\u0442", "a4": "\\u0442\\u0435\\u043a\\u0441\\u0442\\u043e\\u0432\\u044b\\u0439", "a7": "\\u043d\\u0435\\u0442", "a6": "\\u043d\\u0435\\u0442", "a9": "", "a8": "-"}, {"a11": {}, "a10": "info_reason__id__in", "a1": "\\u0418\\u043d\\u0444\\u043e\\u043f\\u043e\\u0432\\u043e\\u0434 \\u043c\\u0430\\u0442\\u0435\\u0440\\u0438\\u0430\\u043b\\u0430", "a3": "", "a2": "[\\u0442\\u0435\\u043a\\u0441\\u0442]", "a5": "\\u041d\\u0435\\u0442", "a4": "\\u0442\\u0435\\u043a\\u0441\\u0442\\u043e\\u0432\\u044b\\u0439", "a7": "\\u0434\\u0430", "a6": "\\u0434\\u0430", "a9": "", "a8": "-"}, {"a11": {}, "a10": "emotional_tone_title__id__in", "a1": "\\u0422\\u043e\\u043d\\u0430\\u043b\\u044c\\u043d\\u043e\\u0441\\u0442\\u044c \\u0437\\u0430\\u0433\\u043e\\u043b\\u043e\\u0432\\u043a\\u0430 \\u043c\\u0430\\u0442\\u0435\\u0440\\u0438\\u0430\\u043b\\u0430", "a3": "", "a2": "[\\u0442\\u0435\\u043a\\u0441\\u0442]", "a5": "\\u041d\\u0435\\u0442", "a4": "\\u0442\\u0435\\u043a\\u0441\\u0442\\u043e\\u0432\\u044b\\u0439", "a7": "\\u043d\\u0435\\u0442", "a6": "\\u043d\\u0435\\u0442", "a9": "", "a8": "-"}, {"a11": {}, "a10": "emotional_tone_material__id__in", "a1": "\\u0422\\u043e\\u043d\\u0430\\u043b\\u044c\\u043d\\u043e\\u0441\\u0442\\u044c \\u043c\\u0430\\u0442\\u0435\\u0440\\u0438\\u0430\\u043b\\u0430", "a3": "", "a2": "[\\u0442\\u0435\\u043a\\u0441\\u0442]", "a5": "\\u041d\\u0435\\u0442", "a4": "\\u0442\\u0435\\u043a\\u0441\\u0442\\u043e\\u0432\\u044b\\u0439", "a7": "\\u043d\\u0435\\u0442", "a6": "\\u043d\\u0435\\u0442", "a9": "", "a8": "-"}, {"a11": {}, "a10": "referred_object__id__in", "a1": "\\u0423\\u043f\\u043e\\u043c\\u0438\\u043d\\u0430\\u0435\\u043c\\u044b\\u0435 \\u043e\\u0431\\u044a\\u0435\\u043a\\u0442\\u044b", "a3": 1.0, "a2": "[\\u0442\\u0435\\u043a\\u0441\\u0442]", "a5": "\\u0414\\u0430", "a4": "\\u0442\\u0435\\u043a\\u0441\\u0442\\u043e\\u0432\\u044b\\u0439", "a7": "\\u043d\\u0435\\u0442", "a6": "\\u043d\\u0435\\u0442", "a9": "", "a8": "-"}, {"a11": {}, "a10": "emotional_tone_object__id__in", "a1": "\\u0422\\u043e\\u043d\\u0430\\u043b\\u044c\\u043d\\u043e\\u0441\\u0442\\u044c", "a3": 2.0, "a2": "[\\u0442\\u0435\\u043a\\u0441\\u0442]", "a5": "\\u0414\\u0430", "a4": "\\u0442\\u0435\\u043a\\u0441\\u0442\\u043e\\u0432\\u044b\\u0439", "a7": "\\u043d\\u0435\\u0442", "a6": "\\u043d\\u0435\\u0442", "a9": "", "a8": "-"}, {"a11": {}, "a10": "emotional_tone_title__id__in", "a1": "\\u0422\\u043e\\u043d\\u0430\\u043b\\u044c\\u043d\\u043e\\u0441\\u0442\\u044c \\u0437\\u0430\\u0433\\u043e\\u043b\\u043e\\u0432\\u043a\\u0430", "a3": "", "a2": "[\\u0442\\u0435\\u043a\\u0441\\u0442]", "a5": "\\u0414\\u0430", "a4": "\\u0442\\u0435\\u043a\\u0441\\u0442\\u043e\\u0432\\u044b\\u0439", "a7": "\\u043d\\u0435\\u0442", "a6": "\\u043d\\u0435\\u0442", "a9": "", "a8": "-"}, {"a11": {}, "a10": "object_role__id__in", "a1": "\\u0420\\u043e\\u043b\\u044c", "a3": "", "a2": "[\\u0442\\u0435\\u043a\\u0441\\u0442]", "a5": "\\u0414\\u0430", "a4": "\\u0442\\u0435\\u043a\\u0441\\u0442\\u043e\\u0432\\u044b\\u0439", "a7": "\\u043d\\u0435\\u0442", "a6": "\\u043d\\u0435\\u0442", "a9": "", "a8": "-"}, {"a11": {}, "a10": "info_reason__id__in", "a1": "\\u0418\\u043d\\u0444\\u043e\\u043f\\u043e\\u0432\\u043e\\u0434", "a3": 10.0, "a2": "[\\u0442\\u0435\\u043a\\u0441\\u0442]", "a5": "\\u0414\\u0430", "a4": "\\u0442\\u0435\\u043a\\u0441\\u0442\\u043e\\u0432\\u044b\\u0439", "a7": "\\u043d\\u0435\\u0442", "a6": "\\u043d\\u0435\\u0442", "a9": "", "a8": "-"}, {"a11": {}, "a10": "speaker__id__in", "a1": "\\u0424\\u0418\\u041e \\u0441\\u043f\\u0438\\u043a\\u0435\\u0440\\u0430", "a3": 15.0, "a2": "[\\u0442\\u0435\\u043a\\u0441\\u0442]", "a5": "\\u0414\\u0430", "a4": "\\u0442\\u0435\\u043a\\u0441\\u0442\\u043e\\u0432\\u044b\\u0439", "a7": "\\u0434\\u0430", "a6": "\\u0434\\u0430", "a9": "", "a8": "\\u0411\\u0435\\u0437 \\u0441\\u043f\\u0438\\u043a\\u0435\\u0440\\u0430"}, {"a11": {}, "a10": "speaker_category__id__in", "a1": "\\u041a\\u0430\\u0442\\u0435\\u0433\\u043e\\u0440\\u0438\\u044f \\u0441\\u043f\\u0438\\u043a\\u0435\\u0440\\u0430", "a3": 16.0, "a2": "[\\u0442\\u0435\\u043a\\u0441\\u0442]", "a5": "\\u0414\\u0430", "a4": "\\u0442\\u0435\\u043a\\u0441\\u0442\\u043e\\u0432\\u044b\\u0439", "a7": "\\u043d\\u0435\\u0442", "a6": "\\u043d\\u0435\\u0442", "a9": "", "a8": "\\u0411\\u0435\\u0437 \\u0441\\u043f\\u0438\\u043a\\u0435\\u0440\\u0430"}, {"a11": {}, "a10": "speaker_level__id__in", "a1": "\\u0423\\u0440\\u043e\\u0432\\u0435\\u043d\\u044c \\u0441\\u043f\\u0438\\u043a\\u0435\\u0440\\u0430", "a3": "", "a2": "[\\u0442\\u0435\\u043a\\u0441\\u0442]", "a5": "\\u0414\\u0430", "a4": "\\u0442\\u0435\\u043a\\u0441\\u0442\\u043e\\u0432\\u044b\\u0439", "a7": "\\u043d\\u0435\\u0442", "a6": "\\u043d\\u0435\\u0442", "a9": "", "a8": "\\u0411\\u0435\\u0437 \\u0441\\u043f\\u0438\\u043a\\u0435\\u0440\\u0430"}, {"a11": {}, "a10": "speaker_speech_hate__id__in", "a1": "\\u0425\\u0430\\u0440\\u0430\\u043a\\u0442\\u0435\\u0440 \\u0432\\u044b\\u0441\\u043a\\u0430\\u0437\\u044b\\u0432\\u0430\\u043d\\u0438\\u044f \\u0441\\u043f\\u0438\\u043a\\u0435\\u0440\\u0430", "a3": "", "a2": "[\\u0442\\u0435\\u043a\\u0441\\u0442]", "a5": "\\u0414\\u0430", "a4": "\\u0442\\u0435\\u043a\\u0441\\u0442\\u043e\\u0432\\u044b\\u0439", "a7": "\\u043d\\u0435\\u0442", "a6": "\\u043d\\u0435\\u0442", "a9": "", "a8": "\\u0411\\u0435\\u0437 \\u0441\\u043f\\u0438\\u043a\\u0435\\u0440\\u0430"}, {"a11": {}, "a10": "speaker_quote_uniqueness__id__in", "a1": "\\u0423\\u043d\\u0438\\u043a\\u0430\\u043b\\u044c\\u043d\\u043e\\u0441\\u0442\\u044c \\u0446\\u0438\\u0442\\u0430\\u0442 \\u0441\\u043f\\u0438\\u043a\\u0435\\u0440\\u0430", "a3": "", "a2": "[\\u0442\\u0435\\u043a\\u0441\\u0442]", "a5": "\\u0414\\u0430", "a4": "\\u0442\\u0435\\u043a\\u0441\\u0442\\u043e\\u0432\\u044b\\u0439", "a7": "\\u043d\\u0435\\u0442", "a6": "\\u043d\\u0435\\u0442", "a9": "", "a8": "\\u0411\\u0435\\u0437 \\u0441\\u043f\\u0438\\u043a\\u0435\\u0440\\u0430"}, {"a11": {}, "a10": "side__speaker__id__in", "a1": "\\u0424\\u0418\\u041e \\u0441\\u0442\\u043e\\u0440\\u043e\\u043d\\u043d\\u0435\\u0433\\u043e \\u0441\\u043f\\u0438\\u043a\\u0435\\u0440\\u0430", "a3": "", "a2": "[\\u0442\\u0435\\u043a\\u0441\\u0442]", "a5": "\\u0414\\u0430", "a4": "\\u0442\\u0435\\u043a\\u0441\\u0442\\u043e\\u0432\\u044b\\u0439", "a7": "\\u0434\\u0430", "a6": "\\u0434\\u0430", "a9": "", "a8": "\\u0411\\u0435\\u0437 \\u0441\\u0442\\u043e\\u0440\\u043e\\u043d\\u043d\\u0435\\u0433\\u043e \\u0441\\u043f\\u0438\\u043a\\u0435\\u0440\\u0430"}, {"a11": {}, "a10": "side_speaker_tonality__id__in", "a1": "\\u0422\\u043e\\u043d\\u0430\\u043b\\u044c\\u043d\\u043e\\u0441\\u0442\\u044c \\u0441\\u0442\\u043e\\u0440\\u043e\\u043d\\u043d\\u0435\\u0433\\u043e \\u0441\\u043f\\u0438\\u043a\\u0435\\u0440\\u0430", "a3": "", "a2": "[\\u0442\\u0435\\u043a\\u0441\\u0442]", "a5": "\\u0414\\u0430", "a4": "\\u0442\\u0435\\u043a\\u0441\\u0442\\u043e\\u0432\\u044b\\u0439", "a7": "\\u043d\\u0435\\u0442", "a6": "\\u043d\\u0435\\u0442", "a9": "", "a8": "\\u0411\\u0435\\u0437 \\u0441\\u0442\\u043e\\u0440\\u043e\\u043d\\u043d\\u0435\\u0433\\u043e \\u0441\\u043f\\u0438\\u043a\\u0435\\u0440\\u0430"}, {"a11": {}, "a10": "side_speaker_status__id__in", "a1": "\\u0421\\u0442\\u0430\\u0442\\u0443\\u0441 \\u0441\\u0442\\u043e\\u0440\\u043e\\u043d\\u043d\\u0435\\u0433\\u043e \\u0441\\u043f\\u0438\\u043a\\u0435\\u0440\\u0430", "a3": "", "a2": "[\\u0442\\u0435\\u043a\\u0441\\u0442]", "a5": "\\u0414\\u0430", "a4": "\\u0442\\u0435\\u043a\\u0441\\u0442\\u043e\\u0432\\u044b\\u0439", "a7": "\\u043d\\u0435\\u0442", "a6": "\\u043d\\u0435\\u0442", "a9": "", "a8": "\\u0411\\u0435\\u0437 \\u0441\\u0442\\u043e\\u0440\\u043e\\u043d\\u043d\\u0435\\u0433\\u043e \\u0441\\u043f\\u0438\\u043a\\u0435\\u0440\\u0430"}, {"a11": {}, "a10": "prt__range", "a1": "PRt", "a3": 12.0, "a2": "[\\u0442\\u0435\\u043a\\u0441\\u0442]", "a5": "\\u0414\\u0430", "a4": "\\u0447\\u0438\\u0441\\u043b\\u043e", "a7": "\\u043d\\u0435\\u0442", "a6": "\\u043d\\u0435\\u0442", "a9": "\\u0448\\u043a\\u0430\\u043b\\u0430", "a8": "-"}, {"a11": {}, "a10": "prv__range", "a1": "PRV", "a3": 11.0, "a2": "[\\u0442\\u0435\\u043a\\u0441\\u0442]", "a5": "\\u0414\\u0430", "a4": "\\u0447\\u0438\\u0441\\u043b\\u043e", "a7": "\\u043d\\u0435\\u0442", "a6": "\\u043d\\u0435\\u0442", "a9": "\\u0448\\u043a\\u0430\\u043b\\u0430", "a8": "-"}, {"a11": {}, "a10": "mo__range", "a1": "Media Outreach", "a3": 13.0, "a2": "[\\u0442\\u0435\\u043a\\u0441\\u0442]", "a5": "\\u0414\\u0430", "a4": "\\u0447\\u0438\\u0441\\u043b\\u043e", "a7": "\\u043d\\u0435\\u0442", "a6": "\\u043d\\u0435\\u0442", "a9": "\\u0448\\u043a\\u0430\\u043b\\u0430", "a8": "-"}, {"a11": {}, "a10": "mq__range", "a1": "MQ", "a3": "", "a2": "[\\u0442\\u0435\\u043a\\u0441\\u0442]", "a5": "\\u0414\\u0430", "a4": "\\u0447\\u0438\\u0441\\u043b\\u043e", "a7": "\\u043d\\u0435\\u0442", "a6": "\\u043d\\u0435\\u0442", "a9": "\\u0448\\u043a\\u0430\\u043b\\u0430", "a8": "-"}, {"a11": {}, "a10": "interaction_kind__id__in", "a1": "\\u0412\\u0438\\u0434 \\u0432\\u0437\\u0430\\u0438\\u043c\\u043e\\u0434\\u0435\\u0439\\u0441\\u0442\\u0432\\u0438\\u044f", "a3": "", "a2": "[\\u0442\\u0435\\u043a\\u0441\\u0442]", "a5": "\\u041d\\u0435\\u0442", "a4": "\\u0442\\u0435\\u043a\\u0441\\u0442\\u043e\\u0432\\u044b\\u0439", "a7": "\\u043d\\u0435\\u0442", "a6": "\\u043d\\u0435\\u0442", "a9": "", "a8": "\\u0414\\u0440\\u0443\\u0433\\u043e\\u0435"}, {"a11": {}, "a10": "initiation__id__in", "a1": "\\u0418\\u043d\\u0438\\u0446\\u0438\\u0438\\u0440\\u043e\\u0432\\u0430\\u043d\\u0438\\u0435", "a3": "", "a2": "[\\u0442\\u0435\\u043a\\u0441\\u0442]", "a5": "\\u0414\\u0430", "a4": "\\u0442\\u0435\\u043a\\u0441\\u0442\\u043e\\u0432\\u044b\\u0439", "a7": "\\u043d\\u0435\\u0442", "a6": "\\u043d\\u0435\\u0442", "a9": "", "a8": "\\u041d\\u0435\\u0442"}, {"a11": {}, "a10": "penetration__id__in", "a1": "\\u0421\\u0442\\u0435\\u043f\\u0435\\u043d\\u044c \\u043f\\u0440\\u043e\\u043d\\u0438\\u043a\\u043d\\u043e\\u0432\\u0435\\u043d\\u0438\\u044f \\u041f\\u0420/\\u041d\\u043e\\u0432\\u043e\\u0441\\u0442\\u0438", "a3": "", "a2": "[\\u0442\\u0435\\u043a\\u0441\\u0442]", "a5": "\\u041d\\u0435\\u0442", "a4": "\\u0442\\u0435\\u043a\\u0441\\u0442\\u043e\\u0432\\u044b\\u0439", "a7": "\\u043d\\u0435\\u0442", "a6": "\\u043d\\u0435\\u0442", "a9": "", "a8": "\\u041d\\u0435\\u0442"}, {"a11": {}, "a10": "id_press_release__id__in", "a1": "ID-\\u043f\\u0440\\u0435\\u0441\\u0441-\\u0440\\u0435\\u043b\\u0438\\u0437\\u0430", "a3": "", "a2": "[\\u0442\\u0435\\u043a\\u0441\\u0442]", "a5": "\\u041d\\u0435\\u0442", "a4": "\\u0442\\u0435\\u043a\\u0441\\u0442\\u043e\\u0432\\u044b\\u0439", "a7": "\\u0434\\u0430", "a6": "\\u0434\\u0430", "a9": "", "a8": "\\u041d\\u0435\\u0442"}, {"a11": {}, "a10": "referred_object__id__in", "a1": "\\u0423\\u043f\\u043e\\u043c\\u0438\\u043d\\u0430\\u0435\\u043c\\u043e\\u0441\\u0442\\u044c \\u043f\\u0440\\u043e\\u0434\\u0443\\u043a\\u0442\\u043e\\u0432", "a3": "", "a2": "[\\u0442\\u0435\\u043a\\u0441\\u0442]", "a5": "\\u041d\\u0435\\u0442", "a4": "\\u0442\\u0435\\u043a\\u0441\\u0442\\u043e\\u0432\\u044b\\u0439", "a7": "\\u0434\\u0430", "a6": "\\u0434\\u0430", "a9": "", "a8": "\\u041d\\u0435\\u0442"}, {"a11": {}, "a10": "advertisement_promo__id__in", "a1": "\\u0420\\u0435\\u043a\\u043b\\u0430\\u043c\\u0430/\\u043f\\u0440\\u043e\\u043c\\u043e", "a3": "", "a2": "[\\u0442\\u0435\\u043a\\u0441\\u0442]", "a5": "\\u0414\\u0430", "a4": "\\u0442\\u0435\\u043a\\u0441\\u0442\\u043e\\u0432\\u044b\\u0439", "a7": "\\u043d\\u0435\\u0442", "a6": "\\u043d\\u0435\\u0442", "a9": "", "a8": "\\u041d\\u0435\\u0442"}, {"a11": {}, "a10": "technologies__id__in", "a1": "\\u0422\\u0435\\u0445\\u043d\\u043e\\u043b\\u043e\\u0433\\u0438\\u0438", "a3": "", "a2": "[\\u0442\\u0435\\u043a\\u0441\\u0442]", "a5": "\\u0414\\u0430", "a4": "\\u0442\\u0435\\u043a\\u0441\\u0442\\u043e\\u0432\\u044b\\u0439", "a7": "\\u043d\\u0435\\u0442", "a6": "\\u043d\\u0435\\u0442", "a9": "", "a8": "\\u041d\\u0435\\u0442"}, {"a11": {}, "a10": "km__id__in", "a1": "KM", "a3": "", "a2": "[\\u0442\\u0435\\u043a\\u0441\\u0442]", "a5": "\\u041d\\u0435\\u0442", "a4": "\\u0442\\u0435\\u043a\\u0441\\u0442\\u043e\\u0432\\u044b\\u0439", "a7": "\\u043d\\u0435\\u0442", "a6": "\\u043d\\u0435\\u0442", "a9": "", "a8": "\\u0411\\u0435\\u0437 KM"}, {"a11": {}, "a10": "km_result", "a1": "KM \\u0438\\u0442\\u043e\\u0433", "a3": "", "a2": "[\\u0442\\u0435\\u043a\\u0441\\u0442]", "a5": "\\u041d\\u0435\\u0442", "a4": "\\u0442\\u0435\\u043a\\u0441\\u0442\\u043e\\u0432\\u044b\\u0439", "a7": "\\u043d\\u0435\\u0442", "a6": "\\u043d\\u0435\\u0442", "a9": "", "a8": ""}, {"a11": {}, "a10": "tag__id__in", "a1": "\\u0422\\u044d\\u0433", "a3": "", "a2": "[\\u0442\\u0435\\u043a\\u0441\\u0442]", "a5": "\\u041d\\u0435\\u0442", "a4": "\\u0442\\u0435\\u043a\\u0441\\u0442\\u043e\\u0432\\u044b\\u0439", "a7": "\\u043d\\u0435\\u0442", "a6": "\\u043d\\u0435\\u0442", "a9": "", "a8": "-"}, {"a11": {}, "a10": "duration__id__in", "a1": "\\u0414\\u043b\\u0438\\u0442\\u0435\\u043b\\u044c\\u043d\\u043e\\u0441\\u0442\\u044c", "a3": "", "a2": "[\\u0442\\u0435\\u043a\\u0441\\u0442]", "a5": "\\u041d\\u0435\\u0442", "a4": "\\u0447\\u0438\\u0441\\u043b\\u043e\\u0432\\u043e\\u0439", "a7": "\\u043d\\u0435\\u0442", "a6": "\\u043d\\u0435\\u0442", "a9": "\\u0448\\u043a\\u0430\\u043b\\u0430", "a8": "\\u041d\\u0435\\u0442"}, {"a11": {}, "a10": "cover__range", "a1": "\\u041e\\u0431\\u043b\\u043e\\u0436\\u043a\\u0430", "a3": "", "a2": "[\\u0442\\u0435\\u043a\\u0441\\u0442]", "a5": "\\u041d\\u0435\\u0442", "a4": "\\u0442\\u0435\\u043a\\u0441\\u0442\\u043e\\u0432\\u044b\\u0439", "a7": "\\u043d\\u0435\\u0442", "a6": "\\u043d\\u0435\\u0442", "a9": "", "a8": "\\u041d\\u0435\\u0442"}, {"a11": {}, "a10": "visibility__id__in", "a1": "\\u0417\\u0430\\u043c\\u0435\\u0442\\u043d\\u043e\\u0441\\u0442\\u044c \\u043c\\u0430\\u0442\\u0435\\u0440\\u0438\\u0430\\u043b\\u0430", "a3": "", "a2": "[\\u0442\\u0435\\u043a\\u0441\\u0442]", "a5": "\\u041d\\u0435\\u0442", "a4": "\\u0442\\u0435\\u043a\\u0441\\u0442\\u043e\\u0432\\u044b\\u0439", "a7": "\\u043d\\u0435\\u0442", "a6": "\\u043d\\u0435\\u0442", "a9": "", "a8": "-"}, {"a11": {}, "a10": "infographics__range", "a1": "\\u0418\\u043d\\u0444\\u043e\\u0433\\u0440\\u0430\\u0444\\u0438\\u043a\\u0430", "a3": "", "a2": "[\\u0442\\u0435\\u043a\\u0441\\u0442]", "a5": "\\u041d\\u0435\\u0442", "a4": "\\u0442\\u0435\\u043a\\u0441\\u0442\\u043e\\u0432\\u044b\\u0439", "a7": "\\u043d\\u0435\\u0442", "a6": "\\u043d\\u0435\\u0442", "a9": "", "a8": "\\u041e\\u0442\\u0441\\u0443\\u0442\\u0441\\u0442\\u0432\\u0443\\u0435\\u0442"}, {"a11": {}, "a10": "macroregion__id__in", "a1": "\\u041c\\u0430\\u043a\\u0440\\u043e\\u0440\\u0435\\u0433\\u0438\\u043e\\u043d", "a3": "", "a2": "[\\u0442\\u0435\\u043a\\u0441\\u0442]", "a5": "\\u041d\\u0435\\u0442", "a4": "\\u0442\\u0435\\u043a\\u0441\\u0442\\u043e\\u0432\\u044b\\u0439", "a7": "\\u043d\\u0435\\u0442", "a6": "\\u043d\\u0435\\u0442", "a9": "", "a8": "-"}, {"a11": {}, "a10": "media_list_special__id__in", "a1": "Media List", "a3": "", "a2": "[\\u0442\\u0435\\u043a\\u0441\\u0442]", "a5": "\\u041d\\u0435\\u0442", "a4": "\\u0442\\u0435\\u043a\\u0441\\u0442\\u043e\\u0432\\u044b\\u0439", "a7": "\\u043d\\u0435\\u0442", "a6": "\\u043d\\u0435\\u0442", "a9": "", "a8": "Others"}, {"a11": {}, "a10": "media_type_special__id__in", "a1": "Media Type", "a3": "", "a2": "[\\u0442\\u0435\\u043a\\u0441\\u0442]", "a5": "\\u041d\\u0435\\u0442", "a4": "\\u0442\\u0435\\u043a\\u0441\\u0442\\u043e\\u0432\\u044b\\u0439", "a7": "\\u043d\\u0435\\u0442", "a6": "\\u043d\\u0435\\u0442", "a9": "", "a8": "-"}, {"a11": {}, "a10": "media_category_special__id__in", "a1": "Media Category", "a3": "", "a2": "[\\u0442\\u0435\\u043a\\u0441\\u0442]", "a5": "\\u041d\\u0435\\u0442", "a4": "\\u0442\\u0435\\u043a\\u0441\\u0442\\u043e\\u0432\\u044b\\u0439", "a7": "\\u043d\\u0435\\u0442", "a6": "\\u043d\\u0435\\u0442", "a9": "", "a8": "-"}, {"a11": {}, "a10": "visibility_special__id__in", "a1": "Visibility", "a3": "", "a2": "[\\u0442\\u0435\\u043a\\u0441\\u0442]", "a5": "\\u041d\\u0435\\u0442", "a4": "\\u0442\\u0435\\u043a\\u0441\\u0442\\u043e\\u0432\\u044b\\u0439", "a7": "\\u043d\\u0435\\u0442", "a6": "\\u043d\\u0435\\u0442", "a9": "", "a8": "-"}, {"a11": {}, "a10": "image__id__in", "a1": "Image", "a3": "", "a2": "[\\u0442\\u0435\\u043a\\u0441\\u0442]", "a5": "\\u041d\\u0435\\u0442", "a4": "\\u0442\\u0435\\u043a\\u0441\\u0442\\u043e\\u0432\\u044b\\u0439", "a7": "\\u043d\\u0435\\u0442", "a6": "\\u043d\\u0435\\u0442", "a9": "", "a8": "Absent"}, {"a11": {}, "a10": "km_special__id__in", "a1": "Key Message Penetration", "a3": "", "a2": "[\\u0442\\u0435\\u043a\\u0441\\u0442]", "a5": "\\u041d\\u0435\\u0442", "a4": "\\u0442\\u0435\\u043a\\u0441\\u0442\\u043e\\u0432\\u044b\\u0439", "a7": "\\u043d\\u0435\\u0442", "a6": "\\u043d\\u0435\\u0442", "a9": "", "a8": "-"}, {"a11": {}, "a10": "brand_or_product__id__in", "a1": "Brand or Product Mention", "a3": "", "a2": "[\\u0442\\u0435\\u043a\\u0441\\u0442]", "a5": "\\u041d\\u0435\\u0442", "a4": "\\u0442\\u0435\\u043a\\u0441\\u0442\\u043e\\u0432\\u044b\\u0439", "a7": "\\u043d\\u0435\\u0442", "a6": "\\u043d\\u0435\\u0442", "a9": "", "a8": "-"}, {"a11": {}, "a10": "speaker_quote__id__in", "a1": "Speaker\\u2019s Quote", "a3": "", "a2": "[\\u0442\\u0435\\u043a\\u0441\\u0442]", "a5": "\\u041d\\u0435\\u0442", "a4": "\\u0442\\u0435\\u043a\\u0441\\u0442\\u043e\\u0432\\u044b\\u0439", "a7": "\\u043d\\u0435\\u0442", "a6": "\\u043d\\u0435\\u0442", "a9": "", "a8": "-"}, {"a11": {}, "a10": "third_patry_speakers__id__in", "a1": "Third Party Speakers\\u2019 Supporting Quotes", "a3": "", "a2": "[\\u0442\\u0435\\u043a\\u0441\\u0442]", "a5": "\\u041d\\u0435\\u0442", "a4": "\\u0442\\u0435\\u043a\\u0441\\u0442\\u043e\\u0432\\u044b\\u0439", "a7": "\\u043d\\u0435\\u0442", "a6": "\\u043d\\u0435\\u0442", "a9": "", "a8": "-"}, {"a11": {}, "a10": "headder_tonality__id__in", "a1": "Header Tonality", "a3": "", "a2": "[\\u0442\\u0435\\u043a\\u0441\\u0442]", "a5": "\\u041d\\u0435\\u0442", "a4": "\\u0442\\u0435\\u043a\\u0441\\u0442\\u043e\\u0432\\u044b\\u0439", "a7": "\\u043d\\u0435\\u0442", "a6": "\\u043d\\u0435\\u0442", "a9": "", "a8": "-"}, {"a11": {}, "a10": "main_tonality__id__in", "a1": "Main Tonality", "a3": "", "a2": "[\\u0442\\u0435\\u043a\\u0441\\u0442]", "a5": "\\u041d\\u0435\\u0442", "a4": "\\u0442\\u0435\\u043a\\u0441\\u0442\\u043e\\u0432\\u044b\\u0439", "a7": "\\u043d\\u0435\\u0442", "a6": "\\u043d\\u0435\\u0442", "a9": "", "a8": "-"}, {"a11": {}, "a10": "global_local_event__id__in", "a1": "Global/Local Event", "a3": "", "a2": "[\\u0442\\u0435\\u043a\\u0441\\u0442]", "a5": "\\u041d\\u0435\\u0442", "a4": "\\u0442\\u0435\\u043a\\u0441\\u0442\\u043e\\u0432\\u044b\\u0439", "a7": "\\u043d\\u0435\\u0442", "a6": "\\u043d\\u0435\\u0442", "a9": "", "a8": "-"}, {"a11": {}, "a10": "edge_region__id__in", "a1": "\\u041e\\u0431\\u043b\\u0430\\u0441\\u0442\\u044c \\u0438\\u043b\\u0438 \\u043a\\u0440\\u0430\\u0439", "a3": "", "a2": "[\\u0442\\u0435\\u043a\\u0441\\u0442]", "a5": "\\u041d\\u0435\\u0442", "a4": "\\u0442\\u0435\\u043a\\u0441\\u0442\\u043e\\u0432\\u044b\\u0439", "a7": "\\u043d\\u0435\\u0442", "a6": "\\u043d\\u0435\\u0442", "a9": "", "a8": "-"}]
15	4	9	[{"a11": {}, "a10": "day__id__in", "a1": "\\u0414\\u0435\\u043d\\u044c", "a3": "", "a2": "[\\u0442\\u0435\\u043a\\u0441\\u0442]", "a5": "\\u041d\\u0435\\u0442", "a4": "\\u0447\\u0438\\u0441\\u043b\\u043e\\u0432\\u043e\\u0439", "a7": "", "a6": "-", "a9": "list", "a8": ""}, {"a11": {}, "a10": "month__id__in", "a1": "\\u041c\\u0435\\u0441\\u044f\\u0446", "a3": "", "a2": "[\\u0442\\u0435\\u043a\\u0441\\u0442]", "a5": "\\u041d\\u0435\\u0442", "a4": "\\u0447\\u0438\\u0441\\u043b\\u043e\\u0432\\u043e\\u0439", "a7": "", "a6": "-", "a9": "list", "a8": ""}, {"a11": {}, "a10": "week__id__in", "a1": "\\u041d\\u0435\\u0434\\u0435\\u043b\\u044f", "a3": "", "a2": "[\\u0442\\u0435\\u043a\\u0441\\u0442]", "a5": "\\u041d\\u0435\\u0442", "a4": "\\u0447\\u0438\\u0441\\u043b\\u043e\\u0432\\u043e\\u0439", "a7": "", "a6": "-", "a9": "list", "a8": ""}, {"a11": {}, "a10": "media_level__id__in", "a1": "\\u0423\\u0440\\u043e\\u0432\\u0435\\u043d\\u044c \\u0421\\u041c\\u0418", "a3": 7.0, "a2": "[\\u0442\\u0435\\u043a\\u0441\\u0442]", "a5": "\\u041d\\u0435\\u0442", "a4": "\\u0442\\u0435\\u043a\\u0441\\u0442\\u043e\\u0432\\u044b\\u0439", "a7": "\\u043d\\u0435\\u0442", "a6": "\\u043d\\u0435\\u0442", "a9": "", "a8": "-"}, {"a11": {}, "a10": "city__id__in", "a1": "\\u0413\\u043e\\u0440\\u043e\\u0434", "a3": 5.0, "a2": "[\\u0442\\u0435\\u043a\\u0441\\u0442]", "a5": "\\u041d\\u0435\\u0442", "a4": "\\u0442\\u0435\\u043a\\u0441\\u0442\\u043e\\u0432\\u044b\\u0439", "a7": "\\u0434\\u0430", "a6": "\\u0434\\u0430", "a9": "", "a8": "-"}, {"a11": {}, "a10": "federal_district__id__in", "a1": "\\u0424\\u041e", "a3": 4.0, "a2": "[\\u0442\\u0435\\u043a\\u0441\\u0442]", "a5": "\\u041d\\u0435\\u0442", "a4": "\\u0442\\u0435\\u043a\\u0441\\u0442\\u043e\\u0432\\u044b\\u0439", "a7": "\\u0434\\u0430", "a6": "\\u043d\\u0435\\u0442", "a9": "", "a8": "\\u0411\\u0435\\u0437 \\u0424\\u041e"}, {"a11": {}, "a10": "region__id__in", "a1": "\\u0420\\u0435\\u0433\\u0438\\u043e\\u043d", "a3": "", "a2": "[\\u0442\\u0435\\u043a\\u0441\\u0442]", "a5": "\\u041d\\u0435\\u0442", "a4": "\\u0442\\u0435\\u043a\\u0441\\u0442\\u043e\\u0432\\u044b\\u0439", "a7": "\\u0434\\u0430", "a6": "\\u043d\\u0435\\u0442", "a9": "", "a8": "-"}, {"a11": {}, "a10": "branch__id__in", "a1": "\\u0424\\u0438\\u043b\\u0438\\u0430\\u043b", "a3": "", "a2": "[\\u0442\\u0435\\u043a\\u0441\\u0442]", "a5": "\\u041d\\u0435\\u0442", "a4": "\\u0442\\u0435\\u043a\\u0441\\u0442\\u043e\\u0432\\u044b\\u0439", "a7": "\\u0434\\u0430", "a6": "\\u043d\\u0435\\u0442", "a9": "", "a8": "\\u041f\\u0443\\u0441\\u0442\\u043e"}, {"a11": {}, "a10": "country__id__in", "a1": "\\u0421\\u0442\\u0440\\u0430\\u043d\\u0430", "a3": 3.0, "a2": "[\\u0442\\u0435\\u043a\\u0441\\u0442]", "a5": "\\u041d\\u0435\\u0442", "a4": "\\u0442\\u0435\\u043a\\u0441\\u0442\\u043e\\u0432\\u044b\\u0439", "a7": "\\u0434\\u0430", "a6": "\\u043d\\u0435\\u0442", "a9": "", "a8": "-"}, {"a11": {}, "a10": "author__id__in", "a1": "\\u0410\\u0432\\u0442\\u043e\\u0440", "a3": 14.0, "a2": "[\\u0442\\u0435\\u043a\\u0441\\u0442]", "a5": "\\u041d\\u0435\\u0442", "a4": "\\u0442\\u0435\\u043a\\u0441\\u0442\\u043e\\u0432\\u044b\\u0439", "a7": "\\u0434\\u0430", "a6": "\\u0434\\u0430", "a9": "", "a8": "\\u0411\\u0435\\u0437 \\u0430\\u0432\\u0442\\u043e\\u0440\\u0430"}, {"a11": {}, "a10": "media_type__id__in", "a1": "\\u0422\\u0438\\u043f \\u0421\\u041c\\u0418", "a3": "", "a2": "[\\u0442\\u0435\\u043a\\u0441\\u0442]", "a5": "\\u041d\\u0435\\u0442", "a4": "\\u0442\\u0435\\u043a\\u0441\\u0442\\u043e\\u0432\\u044b\\u0439", "a7": "\\u043d\\u0435\\u0442", "a6": "\\u043d\\u0435\\u0442", "a9": "", "a8": "-"}, {"a11": {}, "a10": "media_view__id__in", "a1": "\\u0412\\u0438\\u0434 \\u0421\\u041c\\u0418", "a3": 9.0, "a2": "[\\u0442\\u0435\\u043a\\u0441\\u0442]", "a5": "\\u041d\\u0435\\u0442", "a4": "\\u0442\\u0435\\u043a\\u0441\\u0442\\u043e\\u0432\\u044b\\u0439", "a7": "\\u043d\\u0435\\u0442", "a6": "\\u043d\\u0435\\u0442", "a9": "", "a8": "-"}, {"a11": {}, "a10": "media_list__id__in", "a1": "\\u0421\\u043f\\u0438\\u0441\\u043e\\u043a \\u0421\\u041c\\u0418", "a3": "", "a2": "[\\u0442\\u0435\\u043a\\u0441\\u0442]", "a5": "\\u041d\\u0435\\u0442", "a4": "\\u0442\\u0435\\u043a\\u0441\\u0442\\u043e\\u0432\\u044b\\u0439", "a7": "\\u043d\\u0435\\u0442", "a6": "\\u043d\\u0435\\u0442", "a9": "", "a8": "\\u041f\\u0443\\u0441\\u0442\\u043e"}, {"a11": {}, "a10": "media_category__id__in", "a1": "\\u041a\\u0430\\u0442\\u0435\\u0433\\u043e\\u0440\\u0438\\u044f \\u0421\\u041c\\u0418", "a3": 8.0, "a2": "[\\u0442\\u0435\\u043a\\u0441\\u0442]", "a5": "\\u041d\\u0435\\u0442", "a4": "\\u0442\\u0435\\u043a\\u0441\\u0442\\u043e\\u0432\\u044b\\u0439", "a7": "\\u043d\\u0435\\u0442", "a6": "\\u043d\\u0435\\u0442", "a9": "", "a8": "-"}, {"a11": {}, "a10": "source__id__in", "a1": "\\u0418\\u0441\\u0442\\u043e\\u0447\\u043d\\u0438\\u043a", "a3": 6.0, "a2": "[\\u0442\\u0435\\u043a\\u0441\\u0442]", "a5": "\\u041d\\u0435\\u0442", "a4": "\\u0442\\u0435\\u043a\\u0441\\u0442\\u043e\\u0432\\u044b\\u0439", "a7": "\\u0434\\u0430", "a6": "\\u0434\\u0430", "a9": "", "a8": "-"}, {"a11": {}, "a10": "title__id__in", "a1": "\\u0417\\u0430\\u0433\\u043e\\u043b\\u043e\\u0432\\u043e\\u043a", "a3": "", "a2": "[\\u0442\\u0435\\u043a\\u0441\\u0442]", "a5": "\\u041d\\u0435\\u0442", "a4": "\\u0442\\u0435\\u043a\\u0441\\u0442\\u043e\\u0432\\u044b\\u0439", "a7": "\\u0434\\u0430", "a6": "\\u0434\\u0430", "a9": "", "a8": "-"}, {"a11": {}, "a10": "release_time", "a1": "\\u0412\\u0440\\u0435\\u043c\\u044f \\u043f\\u0443\\u0431\\u043b\\u0438\\u043a\\u0430\\u0446\\u0438\\u0438", "a3": "", "a2": "[\\u0442\\u0435\\u043a\\u0441\\u0442]", "a5": "\\u041d\\u0435\\u0442", "a4": "\\u0432\\u0440\\u0435\\u043c\\u044f", "a7": "\\u043d\\u0435\\u0442", "a6": "\\u043d\\u0435\\u0442", "a9": "-", "a8": ""}, {"a11": {}, "a10": "url__id__in", "a1": "URL", "a3": "", "a2": "[\\u0442\\u0435\\u043a\\u0441\\u0442]", "a5": "\\u041d\\u0435\\u0442", "a4": "\\u0442\\u0435\\u043a\\u0441\\u0442\\u043e\\u0432\\u044b\\u0439", "a7": "\\u0434\\u0430", "a6": "\\u0434\\u0430", "a9": "", "a8": "\\u0411\\u0435\\u0437 URL"}, {"a11": {}, "a10": "bissines_direction__id__in", "a1": "\\u041d\\u0430\\u043f\\u0440\\u0430\\u0432\\u043b\\u0435\\u043d\\u0438\\u0435 \\u0431\\u0438\\u0437\\u043d\\u0435\\u0441\\u0430", "a3": "", "a2": "[\\u0442\\u0435\\u043a\\u0441\\u0442]", "a5": "\\u041d\\u0435\\u0442", "a4": "\\u0442\\u0435\\u043a\\u0441\\u0442\\u043e\\u0432\\u044b\\u0439", "a7": "\\u043d\\u0435\\u0442", "a6": "\\u043d\\u0435\\u0442", "a9": "", "a8": "\\u041f\\u0443\\u0441\\u0442\\u043e"}, {"a11": {}, "a10": "thematic_category__id__in", "a1": "\\u0422\\u0435\\u043c\\u0430\\u0442\\u0438\\u0447\\u0435\\u0441\\u043a\\u0430\\u044f \\u043a\\u0430\\u0442\\u0435\\u0433\\u043e\\u0440\\u0438\\u044f", "a3": "", "a2": "[\\u0442\\u0435\\u043a\\u0441\\u0442]", "a5": "\\u041d\\u0435\\u0442", "a4": "\\u0442\\u0435\\u043a\\u0441\\u0442\\u043e\\u0432\\u044b\\u0439", "a7": "\\u043d\\u0435\\u0442", "a6": "\\u043d\\u0435\\u0442", "a9": "", "a8": "\\u0414\\u0440\\u0443\\u0433\\u043e\\u0435"}, {"a11": {}, "a10": "material_genre__id__in", "a1": "\\u0416\\u0430\\u043d\\u0440 \\u043c\\u0430\\u0442\\u0435\\u0440\\u0438\\u0430\\u043b\\u0430", "a3": "", "a2": "[\\u0442\\u0435\\u043a\\u0441\\u0442]", "a5": "\\u041d\\u0435\\u0442", "a4": "\\u0442\\u0435\\u043a\\u0441\\u0442\\u043e\\u0432\\u044b\\u0439", "a7": "\\u043d\\u0435\\u0442", "a6": "\\u043d\\u0435\\u0442", "a9": "", "a8": "-"}, {"a11": {}, "a10": "info_reason__id__in", "a1": "\\u0418\\u043d\\u0444\\u043e\\u043f\\u043e\\u0432\\u043e\\u0434 \\u043c\\u0430\\u0442\\u0435\\u0440\\u0438\\u0430\\u043b\\u0430", "a3": "", "a2": "[\\u0442\\u0435\\u043a\\u0441\\u0442]", "a5": "\\u041d\\u0435\\u0442", "a4": "\\u0442\\u0435\\u043a\\u0441\\u0442\\u043e\\u0432\\u044b\\u0439", "a7": "\\u0434\\u0430", "a6": "\\u0434\\u0430", "a9": "", "a8": "-"}, {"a11": {}, "a10": "emotional_tone_title__id__in", "a1": "\\u0422\\u043e\\u043d\\u0430\\u043b\\u044c\\u043d\\u043e\\u0441\\u0442\\u044c \\u0437\\u0430\\u0433\\u043e\\u043b\\u043e\\u0432\\u043a\\u0430 \\u043c\\u0430\\u0442\\u0435\\u0440\\u0438\\u0430\\u043b\\u0430", "a3": "", "a2": "[\\u0442\\u0435\\u043a\\u0441\\u0442]", "a5": "\\u041d\\u0435\\u0442", "a4": "\\u0442\\u0435\\u043a\\u0441\\u0442\\u043e\\u0432\\u044b\\u0439", "a7": "\\u043d\\u0435\\u0442", "a6": "\\u043d\\u0435\\u0442", "a9": "", "a8": "-"}, {"a11": {}, "a10": "emotional_tone_material__id__in", "a1": "\\u0422\\u043e\\u043d\\u0430\\u043b\\u044c\\u043d\\u043e\\u0441\\u0442\\u044c \\u043c\\u0430\\u0442\\u0435\\u0440\\u0438\\u0430\\u043b\\u0430", "a3": "", "a2": "[\\u0442\\u0435\\u043a\\u0441\\u0442]", "a5": "\\u041d\\u0435\\u0442", "a4": "\\u0442\\u0435\\u043a\\u0441\\u0442\\u043e\\u0432\\u044b\\u0439", "a7": "\\u043d\\u0435\\u0442", "a6": "\\u043d\\u0435\\u0442", "a9": "", "a8": "-"}, {"a11": {}, "a10": "referred_object__id__in", "a1": "\\u0423\\u043f\\u043e\\u043c\\u0438\\u043d\\u0430\\u0435\\u043c\\u044b\\u0435 \\u043e\\u0431\\u044a\\u0435\\u043a\\u0442\\u044b", "a3": 1.0, "a2": "[\\u0442\\u0435\\u043a\\u0441\\u0442]", "a5": "\\u0414\\u0430", "a4": "\\u0442\\u0435\\u043a\\u0441\\u0442\\u043e\\u0432\\u044b\\u0439", "a7": "\\u043d\\u0435\\u0442", "a6": "\\u043d\\u0435\\u0442", "a9": "", "a8": "-"}, {"a11": {}, "a10": "emotional_tone_object__id__in", "a1": "\\u0422\\u043e\\u043d\\u0430\\u043b\\u044c\\u043d\\u043e\\u0441\\u0442\\u044c", "a3": 2.0, "a2": "[\\u0442\\u0435\\u043a\\u0441\\u0442]", "a5": "\\u0414\\u0430", "a4": "\\u0442\\u0435\\u043a\\u0441\\u0442\\u043e\\u0432\\u044b\\u0439", "a7": "\\u043d\\u0435\\u0442", "a6": "\\u043d\\u0435\\u0442", "a9": "", "a8": "-"}, {"a11": {}, "a10": "emotional_tone_title__id__in", "a1": "\\u0422\\u043e\\u043d\\u0430\\u043b\\u044c\\u043d\\u043e\\u0441\\u0442\\u044c \\u0437\\u0430\\u0433\\u043e\\u043b\\u043e\\u0432\\u043a\\u0430", "a3": "", "a2": "[\\u0442\\u0435\\u043a\\u0441\\u0442]", "a5": "\\u0414\\u0430", "a4": "\\u0442\\u0435\\u043a\\u0441\\u0442\\u043e\\u0432\\u044b\\u0439", "a7": "\\u043d\\u0435\\u0442", "a6": "\\u043d\\u0435\\u0442", "a9": "", "a8": "-"}, {"a11": {}, "a10": "object_role__id__in", "a1": "\\u0420\\u043e\\u043b\\u044c", "a3": "", "a2": "[\\u0442\\u0435\\u043a\\u0441\\u0442]", "a5": "\\u0414\\u0430", "a4": "\\u0442\\u0435\\u043a\\u0441\\u0442\\u043e\\u0432\\u044b\\u0439", "a7": "\\u043d\\u0435\\u0442", "a6": "\\u043d\\u0435\\u0442", "a9": "", "a8": "-"}, {"a11": {}, "a10": "info_reason__id__in", "a1": "\\u0418\\u043d\\u0444\\u043e\\u043f\\u043e\\u0432\\u043e\\u0434", "a3": 10.0, "a2": "[\\u0442\\u0435\\u043a\\u0441\\u0442]", "a5": "\\u0414\\u0430", "a4": "\\u0442\\u0435\\u043a\\u0441\\u0442\\u043e\\u0432\\u044b\\u0439", "a7": "\\u043d\\u0435\\u0442", "a6": "\\u043d\\u0435\\u0442", "a9": "", "a8": "-"}, {"a11": {}, "a10": "speaker__id__in", "a1": "\\u0424\\u0418\\u041e \\u0441\\u043f\\u0438\\u043a\\u0435\\u0440\\u0430", "a3": 15.0, "a2": "[\\u0442\\u0435\\u043a\\u0441\\u0442]", "a5": "\\u0414\\u0430", "a4": "\\u0442\\u0435\\u043a\\u0441\\u0442\\u043e\\u0432\\u044b\\u0439", "a7": "\\u0434\\u0430", "a6": "\\u0434\\u0430", "a9": "", "a8": "\\u0411\\u0435\\u0437 \\u0441\\u043f\\u0438\\u043a\\u0435\\u0440\\u0430"}, {"a11": {}, "a10": "speaker_category__id__in", "a1": "\\u041a\\u0430\\u0442\\u0435\\u0433\\u043e\\u0440\\u0438\\u044f \\u0441\\u043f\\u0438\\u043a\\u0435\\u0440\\u0430", "a3": 16.0, "a2": "[\\u0442\\u0435\\u043a\\u0441\\u0442]", "a5": "\\u0414\\u0430", "a4": "\\u0442\\u0435\\u043a\\u0441\\u0442\\u043e\\u0432\\u044b\\u0439", "a7": "\\u043d\\u0435\\u0442", "a6": "\\u043d\\u0435\\u0442", "a9": "", "a8": "\\u0411\\u0435\\u0437 \\u0441\\u043f\\u0438\\u043a\\u0435\\u0440\\u0430"}, {"a11": {}, "a10": "speaker_level__id__in", "a1": "\\u0423\\u0440\\u043e\\u0432\\u0435\\u043d\\u044c \\u0441\\u043f\\u0438\\u043a\\u0435\\u0440\\u0430", "a3": "", "a2": "[\\u0442\\u0435\\u043a\\u0441\\u0442]", "a5": "\\u0414\\u0430", "a4": "\\u0442\\u0435\\u043a\\u0441\\u0442\\u043e\\u0432\\u044b\\u0439", "a7": "\\u043d\\u0435\\u0442", "a6": "\\u043d\\u0435\\u0442", "a9": "", "a8": "\\u0411\\u0435\\u0437 \\u0441\\u043f\\u0438\\u043a\\u0435\\u0440\\u0430"}, {"a11": {}, "a10": "speaker_speech_hate__id__in", "a1": "\\u0425\\u0430\\u0440\\u0430\\u043a\\u0442\\u0435\\u0440 \\u0432\\u044b\\u0441\\u043a\\u0430\\u0437\\u044b\\u0432\\u0430\\u043d\\u0438\\u044f \\u0441\\u043f\\u0438\\u043a\\u0435\\u0440\\u0430", "a3": "", "a2": "[\\u0442\\u0435\\u043a\\u0441\\u0442]", "a5": "\\u0414\\u0430", "a4": "\\u0442\\u0435\\u043a\\u0441\\u0442\\u043e\\u0432\\u044b\\u0439", "a7": "\\u043d\\u0435\\u0442", "a6": "\\u043d\\u0435\\u0442", "a9": "", "a8": "\\u0411\\u0435\\u0437 \\u0441\\u043f\\u0438\\u043a\\u0435\\u0440\\u0430"}, {"a11": {}, "a10": "speaker_quote_uniqueness__id__in", "a1": "\\u0423\\u043d\\u0438\\u043a\\u0430\\u043b\\u044c\\u043d\\u043e\\u0441\\u0442\\u044c \\u0446\\u0438\\u0442\\u0430\\u0442 \\u0441\\u043f\\u0438\\u043a\\u0435\\u0440\\u0430", "a3": "", "a2": "[\\u0442\\u0435\\u043a\\u0441\\u0442]", "a5": "\\u0414\\u0430", "a4": "\\u0442\\u0435\\u043a\\u0441\\u0442\\u043e\\u0432\\u044b\\u0439", "a7": "\\u043d\\u0435\\u0442", "a6": "\\u043d\\u0435\\u0442", "a9": "", "a8": "\\u0411\\u0435\\u0437 \\u0441\\u043f\\u0438\\u043a\\u0435\\u0440\\u0430"}, {"a11": {}, "a10": "side__speaker__id__in", "a1": "\\u0424\\u0418\\u041e \\u0441\\u0442\\u043e\\u0440\\u043e\\u043d\\u043d\\u0435\\u0433\\u043e \\u0441\\u043f\\u0438\\u043a\\u0435\\u0440\\u0430", "a3": "", "a2": "[\\u0442\\u0435\\u043a\\u0441\\u0442]", "a5": "\\u0414\\u0430", "a4": "\\u0442\\u0435\\u043a\\u0441\\u0442\\u043e\\u0432\\u044b\\u0439", "a7": "\\u0434\\u0430", "a6": "\\u0434\\u0430", "a9": "", "a8": "\\u0411\\u0435\\u0437 \\u0441\\u0442\\u043e\\u0440\\u043e\\u043d\\u043d\\u0435\\u0433\\u043e \\u0441\\u043f\\u0438\\u043a\\u0435\\u0440\\u0430"}, {"a11": {}, "a10": "side_speaker_tonality__id__in", "a1": "\\u0422\\u043e\\u043d\\u0430\\u043b\\u044c\\u043d\\u043e\\u0441\\u0442\\u044c \\u0441\\u0442\\u043e\\u0440\\u043e\\u043d\\u043d\\u0435\\u0433\\u043e \\u0441\\u043f\\u0438\\u043a\\u0435\\u0440\\u0430", "a3": "", "a2": "[\\u0442\\u0435\\u043a\\u0441\\u0442]", "a5": "\\u0414\\u0430", "a4": "\\u0442\\u0435\\u043a\\u0441\\u0442\\u043e\\u0432\\u044b\\u0439", "a7": "\\u043d\\u0435\\u0442", "a6": "\\u043d\\u0435\\u0442", "a9": "", "a8": "\\u0411\\u0435\\u0437 \\u0441\\u0442\\u043e\\u0440\\u043e\\u043d\\u043d\\u0435\\u0433\\u043e \\u0441\\u043f\\u0438\\u043a\\u0435\\u0440\\u0430"}, {"a11": {}, "a10": "side_speaker_status__id__in", "a1": "\\u0421\\u0442\\u0430\\u0442\\u0443\\u0441 \\u0441\\u0442\\u043e\\u0440\\u043e\\u043d\\u043d\\u0435\\u0433\\u043e \\u0441\\u043f\\u0438\\u043a\\u0435\\u0440\\u0430", "a3": "", "a2": "[\\u0442\\u0435\\u043a\\u0441\\u0442]", "a5": "\\u0414\\u0430", "a4": "\\u0442\\u0435\\u043a\\u0441\\u0442\\u043e\\u0432\\u044b\\u0439", "a7": "\\u043d\\u0435\\u0442", "a6": "\\u043d\\u0435\\u0442", "a9": "", "a8": "\\u0411\\u0435\\u0437 \\u0441\\u0442\\u043e\\u0440\\u043e\\u043d\\u043d\\u0435\\u0433\\u043e \\u0441\\u043f\\u0438\\u043a\\u0435\\u0440\\u0430"}, {"a11": {}, "a10": "prt__range", "a1": "PRt", "a3": 12.0, "a2": "[\\u0442\\u0435\\u043a\\u0441\\u0442]", "a5": "\\u0414\\u0430", "a4": "\\u0447\\u0438\\u0441\\u043b\\u043e", "a7": "\\u043d\\u0435\\u0442", "a6": "\\u043d\\u0435\\u0442", "a9": "\\u0448\\u043a\\u0430\\u043b\\u0430", "a8": "-"}, {"a11": {}, "a10": "prv__range", "a1": "PRV", "a3": 11.0, "a2": "[\\u0442\\u0435\\u043a\\u0441\\u0442]", "a5": "\\u0414\\u0430", "a4": "\\u0447\\u0438\\u0441\\u043b\\u043e", "a7": "\\u043d\\u0435\\u0442", "a6": "\\u043d\\u0435\\u0442", "a9": "\\u0448\\u043a\\u0430\\u043b\\u0430", "a8": "-"}, {"a11": {}, "a10": "mo__range", "a1": "Media Outreach", "a3": 13.0, "a2": "[\\u0442\\u0435\\u043a\\u0441\\u0442]", "a5": "\\u0414\\u0430", "a4": "\\u0447\\u0438\\u0441\\u043b\\u043e", "a7": "\\u043d\\u0435\\u0442", "a6": "\\u043d\\u0435\\u0442", "a9": "\\u0448\\u043a\\u0430\\u043b\\u0430", "a8": "-"}, {"a11": {}, "a10": "mq__range", "a1": "MQ", "a3": "", "a2": "[\\u0442\\u0435\\u043a\\u0441\\u0442]", "a5": "\\u0414\\u0430", "a4": "\\u0447\\u0438\\u0441\\u043b\\u043e", "a7": "\\u043d\\u0435\\u0442", "a6": "\\u043d\\u0435\\u0442", "a9": "\\u0448\\u043a\\u0430\\u043b\\u0430", "a8": "-"}, {"a11": {}, "a10": "interaction_kind__id__in", "a1": "\\u0412\\u0438\\u0434 \\u0432\\u0437\\u0430\\u0438\\u043c\\u043e\\u0434\\u0435\\u0439\\u0441\\u0442\\u0432\\u0438\\u044f", "a3": "", "a2": "[\\u0442\\u0435\\u043a\\u0441\\u0442]", "a5": "\\u041d\\u0435\\u0442", "a4": "\\u0442\\u0435\\u043a\\u0441\\u0442\\u043e\\u0432\\u044b\\u0439", "a7": "\\u043d\\u0435\\u0442", "a6": "\\u043d\\u0435\\u0442", "a9": "", "a8": "\\u0414\\u0440\\u0443\\u0433\\u043e\\u0435"}, {"a11": {}, "a10": "initiation__id__in", "a1": "\\u0418\\u043d\\u0438\\u0446\\u0438\\u0438\\u0440\\u043e\\u0432\\u0430\\u043d\\u0438\\u0435", "a3": "", "a2": "[\\u0442\\u0435\\u043a\\u0441\\u0442]", "a5": "\\u0414\\u0430", "a4": "\\u0442\\u0435\\u043a\\u0441\\u0442\\u043e\\u0432\\u044b\\u0439", "a7": "\\u043d\\u0435\\u0442", "a6": "\\u043d\\u0435\\u0442", "a9": "", "a8": "\\u041d\\u0435\\u0442"}, {"a11": {}, "a10": "penetration__id__in", "a1": "\\u0421\\u0442\\u0435\\u043f\\u0435\\u043d\\u044c \\u043f\\u0440\\u043e\\u043d\\u0438\\u043a\\u043d\\u043e\\u0432\\u0435\\u043d\\u0438\\u044f \\u041f\\u0420/\\u041d\\u043e\\u0432\\u043e\\u0441\\u0442\\u0438", "a3": "", "a2": "[\\u0442\\u0435\\u043a\\u0441\\u0442]", "a5": "\\u041d\\u0435\\u0442", "a4": "\\u0442\\u0435\\u043a\\u0441\\u0442\\u043e\\u0432\\u044b\\u0439", "a7": "\\u043d\\u0435\\u0442", "a6": "\\u043d\\u0435\\u0442", "a9": "", "a8": "\\u041d\\u0435\\u0442"}, {"a11": {}, "a10": "id_press_release__id__in", "a1": "ID-\\u043f\\u0440\\u0435\\u0441\\u0441-\\u0440\\u0435\\u043b\\u0438\\u0437\\u0430", "a3": "", "a2": "[\\u0442\\u0435\\u043a\\u0441\\u0442]", "a5": "\\u041d\\u0435\\u0442", "a4": "\\u0442\\u0435\\u043a\\u0441\\u0442\\u043e\\u0432\\u044b\\u0439", "a7": "\\u0434\\u0430", "a6": "\\u0434\\u0430", "a9": "", "a8": "\\u041d\\u0435\\u0442"}, {"a11": {}, "a10": "referred_object__id__in", "a1": "\\u0423\\u043f\\u043e\\u043c\\u0438\\u043d\\u0430\\u0435\\u043c\\u043e\\u0441\\u0442\\u044c \\u043f\\u0440\\u043e\\u0434\\u0443\\u043a\\u0442\\u043e\\u0432", "a3": "", "a2": "[\\u0442\\u0435\\u043a\\u0441\\u0442]", "a5": "\\u041d\\u0435\\u0442", "a4": "\\u0442\\u0435\\u043a\\u0441\\u0442\\u043e\\u0432\\u044b\\u0439", "a7": "\\u0434\\u0430", "a6": "\\u0434\\u0430", "a9": "", "a8": "\\u041d\\u0435\\u0442"}, {"a11": {}, "a10": "advertisement_promo__id__in", "a1": "\\u0420\\u0435\\u043a\\u043b\\u0430\\u043c\\u0430/\\u043f\\u0440\\u043e\\u043c\\u043e", "a3": "", "a2": "[\\u0442\\u0435\\u043a\\u0441\\u0442]", "a5": "\\u0414\\u0430", "a4": "\\u0442\\u0435\\u043a\\u0441\\u0442\\u043e\\u0432\\u044b\\u0439", "a7": "\\u043d\\u0435\\u0442", "a6": "\\u043d\\u0435\\u0442", "a9": "", "a8": "\\u041d\\u0435\\u0442"}, {"a11": {}, "a10": "technologies__id__in", "a1": "\\u0422\\u0435\\u0445\\u043d\\u043e\\u043b\\u043e\\u0433\\u0438\\u0438", "a3": "", "a2": "[\\u0442\\u0435\\u043a\\u0441\\u0442]", "a5": "\\u0414\\u0430", "a4": "\\u0442\\u0435\\u043a\\u0441\\u0442\\u043e\\u0432\\u044b\\u0439", "a7": "\\u043d\\u0435\\u0442", "a6": "\\u043d\\u0435\\u0442", "a9": "", "a8": "\\u041d\\u0435\\u0442"}, {"a11": {}, "a10": "km__id__in", "a1": "KM", "a3": "", "a2": "[\\u0442\\u0435\\u043a\\u0441\\u0442]", "a5": "\\u041d\\u0435\\u0442", "a4": "\\u0442\\u0435\\u043a\\u0441\\u0442\\u043e\\u0432\\u044b\\u0439", "a7": "\\u043d\\u0435\\u0442", "a6": "\\u043d\\u0435\\u0442", "a9": "", "a8": "\\u0411\\u0435\\u0437 KM"}, {"a11": {}, "a10": "km_result", "a1": "KM \\u0438\\u0442\\u043e\\u0433", "a3": "", "a2": "[\\u0442\\u0435\\u043a\\u0441\\u0442]", "a5": "\\u041d\\u0435\\u0442", "a4": "\\u0442\\u0435\\u043a\\u0441\\u0442\\u043e\\u0432\\u044b\\u0439", "a7": "\\u043d\\u0435\\u0442", "a6": "\\u043d\\u0435\\u0442", "a9": "", "a8": ""}, {"a11": {}, "a10": "tag__id__in", "a1": "\\u0422\\u044d\\u0433", "a3": "", "a2": "[\\u0442\\u0435\\u043a\\u0441\\u0442]", "a5": "\\u041d\\u0435\\u0442", "a4": "\\u0442\\u0435\\u043a\\u0441\\u0442\\u043e\\u0432\\u044b\\u0439", "a7": "\\u043d\\u0435\\u0442", "a6": "\\u043d\\u0435\\u0442", "a9": "", "a8": "-"}, {"a11": {}, "a10": "duration__id__in", "a1": "\\u0414\\u043b\\u0438\\u0442\\u0435\\u043b\\u044c\\u043d\\u043e\\u0441\\u0442\\u044c", "a3": "", "a2": "[\\u0442\\u0435\\u043a\\u0441\\u0442]", "a5": "\\u041d\\u0435\\u0442", "a4": "\\u0447\\u0438\\u0441\\u043b\\u043e\\u0432\\u043e\\u0439", "a7": "\\u043d\\u0435\\u0442", "a6": "\\u043d\\u0435\\u0442", "a9": "\\u0448\\u043a\\u0430\\u043b\\u0430", "a8": "\\u041d\\u0435\\u0442"}, {"a11": {}, "a10": "cover__range", "a1": "\\u041e\\u0431\\u043b\\u043e\\u0436\\u043a\\u0430", "a3": "", "a2": "[\\u0442\\u0435\\u043a\\u0441\\u0442]", "a5": "\\u041d\\u0435\\u0442", "a4": "\\u0442\\u0435\\u043a\\u0441\\u0442\\u043e\\u0432\\u044b\\u0439", "a7": "\\u043d\\u0435\\u0442", "a6": "\\u043d\\u0435\\u0442", "a9": "", "a8": "\\u041d\\u0435\\u0442"}, {"a11": {}, "a10": "visibility__id__in", "a1": "\\u0417\\u0430\\u043c\\u0435\\u0442\\u043d\\u043e\\u0441\\u0442\\u044c \\u043c\\u0430\\u0442\\u0435\\u0440\\u0438\\u0430\\u043b\\u0430", "a3": "", "a2": "[\\u0442\\u0435\\u043a\\u0441\\u0442]", "a5": "\\u041d\\u0435\\u0442", "a4": "\\u0442\\u0435\\u043a\\u0441\\u0442\\u043e\\u0432\\u044b\\u0439", "a7": "\\u043d\\u0435\\u0442", "a6": "\\u043d\\u0435\\u0442", "a9": "", "a8": "-"}, {"a11": {}, "a10": "infographics__range", "a1": "\\u0418\\u043d\\u0444\\u043e\\u0433\\u0440\\u0430\\u0444\\u0438\\u043a\\u0430", "a3": "", "a2": "[\\u0442\\u0435\\u043a\\u0441\\u0442]", "a5": "\\u041d\\u0435\\u0442", "a4": "\\u0442\\u0435\\u043a\\u0441\\u0442\\u043e\\u0432\\u044b\\u0439", "a7": "\\u043d\\u0435\\u0442", "a6": "\\u043d\\u0435\\u0442", "a9": "", "a8": "\\u041e\\u0442\\u0441\\u0443\\u0442\\u0441\\u0442\\u0432\\u0443\\u0435\\u0442"}, {"a11": {}, "a10": "macroregion__id__in", "a1": "\\u041c\\u0430\\u043a\\u0440\\u043e\\u0440\\u0435\\u0433\\u0438\\u043e\\u043d", "a3": "", "a2": "[\\u0442\\u0435\\u043a\\u0441\\u0442]", "a5": "\\u041d\\u0435\\u0442", "a4": "\\u0442\\u0435\\u043a\\u0441\\u0442\\u043e\\u0432\\u044b\\u0439", "a7": "\\u043d\\u0435\\u0442", "a6": "\\u043d\\u0435\\u0442", "a9": "", "a8": "-"}, {"a11": {}, "a10": "media_list_special__id__in", "a1": "Media List", "a3": "", "a2": "[\\u0442\\u0435\\u043a\\u0441\\u0442]", "a5": "\\u041d\\u0435\\u0442", "a4": "\\u0442\\u0435\\u043a\\u0441\\u0442\\u043e\\u0432\\u044b\\u0439", "a7": "\\u043d\\u0435\\u0442", "a6": "\\u043d\\u0435\\u0442", "a9": "", "a8": "Others"}, {"a11": {}, "a10": "media_type_special__id__in", "a1": "Media Type", "a3": "", "a2": "[\\u0442\\u0435\\u043a\\u0441\\u0442]", "a5": "\\u041d\\u0435\\u0442", "a4": "\\u0442\\u0435\\u043a\\u0441\\u0442\\u043e\\u0432\\u044b\\u0439", "a7": "\\u043d\\u0435\\u0442", "a6": "\\u043d\\u0435\\u0442", "a9": "", "a8": "-"}, {"a11": {}, "a10": "media_category_special__id__in", "a1": "Media Category", "a3": "", "a2": "[\\u0442\\u0435\\u043a\\u0441\\u0442]", "a5": "\\u041d\\u0435\\u0442", "a4": "\\u0442\\u0435\\u043a\\u0441\\u0442\\u043e\\u0432\\u044b\\u0439", "a7": "\\u043d\\u0435\\u0442", "a6": "\\u043d\\u0435\\u0442", "a9": "", "a8": "-"}, {"a11": {}, "a10": "visibility_special__id__in", "a1": "Visibility", "a3": "", "a2": "[\\u0442\\u0435\\u043a\\u0441\\u0442]", "a5": "\\u041d\\u0435\\u0442", "a4": "\\u0442\\u0435\\u043a\\u0441\\u0442\\u043e\\u0432\\u044b\\u0439", "a7": "\\u043d\\u0435\\u0442", "a6": "\\u043d\\u0435\\u0442", "a9": "", "a8": "-"}, {"a11": {}, "a10": "image__id__in", "a1": "Image", "a3": "", "a2": "[\\u0442\\u0435\\u043a\\u0441\\u0442]", "a5": "\\u041d\\u0435\\u0442", "a4": "\\u0442\\u0435\\u043a\\u0441\\u0442\\u043e\\u0432\\u044b\\u0439", "a7": "\\u043d\\u0435\\u0442", "a6": "\\u043d\\u0435\\u0442", "a9": "", "a8": "Absent"}, {"a11": {}, "a10": "km_special__id__in", "a1": "Key Message Penetration", "a3": "", "a2": "[\\u0442\\u0435\\u043a\\u0441\\u0442]", "a5": "\\u041d\\u0435\\u0442", "a4": "\\u0442\\u0435\\u043a\\u0441\\u0442\\u043e\\u0432\\u044b\\u0439", "a7": "\\u043d\\u0435\\u0442", "a6": "\\u043d\\u0435\\u0442", "a9": "", "a8": "-"}, {"a11": {}, "a10": "brand_or_product__id__in", "a1": "Brand or Product Mention", "a3": "", "a2": "[\\u0442\\u0435\\u043a\\u0441\\u0442]", "a5": "\\u041d\\u0435\\u0442", "a4": "\\u0442\\u0435\\u043a\\u0441\\u0442\\u043e\\u0432\\u044b\\u0439", "a7": "\\u043d\\u0435\\u0442", "a6": "\\u043d\\u0435\\u0442", "a9": "", "a8": "-"}, {"a11": {}, "a10": "speaker_quote__id__in", "a1": "Speaker\\u2019s Quote", "a3": "", "a2": "[\\u0442\\u0435\\u043a\\u0441\\u0442]", "a5": "\\u041d\\u0435\\u0442", "a4": "\\u0442\\u0435\\u043a\\u0441\\u0442\\u043e\\u0432\\u044b\\u0439", "a7": "\\u043d\\u0435\\u0442", "a6": "\\u043d\\u0435\\u0442", "a9": "", "a8": "-"}, {"a11": {}, "a10": "third_patry_speakers__id__in", "a1": "Third Party Speakers\\u2019 Supporting Quotes", "a3": "", "a2": "[\\u0442\\u0435\\u043a\\u0441\\u0442]", "a5": "\\u041d\\u0435\\u0442", "a4": "\\u0442\\u0435\\u043a\\u0441\\u0442\\u043e\\u0432\\u044b\\u0439", "a7": "\\u043d\\u0435\\u0442", "a6": "\\u043d\\u0435\\u0442", "a9": "", "a8": "-"}, {"a11": {}, "a10": "headder_tonality__id__in", "a1": "Header Tonality", "a3": "", "a2": "[\\u0442\\u0435\\u043a\\u0441\\u0442]", "a5": "\\u041d\\u0435\\u0442", "a4": "\\u0442\\u0435\\u043a\\u0441\\u0442\\u043e\\u0432\\u044b\\u0439", "a7": "\\u043d\\u0435\\u0442", "a6": "\\u043d\\u0435\\u0442", "a9": "", "a8": "-"}, {"a11": {}, "a10": "main_tonality__id__in", "a1": "Main Tonality", "a3": "", "a2": "[\\u0442\\u0435\\u043a\\u0441\\u0442]", "a5": "\\u041d\\u0435\\u0442", "a4": "\\u0442\\u0435\\u043a\\u0441\\u0442\\u043e\\u0432\\u044b\\u0439", "a7": "\\u043d\\u0435\\u0442", "a6": "\\u043d\\u0435\\u0442", "a9": "", "a8": "-"}, {"a11": {}, "a10": "global_local_event__id__in", "a1": "Global/Local Event", "a3": "", "a2": "[\\u0442\\u0435\\u043a\\u0441\\u0442]", "a5": "\\u041d\\u0435\\u0442", "a4": "\\u0442\\u0435\\u043a\\u0441\\u0442\\u043e\\u0432\\u044b\\u0439", "a7": "\\u043d\\u0435\\u0442", "a6": "\\u043d\\u0435\\u0442", "a9": "", "a8": "-"}, {"a11": {}, "a10": "edge_region__id__in", "a1": "\\u041e\\u0431\\u043b\\u0430\\u0441\\u0442\\u044c \\u0438\\u043b\\u0438 \\u043a\\u0440\\u0430\\u0439", "a3": "", "a2": "[\\u0442\\u0435\\u043a\\u0441\\u0442]", "a5": "\\u041d\\u0435\\u0442", "a4": "\\u0442\\u0435\\u043a\\u0441\\u0442\\u043e\\u0432\\u044b\\u0439", "a7": "\\u043d\\u0435\\u0442", "a6": "\\u043d\\u0435\\u0442", "a9": "", "a8": "-"}]
16	1	1	[{"a11": {}, "a10": "day__id__in", "a1": "\\u0414\\u0435\\u043d\\u044c", "a3": "", "a2": "[\\u0442\\u0435\\u043a\\u0441\\u0442]", "a5": "\\u041d\\u0435\\u0442", "a4": "\\u0447\\u0438\\u0441\\u043b\\u043e\\u0432\\u043e\\u0439", "a7": "", "a6": "-", "a9": "list", "a8": ""}, {"a11": {}, "a10": "month__id__in", "a1": "\\u041c\\u0435\\u0441\\u044f\\u0446", "a3": "", "a2": "[\\u0442\\u0435\\u043a\\u0441\\u0442]", "a5": "\\u041d\\u0435\\u0442", "a4": "\\u0447\\u0438\\u0441\\u043b\\u043e\\u0432\\u043e\\u0439", "a7": "", "a6": "-", "a9": "list", "a8": ""}, {"a11": {}, "a10": "week__id__in", "a1": "\\u041d\\u0435\\u0434\\u0435\\u043b\\u044f", "a3": "", "a2": "[\\u0442\\u0435\\u043a\\u0441\\u0442]", "a5": "\\u041d\\u0435\\u0442", "a4": "\\u0447\\u0438\\u0441\\u043b\\u043e\\u0432\\u043e\\u0439", "a7": "", "a6": "-", "a9": "list", "a8": ""}, {"a11": {}, "a10": "media_level__id__in", "a1": "\\u0423\\u0440\\u043e\\u0432\\u0435\\u043d\\u044c \\u0421\\u041c\\u0418", "a3": 7.0, "a2": "[\\u0442\\u0435\\u043a\\u0441\\u0442]", "a5": "\\u041d\\u0435\\u0442", "a4": "\\u0442\\u0435\\u043a\\u0441\\u0442\\u043e\\u0432\\u044b\\u0439", "a7": "\\u043d\\u0435\\u0442", "a6": "\\u043d\\u0435\\u0442", "a9": "", "a8": "-"}, {"a11": {}, "a10": "city__id__in", "a1": "\\u0413\\u043e\\u0440\\u043e\\u0434", "a3": 5.0, "a2": "[\\u0442\\u0435\\u043a\\u0441\\u0442]", "a5": "\\u041d\\u0435\\u0442", "a4": "\\u0442\\u0435\\u043a\\u0441\\u0442\\u043e\\u0432\\u044b\\u0439", "a7": "\\u0434\\u0430", "a6": "\\u0434\\u0430", "a9": "", "a8": "-"}, {"a11": {}, "a10": "federal_district__id__in", "a1": "\\u0424\\u041e", "a3": 4.0, "a2": "[\\u0442\\u0435\\u043a\\u0441\\u0442]", "a5": "\\u041d\\u0435\\u0442", "a4": "\\u0442\\u0435\\u043a\\u0441\\u0442\\u043e\\u0432\\u044b\\u0439", "a7": "\\u0434\\u0430", "a6": "\\u043d\\u0435\\u0442", "a9": "", "a8": "\\u0411\\u0435\\u0437 \\u0424\\u041e"}, {"a11": {}, "a10": "region__id__in", "a1": "\\u0420\\u0435\\u0433\\u0438\\u043e\\u043d", "a3": "", "a2": "[\\u0442\\u0435\\u043a\\u0441\\u0442]", "a5": "\\u041d\\u0435\\u0442", "a4": "\\u0442\\u0435\\u043a\\u0441\\u0442\\u043e\\u0432\\u044b\\u0439", "a7": "\\u0434\\u0430", "a6": "\\u043d\\u0435\\u0442", "a9": "", "a8": "-"}, {"a11": {}, "a10": "branch__id__in", "a1": "\\u0424\\u0438\\u043b\\u0438\\u0430\\u043b", "a3": "", "a2": "[\\u0442\\u0435\\u043a\\u0441\\u0442]", "a5": "\\u041d\\u0435\\u0442", "a4": "\\u0442\\u0435\\u043a\\u0441\\u0442\\u043e\\u0432\\u044b\\u0439", "a7": "\\u0434\\u0430", "a6": "\\u043d\\u0435\\u0442", "a9": "", "a8": "\\u041f\\u0443\\u0441\\u0442\\u043e"}, {"a11": {}, "a10": "country__id__in", "a1": "\\u0421\\u0442\\u0440\\u0430\\u043d\\u0430", "a3": 3.0, "a2": "[\\u0442\\u0435\\u043a\\u0441\\u0442]", "a5": "\\u041d\\u0435\\u0442", "a4": "\\u0442\\u0435\\u043a\\u0441\\u0442\\u043e\\u0432\\u044b\\u0439", "a7": "\\u0434\\u0430", "a6": "\\u043d\\u0435\\u0442", "a9": "", "a8": "-"}, {"a11": {}, "a10": "author__id__in", "a1": "\\u0410\\u0432\\u0442\\u043e\\u0440", "a3": 14.0, "a2": "[\\u0442\\u0435\\u043a\\u0441\\u0442]", "a5": "\\u041d\\u0435\\u0442", "a4": "\\u0442\\u0435\\u043a\\u0441\\u0442\\u043e\\u0432\\u044b\\u0439", "a7": "\\u0434\\u0430", "a6": "\\u0434\\u0430", "a9": "", "a8": "\\u0411\\u0435\\u0437 \\u0430\\u0432\\u0442\\u043e\\u0440\\u0430"}, {"a11": {}, "a10": "media_type__id__in", "a1": "\\u0422\\u0438\\u043f \\u0421\\u041c\\u0418", "a3": "", "a2": "[\\u0442\\u0435\\u043a\\u0441\\u0442]", "a5": "\\u041d\\u0435\\u0442", "a4": "\\u0442\\u0435\\u043a\\u0441\\u0442\\u043e\\u0432\\u044b\\u0439", "a7": "\\u043d\\u0435\\u0442", "a6": "\\u043d\\u0435\\u0442", "a9": "", "a8": "-"}, {"a11": {}, "a10": "media_view__id__in", "a1": "\\u0412\\u0438\\u0434 \\u0421\\u041c\\u0418", "a3": 9.0, "a2": "[\\u0442\\u0435\\u043a\\u0441\\u0442]", "a5": "\\u041d\\u0435\\u0442", "a4": "\\u0442\\u0435\\u043a\\u0441\\u0442\\u043e\\u0432\\u044b\\u0439", "a7": "\\u043d\\u0435\\u0442", "a6": "\\u043d\\u0435\\u0442", "a9": "", "a8": "-"}, {"a11": {}, "a10": "media_list__id__in", "a1": "\\u0421\\u043f\\u0438\\u0441\\u043e\\u043a \\u0421\\u041c\\u0418", "a3": "", "a2": "[\\u0442\\u0435\\u043a\\u0441\\u0442]", "a5": "\\u041d\\u0435\\u0442", "a4": "\\u0442\\u0435\\u043a\\u0441\\u0442\\u043e\\u0432\\u044b\\u0439", "a7": "\\u043d\\u0435\\u0442", "a6": "\\u043d\\u0435\\u0442", "a9": "", "a8": "\\u041f\\u0443\\u0441\\u0442\\u043e"}, {"a11": {}, "a10": "media_category__id__in", "a1": "\\u041a\\u0430\\u0442\\u0435\\u0433\\u043e\\u0440\\u0438\\u044f \\u0421\\u041c\\u0418", "a3": 8.0, "a2": "[\\u0442\\u0435\\u043a\\u0441\\u0442]", "a5": "\\u041d\\u0435\\u0442", "a4": "\\u0442\\u0435\\u043a\\u0441\\u0442\\u043e\\u0432\\u044b\\u0439", "a7": "\\u043d\\u0435\\u0442", "a6": "\\u043d\\u0435\\u0442", "a9": "", "a8": "-"}, {"a11": {}, "a10": "source__id__in", "a1": "\\u0418\\u0441\\u0442\\u043e\\u0447\\u043d\\u0438\\u043a", "a3": 6.0, "a2": "[\\u0442\\u0435\\u043a\\u0441\\u0442]", "a5": "\\u041d\\u0435\\u0442", "a4": "\\u0442\\u0435\\u043a\\u0441\\u0442\\u043e\\u0432\\u044b\\u0439", "a7": "\\u0434\\u0430", "a6": "\\u0434\\u0430", "a9": "", "a8": "-"}, {"a11": {}, "a10": "title__id__in", "a1": "\\u0417\\u0430\\u0433\\u043e\\u043b\\u043e\\u0432\\u043e\\u043a", "a3": "", "a2": "[\\u0442\\u0435\\u043a\\u0441\\u0442]", "a5": "\\u041d\\u0435\\u0442", "a4": "\\u0442\\u0435\\u043a\\u0441\\u0442\\u043e\\u0432\\u044b\\u0439", "a7": "\\u0434\\u0430", "a6": "\\u0434\\u0430", "a9": "", "a8": "-"}, {"a11": {}, "a10": "release_time", "a1": "\\u0412\\u0440\\u0435\\u043c\\u044f \\u043f\\u0443\\u0431\\u043b\\u0438\\u043a\\u0430\\u0446\\u0438\\u0438", "a3": "", "a2": "[\\u0442\\u0435\\u043a\\u0441\\u0442]", "a5": "\\u041d\\u0435\\u0442", "a4": "\\u0432\\u0440\\u0435\\u043c\\u044f", "a7": "\\u043d\\u0435\\u0442", "a6": "\\u043d\\u0435\\u0442", "a9": "-", "a8": ""}, {"a11": {}, "a10": "url__id__in", "a1": "URL", "a3": "", "a2": "[\\u0442\\u0435\\u043a\\u0441\\u0442]", "a5": "\\u041d\\u0435\\u0442", "a4": "\\u0442\\u0435\\u043a\\u0441\\u0442\\u043e\\u0432\\u044b\\u0439", "a7": "\\u0434\\u0430", "a6": "\\u0434\\u0430", "a9": "", "a8": "\\u0411\\u0435\\u0437 URL"}, {"a11": {}, "a10": "bissines_direction__id__in", "a1": "\\u041d\\u0430\\u043f\\u0440\\u0430\\u0432\\u043b\\u0435\\u043d\\u0438\\u0435 \\u0431\\u0438\\u0437\\u043d\\u0435\\u0441\\u0430", "a3": "", "a2": "[\\u0442\\u0435\\u043a\\u0441\\u0442]", "a5": "\\u041d\\u0435\\u0442", "a4": "\\u0442\\u0435\\u043a\\u0441\\u0442\\u043e\\u0432\\u044b\\u0439", "a7": "\\u043d\\u0435\\u0442", "a6": "\\u043d\\u0435\\u0442", "a9": "", "a8": "\\u041f\\u0443\\u0441\\u0442\\u043e"}, {"a11": {}, "a10": "thematic_category__id__in", "a1": "\\u0422\\u0435\\u043c\\u0430\\u0442\\u0438\\u0447\\u0435\\u0441\\u043a\\u0430\\u044f \\u043a\\u0430\\u0442\\u0435\\u0433\\u043e\\u0440\\u0438\\u044f", "a3": "", "a2": "[\\u0442\\u0435\\u043a\\u0441\\u0442]", "a5": "\\u041d\\u0435\\u0442", "a4": "\\u0442\\u0435\\u043a\\u0441\\u0442\\u043e\\u0432\\u044b\\u0439", "a7": "\\u043d\\u0435\\u0442", "a6": "\\u043d\\u0435\\u0442", "a9": "", "a8": "\\u0414\\u0440\\u0443\\u0433\\u043e\\u0435"}, {"a11": {}, "a10": "material_genre__id__in", "a1": "\\u0416\\u0430\\u043d\\u0440 \\u043c\\u0430\\u0442\\u0435\\u0440\\u0438\\u0430\\u043b\\u0430", "a3": "", "a2": "[\\u0442\\u0435\\u043a\\u0441\\u0442]", "a5": "\\u041d\\u0435\\u0442", "a4": "\\u0442\\u0435\\u043a\\u0441\\u0442\\u043e\\u0432\\u044b\\u0439", "a7": "\\u043d\\u0435\\u0442", "a6": "\\u043d\\u0435\\u0442", "a9": "", "a8": "-"}, {"a11": {}, "a10": "info_reason__id__in", "a1": "\\u0418\\u043d\\u0444\\u043e\\u043f\\u043e\\u0432\\u043e\\u0434 \\u043c\\u0430\\u0442\\u0435\\u0440\\u0438\\u0430\\u043b\\u0430", "a3": "", "a2": "[\\u0442\\u0435\\u043a\\u0441\\u0442]", "a5": "\\u041d\\u0435\\u0442", "a4": "\\u0442\\u0435\\u043a\\u0441\\u0442\\u043e\\u0432\\u044b\\u0439", "a7": "\\u0434\\u0430", "a6": "\\u0434\\u0430", "a9": "", "a8": "-"}, {"a11": {}, "a10": "emotional_tone_title__id__in", "a1": "\\u0422\\u043e\\u043d\\u0430\\u043b\\u044c\\u043d\\u043e\\u0441\\u0442\\u044c \\u0437\\u0430\\u0433\\u043e\\u043b\\u043e\\u0432\\u043a\\u0430 \\u043c\\u0430\\u0442\\u0435\\u0440\\u0438\\u0430\\u043b\\u0430", "a3": "", "a2": "[\\u0442\\u0435\\u043a\\u0441\\u0442]", "a5": "\\u041d\\u0435\\u0442", "a4": "\\u0442\\u0435\\u043a\\u0441\\u0442\\u043e\\u0432\\u044b\\u0439", "a7": "\\u043d\\u0435\\u0442", "a6": "\\u043d\\u0435\\u0442", "a9": "", "a8": "-"}, {"a11": {}, "a10": "emotional_tone_material__id__in", "a1": "\\u0422\\u043e\\u043d\\u0430\\u043b\\u044c\\u043d\\u043e\\u0441\\u0442\\u044c \\u043c\\u0430\\u0442\\u0435\\u0440\\u0438\\u0430\\u043b\\u0430", "a3": "", "a2": "[\\u0442\\u0435\\u043a\\u0441\\u0442]", "a5": "\\u041d\\u0435\\u0442", "a4": "\\u0442\\u0435\\u043a\\u0441\\u0442\\u043e\\u0432\\u044b\\u0439", "a7": "\\u043d\\u0435\\u0442", "a6": "\\u043d\\u0435\\u0442", "a9": "", "a8": "-"}, {"a11": {}, "a10": "referred_object__id__in", "a1": "\\u0423\\u043f\\u043e\\u043c\\u0438\\u043d\\u0430\\u0435\\u043c\\u044b\\u0435 \\u043e\\u0431\\u044a\\u0435\\u043a\\u0442\\u044b", "a3": 1.0, "a2": "[\\u0442\\u0435\\u043a\\u0441\\u0442]", "a5": "\\u0414\\u0430", "a4": "\\u0442\\u0435\\u043a\\u0441\\u0442\\u043e\\u0432\\u044b\\u0439", "a7": "\\u043d\\u0435\\u0442", "a6": "\\u043d\\u0435\\u0442", "a9": "", "a8": "-"}, {"a11": {}, "a10": "emotional_tone_object__id__in", "a1": "\\u0422\\u043e\\u043d\\u0430\\u043b\\u044c\\u043d\\u043e\\u0441\\u0442\\u044c", "a3": 2.0, "a2": "[\\u0442\\u0435\\u043a\\u0441\\u0442]", "a5": "\\u0414\\u0430", "a4": "\\u0442\\u0435\\u043a\\u0441\\u0442\\u043e\\u0432\\u044b\\u0439", "a7": "\\u043d\\u0435\\u0442", "a6": "\\u043d\\u0435\\u0442", "a9": "", "a8": "-"}, {"a11": {}, "a10": "emotional_tone_title__id__in", "a1": "\\u0422\\u043e\\u043d\\u0430\\u043b\\u044c\\u043d\\u043e\\u0441\\u0442\\u044c \\u0437\\u0430\\u0433\\u043e\\u043b\\u043e\\u0432\\u043a\\u0430", "a3": "", "a2": "[\\u0442\\u0435\\u043a\\u0441\\u0442]", "a5": "\\u0414\\u0430", "a4": "\\u0442\\u0435\\u043a\\u0441\\u0442\\u043e\\u0432\\u044b\\u0439", "a7": "\\u043d\\u0435\\u0442", "a6": "\\u043d\\u0435\\u0442", "a9": "", "a8": "-"}, {"a11": {}, "a10": "object_role__id__in", "a1": "\\u0420\\u043e\\u043b\\u044c", "a3": "", "a2": "[\\u0442\\u0435\\u043a\\u0441\\u0442]", "a5": "\\u0414\\u0430", "a4": "\\u0442\\u0435\\u043a\\u0441\\u0442\\u043e\\u0432\\u044b\\u0439", "a7": "\\u043d\\u0435\\u0442", "a6": "\\u043d\\u0435\\u0442", "a9": "", "a8": "-"}, {"a11": {}, "a10": "info_reason__id__in", "a1": "\\u0418\\u043d\\u0444\\u043e\\u043f\\u043e\\u0432\\u043e\\u0434", "a3": 10.0, "a2": "[\\u0442\\u0435\\u043a\\u0441\\u0442]", "a5": "\\u0414\\u0430", "a4": "\\u0442\\u0435\\u043a\\u0441\\u0442\\u043e\\u0432\\u044b\\u0439", "a7": "\\u043d\\u0435\\u0442", "a6": "\\u043d\\u0435\\u0442", "a9": "", "a8": "-"}, {"a11": {}, "a10": "speaker__id__in", "a1": "\\u0424\\u0418\\u041e \\u0441\\u043f\\u0438\\u043a\\u0435\\u0440\\u0430", "a3": 15.0, "a2": "[\\u0442\\u0435\\u043a\\u0441\\u0442]", "a5": "\\u0414\\u0430", "a4": "\\u0442\\u0435\\u043a\\u0441\\u0442\\u043e\\u0432\\u044b\\u0439", "a7": "\\u0434\\u0430", "a6": "\\u0434\\u0430", "a9": "", "a8": "\\u0411\\u0435\\u0437 \\u0441\\u043f\\u0438\\u043a\\u0435\\u0440\\u0430"}, {"a11": {}, "a10": "speaker_category__id__in", "a1": "\\u041a\\u0430\\u0442\\u0435\\u0433\\u043e\\u0440\\u0438\\u044f \\u0441\\u043f\\u0438\\u043a\\u0435\\u0440\\u0430", "a3": 16.0, "a2": "[\\u0442\\u0435\\u043a\\u0441\\u0442]", "a5": "\\u0414\\u0430", "a4": "\\u0442\\u0435\\u043a\\u0441\\u0442\\u043e\\u0432\\u044b\\u0439", "a7": "\\u043d\\u0435\\u0442", "a6": "\\u043d\\u0435\\u0442", "a9": "", "a8": "\\u0411\\u0435\\u0437 \\u0441\\u043f\\u0438\\u043a\\u0435\\u0440\\u0430"}, {"a11": {}, "a10": "speaker_level__id__in", "a1": "\\u0423\\u0440\\u043e\\u0432\\u0435\\u043d\\u044c \\u0441\\u043f\\u0438\\u043a\\u0435\\u0440\\u0430", "a3": "", "a2": "[\\u0442\\u0435\\u043a\\u0441\\u0442]", "a5": "\\u0414\\u0430", "a4": "\\u0442\\u0435\\u043a\\u0441\\u0442\\u043e\\u0432\\u044b\\u0439", "a7": "\\u043d\\u0435\\u0442", "a6": "\\u043d\\u0435\\u0442", "a9": "", "a8": "\\u0411\\u0435\\u0437 \\u0441\\u043f\\u0438\\u043a\\u0435\\u0440\\u0430"}, {"a11": {}, "a10": "speaker_speech_hate__id__in", "a1": "\\u0425\\u0430\\u0440\\u0430\\u043a\\u0442\\u0435\\u0440 \\u0432\\u044b\\u0441\\u043a\\u0430\\u0437\\u044b\\u0432\\u0430\\u043d\\u0438\\u044f \\u0441\\u043f\\u0438\\u043a\\u0435\\u0440\\u0430", "a3": "", "a2": "[\\u0442\\u0435\\u043a\\u0441\\u0442]", "a5": "\\u0414\\u0430", "a4": "\\u0442\\u0435\\u043a\\u0441\\u0442\\u043e\\u0432\\u044b\\u0439", "a7": "\\u043d\\u0435\\u0442", "a6": "\\u043d\\u0435\\u0442", "a9": "", "a8": "\\u0411\\u0435\\u0437 \\u0441\\u043f\\u0438\\u043a\\u0435\\u0440\\u0430"}, {"a11": {}, "a10": "speaker_quote_uniqueness__id__in", "a1": "\\u0423\\u043d\\u0438\\u043a\\u0430\\u043b\\u044c\\u043d\\u043e\\u0441\\u0442\\u044c \\u0446\\u0438\\u0442\\u0430\\u0442 \\u0441\\u043f\\u0438\\u043a\\u0435\\u0440\\u0430", "a3": "", "a2": "[\\u0442\\u0435\\u043a\\u0441\\u0442]", "a5": "\\u0414\\u0430", "a4": "\\u0442\\u0435\\u043a\\u0441\\u0442\\u043e\\u0432\\u044b\\u0439", "a7": "\\u043d\\u0435\\u0442", "a6": "\\u043d\\u0435\\u0442", "a9": "", "a8": "\\u0411\\u0435\\u0437 \\u0441\\u043f\\u0438\\u043a\\u0435\\u0440\\u0430"}, {"a11": {}, "a10": "side__speaker__id__in", "a1": "\\u0424\\u0418\\u041e \\u0441\\u0442\\u043e\\u0440\\u043e\\u043d\\u043d\\u0435\\u0433\\u043e \\u0441\\u043f\\u0438\\u043a\\u0435\\u0440\\u0430", "a3": "", "a2": "[\\u0442\\u0435\\u043a\\u0441\\u0442]", "a5": "\\u0414\\u0430", "a4": "\\u0442\\u0435\\u043a\\u0441\\u0442\\u043e\\u0432\\u044b\\u0439", "a7": "\\u0434\\u0430", "a6": "\\u0434\\u0430", "a9": "", "a8": "\\u0411\\u0435\\u0437 \\u0441\\u0442\\u043e\\u0440\\u043e\\u043d\\u043d\\u0435\\u0433\\u043e \\u0441\\u043f\\u0438\\u043a\\u0435\\u0440\\u0430"}, {"a11": {}, "a10": "side_speaker_tonality__id__in", "a1": "\\u0422\\u043e\\u043d\\u0430\\u043b\\u044c\\u043d\\u043e\\u0441\\u0442\\u044c \\u0441\\u0442\\u043e\\u0440\\u043e\\u043d\\u043d\\u0435\\u0433\\u043e \\u0441\\u043f\\u0438\\u043a\\u0435\\u0440\\u0430", "a3": "", "a2": "[\\u0442\\u0435\\u043a\\u0441\\u0442]", "a5": "\\u0414\\u0430", "a4": "\\u0442\\u0435\\u043a\\u0441\\u0442\\u043e\\u0432\\u044b\\u0439", "a7": "\\u043d\\u0435\\u0442", "a6": "\\u043d\\u0435\\u0442", "a9": "", "a8": "\\u0411\\u0435\\u0437 \\u0441\\u0442\\u043e\\u0440\\u043e\\u043d\\u043d\\u0435\\u0433\\u043e \\u0441\\u043f\\u0438\\u043a\\u0435\\u0440\\u0430"}, {"a11": {}, "a10": "side_speaker_status__id__in", "a1": "\\u0421\\u0442\\u0430\\u0442\\u0443\\u0441 \\u0441\\u0442\\u043e\\u0440\\u043e\\u043d\\u043d\\u0435\\u0433\\u043e \\u0441\\u043f\\u0438\\u043a\\u0435\\u0440\\u0430", "a3": "", "a2": "[\\u0442\\u0435\\u043a\\u0441\\u0442]", "a5": "\\u0414\\u0430", "a4": "\\u0442\\u0435\\u043a\\u0441\\u0442\\u043e\\u0432\\u044b\\u0439", "a7": "\\u043d\\u0435\\u0442", "a6": "\\u043d\\u0435\\u0442", "a9": "", "a8": "\\u0411\\u0435\\u0437 \\u0441\\u0442\\u043e\\u0440\\u043e\\u043d\\u043d\\u0435\\u0433\\u043e \\u0441\\u043f\\u0438\\u043a\\u0435\\u0440\\u0430"}, {"a11": {}, "a10": "prt__range", "a1": "PRt", "a3": 12.0, "a2": "[\\u0442\\u0435\\u043a\\u0441\\u0442]", "a5": "\\u0414\\u0430", "a4": "\\u0447\\u0438\\u0441\\u043b\\u043e", "a7": "\\u043d\\u0435\\u0442", "a6": "\\u043d\\u0435\\u0442", "a9": "\\u0448\\u043a\\u0430\\u043b\\u0430", "a8": "-"}, {"a11": {}, "a10": "prv__range", "a1": "PRV", "a3": 11.0, "a2": "[\\u0442\\u0435\\u043a\\u0441\\u0442]", "a5": "\\u0414\\u0430", "a4": "\\u0447\\u0438\\u0441\\u043b\\u043e", "a7": "\\u043d\\u0435\\u0442", "a6": "\\u043d\\u0435\\u0442", "a9": "\\u0448\\u043a\\u0430\\u043b\\u0430", "a8": "-"}, {"a11": {}, "a10": "mo__range", "a1": "Media Outreach", "a3": 13.0, "a2": "[\\u0442\\u0435\\u043a\\u0441\\u0442]", "a5": "\\u0414\\u0430", "a4": "\\u0447\\u0438\\u0441\\u043b\\u043e", "a7": "\\u043d\\u0435\\u0442", "a6": "\\u043d\\u0435\\u0442", "a9": "\\u0448\\u043a\\u0430\\u043b\\u0430", "a8": "-"}, {"a11": {}, "a10": "mq__range", "a1": "MQ", "a3": "", "a2": "[\\u0442\\u0435\\u043a\\u0441\\u0442]", "a5": "\\u0414\\u0430", "a4": "\\u0447\\u0438\\u0441\\u043b\\u043e", "a7": "\\u043d\\u0435\\u0442", "a6": "\\u043d\\u0435\\u0442", "a9": "\\u0448\\u043a\\u0430\\u043b\\u0430", "a8": "-"}, {"a11": {}, "a10": "interaction_kind__id__in", "a1": "\\u0412\\u0438\\u0434 \\u0432\\u0437\\u0430\\u0438\\u043c\\u043e\\u0434\\u0435\\u0439\\u0441\\u0442\\u0432\\u0438\\u044f", "a3": "", "a2": "[\\u0442\\u0435\\u043a\\u0441\\u0442]", "a5": "\\u041d\\u0435\\u0442", "a4": "\\u0442\\u0435\\u043a\\u0441\\u0442\\u043e\\u0432\\u044b\\u0439", "a7": "\\u043d\\u0435\\u0442", "a6": "\\u043d\\u0435\\u0442", "a9": "", "a8": "\\u0414\\u0440\\u0443\\u0433\\u043e\\u0435"}, {"a11": {}, "a10": "initiation__id__in", "a1": "\\u0418\\u043d\\u0438\\u0446\\u0438\\u0438\\u0440\\u043e\\u0432\\u0430\\u043d\\u0438\\u0435", "a3": "", "a2": "[\\u0442\\u0435\\u043a\\u0441\\u0442]", "a5": "\\u0414\\u0430", "a4": "\\u0442\\u0435\\u043a\\u0441\\u0442\\u043e\\u0432\\u044b\\u0439", "a7": "\\u043d\\u0435\\u0442", "a6": "\\u043d\\u0435\\u0442", "a9": "", "a8": "\\u041d\\u0435\\u0442"}, {"a11": {}, "a10": "penetration__id__in", "a1": "\\u0421\\u0442\\u0435\\u043f\\u0435\\u043d\\u044c \\u043f\\u0440\\u043e\\u043d\\u0438\\u043a\\u043d\\u043e\\u0432\\u0435\\u043d\\u0438\\u044f \\u041f\\u0420/\\u041d\\u043e\\u0432\\u043e\\u0441\\u0442\\u0438", "a3": "", "a2": "[\\u0442\\u0435\\u043a\\u0441\\u0442]", "a5": "\\u041d\\u0435\\u0442", "a4": "\\u0442\\u0435\\u043a\\u0441\\u0442\\u043e\\u0432\\u044b\\u0439", "a7": "\\u043d\\u0435\\u0442", "a6": "\\u043d\\u0435\\u0442", "a9": "", "a8": "\\u041d\\u0435\\u0442"}, {"a11": {}, "a10": "id_press_release__id__in", "a1": "ID-\\u043f\\u0440\\u0435\\u0441\\u0441-\\u0440\\u0435\\u043b\\u0438\\u0437\\u0430", "a3": "", "a2": "[\\u0442\\u0435\\u043a\\u0441\\u0442]", "a5": "\\u041d\\u0435\\u0442", "a4": "\\u0442\\u0435\\u043a\\u0441\\u0442\\u043e\\u0432\\u044b\\u0439", "a7": "\\u0434\\u0430", "a6": "\\u0434\\u0430", "a9": "", "a8": "\\u041d\\u0435\\u0442"}, {"a11": {}, "a10": "referred_object__id__in", "a1": "\\u0423\\u043f\\u043e\\u043c\\u0438\\u043d\\u0430\\u0435\\u043c\\u043e\\u0441\\u0442\\u044c \\u043f\\u0440\\u043e\\u0434\\u0443\\u043a\\u0442\\u043e\\u0432", "a3": "", "a2": "[\\u0442\\u0435\\u043a\\u0441\\u0442]", "a5": "\\u041d\\u0435\\u0442", "a4": "\\u0442\\u0435\\u043a\\u0441\\u0442\\u043e\\u0432\\u044b\\u0439", "a7": "\\u0434\\u0430", "a6": "\\u0434\\u0430", "a9": "", "a8": "\\u041d\\u0435\\u0442"}, {"a11": {}, "a10": "advertisement_promo__id__in", "a1": "\\u0420\\u0435\\u043a\\u043b\\u0430\\u043c\\u0430/\\u043f\\u0440\\u043e\\u043c\\u043e", "a3": "", "a2": "[\\u0442\\u0435\\u043a\\u0441\\u0442]", "a5": "\\u0414\\u0430", "a4": "\\u0442\\u0435\\u043a\\u0441\\u0442\\u043e\\u0432\\u044b\\u0439", "a7": "\\u043d\\u0435\\u0442", "a6": "\\u043d\\u0435\\u0442", "a9": "", "a8": "\\u041d\\u0435\\u0442"}, {"a11": {}, "a10": "technologies__id__in", "a1": "\\u0422\\u0435\\u0445\\u043d\\u043e\\u043b\\u043e\\u0433\\u0438\\u0438", "a3": "", "a2": "[\\u0442\\u0435\\u043a\\u0441\\u0442]", "a5": "\\u0414\\u0430", "a4": "\\u0442\\u0435\\u043a\\u0441\\u0442\\u043e\\u0432\\u044b\\u0439", "a7": "\\u043d\\u0435\\u0442", "a6": "\\u043d\\u0435\\u0442", "a9": "", "a8": "\\u041d\\u0435\\u0442"}, {"a11": {}, "a10": "km__id__in", "a1": "KM", "a3": "", "a2": "[\\u0442\\u0435\\u043a\\u0441\\u0442]", "a5": "\\u041d\\u0435\\u0442", "a4": "\\u0442\\u0435\\u043a\\u0441\\u0442\\u043e\\u0432\\u044b\\u0439", "a7": "\\u043d\\u0435\\u0442", "a6": "\\u043d\\u0435\\u0442", "a9": "", "a8": "\\u0411\\u0435\\u0437 KM"}, {"a11": {}, "a10": "km_result", "a1": "KM \\u0438\\u0442\\u043e\\u0433", "a3": "", "a2": "[\\u0442\\u0435\\u043a\\u0441\\u0442]", "a5": "\\u041d\\u0435\\u0442", "a4": "\\u0442\\u0435\\u043a\\u0441\\u0442\\u043e\\u0432\\u044b\\u0439", "a7": "\\u043d\\u0435\\u0442", "a6": "\\u043d\\u0435\\u0442", "a9": "", "a8": ""}, {"a11": {}, "a10": "tag__id__in", "a1": "\\u0422\\u044d\\u0433", "a3": "", "a2": "[\\u0442\\u0435\\u043a\\u0441\\u0442]", "a5": "\\u041d\\u0435\\u0442", "a4": "\\u0442\\u0435\\u043a\\u0441\\u0442\\u043e\\u0432\\u044b\\u0439", "a7": "\\u043d\\u0435\\u0442", "a6": "\\u043d\\u0435\\u0442", "a9": "", "a8": "-"}, {"a11": {}, "a10": "duration__id__in", "a1": "\\u0414\\u043b\\u0438\\u0442\\u0435\\u043b\\u044c\\u043d\\u043e\\u0441\\u0442\\u044c", "a3": "", "a2": "[\\u0442\\u0435\\u043a\\u0441\\u0442]", "a5": "\\u041d\\u0435\\u0442", "a4": "\\u0447\\u0438\\u0441\\u043b\\u043e\\u0432\\u043e\\u0439", "a7": "\\u043d\\u0435\\u0442", "a6": "\\u043d\\u0435\\u0442", "a9": "\\u0448\\u043a\\u0430\\u043b\\u0430", "a8": "\\u041d\\u0435\\u0442"}, {"a11": {}, "a10": "cover__range", "a1": "\\u041e\\u0431\\u043b\\u043e\\u0436\\u043a\\u0430", "a3": "", "a2": "[\\u0442\\u0435\\u043a\\u0441\\u0442]", "a5": "\\u041d\\u0435\\u0442", "a4": "\\u0442\\u0435\\u043a\\u0441\\u0442\\u043e\\u0432\\u044b\\u0439", "a7": "\\u043d\\u0435\\u0442", "a6": "\\u043d\\u0435\\u0442", "a9": "", "a8": "\\u041d\\u0435\\u0442"}, {"a11": {}, "a10": "visibility__id__in", "a1": "\\u0417\\u0430\\u043c\\u0435\\u0442\\u043d\\u043e\\u0441\\u0442\\u044c \\u043c\\u0430\\u0442\\u0435\\u0440\\u0438\\u0430\\u043b\\u0430", "a3": "", "a2": "[\\u0442\\u0435\\u043a\\u0441\\u0442]", "a5": "\\u041d\\u0435\\u0442", "a4": "\\u0442\\u0435\\u043a\\u0441\\u0442\\u043e\\u0432\\u044b\\u0439", "a7": "\\u043d\\u0435\\u0442", "a6": "\\u043d\\u0435\\u0442", "a9": "", "a8": "-"}, {"a11": {}, "a10": "infographics__range", "a1": "\\u0418\\u043d\\u0444\\u043e\\u0433\\u0440\\u0430\\u0444\\u0438\\u043a\\u0430", "a3": "", "a2": "[\\u0442\\u0435\\u043a\\u0441\\u0442]", "a5": "\\u041d\\u0435\\u0442", "a4": "\\u0442\\u0435\\u043a\\u0441\\u0442\\u043e\\u0432\\u044b\\u0439", "a7": "\\u043d\\u0435\\u0442", "a6": "\\u043d\\u0435\\u0442", "a9": "", "a8": "\\u041e\\u0442\\u0441\\u0443\\u0442\\u0441\\u0442\\u0432\\u0443\\u0435\\u0442"}, {"a11": {}, "a10": "macroregion__id__in", "a1": "\\u041c\\u0430\\u043a\\u0440\\u043e\\u0440\\u0435\\u0433\\u0438\\u043e\\u043d", "a3": "", "a2": "[\\u0442\\u0435\\u043a\\u0441\\u0442]", "a5": "\\u041d\\u0435\\u0442", "a4": "\\u0442\\u0435\\u043a\\u0441\\u0442\\u043e\\u0432\\u044b\\u0439", "a7": "\\u043d\\u0435\\u0442", "a6": "\\u043d\\u0435\\u0442", "a9": "", "a8": "-"}, {"a11": {}, "a10": "media_list_special__id__in", "a1": "Media List", "a3": "", "a2": "[\\u0442\\u0435\\u043a\\u0441\\u0442]", "a5": "\\u041d\\u0435\\u0442", "a4": "\\u0442\\u0435\\u043a\\u0441\\u0442\\u043e\\u0432\\u044b\\u0439", "a7": "\\u043d\\u0435\\u0442", "a6": "\\u043d\\u0435\\u0442", "a9": "", "a8": "Others"}, {"a11": {}, "a10": "media_type_special__id__in", "a1": "Media Type", "a3": "", "a2": "[\\u0442\\u0435\\u043a\\u0441\\u0442]", "a5": "\\u041d\\u0435\\u0442", "a4": "\\u0442\\u0435\\u043a\\u0441\\u0442\\u043e\\u0432\\u044b\\u0439", "a7": "\\u043d\\u0435\\u0442", "a6": "\\u043d\\u0435\\u0442", "a9": "", "a8": "-"}, {"a11": {}, "a10": "media_category_special__id__in", "a1": "Media Category", "a3": "", "a2": "[\\u0442\\u0435\\u043a\\u0441\\u0442]", "a5": "\\u041d\\u0435\\u0442", "a4": "\\u0442\\u0435\\u043a\\u0441\\u0442\\u043e\\u0432\\u044b\\u0439", "a7": "\\u043d\\u0435\\u0442", "a6": "\\u043d\\u0435\\u0442", "a9": "", "a8": "-"}, {"a11": {}, "a10": "visibility_special__id__in", "a1": "Visibility", "a3": "", "a2": "[\\u0442\\u0435\\u043a\\u0441\\u0442]", "a5": "\\u041d\\u0435\\u0442", "a4": "\\u0442\\u0435\\u043a\\u0441\\u0442\\u043e\\u0432\\u044b\\u0439", "a7": "\\u043d\\u0435\\u0442", "a6": "\\u043d\\u0435\\u0442", "a9": "", "a8": "-"}, {"a11": {}, "a10": "image__id__in", "a1": "Image", "a3": "", "a2": "[\\u0442\\u0435\\u043a\\u0441\\u0442]", "a5": "\\u041d\\u0435\\u0442", "a4": "\\u0442\\u0435\\u043a\\u0441\\u0442\\u043e\\u0432\\u044b\\u0439", "a7": "\\u043d\\u0435\\u0442", "a6": "\\u043d\\u0435\\u0442", "a9": "", "a8": "Absent"}, {"a11": {}, "a10": "km_special__id__in", "a1": "Key Message Penetration", "a3": "", "a2": "[\\u0442\\u0435\\u043a\\u0441\\u0442]", "a5": "\\u041d\\u0435\\u0442", "a4": "\\u0442\\u0435\\u043a\\u0441\\u0442\\u043e\\u0432\\u044b\\u0439", "a7": "\\u043d\\u0435\\u0442", "a6": "\\u043d\\u0435\\u0442", "a9": "", "a8": "-"}, {"a11": {}, "a10": "brand_or_product__id__in", "a1": "Brand or Product Mention", "a3": "", "a2": "[\\u0442\\u0435\\u043a\\u0441\\u0442]", "a5": "\\u041d\\u0435\\u0442", "a4": "\\u0442\\u0435\\u043a\\u0441\\u0442\\u043e\\u0432\\u044b\\u0439", "a7": "\\u043d\\u0435\\u0442", "a6": "\\u043d\\u0435\\u0442", "a9": "", "a8": "-"}, {"a11": {}, "a10": "speaker_quote__id__in", "a1": "Speaker\\u2019s Quote", "a3": "", "a2": "[\\u0442\\u0435\\u043a\\u0441\\u0442]", "a5": "\\u041d\\u0435\\u0442", "a4": "\\u0442\\u0435\\u043a\\u0441\\u0442\\u043e\\u0432\\u044b\\u0439", "a7": "\\u043d\\u0435\\u0442", "a6": "\\u043d\\u0435\\u0442", "a9": "", "a8": "-"}, {"a11": {}, "a10": "third_patry_speakers__id__in", "a1": "Third Party Speakers\\u2019 Supporting Quotes", "a3": "", "a2": "[\\u0442\\u0435\\u043a\\u0441\\u0442]", "a5": "\\u041d\\u0435\\u0442", "a4": "\\u0442\\u0435\\u043a\\u0441\\u0442\\u043e\\u0432\\u044b\\u0439", "a7": "\\u043d\\u0435\\u0442", "a6": "\\u043d\\u0435\\u0442", "a9": "", "a8": "-"}, {"a11": {}, "a10": "headder_tonality__id__in", "a1": "Header Tonality", "a3": "", "a2": "[\\u0442\\u0435\\u043a\\u0441\\u0442]", "a5": "\\u041d\\u0435\\u0442", "a4": "\\u0442\\u0435\\u043a\\u0441\\u0442\\u043e\\u0432\\u044b\\u0439", "a7": "\\u043d\\u0435\\u0442", "a6": "\\u043d\\u0435\\u0442", "a9": "", "a8": "-"}, {"a11": {}, "a10": "main_tonality__id__in", "a1": "Main Tonality", "a3": "", "a2": "[\\u0442\\u0435\\u043a\\u0441\\u0442]", "a5": "\\u041d\\u0435\\u0442", "a4": "\\u0442\\u0435\\u043a\\u0441\\u0442\\u043e\\u0432\\u044b\\u0439", "a7": "\\u043d\\u0435\\u0442", "a6": "\\u043d\\u0435\\u0442", "a9": "", "a8": "-"}, {"a11": {}, "a10": "global_local_event__id__in", "a1": "Global/Local Event", "a3": "", "a2": "[\\u0442\\u0435\\u043a\\u0441\\u0442]", "a5": "\\u041d\\u0435\\u0442", "a4": "\\u0442\\u0435\\u043a\\u0441\\u0442\\u043e\\u0432\\u044b\\u0439", "a7": "\\u043d\\u0435\\u0442", "a6": "\\u043d\\u0435\\u0442", "a9": "", "a8": "-"}, {"a11": {}, "a10": "edge_region__id__in", "a1": "\\u041e\\u0431\\u043b\\u0430\\u0441\\u0442\\u044c \\u0438\\u043b\\u0438 \\u043a\\u0440\\u0430\\u0439", "a3": "", "a2": "[\\u0442\\u0435\\u043a\\u0441\\u0442]", "a5": "\\u041d\\u0435\\u0442", "a4": "\\u0442\\u0435\\u043a\\u0441\\u0442\\u043e\\u0432\\u044b\\u0439", "a7": "\\u043d\\u0435\\u0442", "a6": "\\u043d\\u0435\\u0442", "a9": "", "a8": "-"}]
17	4	1	[{"a11": {}, "a10": "day__id__in", "a1": "\\u0414\\u0435\\u043d\\u044c", "a3": "", "a2": "[\\u0442\\u0435\\u043a\\u0441\\u0442]", "a5": "\\u041d\\u0435\\u0442", "a4": "\\u0447\\u0438\\u0441\\u043b\\u043e\\u0432\\u043e\\u0439", "a7": "", "a6": "-", "a9": "list", "a8": ""}, {"a11": {}, "a10": "month__id__in", "a1": "\\u041c\\u0435\\u0441\\u044f\\u0446", "a3": "", "a2": "[\\u0442\\u0435\\u043a\\u0441\\u0442]", "a5": "\\u041d\\u0435\\u0442", "a4": "\\u0447\\u0438\\u0441\\u043b\\u043e\\u0432\\u043e\\u0439", "a7": "", "a6": "-", "a9": "list", "a8": ""}, {"a11": {}, "a10": "week__id__in", "a1": "\\u041d\\u0435\\u0434\\u0435\\u043b\\u044f", "a3": "", "a2": "[\\u0442\\u0435\\u043a\\u0441\\u0442]", "a5": "\\u041d\\u0435\\u0442", "a4": "\\u0447\\u0438\\u0441\\u043b\\u043e\\u0432\\u043e\\u0439", "a7": "", "a6": "-", "a9": "list", "a8": ""}, {"a11": {}, "a10": "media_level__id__in", "a1": "\\u0423\\u0440\\u043e\\u0432\\u0435\\u043d\\u044c \\u0421\\u041c\\u0418", "a3": 7.0, "a2": "[\\u0442\\u0435\\u043a\\u0441\\u0442]", "a5": "\\u041d\\u0435\\u0442", "a4": "\\u0442\\u0435\\u043a\\u0441\\u0442\\u043e\\u0432\\u044b\\u0439", "a7": "\\u043d\\u0435\\u0442", "a6": "\\u043d\\u0435\\u0442", "a9": "", "a8": "-"}, {"a11": {}, "a10": "city__id__in", "a1": "\\u0413\\u043e\\u0440\\u043e\\u0434", "a3": 5.0, "a2": "[\\u0442\\u0435\\u043a\\u0441\\u0442]", "a5": "\\u041d\\u0435\\u0442", "a4": "\\u0442\\u0435\\u043a\\u0441\\u0442\\u043e\\u0432\\u044b\\u0439", "a7": "\\u0434\\u0430", "a6": "\\u0434\\u0430", "a9": "", "a8": "-"}, {"a11": {}, "a10": "federal_district__id__in", "a1": "\\u0424\\u041e", "a3": 4.0, "a2": "[\\u0442\\u0435\\u043a\\u0441\\u0442]", "a5": "\\u041d\\u0435\\u0442", "a4": "\\u0442\\u0435\\u043a\\u0441\\u0442\\u043e\\u0432\\u044b\\u0439", "a7": "\\u0434\\u0430", "a6": "\\u043d\\u0435\\u0442", "a9": "", "a8": "\\u0411\\u0435\\u0437 \\u0424\\u041e"}, {"a11": {}, "a10": "region__id__in", "a1": "\\u0420\\u0435\\u0433\\u0438\\u043e\\u043d", "a3": "", "a2": "[\\u0442\\u0435\\u043a\\u0441\\u0442]", "a5": "\\u041d\\u0435\\u0442", "a4": "\\u0442\\u0435\\u043a\\u0441\\u0442\\u043e\\u0432\\u044b\\u0439", "a7": "\\u0434\\u0430", "a6": "\\u043d\\u0435\\u0442", "a9": "", "a8": "-"}, {"a11": {}, "a10": "branch__id__in", "a1": "\\u0424\\u0438\\u043b\\u0438\\u0430\\u043b", "a3": "", "a2": "[\\u0442\\u0435\\u043a\\u0441\\u0442]", "a5": "\\u041d\\u0435\\u0442", "a4": "\\u0442\\u0435\\u043a\\u0441\\u0442\\u043e\\u0432\\u044b\\u0439", "a7": "\\u0434\\u0430", "a6": "\\u043d\\u0435\\u0442", "a9": "", "a8": "\\u041f\\u0443\\u0441\\u0442\\u043e"}, {"a11": {}, "a10": "country__id__in", "a1": "\\u0421\\u0442\\u0440\\u0430\\u043d\\u0430", "a3": 3.0, "a2": "[\\u0442\\u0435\\u043a\\u0441\\u0442]", "a5": "\\u041d\\u0435\\u0442", "a4": "\\u0442\\u0435\\u043a\\u0441\\u0442\\u043e\\u0432\\u044b\\u0439", "a7": "\\u0434\\u0430", "a6": "\\u043d\\u0435\\u0442", "a9": "", "a8": "-"}, {"a11": {}, "a10": "author__id__in", "a1": "\\u0410\\u0432\\u0442\\u043e\\u0440", "a3": 14.0, "a2": "[\\u0442\\u0435\\u043a\\u0441\\u0442]", "a5": "\\u041d\\u0435\\u0442", "a4": "\\u0442\\u0435\\u043a\\u0441\\u0442\\u043e\\u0432\\u044b\\u0439", "a7": "\\u0434\\u0430", "a6": "\\u0434\\u0430", "a9": "", "a8": "\\u0411\\u0435\\u0437 \\u0430\\u0432\\u0442\\u043e\\u0440\\u0430"}, {"a11": {}, "a10": "media_type__id__in", "a1": "\\u0422\\u0438\\u043f \\u0421\\u041c\\u0418", "a3": "", "a2": "[\\u0442\\u0435\\u043a\\u0441\\u0442]", "a5": "\\u041d\\u0435\\u0442", "a4": "\\u0442\\u0435\\u043a\\u0441\\u0442\\u043e\\u0432\\u044b\\u0439", "a7": "\\u043d\\u0435\\u0442", "a6": "\\u043d\\u0435\\u0442", "a9": "", "a8": "-"}, {"a11": {}, "a10": "media_view__id__in", "a1": "\\u0412\\u0438\\u0434 \\u0421\\u041c\\u0418", "a3": 9.0, "a2": "[\\u0442\\u0435\\u043a\\u0441\\u0442]", "a5": "\\u041d\\u0435\\u0442", "a4": "\\u0442\\u0435\\u043a\\u0441\\u0442\\u043e\\u0432\\u044b\\u0439", "a7": "\\u043d\\u0435\\u0442", "a6": "\\u043d\\u0435\\u0442", "a9": "", "a8": "-"}, {"a11": {}, "a10": "media_list__id__in", "a1": "\\u0421\\u043f\\u0438\\u0441\\u043e\\u043a \\u0421\\u041c\\u0418", "a3": "", "a2": "[\\u0442\\u0435\\u043a\\u0441\\u0442]", "a5": "\\u041d\\u0435\\u0442", "a4": "\\u0442\\u0435\\u043a\\u0441\\u0442\\u043e\\u0432\\u044b\\u0439", "a7": "\\u043d\\u0435\\u0442", "a6": "\\u043d\\u0435\\u0442", "a9": "", "a8": "\\u041f\\u0443\\u0441\\u0442\\u043e"}, {"a11": {}, "a10": "media_category__id__in", "a1": "\\u041a\\u0430\\u0442\\u0435\\u0433\\u043e\\u0440\\u0438\\u044f \\u0421\\u041c\\u0418", "a3": 8.0, "a2": "[\\u0442\\u0435\\u043a\\u0441\\u0442]", "a5": "\\u041d\\u0435\\u0442", "a4": "\\u0442\\u0435\\u043a\\u0441\\u0442\\u043e\\u0432\\u044b\\u0439", "a7": "\\u043d\\u0435\\u0442", "a6": "\\u043d\\u0435\\u0442", "a9": "", "a8": "-"}, {"a11": {}, "a10": "source__id__in", "a1": "\\u0418\\u0441\\u0442\\u043e\\u0447\\u043d\\u0438\\u043a", "a3": 6.0, "a2": "[\\u0442\\u0435\\u043a\\u0441\\u0442]", "a5": "\\u041d\\u0435\\u0442", "a4": "\\u0442\\u0435\\u043a\\u0441\\u0442\\u043e\\u0432\\u044b\\u0439", "a7": "\\u0434\\u0430", "a6": "\\u0434\\u0430", "a9": "", "a8": "-"}, {"a11": {}, "a10": "title__id__in", "a1": "\\u0417\\u0430\\u0433\\u043e\\u043b\\u043e\\u0432\\u043e\\u043a", "a3": "", "a2": "[\\u0442\\u0435\\u043a\\u0441\\u0442]", "a5": "\\u041d\\u0435\\u0442", "a4": "\\u0442\\u0435\\u043a\\u0441\\u0442\\u043e\\u0432\\u044b\\u0439", "a7": "\\u0434\\u0430", "a6": "\\u0434\\u0430", "a9": "", "a8": "-"}, {"a11": {}, "a10": "release_time", "a1": "\\u0412\\u0440\\u0435\\u043c\\u044f \\u043f\\u0443\\u0431\\u043b\\u0438\\u043a\\u0430\\u0446\\u0438\\u0438", "a3": "", "a2": "[\\u0442\\u0435\\u043a\\u0441\\u0442]", "a5": "\\u041d\\u0435\\u0442", "a4": "\\u0432\\u0440\\u0435\\u043c\\u044f", "a7": "\\u043d\\u0435\\u0442", "a6": "\\u043d\\u0435\\u0442", "a9": "-", "a8": ""}, {"a11": {}, "a10": "url__id__in", "a1": "URL", "a3": "", "a2": "[\\u0442\\u0435\\u043a\\u0441\\u0442]", "a5": "\\u041d\\u0435\\u0442", "a4": "\\u0442\\u0435\\u043a\\u0441\\u0442\\u043e\\u0432\\u044b\\u0439", "a7": "\\u0434\\u0430", "a6": "\\u0434\\u0430", "a9": "", "a8": "\\u0411\\u0435\\u0437 URL"}, {"a11": {}, "a10": "bissines_direction__id__in", "a1": "\\u041d\\u0430\\u043f\\u0440\\u0430\\u0432\\u043b\\u0435\\u043d\\u0438\\u0435 \\u0431\\u0438\\u0437\\u043d\\u0435\\u0441\\u0430", "a3": "", "a2": "[\\u0442\\u0435\\u043a\\u0441\\u0442]", "a5": "\\u041d\\u0435\\u0442", "a4": "\\u0442\\u0435\\u043a\\u0441\\u0442\\u043e\\u0432\\u044b\\u0439", "a7": "\\u043d\\u0435\\u0442", "a6": "\\u043d\\u0435\\u0442", "a9": "", "a8": "\\u041f\\u0443\\u0441\\u0442\\u043e"}, {"a11": {}, "a10": "thematic_category__id__in", "a1": "\\u0422\\u0435\\u043c\\u0430\\u0442\\u0438\\u0447\\u0435\\u0441\\u043a\\u0430\\u044f \\u043a\\u0430\\u0442\\u0435\\u0433\\u043e\\u0440\\u0438\\u044f", "a3": "", "a2": "[\\u0442\\u0435\\u043a\\u0441\\u0442]", "a5": "\\u041d\\u0435\\u0442", "a4": "\\u0442\\u0435\\u043a\\u0441\\u0442\\u043e\\u0432\\u044b\\u0439", "a7": "\\u043d\\u0435\\u0442", "a6": "\\u043d\\u0435\\u0442", "a9": "", "a8": "\\u0414\\u0440\\u0443\\u0433\\u043e\\u0435"}, {"a11": {}, "a10": "material_genre__id__in", "a1": "\\u0416\\u0430\\u043d\\u0440 \\u043c\\u0430\\u0442\\u0435\\u0440\\u0438\\u0430\\u043b\\u0430", "a3": "", "a2": "[\\u0442\\u0435\\u043a\\u0441\\u0442]", "a5": "\\u041d\\u0435\\u0442", "a4": "\\u0442\\u0435\\u043a\\u0441\\u0442\\u043e\\u0432\\u044b\\u0439", "a7": "\\u043d\\u0435\\u0442", "a6": "\\u043d\\u0435\\u0442", "a9": "", "a8": "-"}, {"a11": {}, "a10": "info_reason__id__in", "a1": "\\u0418\\u043d\\u0444\\u043e\\u043f\\u043e\\u0432\\u043e\\u0434 \\u043c\\u0430\\u0442\\u0435\\u0440\\u0438\\u0430\\u043b\\u0430", "a3": "", "a2": "[\\u0442\\u0435\\u043a\\u0441\\u0442]", "a5": "\\u041d\\u0435\\u0442", "a4": "\\u0442\\u0435\\u043a\\u0441\\u0442\\u043e\\u0432\\u044b\\u0439", "a7": "\\u0434\\u0430", "a6": "\\u0434\\u0430", "a9": "", "a8": "-"}, {"a11": {}, "a10": "emotional_tone_title__id__in", "a1": "\\u0422\\u043e\\u043d\\u0430\\u043b\\u044c\\u043d\\u043e\\u0441\\u0442\\u044c \\u0437\\u0430\\u0433\\u043e\\u043b\\u043e\\u0432\\u043a\\u0430 \\u043c\\u0430\\u0442\\u0435\\u0440\\u0438\\u0430\\u043b\\u0430", "a3": "", "a2": "[\\u0442\\u0435\\u043a\\u0441\\u0442]", "a5": "\\u041d\\u0435\\u0442", "a4": "\\u0442\\u0435\\u043a\\u0441\\u0442\\u043e\\u0432\\u044b\\u0439", "a7": "\\u043d\\u0435\\u0442", "a6": "\\u043d\\u0435\\u0442", "a9": "", "a8": "-"}, {"a11": {}, "a10": "emotional_tone_material__id__in", "a1": "\\u0422\\u043e\\u043d\\u0430\\u043b\\u044c\\u043d\\u043e\\u0441\\u0442\\u044c \\u043c\\u0430\\u0442\\u0435\\u0440\\u0438\\u0430\\u043b\\u0430", "a3": "", "a2": "[\\u0442\\u0435\\u043a\\u0441\\u0442]", "a5": "\\u041d\\u0435\\u0442", "a4": "\\u0442\\u0435\\u043a\\u0441\\u0442\\u043e\\u0432\\u044b\\u0439", "a7": "\\u043d\\u0435\\u0442", "a6": "\\u043d\\u0435\\u0442", "a9": "", "a8": "-"}, {"a11": {}, "a10": "referred_object__id__in", "a1": "\\u0423\\u043f\\u043e\\u043c\\u0438\\u043d\\u0430\\u0435\\u043c\\u044b\\u0435 \\u043e\\u0431\\u044a\\u0435\\u043a\\u0442\\u044b", "a3": 1.0, "a2": "[\\u0442\\u0435\\u043a\\u0441\\u0442]", "a5": "\\u0414\\u0430", "a4": "\\u0442\\u0435\\u043a\\u0441\\u0442\\u043e\\u0432\\u044b\\u0439", "a7": "\\u043d\\u0435\\u0442", "a6": "\\u043d\\u0435\\u0442", "a9": "", "a8": "-"}, {"a11": {}, "a10": "emotional_tone_object__id__in", "a1": "\\u0422\\u043e\\u043d\\u0430\\u043b\\u044c\\u043d\\u043e\\u0441\\u0442\\u044c", "a3": 2.0, "a2": "[\\u0442\\u0435\\u043a\\u0441\\u0442]", "a5": "\\u0414\\u0430", "a4": "\\u0442\\u0435\\u043a\\u0441\\u0442\\u043e\\u0432\\u044b\\u0439", "a7": "\\u043d\\u0435\\u0442", "a6": "\\u043d\\u0435\\u0442", "a9": "", "a8": "-"}, {"a11": {}, "a10": "emotional_tone_title__id__in", "a1": "\\u0422\\u043e\\u043d\\u0430\\u043b\\u044c\\u043d\\u043e\\u0441\\u0442\\u044c \\u0437\\u0430\\u0433\\u043e\\u043b\\u043e\\u0432\\u043a\\u0430", "a3": "", "a2": "[\\u0442\\u0435\\u043a\\u0441\\u0442]", "a5": "\\u0414\\u0430", "a4": "\\u0442\\u0435\\u043a\\u0441\\u0442\\u043e\\u0432\\u044b\\u0439", "a7": "\\u043d\\u0435\\u0442", "a6": "\\u043d\\u0435\\u0442", "a9": "", "a8": "-"}, {"a11": {}, "a10": "object_role__id__in", "a1": "\\u0420\\u043e\\u043b\\u044c", "a3": "", "a2": "[\\u0442\\u0435\\u043a\\u0441\\u0442]", "a5": "\\u0414\\u0430", "a4": "\\u0442\\u0435\\u043a\\u0441\\u0442\\u043e\\u0432\\u044b\\u0439", "a7": "\\u043d\\u0435\\u0442", "a6": "\\u043d\\u0435\\u0442", "a9": "", "a8": "-"}, {"a11": {}, "a10": "info_reason__id__in", "a1": "\\u0418\\u043d\\u0444\\u043e\\u043f\\u043e\\u0432\\u043e\\u0434", "a3": 10.0, "a2": "[\\u0442\\u0435\\u043a\\u0441\\u0442]", "a5": "\\u0414\\u0430", "a4": "\\u0442\\u0435\\u043a\\u0441\\u0442\\u043e\\u0432\\u044b\\u0439", "a7": "\\u043d\\u0435\\u0442", "a6": "\\u043d\\u0435\\u0442", "a9": "", "a8": "-"}, {"a11": {}, "a10": "speaker__id__in", "a1": "\\u0424\\u0418\\u041e \\u0441\\u043f\\u0438\\u043a\\u0435\\u0440\\u0430", "a3": 15.0, "a2": "[\\u0442\\u0435\\u043a\\u0441\\u0442]", "a5": "\\u0414\\u0430", "a4": "\\u0442\\u0435\\u043a\\u0441\\u0442\\u043e\\u0432\\u044b\\u0439", "a7": "\\u0434\\u0430", "a6": "\\u0434\\u0430", "a9": "", "a8": "\\u0411\\u0435\\u0437 \\u0441\\u043f\\u0438\\u043a\\u0435\\u0440\\u0430"}, {"a11": {}, "a10": "speaker_category__id__in", "a1": "\\u041a\\u0430\\u0442\\u0435\\u0433\\u043e\\u0440\\u0438\\u044f \\u0441\\u043f\\u0438\\u043a\\u0435\\u0440\\u0430", "a3": 16.0, "a2": "[\\u0442\\u0435\\u043a\\u0441\\u0442]", "a5": "\\u0414\\u0430", "a4": "\\u0442\\u0435\\u043a\\u0441\\u0442\\u043e\\u0432\\u044b\\u0439", "a7": "\\u043d\\u0435\\u0442", "a6": "\\u043d\\u0435\\u0442", "a9": "", "a8": "\\u0411\\u0435\\u0437 \\u0441\\u043f\\u0438\\u043a\\u0435\\u0440\\u0430"}, {"a11": {}, "a10": "speaker_level__id__in", "a1": "\\u0423\\u0440\\u043e\\u0432\\u0435\\u043d\\u044c \\u0441\\u043f\\u0438\\u043a\\u0435\\u0440\\u0430", "a3": "", "a2": "[\\u0442\\u0435\\u043a\\u0441\\u0442]", "a5": "\\u0414\\u0430", "a4": "\\u0442\\u0435\\u043a\\u0441\\u0442\\u043e\\u0432\\u044b\\u0439", "a7": "\\u043d\\u0435\\u0442", "a6": "\\u043d\\u0435\\u0442", "a9": "", "a8": "\\u0411\\u0435\\u0437 \\u0441\\u043f\\u0438\\u043a\\u0435\\u0440\\u0430"}, {"a11": {}, "a10": "speaker_speech_hate__id__in", "a1": "\\u0425\\u0430\\u0440\\u0430\\u043a\\u0442\\u0435\\u0440 \\u0432\\u044b\\u0441\\u043a\\u0430\\u0437\\u044b\\u0432\\u0430\\u043d\\u0438\\u044f \\u0441\\u043f\\u0438\\u043a\\u0435\\u0440\\u0430", "a3": "", "a2": "[\\u0442\\u0435\\u043a\\u0441\\u0442]", "a5": "\\u0414\\u0430", "a4": "\\u0442\\u0435\\u043a\\u0441\\u0442\\u043e\\u0432\\u044b\\u0439", "a7": "\\u043d\\u0435\\u0442", "a6": "\\u043d\\u0435\\u0442", "a9": "", "a8": "\\u0411\\u0435\\u0437 \\u0441\\u043f\\u0438\\u043a\\u0435\\u0440\\u0430"}, {"a11": {}, "a10": "speaker_quote_uniqueness__id__in", "a1": "\\u0423\\u043d\\u0438\\u043a\\u0430\\u043b\\u044c\\u043d\\u043e\\u0441\\u0442\\u044c \\u0446\\u0438\\u0442\\u0430\\u0442 \\u0441\\u043f\\u0438\\u043a\\u0435\\u0440\\u0430", "a3": "", "a2": "[\\u0442\\u0435\\u043a\\u0441\\u0442]", "a5": "\\u0414\\u0430", "a4": "\\u0442\\u0435\\u043a\\u0441\\u0442\\u043e\\u0432\\u044b\\u0439", "a7": "\\u043d\\u0435\\u0442", "a6": "\\u043d\\u0435\\u0442", "a9": "", "a8": "\\u0411\\u0435\\u0437 \\u0441\\u043f\\u0438\\u043a\\u0435\\u0440\\u0430"}, {"a11": {}, "a10": "side__speaker__id__in", "a1": "\\u0424\\u0418\\u041e \\u0441\\u0442\\u043e\\u0440\\u043e\\u043d\\u043d\\u0435\\u0433\\u043e \\u0441\\u043f\\u0438\\u043a\\u0435\\u0440\\u0430", "a3": "", "a2": "[\\u0442\\u0435\\u043a\\u0441\\u0442]", "a5": "\\u0414\\u0430", "a4": "\\u0442\\u0435\\u043a\\u0441\\u0442\\u043e\\u0432\\u044b\\u0439", "a7": "\\u0434\\u0430", "a6": "\\u0434\\u0430", "a9": "", "a8": "\\u0411\\u0435\\u0437 \\u0441\\u0442\\u043e\\u0440\\u043e\\u043d\\u043d\\u0435\\u0433\\u043e \\u0441\\u043f\\u0438\\u043a\\u0435\\u0440\\u0430"}, {"a11": {}, "a10": "side_speaker_tonality__id__in", "a1": "\\u0422\\u043e\\u043d\\u0430\\u043b\\u044c\\u043d\\u043e\\u0441\\u0442\\u044c \\u0441\\u0442\\u043e\\u0440\\u043e\\u043d\\u043d\\u0435\\u0433\\u043e \\u0441\\u043f\\u0438\\u043a\\u0435\\u0440\\u0430", "a3": "", "a2": "[\\u0442\\u0435\\u043a\\u0441\\u0442]", "a5": "\\u0414\\u0430", "a4": "\\u0442\\u0435\\u043a\\u0441\\u0442\\u043e\\u0432\\u044b\\u0439", "a7": "\\u043d\\u0435\\u0442", "a6": "\\u043d\\u0435\\u0442", "a9": "", "a8": "\\u0411\\u0435\\u0437 \\u0441\\u0442\\u043e\\u0440\\u043e\\u043d\\u043d\\u0435\\u0433\\u043e \\u0441\\u043f\\u0438\\u043a\\u0435\\u0440\\u0430"}, {"a11": {}, "a10": "side_speaker_status__id__in", "a1": "\\u0421\\u0442\\u0430\\u0442\\u0443\\u0441 \\u0441\\u0442\\u043e\\u0440\\u043e\\u043d\\u043d\\u0435\\u0433\\u043e \\u0441\\u043f\\u0438\\u043a\\u0435\\u0440\\u0430", "a3": "", "a2": "[\\u0442\\u0435\\u043a\\u0441\\u0442]", "a5": "\\u0414\\u0430", "a4": "\\u0442\\u0435\\u043a\\u0441\\u0442\\u043e\\u0432\\u044b\\u0439", "a7": "\\u043d\\u0435\\u0442", "a6": "\\u043d\\u0435\\u0442", "a9": "", "a8": "\\u0411\\u0435\\u0437 \\u0441\\u0442\\u043e\\u0440\\u043e\\u043d\\u043d\\u0435\\u0433\\u043e \\u0441\\u043f\\u0438\\u043a\\u0435\\u0440\\u0430"}, {"a11": {}, "a10": "prt__range", "a1": "PRt", "a3": 12.0, "a2": "[\\u0442\\u0435\\u043a\\u0441\\u0442]", "a5": "\\u0414\\u0430", "a4": "\\u0447\\u0438\\u0441\\u043b\\u043e", "a7": "\\u043d\\u0435\\u0442", "a6": "\\u043d\\u0435\\u0442", "a9": "\\u0448\\u043a\\u0430\\u043b\\u0430", "a8": "-"}, {"a11": {}, "a10": "prv__range", "a1": "PRV", "a3": 11.0, "a2": "[\\u0442\\u0435\\u043a\\u0441\\u0442]", "a5": "\\u0414\\u0430", "a4": "\\u0447\\u0438\\u0441\\u043b\\u043e", "a7": "\\u043d\\u0435\\u0442", "a6": "\\u043d\\u0435\\u0442", "a9": "\\u0448\\u043a\\u0430\\u043b\\u0430", "a8": "-"}, {"a11": {}, "a10": "mo__range", "a1": "Media Outreach", "a3": 13.0, "a2": "[\\u0442\\u0435\\u043a\\u0441\\u0442]", "a5": "\\u0414\\u0430", "a4": "\\u0447\\u0438\\u0441\\u043b\\u043e", "a7": "\\u043d\\u0435\\u0442", "a6": "\\u043d\\u0435\\u0442", "a9": "\\u0448\\u043a\\u0430\\u043b\\u0430", "a8": "-"}, {"a11": {}, "a10": "mq__range", "a1": "MQ", "a3": "", "a2": "[\\u0442\\u0435\\u043a\\u0441\\u0442]", "a5": "\\u0414\\u0430", "a4": "\\u0447\\u0438\\u0441\\u043b\\u043e", "a7": "\\u043d\\u0435\\u0442", "a6": "\\u043d\\u0435\\u0442", "a9": "\\u0448\\u043a\\u0430\\u043b\\u0430", "a8": "-"}, {"a11": {}, "a10": "interaction_kind__id__in", "a1": "\\u0412\\u0438\\u0434 \\u0432\\u0437\\u0430\\u0438\\u043c\\u043e\\u0434\\u0435\\u0439\\u0441\\u0442\\u0432\\u0438\\u044f", "a3": "", "a2": "[\\u0442\\u0435\\u043a\\u0441\\u0442]", "a5": "\\u041d\\u0435\\u0442", "a4": "\\u0442\\u0435\\u043a\\u0441\\u0442\\u043e\\u0432\\u044b\\u0439", "a7": "\\u043d\\u0435\\u0442", "a6": "\\u043d\\u0435\\u0442", "a9": "", "a8": "\\u0414\\u0440\\u0443\\u0433\\u043e\\u0435"}, {"a11": {}, "a10": "initiation__id__in", "a1": "\\u0418\\u043d\\u0438\\u0446\\u0438\\u0438\\u0440\\u043e\\u0432\\u0430\\u043d\\u0438\\u0435", "a3": "", "a2": "[\\u0442\\u0435\\u043a\\u0441\\u0442]", "a5": "\\u0414\\u0430", "a4": "\\u0442\\u0435\\u043a\\u0441\\u0442\\u043e\\u0432\\u044b\\u0439", "a7": "\\u043d\\u0435\\u0442", "a6": "\\u043d\\u0435\\u0442", "a9": "", "a8": "\\u041d\\u0435\\u0442"}, {"a11": {}, "a10": "penetration__id__in", "a1": "\\u0421\\u0442\\u0435\\u043f\\u0435\\u043d\\u044c \\u043f\\u0440\\u043e\\u043d\\u0438\\u043a\\u043d\\u043e\\u0432\\u0435\\u043d\\u0438\\u044f \\u041f\\u0420/\\u041d\\u043e\\u0432\\u043e\\u0441\\u0442\\u0438", "a3": "", "a2": "[\\u0442\\u0435\\u043a\\u0441\\u0442]", "a5": "\\u041d\\u0435\\u0442", "a4": "\\u0442\\u0435\\u043a\\u0441\\u0442\\u043e\\u0432\\u044b\\u0439", "a7": "\\u043d\\u0435\\u0442", "a6": "\\u043d\\u0435\\u0442", "a9": "", "a8": "\\u041d\\u0435\\u0442"}, {"a11": {}, "a10": "id_press_release__id__in", "a1": "ID-\\u043f\\u0440\\u0435\\u0441\\u0441-\\u0440\\u0435\\u043b\\u0438\\u0437\\u0430", "a3": "", "a2": "[\\u0442\\u0435\\u043a\\u0441\\u0442]", "a5": "\\u041d\\u0435\\u0442", "a4": "\\u0442\\u0435\\u043a\\u0441\\u0442\\u043e\\u0432\\u044b\\u0439", "a7": "\\u0434\\u0430", "a6": "\\u0434\\u0430", "a9": "", "a8": "\\u041d\\u0435\\u0442"}, {"a11": {}, "a10": "referred_object__id__in", "a1": "\\u0423\\u043f\\u043e\\u043c\\u0438\\u043d\\u0430\\u0435\\u043c\\u043e\\u0441\\u0442\\u044c \\u043f\\u0440\\u043e\\u0434\\u0443\\u043a\\u0442\\u043e\\u0432", "a3": "", "a2": "[\\u0442\\u0435\\u043a\\u0441\\u0442]", "a5": "\\u041d\\u0435\\u0442", "a4": "\\u0442\\u0435\\u043a\\u0441\\u0442\\u043e\\u0432\\u044b\\u0439", "a7": "\\u0434\\u0430", "a6": "\\u0434\\u0430", "a9": "", "a8": "\\u041d\\u0435\\u0442"}, {"a11": {}, "a10": "advertisement_promo__id__in", "a1": "\\u0420\\u0435\\u043a\\u043b\\u0430\\u043c\\u0430/\\u043f\\u0440\\u043e\\u043c\\u043e", "a3": "", "a2": "[\\u0442\\u0435\\u043a\\u0441\\u0442]", "a5": "\\u0414\\u0430", "a4": "\\u0442\\u0435\\u043a\\u0441\\u0442\\u043e\\u0432\\u044b\\u0439", "a7": "\\u043d\\u0435\\u0442", "a6": "\\u043d\\u0435\\u0442", "a9": "", "a8": "\\u041d\\u0435\\u0442"}, {"a11": {}, "a10": "technologies__id__in", "a1": "\\u0422\\u0435\\u0445\\u043d\\u043e\\u043b\\u043e\\u0433\\u0438\\u0438", "a3": "", "a2": "[\\u0442\\u0435\\u043a\\u0441\\u0442]", "a5": "\\u0414\\u0430", "a4": "\\u0442\\u0435\\u043a\\u0441\\u0442\\u043e\\u0432\\u044b\\u0439", "a7": "\\u043d\\u0435\\u0442", "a6": "\\u043d\\u0435\\u0442", "a9": "", "a8": "\\u041d\\u0435\\u0442"}, {"a11": {}, "a10": "km__id__in", "a1": "KM", "a3": "", "a2": "[\\u0442\\u0435\\u043a\\u0441\\u0442]", "a5": "\\u041d\\u0435\\u0442", "a4": "\\u0442\\u0435\\u043a\\u0441\\u0442\\u043e\\u0432\\u044b\\u0439", "a7": "\\u043d\\u0435\\u0442", "a6": "\\u043d\\u0435\\u0442", "a9": "", "a8": "\\u0411\\u0435\\u0437 KM"}, {"a11": {}, "a10": "km_result", "a1": "KM \\u0438\\u0442\\u043e\\u0433", "a3": "", "a2": "[\\u0442\\u0435\\u043a\\u0441\\u0442]", "a5": "\\u041d\\u0435\\u0442", "a4": "\\u0442\\u0435\\u043a\\u0441\\u0442\\u043e\\u0432\\u044b\\u0439", "a7": "\\u043d\\u0435\\u0442", "a6": "\\u043d\\u0435\\u0442", "a9": "", "a8": ""}, {"a11": {}, "a10": "tag__id__in", "a1": "\\u0422\\u044d\\u0433", "a3": "", "a2": "[\\u0442\\u0435\\u043a\\u0441\\u0442]", "a5": "\\u041d\\u0435\\u0442", "a4": "\\u0442\\u0435\\u043a\\u0441\\u0442\\u043e\\u0432\\u044b\\u0439", "a7": "\\u043d\\u0435\\u0442", "a6": "\\u043d\\u0435\\u0442", "a9": "", "a8": "-"}, {"a11": {}, "a10": "duration__id__in", "a1": "\\u0414\\u043b\\u0438\\u0442\\u0435\\u043b\\u044c\\u043d\\u043e\\u0441\\u0442\\u044c", "a3": "", "a2": "[\\u0442\\u0435\\u043a\\u0441\\u0442]", "a5": "\\u041d\\u0435\\u0442", "a4": "\\u0447\\u0438\\u0441\\u043b\\u043e\\u0432\\u043e\\u0439", "a7": "\\u043d\\u0435\\u0442", "a6": "\\u043d\\u0435\\u0442", "a9": "\\u0448\\u043a\\u0430\\u043b\\u0430", "a8": "\\u041d\\u0435\\u0442"}, {"a11": {}, "a10": "cover__range", "a1": "\\u041e\\u0431\\u043b\\u043e\\u0436\\u043a\\u0430", "a3": "", "a2": "[\\u0442\\u0435\\u043a\\u0441\\u0442]", "a5": "\\u041d\\u0435\\u0442", "a4": "\\u0442\\u0435\\u043a\\u0441\\u0442\\u043e\\u0432\\u044b\\u0439", "a7": "\\u043d\\u0435\\u0442", "a6": "\\u043d\\u0435\\u0442", "a9": "", "a8": "\\u041d\\u0435\\u0442"}, {"a11": {}, "a10": "visibility__id__in", "a1": "\\u0417\\u0430\\u043c\\u0435\\u0442\\u043d\\u043e\\u0441\\u0442\\u044c \\u043c\\u0430\\u0442\\u0435\\u0440\\u0438\\u0430\\u043b\\u0430", "a3": "", "a2": "[\\u0442\\u0435\\u043a\\u0441\\u0442]", "a5": "\\u041d\\u0435\\u0442", "a4": "\\u0442\\u0435\\u043a\\u0441\\u0442\\u043e\\u0432\\u044b\\u0439", "a7": "\\u043d\\u0435\\u0442", "a6": "\\u043d\\u0435\\u0442", "a9": "", "a8": "-"}, {"a11": {}, "a10": "infographics__range", "a1": "\\u0418\\u043d\\u0444\\u043e\\u0433\\u0440\\u0430\\u0444\\u0438\\u043a\\u0430", "a3": "", "a2": "[\\u0442\\u0435\\u043a\\u0441\\u0442]", "a5": "\\u041d\\u0435\\u0442", "a4": "\\u0442\\u0435\\u043a\\u0441\\u0442\\u043e\\u0432\\u044b\\u0439", "a7": "\\u043d\\u0435\\u0442", "a6": "\\u043d\\u0435\\u0442", "a9": "", "a8": "\\u041e\\u0442\\u0441\\u0443\\u0442\\u0441\\u0442\\u0432\\u0443\\u0435\\u0442"}, {"a11": {}, "a10": "macroregion__id__in", "a1": "\\u041c\\u0430\\u043a\\u0440\\u043e\\u0440\\u0435\\u0433\\u0438\\u043e\\u043d", "a3": "", "a2": "[\\u0442\\u0435\\u043a\\u0441\\u0442]", "a5": "\\u041d\\u0435\\u0442", "a4": "\\u0442\\u0435\\u043a\\u0441\\u0442\\u043e\\u0432\\u044b\\u0439", "a7": "\\u043d\\u0435\\u0442", "a6": "\\u043d\\u0435\\u0442", "a9": "", "a8": "-"}, {"a11": {}, "a10": "media_list_special__id__in", "a1": "Media List", "a3": "", "a2": "[\\u0442\\u0435\\u043a\\u0441\\u0442]", "a5": "\\u041d\\u0435\\u0442", "a4": "\\u0442\\u0435\\u043a\\u0441\\u0442\\u043e\\u0432\\u044b\\u0439", "a7": "\\u043d\\u0435\\u0442", "a6": "\\u043d\\u0435\\u0442", "a9": "", "a8": "Others"}, {"a11": {}, "a10": "media_type_special__id__in", "a1": "Media Type", "a3": "", "a2": "[\\u0442\\u0435\\u043a\\u0441\\u0442]", "a5": "\\u041d\\u0435\\u0442", "a4": "\\u0442\\u0435\\u043a\\u0441\\u0442\\u043e\\u0432\\u044b\\u0439", "a7": "\\u043d\\u0435\\u0442", "a6": "\\u043d\\u0435\\u0442", "a9": "", "a8": "-"}, {"a11": {}, "a10": "media_category_special__id__in", "a1": "Media Category", "a3": "", "a2": "[\\u0442\\u0435\\u043a\\u0441\\u0442]", "a5": "\\u041d\\u0435\\u0442", "a4": "\\u0442\\u0435\\u043a\\u0441\\u0442\\u043e\\u0432\\u044b\\u0439", "a7": "\\u043d\\u0435\\u0442", "a6": "\\u043d\\u0435\\u0442", "a9": "", "a8": "-"}, {"a11": {}, "a10": "visibility_special__id__in", "a1": "Visibility", "a3": "", "a2": "[\\u0442\\u0435\\u043a\\u0441\\u0442]", "a5": "\\u041d\\u0435\\u0442", "a4": "\\u0442\\u0435\\u043a\\u0441\\u0442\\u043e\\u0432\\u044b\\u0439", "a7": "\\u043d\\u0435\\u0442", "a6": "\\u043d\\u0435\\u0442", "a9": "", "a8": "-"}, {"a11": {}, "a10": "image__id__in", "a1": "Image", "a3": "", "a2": "[\\u0442\\u0435\\u043a\\u0441\\u0442]", "a5": "\\u041d\\u0435\\u0442", "a4": "\\u0442\\u0435\\u043a\\u0441\\u0442\\u043e\\u0432\\u044b\\u0439", "a7": "\\u043d\\u0435\\u0442", "a6": "\\u043d\\u0435\\u0442", "a9": "", "a8": "Absent"}, {"a11": {}, "a10": "km_special__id__in", "a1": "Key Message Penetration", "a3": "", "a2": "[\\u0442\\u0435\\u043a\\u0441\\u0442]", "a5": "\\u041d\\u0435\\u0442", "a4": "\\u0442\\u0435\\u043a\\u0441\\u0442\\u043e\\u0432\\u044b\\u0439", "a7": "\\u043d\\u0435\\u0442", "a6": "\\u043d\\u0435\\u0442", "a9": "", "a8": "-"}, {"a11": {}, "a10": "brand_or_product__id__in", "a1": "Brand or Product Mention", "a3": "", "a2": "[\\u0442\\u0435\\u043a\\u0441\\u0442]", "a5": "\\u041d\\u0435\\u0442", "a4": "\\u0442\\u0435\\u043a\\u0441\\u0442\\u043e\\u0432\\u044b\\u0439", "a7": "\\u043d\\u0435\\u0442", "a6": "\\u043d\\u0435\\u0442", "a9": "", "a8": "-"}, {"a11": {}, "a10": "speaker_quote__id__in", "a1": "Speaker\\u2019s Quote", "a3": "", "a2": "[\\u0442\\u0435\\u043a\\u0441\\u0442]", "a5": "\\u041d\\u0435\\u0442", "a4": "\\u0442\\u0435\\u043a\\u0441\\u0442\\u043e\\u0432\\u044b\\u0439", "a7": "\\u043d\\u0435\\u0442", "a6": "\\u043d\\u0435\\u0442", "a9": "", "a8": "-"}, {"a11": {}, "a10": "third_patry_speakers__id__in", "a1": "Third Party Speakers\\u2019 Supporting Quotes", "a3": "", "a2": "[\\u0442\\u0435\\u043a\\u0441\\u0442]", "a5": "\\u041d\\u0435\\u0442", "a4": "\\u0442\\u0435\\u043a\\u0441\\u0442\\u043e\\u0432\\u044b\\u0439", "a7": "\\u043d\\u0435\\u0442", "a6": "\\u043d\\u0435\\u0442", "a9": "", "a8": "-"}, {"a11": {}, "a10": "headder_tonality__id__in", "a1": "Header Tonality", "a3": "", "a2": "[\\u0442\\u0435\\u043a\\u0441\\u0442]", "a5": "\\u041d\\u0435\\u0442", "a4": "\\u0442\\u0435\\u043a\\u0441\\u0442\\u043e\\u0432\\u044b\\u0439", "a7": "\\u043d\\u0435\\u0442", "a6": "\\u043d\\u0435\\u0442", "a9": "", "a8": "-"}, {"a11": {}, "a10": "main_tonality__id__in", "a1": "Main Tonality", "a3": "", "a2": "[\\u0442\\u0435\\u043a\\u0441\\u0442]", "a5": "\\u041d\\u0435\\u0442", "a4": "\\u0442\\u0435\\u043a\\u0441\\u0442\\u043e\\u0432\\u044b\\u0439", "a7": "\\u043d\\u0435\\u0442", "a6": "\\u043d\\u0435\\u0442", "a9": "", "a8": "-"}, {"a11": {}, "a10": "global_local_event__id__in", "a1": "Global/Local Event", "a3": "", "a2": "[\\u0442\\u0435\\u043a\\u0441\\u0442]", "a5": "\\u041d\\u0435\\u0442", "a4": "\\u0442\\u0435\\u043a\\u0441\\u0442\\u043e\\u0432\\u044b\\u0439", "a7": "\\u043d\\u0435\\u0442", "a6": "\\u043d\\u0435\\u0442", "a9": "", "a8": "-"}, {"a11": {}, "a10": "edge_region__id__in", "a1": "\\u041e\\u0431\\u043b\\u0430\\u0441\\u0442\\u044c \\u0438\\u043b\\u0438 \\u043a\\u0440\\u0430\\u0439", "a3": "", "a2": "[\\u0442\\u0435\\u043a\\u0441\\u0442]", "a5": "\\u041d\\u0435\\u0442", "a4": "\\u0442\\u0435\\u043a\\u0441\\u0442\\u043e\\u0432\\u044b\\u0439", "a7": "\\u043d\\u0435\\u0442", "a6": "\\u043d\\u0435\\u0442", "a9": "", "a8": "-"}]
37	1	37	[{"a11": {}, "a10": "day__id__in", "a1": "\\u0414\\u0435\\u043d\\u044c", "a3": "", "a2": "[\\u0442\\u0435\\u043a\\u0441\\u0442]", "a5": "\\u041d\\u0435\\u0442", "a4": "\\u0447\\u0438\\u0441\\u043b\\u043e\\u0432\\u043e\\u0439", "a7": "", "a6": "-", "a9": "list", "a8": ""}, {"a11": {}, "a10": "month__id__in", "a1": "\\u041c\\u0435\\u0441\\u044f\\u0446", "a3": "", "a2": "[\\u0442\\u0435\\u043a\\u0441\\u0442]", "a5": "\\u041d\\u0435\\u0442", "a4": "\\u0447\\u0438\\u0441\\u043b\\u043e\\u0432\\u043e\\u0439", "a7": "", "a6": "-", "a9": "list", "a8": ""}, {"a11": {}, "a10": "week__id__in", "a1": "\\u041d\\u0435\\u0434\\u0435\\u043b\\u044f", "a3": "", "a2": "[\\u0442\\u0435\\u043a\\u0441\\u0442]", "a5": "\\u041d\\u0435\\u0442", "a4": "\\u0447\\u0438\\u0441\\u043b\\u043e\\u0432\\u043e\\u0439", "a7": "", "a6": "-", "a9": "list", "a8": ""}, {"a11": {}, "a10": "media_level__id__in", "a1": "\\u0423\\u0440\\u043e\\u0432\\u0435\\u043d\\u044c \\u0421\\u041c\\u0418", "a3": 7.0, "a2": "[\\u0442\\u0435\\u043a\\u0441\\u0442]", "a5": "\\u041d\\u0435\\u0442", "a4": "\\u0442\\u0435\\u043a\\u0441\\u0442\\u043e\\u0432\\u044b\\u0439", "a7": "\\u043d\\u0435\\u0442", "a6": "\\u043d\\u0435\\u0442", "a9": "", "a8": "-"}, {"a11": {}, "a10": "city__id__in", "a1": "\\u0413\\u043e\\u0440\\u043e\\u0434", "a3": 5.0, "a2": "[\\u0442\\u0435\\u043a\\u0441\\u0442]", "a5": "\\u041d\\u0435\\u0442", "a4": "\\u0442\\u0435\\u043a\\u0441\\u0442\\u043e\\u0432\\u044b\\u0439", "a7": "\\u0434\\u0430", "a6": "\\u0434\\u0430", "a9": "", "a8": "-"}, {"a11": {}, "a10": "federal_district__id__in", "a1": "\\u0424\\u041e", "a3": 4.0, "a2": "[\\u0442\\u0435\\u043a\\u0441\\u0442]", "a5": "\\u041d\\u0435\\u0442", "a4": "\\u0442\\u0435\\u043a\\u0441\\u0442\\u043e\\u0432\\u044b\\u0439", "a7": "\\u0434\\u0430", "a6": "\\u043d\\u0435\\u0442", "a9": "", "a8": "\\u0411\\u0435\\u0437 \\u0424\\u041e"}, {"a11": {}, "a10": "region__id__in", "a1": "\\u0420\\u0435\\u0433\\u0438\\u043e\\u043d", "a3": "", "a2": "[\\u0442\\u0435\\u043a\\u0441\\u0442]", "a5": "\\u041d\\u0435\\u0442", "a4": "\\u0442\\u0435\\u043a\\u0441\\u0442\\u043e\\u0432\\u044b\\u0439", "a7": "\\u0434\\u0430", "a6": "\\u043d\\u0435\\u0442", "a9": "", "a8": "-"}, {"a11": {}, "a10": "branch__id__in", "a1": "\\u0424\\u0438\\u043b\\u0438\\u0430\\u043b", "a3": "", "a2": "[\\u0442\\u0435\\u043a\\u0441\\u0442]", "a5": "\\u041d\\u0435\\u0442", "a4": "\\u0442\\u0435\\u043a\\u0441\\u0442\\u043e\\u0432\\u044b\\u0439", "a7": "\\u0434\\u0430", "a6": "\\u043d\\u0435\\u0442", "a9": "", "a8": "\\u041f\\u0443\\u0441\\u0442\\u043e"}, {"a11": {}, "a10": "country__id__in", "a1": "\\u0421\\u0442\\u0440\\u0430\\u043d\\u0430", "a3": 3.0, "a2": "[\\u0442\\u0435\\u043a\\u0441\\u0442]", "a5": "\\u041d\\u0435\\u0442", "a4": "\\u0442\\u0435\\u043a\\u0441\\u0442\\u043e\\u0432\\u044b\\u0439", "a7": "\\u0434\\u0430", "a6": "\\u043d\\u0435\\u0442", "a9": "", "a8": "-"}, {"a11": {}, "a10": "author__id__in", "a1": "\\u0410\\u0432\\u0442\\u043e\\u0440", "a3": 14.0, "a2": "[\\u0442\\u0435\\u043a\\u0441\\u0442]", "a5": "\\u041d\\u0435\\u0442", "a4": "\\u0442\\u0435\\u043a\\u0441\\u0442\\u043e\\u0432\\u044b\\u0439", "a7": "\\u0434\\u0430", "a6": "\\u0434\\u0430", "a9": "", "a8": "\\u0411\\u0435\\u0437 \\u0430\\u0432\\u0442\\u043e\\u0440\\u0430"}, {"a11": {}, "a10": "media_type__id__in", "a1": "\\u0422\\u0438\\u043f \\u0421\\u041c\\u0418", "a3": "", "a2": "[\\u0442\\u0435\\u043a\\u0441\\u0442]", "a5": "\\u041d\\u0435\\u0442", "a4": "\\u0442\\u0435\\u043a\\u0441\\u0442\\u043e\\u0432\\u044b\\u0439", "a7": "\\u043d\\u0435\\u0442", "a6": "\\u043d\\u0435\\u0442", "a9": "", "a8": "-"}, {"a11": {}, "a10": "media_view__id__in", "a1": "\\u0412\\u0438\\u0434 \\u0421\\u041c\\u0418", "a3": 9.0, "a2": "[\\u0442\\u0435\\u043a\\u0441\\u0442]", "a5": "\\u041d\\u0435\\u0442", "a4": "\\u0442\\u0435\\u043a\\u0441\\u0442\\u043e\\u0432\\u044b\\u0439", "a7": "\\u043d\\u0435\\u0442", "a6": "\\u043d\\u0435\\u0442", "a9": "", "a8": "-"}, {"a11": {}, "a10": "media_list__id__in", "a1": "\\u0421\\u043f\\u0438\\u0441\\u043e\\u043a \\u0421\\u041c\\u0418", "a3": "", "a2": "[\\u0442\\u0435\\u043a\\u0441\\u0442]", "a5": "\\u041d\\u0435\\u0442", "a4": "\\u0442\\u0435\\u043a\\u0441\\u0442\\u043e\\u0432\\u044b\\u0439", "a7": "\\u043d\\u0435\\u0442", "a6": "\\u043d\\u0435\\u0442", "a9": "", "a8": "\\u041f\\u0443\\u0441\\u0442\\u043e"}, {"a11": {}, "a10": "media_category__id__in", "a1": "\\u041a\\u0430\\u0442\\u0435\\u0433\\u043e\\u0440\\u0438\\u044f \\u0421\\u041c\\u0418", "a3": 8.0, "a2": "[\\u0442\\u0435\\u043a\\u0441\\u0442]", "a5": "\\u041d\\u0435\\u0442", "a4": "\\u0442\\u0435\\u043a\\u0441\\u0442\\u043e\\u0432\\u044b\\u0439", "a7": "\\u043d\\u0435\\u0442", "a6": "\\u043d\\u0435\\u0442", "a9": "", "a8": "-"}, {"a11": {}, "a10": "source__id__in", "a1": "\\u0418\\u0441\\u0442\\u043e\\u0447\\u043d\\u0438\\u043a", "a3": 6.0, "a2": "[\\u0442\\u0435\\u043a\\u0441\\u0442]", "a5": "\\u041d\\u0435\\u0442", "a4": "\\u0442\\u0435\\u043a\\u0441\\u0442\\u043e\\u0432\\u044b\\u0439", "a7": "\\u0434\\u0430", "a6": "\\u0434\\u0430", "a9": "", "a8": "-"}, {"a11": {}, "a10": "title__id__in", "a1": "\\u0417\\u0430\\u0433\\u043e\\u043b\\u043e\\u0432\\u043e\\u043a", "a3": "", "a2": "[\\u0442\\u0435\\u043a\\u0441\\u0442]", "a5": "\\u041d\\u0435\\u0442", "a4": "\\u0442\\u0435\\u043a\\u0441\\u0442\\u043e\\u0432\\u044b\\u0439", "a7": "\\u0434\\u0430", "a6": "\\u0434\\u0430", "a9": "", "a8": "-"}, {"a11": {}, "a10": "release_time", "a1": "\\u0412\\u0440\\u0435\\u043c\\u044f \\u043f\\u0443\\u0431\\u043b\\u0438\\u043a\\u0430\\u0446\\u0438\\u0438", "a3": "", "a2": "[\\u0442\\u0435\\u043a\\u0441\\u0442]", "a5": "\\u041d\\u0435\\u0442", "a4": "\\u0432\\u0440\\u0435\\u043c\\u044f", "a7": "\\u043d\\u0435\\u0442", "a6": "\\u043d\\u0435\\u0442", "a9": "-", "a8": ""}, {"a11": {}, "a10": "url__id__in", "a1": "URL", "a3": "", "a2": "[\\u0442\\u0435\\u043a\\u0441\\u0442]", "a5": "\\u041d\\u0435\\u0442", "a4": "\\u0442\\u0435\\u043a\\u0441\\u0442\\u043e\\u0432\\u044b\\u0439", "a7": "\\u0434\\u0430", "a6": "\\u0434\\u0430", "a9": "", "a8": "\\u0411\\u0435\\u0437 URL"}, {"a11": {}, "a10": "bissines_direction__id__in", "a1": "\\u041d\\u0430\\u043f\\u0440\\u0430\\u0432\\u043b\\u0435\\u043d\\u0438\\u0435 \\u0431\\u0438\\u0437\\u043d\\u0435\\u0441\\u0430", "a3": "", "a2": "[\\u0442\\u0435\\u043a\\u0441\\u0442]", "a5": "\\u041d\\u0435\\u0442", "a4": "\\u0442\\u0435\\u043a\\u0441\\u0442\\u043e\\u0432\\u044b\\u0439", "a7": "\\u043d\\u0435\\u0442", "a6": "\\u043d\\u0435\\u0442", "a9": "", "a8": "\\u041f\\u0443\\u0441\\u0442\\u043e"}, {"a11": {}, "a10": "thematic_category__id__in", "a1": "\\u0422\\u0435\\u043c\\u0430\\u0442\\u0438\\u0447\\u0435\\u0441\\u043a\\u0430\\u044f \\u043a\\u0430\\u0442\\u0435\\u0433\\u043e\\u0440\\u0438\\u044f", "a3": "", "a2": "[\\u0442\\u0435\\u043a\\u0441\\u0442]", "a5": "\\u041d\\u0435\\u0442", "a4": "\\u0442\\u0435\\u043a\\u0441\\u0442\\u043e\\u0432\\u044b\\u0439", "a7": "\\u043d\\u0435\\u0442", "a6": "\\u043d\\u0435\\u0442", "a9": "", "a8": "\\u0414\\u0440\\u0443\\u0433\\u043e\\u0435"}, {"a11": {}, "a10": "material_genre__id__in", "a1": "\\u0416\\u0430\\u043d\\u0440 \\u043c\\u0430\\u0442\\u0435\\u0440\\u0438\\u0430\\u043b\\u0430", "a3": "", "a2": "[\\u0442\\u0435\\u043a\\u0441\\u0442]", "a5": "\\u041d\\u0435\\u0442", "a4": "\\u0442\\u0435\\u043a\\u0441\\u0442\\u043e\\u0432\\u044b\\u0439", "a7": "\\u043d\\u0435\\u0442", "a6": "\\u043d\\u0435\\u0442", "a9": "", "a8": "-"}, {"a11": {}, "a10": "info_reason__id__in", "a1": "\\u0418\\u043d\\u0444\\u043e\\u043f\\u043e\\u0432\\u043e\\u0434 \\u043c\\u0430\\u0442\\u0435\\u0440\\u0438\\u0430\\u043b\\u0430", "a3": "", "a2": "[\\u0442\\u0435\\u043a\\u0441\\u0442]", "a5": "\\u041d\\u0435\\u0442", "a4": "\\u0442\\u0435\\u043a\\u0441\\u0442\\u043e\\u0432\\u044b\\u0439", "a7": "\\u0434\\u0430", "a6": "\\u0434\\u0430", "a9": "", "a8": "-"}, {"a11": {}, "a10": "emotional_tone_title__id__in", "a1": "\\u0422\\u043e\\u043d\\u0430\\u043b\\u044c\\u043d\\u043e\\u0441\\u0442\\u044c \\u0437\\u0430\\u0433\\u043e\\u043b\\u043e\\u0432\\u043a\\u0430 \\u043c\\u0430\\u0442\\u0435\\u0440\\u0438\\u0430\\u043b\\u0430", "a3": "", "a2": "[\\u0442\\u0435\\u043a\\u0441\\u0442]", "a5": "\\u041d\\u0435\\u0442", "a4": "\\u0442\\u0435\\u043a\\u0441\\u0442\\u043e\\u0432\\u044b\\u0439", "a7": "\\u043d\\u0435\\u0442", "a6": "\\u043d\\u0435\\u0442", "a9": "", "a8": "-"}, {"a11": {}, "a10": "emotional_tone_material__id__in", "a1": "\\u0422\\u043e\\u043d\\u0430\\u043b\\u044c\\u043d\\u043e\\u0441\\u0442\\u044c \\u043c\\u0430\\u0442\\u0435\\u0440\\u0438\\u0430\\u043b\\u0430", "a3": "", "a2": "[\\u0442\\u0435\\u043a\\u0441\\u0442]", "a5": "\\u041d\\u0435\\u0442", "a4": "\\u0442\\u0435\\u043a\\u0441\\u0442\\u043e\\u0432\\u044b\\u0439", "a7": "\\u043d\\u0435\\u0442", "a6": "\\u043d\\u0435\\u0442", "a9": "", "a8": "-"}, {"a11": {}, "a10": "referred_object__id__in", "a1": "\\u0423\\u043f\\u043e\\u043c\\u0438\\u043d\\u0430\\u0435\\u043c\\u044b\\u0435 \\u043e\\u0431\\u044a\\u0435\\u043a\\u0442\\u044b", "a3": 1.0, "a2": "[\\u0442\\u0435\\u043a\\u0441\\u0442]", "a5": "\\u0414\\u0430", "a4": "\\u0442\\u0435\\u043a\\u0441\\u0442\\u043e\\u0432\\u044b\\u0439", "a7": "\\u043d\\u0435\\u0442", "a6": "\\u043d\\u0435\\u0442", "a9": "", "a8": "-"}, {"a11": {}, "a10": "emotional_tone_object__id__in", "a1": "\\u0422\\u043e\\u043d\\u0430\\u043b\\u044c\\u043d\\u043e\\u0441\\u0442\\u044c", "a3": 2.0, "a2": "[\\u0442\\u0435\\u043a\\u0441\\u0442]", "a5": "\\u0414\\u0430", "a4": "\\u0442\\u0435\\u043a\\u0441\\u0442\\u043e\\u0432\\u044b\\u0439", "a7": "\\u043d\\u0435\\u0442", "a6": "\\u043d\\u0435\\u0442", "a9": "", "a8": "-"}, {"a11": {}, "a10": "emotional_tone_title__id__in", "a1": "\\u0422\\u043e\\u043d\\u0430\\u043b\\u044c\\u043d\\u043e\\u0441\\u0442\\u044c \\u0437\\u0430\\u0433\\u043e\\u043b\\u043e\\u0432\\u043a\\u0430", "a3": "", "a2": "[\\u0442\\u0435\\u043a\\u0441\\u0442]", "a5": "\\u0414\\u0430", "a4": "\\u0442\\u0435\\u043a\\u0441\\u0442\\u043e\\u0432\\u044b\\u0439", "a7": "\\u043d\\u0435\\u0442", "a6": "\\u043d\\u0435\\u0442", "a9": "", "a8": "-"}, {"a11": {}, "a10": "object_role__id__in", "a1": "\\u0420\\u043e\\u043b\\u044c", "a3": "", "a2": "[\\u0442\\u0435\\u043a\\u0441\\u0442]", "a5": "\\u0414\\u0430", "a4": "\\u0442\\u0435\\u043a\\u0441\\u0442\\u043e\\u0432\\u044b\\u0439", "a7": "\\u043d\\u0435\\u0442", "a6": "\\u043d\\u0435\\u0442", "a9": "", "a8": "-"}, {"a11": {}, "a10": "info_reason__id__in", "a1": "\\u0418\\u043d\\u0444\\u043e\\u043f\\u043e\\u0432\\u043e\\u0434", "a3": 10.0, "a2": "[\\u0442\\u0435\\u043a\\u0441\\u0442]", "a5": "\\u0414\\u0430", "a4": "\\u0442\\u0435\\u043a\\u0441\\u0442\\u043e\\u0432\\u044b\\u0439", "a7": "\\u043d\\u0435\\u0442", "a6": "\\u043d\\u0435\\u0442", "a9": "", "a8": "-"}, {"a11": {}, "a10": "speaker__id__in", "a1": "\\u0424\\u0418\\u041e \\u0441\\u043f\\u0438\\u043a\\u0435\\u0440\\u0430", "a3": 15.0, "a2": "[\\u0442\\u0435\\u043a\\u0441\\u0442]", "a5": "\\u0414\\u0430", "a4": "\\u0442\\u0435\\u043a\\u0441\\u0442\\u043e\\u0432\\u044b\\u0439", "a7": "\\u0434\\u0430", "a6": "\\u0434\\u0430", "a9": "", "a8": "\\u0411\\u0435\\u0437 \\u0441\\u043f\\u0438\\u043a\\u0435\\u0440\\u0430"}, {"a11": {}, "a10": "speaker_category__id__in", "a1": "\\u041a\\u0430\\u0442\\u0435\\u0433\\u043e\\u0440\\u0438\\u044f \\u0441\\u043f\\u0438\\u043a\\u0435\\u0440\\u0430", "a3": 16.0, "a2": "[\\u0442\\u0435\\u043a\\u0441\\u0442]", "a5": "\\u0414\\u0430", "a4": "\\u0442\\u0435\\u043a\\u0441\\u0442\\u043e\\u0432\\u044b\\u0439", "a7": "\\u043d\\u0435\\u0442", "a6": "\\u043d\\u0435\\u0442", "a9": "", "a8": "\\u0411\\u0435\\u0437 \\u0441\\u043f\\u0438\\u043a\\u0435\\u0440\\u0430"}, {"a11": {}, "a10": "speaker_level__id__in", "a1": "\\u0423\\u0440\\u043e\\u0432\\u0435\\u043d\\u044c \\u0441\\u043f\\u0438\\u043a\\u0435\\u0440\\u0430", "a3": "", "a2": "[\\u0442\\u0435\\u043a\\u0441\\u0442]", "a5": "\\u0414\\u0430", "a4": "\\u0442\\u0435\\u043a\\u0441\\u0442\\u043e\\u0432\\u044b\\u0439", "a7": "\\u043d\\u0435\\u0442", "a6": "\\u043d\\u0435\\u0442", "a9": "", "a8": "\\u0411\\u0435\\u0437 \\u0441\\u043f\\u0438\\u043a\\u0435\\u0440\\u0430"}, {"a11": {}, "a10": "speaker_speech_hate__id__in", "a1": "\\u0425\\u0430\\u0440\\u0430\\u043a\\u0442\\u0435\\u0440 \\u0432\\u044b\\u0441\\u043a\\u0430\\u0437\\u044b\\u0432\\u0430\\u043d\\u0438\\u044f \\u0441\\u043f\\u0438\\u043a\\u0435\\u0440\\u0430", "a3": "", "a2": "[\\u0442\\u0435\\u043a\\u0441\\u0442]", "a5": "\\u0414\\u0430", "a4": "\\u0442\\u0435\\u043a\\u0441\\u0442\\u043e\\u0432\\u044b\\u0439", "a7": "\\u043d\\u0435\\u0442", "a6": "\\u043d\\u0435\\u0442", "a9": "", "a8": "\\u0411\\u0435\\u0437 \\u0441\\u043f\\u0438\\u043a\\u0435\\u0440\\u0430"}, {"a11": {}, "a10": "speaker_quote_uniqueness__id__in", "a1": "\\u0423\\u043d\\u0438\\u043a\\u0430\\u043b\\u044c\\u043d\\u043e\\u0441\\u0442\\u044c \\u0446\\u0438\\u0442\\u0430\\u0442 \\u0441\\u043f\\u0438\\u043a\\u0435\\u0440\\u0430", "a3": "", "a2": "[\\u0442\\u0435\\u043a\\u0441\\u0442]", "a5": "\\u0414\\u0430", "a4": "\\u0442\\u0435\\u043a\\u0441\\u0442\\u043e\\u0432\\u044b\\u0439", "a7": "\\u043d\\u0435\\u0442", "a6": "\\u043d\\u0435\\u0442", "a9": "", "a8": "\\u0411\\u0435\\u0437 \\u0441\\u043f\\u0438\\u043a\\u0435\\u0440\\u0430"}, {"a11": {}, "a10": "side__speaker__id__in", "a1": "\\u0424\\u0418\\u041e \\u0441\\u0442\\u043e\\u0440\\u043e\\u043d\\u043d\\u0435\\u0433\\u043e \\u0441\\u043f\\u0438\\u043a\\u0435\\u0440\\u0430", "a3": "", "a2": "[\\u0442\\u0435\\u043a\\u0441\\u0442]", "a5": "\\u0414\\u0430", "a4": "\\u0442\\u0435\\u043a\\u0441\\u0442\\u043e\\u0432\\u044b\\u0439", "a7": "\\u0434\\u0430", "a6": "\\u0434\\u0430", "a9": "", "a8": "\\u0411\\u0435\\u0437 \\u0441\\u0442\\u043e\\u0440\\u043e\\u043d\\u043d\\u0435\\u0433\\u043e \\u0441\\u043f\\u0438\\u043a\\u0435\\u0440\\u0430"}, {"a11": {}, "a10": "side_speaker_tonality__id__in", "a1": "\\u0422\\u043e\\u043d\\u0430\\u043b\\u044c\\u043d\\u043e\\u0441\\u0442\\u044c \\u0441\\u0442\\u043e\\u0440\\u043e\\u043d\\u043d\\u0435\\u0433\\u043e \\u0441\\u043f\\u0438\\u043a\\u0435\\u0440\\u0430", "a3": "", "a2": "[\\u0442\\u0435\\u043a\\u0441\\u0442]", "a5": "\\u0414\\u0430", "a4": "\\u0442\\u0435\\u043a\\u0441\\u0442\\u043e\\u0432\\u044b\\u0439", "a7": "\\u043d\\u0435\\u0442", "a6": "\\u043d\\u0435\\u0442", "a9": "", "a8": "\\u0411\\u0435\\u0437 \\u0441\\u0442\\u043e\\u0440\\u043e\\u043d\\u043d\\u0435\\u0433\\u043e \\u0441\\u043f\\u0438\\u043a\\u0435\\u0440\\u0430"}, {"a11": {}, "a10": "side_speaker_status__id__in", "a1": "\\u0421\\u0442\\u0430\\u0442\\u0443\\u0441 \\u0441\\u0442\\u043e\\u0440\\u043e\\u043d\\u043d\\u0435\\u0433\\u043e \\u0441\\u043f\\u0438\\u043a\\u0435\\u0440\\u0430", "a3": "", "a2": "[\\u0442\\u0435\\u043a\\u0441\\u0442]", "a5": "\\u0414\\u0430", "a4": "\\u0442\\u0435\\u043a\\u0441\\u0442\\u043e\\u0432\\u044b\\u0439", "a7": "\\u043d\\u0435\\u0442", "a6": "\\u043d\\u0435\\u0442", "a9": "", "a8": "\\u0411\\u0435\\u0437 \\u0441\\u0442\\u043e\\u0440\\u043e\\u043d\\u043d\\u0435\\u0433\\u043e \\u0441\\u043f\\u0438\\u043a\\u0435\\u0440\\u0430"}, {"a11": {}, "a10": "prt__range", "a1": "PRt", "a3": 12.0, "a2": "[\\u0442\\u0435\\u043a\\u0441\\u0442]", "a5": "\\u0414\\u0430", "a4": "\\u0447\\u0438\\u0441\\u043b\\u043e", "a7": "\\u043d\\u0435\\u0442", "a6": "\\u043d\\u0435\\u0442", "a9": "\\u0448\\u043a\\u0430\\u043b\\u0430", "a8": "-"}, {"a11": {}, "a10": "prv__range", "a1": "PRV", "a3": 11.0, "a2": "[\\u0442\\u0435\\u043a\\u0441\\u0442]", "a5": "\\u0414\\u0430", "a4": "\\u0447\\u0438\\u0441\\u043b\\u043e", "a7": "\\u043d\\u0435\\u0442", "a6": "\\u043d\\u0435\\u0442", "a9": "\\u0448\\u043a\\u0430\\u043b\\u0430", "a8": "-"}, {"a11": {}, "a10": "mo__range", "a1": "Media Outreach", "a3": 13.0, "a2": "[\\u0442\\u0435\\u043a\\u0441\\u0442]", "a5": "\\u0414\\u0430", "a4": "\\u0447\\u0438\\u0441\\u043b\\u043e", "a7": "\\u043d\\u0435\\u0442", "a6": "\\u043d\\u0435\\u0442", "a9": "\\u0448\\u043a\\u0430\\u043b\\u0430", "a8": "-"}, {"a11": {}, "a10": "mq__range", "a1": "MQ", "a3": "", "a2": "[\\u0442\\u0435\\u043a\\u0441\\u0442]", "a5": "\\u0414\\u0430", "a4": "\\u0447\\u0438\\u0441\\u043b\\u043e", "a7": "\\u043d\\u0435\\u0442", "a6": "\\u043d\\u0435\\u0442", "a9": "\\u0448\\u043a\\u0430\\u043b\\u0430", "a8": "-"}, {"a11": {}, "a10": "interaction_kind__id__in", "a1": "\\u0412\\u0438\\u0434 \\u0432\\u0437\\u0430\\u0438\\u043c\\u043e\\u0434\\u0435\\u0439\\u0441\\u0442\\u0432\\u0438\\u044f", "a3": "", "a2": "[\\u0442\\u0435\\u043a\\u0441\\u0442]", "a5": "\\u041d\\u0435\\u0442", "a4": "\\u0442\\u0435\\u043a\\u0441\\u0442\\u043e\\u0432\\u044b\\u0439", "a7": "\\u043d\\u0435\\u0442", "a6": "\\u043d\\u0435\\u0442", "a9": "", "a8": "\\u0414\\u0440\\u0443\\u0433\\u043e\\u0435"}, {"a11": {}, "a10": "initiation__id__in", "a1": "\\u0418\\u043d\\u0438\\u0446\\u0438\\u0438\\u0440\\u043e\\u0432\\u0430\\u043d\\u0438\\u0435", "a3": "", "a2": "[\\u0442\\u0435\\u043a\\u0441\\u0442]", "a5": "\\u0414\\u0430", "a4": "\\u0442\\u0435\\u043a\\u0441\\u0442\\u043e\\u0432\\u044b\\u0439", "a7": "\\u043d\\u0435\\u0442", "a6": "\\u043d\\u0435\\u0442", "a9": "", "a8": "\\u041d\\u0435\\u0442"}, {"a11": {}, "a10": "penetration__id__in", "a1": "\\u0421\\u0442\\u0435\\u043f\\u0435\\u043d\\u044c \\u043f\\u0440\\u043e\\u043d\\u0438\\u043a\\u043d\\u043e\\u0432\\u0435\\u043d\\u0438\\u044f \\u041f\\u0420/\\u041d\\u043e\\u0432\\u043e\\u0441\\u0442\\u0438", "a3": "", "a2": "[\\u0442\\u0435\\u043a\\u0441\\u0442]", "a5": "\\u041d\\u0435\\u0442", "a4": "\\u0442\\u0435\\u043a\\u0441\\u0442\\u043e\\u0432\\u044b\\u0439", "a7": "\\u043d\\u0435\\u0442", "a6": "\\u043d\\u0435\\u0442", "a9": "", "a8": "\\u041d\\u0435\\u0442"}, {"a11": {}, "a10": "id_press_release__id__in", "a1": "ID-\\u043f\\u0440\\u0435\\u0441\\u0441-\\u0440\\u0435\\u043b\\u0438\\u0437\\u0430", "a3": "", "a2": "[\\u0442\\u0435\\u043a\\u0441\\u0442]", "a5": "\\u041d\\u0435\\u0442", "a4": "\\u0442\\u0435\\u043a\\u0441\\u0442\\u043e\\u0432\\u044b\\u0439", "a7": "\\u0434\\u0430", "a6": "\\u0434\\u0430", "a9": "", "a8": "\\u041d\\u0435\\u0442"}, {"a11": {}, "a10": "referred_object__id__in", "a1": "\\u0423\\u043f\\u043e\\u043c\\u0438\\u043d\\u0430\\u0435\\u043c\\u043e\\u0441\\u0442\\u044c \\u043f\\u0440\\u043e\\u0434\\u0443\\u043a\\u0442\\u043e\\u0432", "a3": "", "a2": "[\\u0442\\u0435\\u043a\\u0441\\u0442]", "a5": "\\u041d\\u0435\\u0442", "a4": "\\u0442\\u0435\\u043a\\u0441\\u0442\\u043e\\u0432\\u044b\\u0439", "a7": "\\u0434\\u0430", "a6": "\\u0434\\u0430", "a9": "", "a8": "\\u041d\\u0435\\u0442"}, {"a11": {}, "a10": "advertisement_promo__id__in", "a1": "\\u0420\\u0435\\u043a\\u043b\\u0430\\u043c\\u0430/\\u043f\\u0440\\u043e\\u043c\\u043e", "a3": "", "a2": "[\\u0442\\u0435\\u043a\\u0441\\u0442]", "a5": "\\u0414\\u0430", "a4": "\\u0442\\u0435\\u043a\\u0441\\u0442\\u043e\\u0432\\u044b\\u0439", "a7": "\\u043d\\u0435\\u0442", "a6": "\\u043d\\u0435\\u0442", "a9": "", "a8": "\\u041d\\u0435\\u0442"}, {"a11": {}, "a10": "technologies__id__in", "a1": "\\u0422\\u0435\\u0445\\u043d\\u043e\\u043b\\u043e\\u0433\\u0438\\u0438", "a3": "", "a2": "[\\u0442\\u0435\\u043a\\u0441\\u0442]", "a5": "\\u0414\\u0430", "a4": "\\u0442\\u0435\\u043a\\u0441\\u0442\\u043e\\u0432\\u044b\\u0439", "a7": "\\u043d\\u0435\\u0442", "a6": "\\u043d\\u0435\\u0442", "a9": "", "a8": "\\u041d\\u0435\\u0442"}, {"a11": {}, "a10": "km__id__in", "a1": "KM", "a3": "", "a2": "[\\u0442\\u0435\\u043a\\u0441\\u0442]", "a5": "\\u041d\\u0435\\u0442", "a4": "\\u0442\\u0435\\u043a\\u0441\\u0442\\u043e\\u0432\\u044b\\u0439", "a7": "\\u043d\\u0435\\u0442", "a6": "\\u043d\\u0435\\u0442", "a9": "", "a8": "\\u0411\\u0435\\u0437 KM"}, {"a11": {}, "a10": "km_result", "a1": "KM \\u0438\\u0442\\u043e\\u0433", "a3": "", "a2": "[\\u0442\\u0435\\u043a\\u0441\\u0442]", "a5": "\\u041d\\u0435\\u0442", "a4": "\\u0442\\u0435\\u043a\\u0441\\u0442\\u043e\\u0432\\u044b\\u0439", "a7": "\\u043d\\u0435\\u0442", "a6": "\\u043d\\u0435\\u0442", "a9": "", "a8": ""}, {"a11": {}, "a10": "tag__id__in", "a1": "\\u0422\\u044d\\u0433", "a3": "", "a2": "[\\u0442\\u0435\\u043a\\u0441\\u0442]", "a5": "\\u041d\\u0435\\u0442", "a4": "\\u0442\\u0435\\u043a\\u0441\\u0442\\u043e\\u0432\\u044b\\u0439", "a7": "\\u043d\\u0435\\u0442", "a6": "\\u043d\\u0435\\u0442", "a9": "", "a8": "-"}, {"a11": {}, "a10": "duration__id__in", "a1": "\\u0414\\u043b\\u0438\\u0442\\u0435\\u043b\\u044c\\u043d\\u043e\\u0441\\u0442\\u044c", "a3": "", "a2": "[\\u0442\\u0435\\u043a\\u0441\\u0442]", "a5": "\\u041d\\u0435\\u0442", "a4": "\\u0447\\u0438\\u0441\\u043b\\u043e\\u0432\\u043e\\u0439", "a7": "\\u043d\\u0435\\u0442", "a6": "\\u043d\\u0435\\u0442", "a9": "\\u0448\\u043a\\u0430\\u043b\\u0430", "a8": "\\u041d\\u0435\\u0442"}, {"a11": {}, "a10": "cover__range", "a1": "\\u041e\\u0431\\u043b\\u043e\\u0436\\u043a\\u0430", "a3": "", "a2": "[\\u0442\\u0435\\u043a\\u0441\\u0442]", "a5": "\\u041d\\u0435\\u0442", "a4": "\\u0442\\u0435\\u043a\\u0441\\u0442\\u043e\\u0432\\u044b\\u0439", "a7": "\\u043d\\u0435\\u0442", "a6": "\\u043d\\u0435\\u0442", "a9": "", "a8": "\\u041d\\u0435\\u0442"}, {"a11": {}, "a10": "visibility__id__in", "a1": "\\u0417\\u0430\\u043c\\u0435\\u0442\\u043d\\u043e\\u0441\\u0442\\u044c \\u043c\\u0430\\u0442\\u0435\\u0440\\u0438\\u0430\\u043b\\u0430", "a3": "", "a2": "[\\u0442\\u0435\\u043a\\u0441\\u0442]", "a5": "\\u041d\\u0435\\u0442", "a4": "\\u0442\\u0435\\u043a\\u0441\\u0442\\u043e\\u0432\\u044b\\u0439", "a7": "\\u043d\\u0435\\u0442", "a6": "\\u043d\\u0435\\u0442", "a9": "", "a8": "-"}, {"a11": {}, "a10": "infographics__range", "a1": "\\u0418\\u043d\\u0444\\u043e\\u0433\\u0440\\u0430\\u0444\\u0438\\u043a\\u0430", "a3": "", "a2": "[\\u0442\\u0435\\u043a\\u0441\\u0442]", "a5": "\\u041d\\u0435\\u0442", "a4": "\\u0442\\u0435\\u043a\\u0441\\u0442\\u043e\\u0432\\u044b\\u0439", "a7": "\\u043d\\u0435\\u0442", "a6": "\\u043d\\u0435\\u0442", "a9": "", "a8": "\\u041e\\u0442\\u0441\\u0443\\u0442\\u0441\\u0442\\u0432\\u0443\\u0435\\u0442"}, {"a11": {}, "a10": "macroregion__id__in", "a1": "\\u041c\\u0430\\u043a\\u0440\\u043e\\u0440\\u0435\\u0433\\u0438\\u043e\\u043d", "a3": "", "a2": "[\\u0442\\u0435\\u043a\\u0441\\u0442]", "a5": "\\u041d\\u0435\\u0442", "a4": "\\u0442\\u0435\\u043a\\u0441\\u0442\\u043e\\u0432\\u044b\\u0439", "a7": "\\u043d\\u0435\\u0442", "a6": "\\u043d\\u0435\\u0442", "a9": "", "a8": "-"}, {"a11": {}, "a10": "media_list_special__id__in", "a1": "Media List", "a3": "", "a2": "[\\u0442\\u0435\\u043a\\u0441\\u0442]", "a5": "\\u041d\\u0435\\u0442", "a4": "\\u0442\\u0435\\u043a\\u0441\\u0442\\u043e\\u0432\\u044b\\u0439", "a7": "\\u043d\\u0435\\u0442", "a6": "\\u043d\\u0435\\u0442", "a9": "", "a8": "Others"}, {"a11": {}, "a10": "media_type_special__id__in", "a1": "Media Type", "a3": "", "a2": "[\\u0442\\u0435\\u043a\\u0441\\u0442]", "a5": "\\u041d\\u0435\\u0442", "a4": "\\u0442\\u0435\\u043a\\u0441\\u0442\\u043e\\u0432\\u044b\\u0439", "a7": "\\u043d\\u0435\\u0442", "a6": "\\u043d\\u0435\\u0442", "a9": "", "a8": "-"}, {"a11": {}, "a10": "media_category_special__id__in", "a1": "Media Category", "a3": "", "a2": "[\\u0442\\u0435\\u043a\\u0441\\u0442]", "a5": "\\u041d\\u0435\\u0442", "a4": "\\u0442\\u0435\\u043a\\u0441\\u0442\\u043e\\u0432\\u044b\\u0439", "a7": "\\u043d\\u0435\\u0442", "a6": "\\u043d\\u0435\\u0442", "a9": "", "a8": "-"}, {"a11": {}, "a10": "visibility_special__id__in", "a1": "Visibility", "a3": "", "a2": "[\\u0442\\u0435\\u043a\\u0441\\u0442]", "a5": "\\u041d\\u0435\\u0442", "a4": "\\u0442\\u0435\\u043a\\u0441\\u0442\\u043e\\u0432\\u044b\\u0439", "a7": "\\u043d\\u0435\\u0442", "a6": "\\u043d\\u0435\\u0442", "a9": "", "a8": "-"}, {"a11": {}, "a10": "image__id__in", "a1": "Image", "a3": "", "a2": "[\\u0442\\u0435\\u043a\\u0441\\u0442]", "a5": "\\u041d\\u0435\\u0442", "a4": "\\u0442\\u0435\\u043a\\u0441\\u0442\\u043e\\u0432\\u044b\\u0439", "a7": "\\u043d\\u0435\\u0442", "a6": "\\u043d\\u0435\\u0442", "a9": "", "a8": "Absent"}, {"a11": {}, "a10": "km_special__id__in", "a1": "Key Message Penetration", "a3": "", "a2": "[\\u0442\\u0435\\u043a\\u0441\\u0442]", "a5": "\\u041d\\u0435\\u0442", "a4": "\\u0442\\u0435\\u043a\\u0441\\u0442\\u043e\\u0432\\u044b\\u0439", "a7": "\\u043d\\u0435\\u0442", "a6": "\\u043d\\u0435\\u0442", "a9": "", "a8": "-"}, {"a11": {}, "a10": "brand_or_product__id__in", "a1": "Brand or Product Mention", "a3": "", "a2": "[\\u0442\\u0435\\u043a\\u0441\\u0442]", "a5": "\\u041d\\u0435\\u0442", "a4": "\\u0442\\u0435\\u043a\\u0441\\u0442\\u043e\\u0432\\u044b\\u0439", "a7": "\\u043d\\u0435\\u0442", "a6": "\\u043d\\u0435\\u0442", "a9": "", "a8": "-"}, {"a11": {}, "a10": "speaker_quote__id__in", "a1": "Speaker\\u2019s Quote", "a3": "", "a2": "[\\u0442\\u0435\\u043a\\u0441\\u0442]", "a5": "\\u041d\\u0435\\u0442", "a4": "\\u0442\\u0435\\u043a\\u0441\\u0442\\u043e\\u0432\\u044b\\u0439", "a7": "\\u043d\\u0435\\u0442", "a6": "\\u043d\\u0435\\u0442", "a9": "", "a8": "-"}, {"a11": {}, "a10": "third_patry_speakers__id__in", "a1": "Third Party Speakers\\u2019 Supporting Quotes", "a3": "", "a2": "[\\u0442\\u0435\\u043a\\u0441\\u0442]", "a5": "\\u041d\\u0435\\u0442", "a4": "\\u0442\\u0435\\u043a\\u0441\\u0442\\u043e\\u0432\\u044b\\u0439", "a7": "\\u043d\\u0435\\u0442", "a6": "\\u043d\\u0435\\u0442", "a9": "", "a8": "-"}, {"a11": {}, "a10": "headder_tonality__id__in", "a1": "Header Tonality", "a3": "", "a2": "[\\u0442\\u0435\\u043a\\u0441\\u0442]", "a5": "\\u041d\\u0435\\u0442", "a4": "\\u0442\\u0435\\u043a\\u0441\\u0442\\u043e\\u0432\\u044b\\u0439", "a7": "\\u043d\\u0435\\u0442", "a6": "\\u043d\\u0435\\u0442", "a9": "", "a8": "-"}, {"a11": {}, "a10": "main_tonality__id__in", "a1": "Main Tonality", "a3": "", "a2": "[\\u0442\\u0435\\u043a\\u0441\\u0442]", "a5": "\\u041d\\u0435\\u0442", "a4": "\\u0442\\u0435\\u043a\\u0441\\u0442\\u043e\\u0432\\u044b\\u0439", "a7": "\\u043d\\u0435\\u0442", "a6": "\\u043d\\u0435\\u0442", "a9": "", "a8": "-"}, {"a11": {}, "a10": "global_local_event__id__in", "a1": "Global/Local Event", "a3": "", "a2": "[\\u0442\\u0435\\u043a\\u0441\\u0442]", "a5": "\\u041d\\u0435\\u0442", "a4": "\\u0442\\u0435\\u043a\\u0441\\u0442\\u043e\\u0432\\u044b\\u0439", "a7": "\\u043d\\u0435\\u0442", "a6": "\\u043d\\u0435\\u0442", "a9": "", "a8": "-"}, {"a11": {}, "a10": "edge_region__id__in", "a1": "\\u041e\\u0431\\u043b\\u0430\\u0441\\u0442\\u044c \\u0438\\u043b\\u0438 \\u043a\\u0440\\u0430\\u0439", "a3": "", "a2": "[\\u0442\\u0435\\u043a\\u0441\\u0442]", "a5": "\\u041d\\u0435\\u0442", "a4": "\\u0442\\u0435\\u043a\\u0441\\u0442\\u043e\\u0432\\u044b\\u0439", "a7": "\\u043d\\u0435\\u0442", "a6": "\\u043d\\u0435\\u0442", "a9": "", "a8": "-"}]
42	2	1	[{"a11": {}, "a10": "day__id__in", "a1": "\\u0414\\u0435\\u043d\\u044c", "a3": "", "a2": "[\\u0442\\u0435\\u043a\\u0441\\u0442]", "a5": "\\u041d\\u0435\\u0442", "a4": "\\u0447\\u0438\\u0441\\u043b\\u043e\\u0432\\u043e\\u0439", "a7": "", "a6": "-", "a9": "list", "a8": ""}, {"a11": {}, "a10": "month__id__in", "a1": "\\u041c\\u0435\\u0441\\u044f\\u0446", "a3": "", "a2": "[\\u0442\\u0435\\u043a\\u0441\\u0442]", "a5": "\\u041d\\u0435\\u0442", "a4": "\\u0447\\u0438\\u0441\\u043b\\u043e\\u0432\\u043e\\u0439", "a7": "", "a6": "-", "a9": "list", "a8": ""}, {"a11": {}, "a10": "week__id__in", "a1": "\\u041d\\u0435\\u0434\\u0435\\u043b\\u044f", "a3": "", "a2": "[\\u0442\\u0435\\u043a\\u0441\\u0442]", "a5": "\\u041d\\u0435\\u0442", "a4": "\\u0447\\u0438\\u0441\\u043b\\u043e\\u0432\\u043e\\u0439", "a7": "", "a6": "-", "a9": "list", "a8": ""}, {"a11": {}, "a10": "media_level__id__in", "a1": "\\u0423\\u0440\\u043e\\u0432\\u0435\\u043d\\u044c \\u0421\\u041c\\u0418", "a3": 7.0, "a2": "[\\u0442\\u0435\\u043a\\u0441\\u0442]", "a5": "\\u041d\\u0435\\u0442", "a4": "\\u0442\\u0435\\u043a\\u0441\\u0442\\u043e\\u0432\\u044b\\u0439", "a7": "\\u043d\\u0435\\u0442", "a6": "\\u043d\\u0435\\u0442", "a9": "", "a8": "-"}, {"a11": {}, "a10": "city__id__in", "a1": "\\u0413\\u043e\\u0440\\u043e\\u0434", "a3": 5.0, "a2": "[\\u0442\\u0435\\u043a\\u0441\\u0442]", "a5": "\\u041d\\u0435\\u0442", "a4": "\\u0442\\u0435\\u043a\\u0441\\u0442\\u043e\\u0432\\u044b\\u0439", "a7": "\\u0434\\u0430", "a6": "\\u0434\\u0430", "a9": "", "a8": "-"}, {"a11": {}, "a10": "federal_district__id__in", "a1": "\\u0424\\u041e", "a3": 4.0, "a2": "[\\u0442\\u0435\\u043a\\u0441\\u0442]", "a5": "\\u041d\\u0435\\u0442", "a4": "\\u0442\\u0435\\u043a\\u0441\\u0442\\u043e\\u0432\\u044b\\u0439", "a7": "\\u0434\\u0430", "a6": "\\u043d\\u0435\\u0442", "a9": "", "a8": "\\u0411\\u0435\\u0437 \\u0424\\u041e"}, {"a11": {}, "a10": "region__id__in", "a1": "\\u0420\\u0435\\u0433\\u0438\\u043e\\u043d", "a3": "", "a2": "[\\u0442\\u0435\\u043a\\u0441\\u0442]", "a5": "\\u041d\\u0435\\u0442", "a4": "\\u0442\\u0435\\u043a\\u0441\\u0442\\u043e\\u0432\\u044b\\u0439", "a7": "\\u0434\\u0430", "a6": "\\u043d\\u0435\\u0442", "a9": "", "a8": "-"}, {"a11": {}, "a10": "branch__id__in", "a1": "\\u0424\\u0438\\u043b\\u0438\\u0430\\u043b", "a3": "", "a2": "[\\u0442\\u0435\\u043a\\u0441\\u0442]", "a5": "\\u041d\\u0435\\u0442", "a4": "\\u0442\\u0435\\u043a\\u0441\\u0442\\u043e\\u0432\\u044b\\u0439", "a7": "\\u0434\\u0430", "a6": "\\u043d\\u0435\\u0442", "a9": "", "a8": "\\u041f\\u0443\\u0441\\u0442\\u043e"}, {"a11": {}, "a10": "country__id__in", "a1": "\\u0421\\u0442\\u0440\\u0430\\u043d\\u0430", "a3": 3.0, "a2": "[\\u0442\\u0435\\u043a\\u0441\\u0442]", "a5": "\\u041d\\u0435\\u0442", "a4": "\\u0442\\u0435\\u043a\\u0441\\u0442\\u043e\\u0432\\u044b\\u0439", "a7": "\\u0434\\u0430", "a6": "\\u043d\\u0435\\u0442", "a9": "", "a8": "-"}, {"a11": {}, "a10": "author__id__in", "a1": "\\u0410\\u0432\\u0442\\u043e\\u0440", "a3": 14.0, "a2": "[\\u0442\\u0435\\u043a\\u0441\\u0442]", "a5": "\\u041d\\u0435\\u0442", "a4": "\\u0442\\u0435\\u043a\\u0441\\u0442\\u043e\\u0432\\u044b\\u0439", "a7": "\\u0434\\u0430", "a6": "\\u0434\\u0430", "a9": "", "a8": "\\u0411\\u0435\\u0437 \\u0430\\u0432\\u0442\\u043e\\u0440\\u0430"}, {"a11": {}, "a10": "media_type__id__in", "a1": "\\u0422\\u0438\\u043f \\u0421\\u041c\\u0418", "a3": "", "a2": "[\\u0442\\u0435\\u043a\\u0441\\u0442]", "a5": "\\u041d\\u0435\\u0442", "a4": "\\u0442\\u0435\\u043a\\u0441\\u0442\\u043e\\u0432\\u044b\\u0439", "a7": "\\u043d\\u0435\\u0442", "a6": "\\u043d\\u0435\\u0442", "a9": "", "a8": "-"}, {"a11": {}, "a10": "media_view__id__in", "a1": "\\u0412\\u0438\\u0434 \\u0421\\u041c\\u0418", "a3": 9.0, "a2": "[\\u0442\\u0435\\u043a\\u0441\\u0442]", "a5": "\\u041d\\u0435\\u0442", "a4": "\\u0442\\u0435\\u043a\\u0441\\u0442\\u043e\\u0432\\u044b\\u0439", "a7": "\\u043d\\u0435\\u0442", "a6": "\\u043d\\u0435\\u0442", "a9": "", "a8": "-"}, {"a11": {}, "a10": "media_list__id__in", "a1": "\\u0421\\u043f\\u0438\\u0441\\u043e\\u043a \\u0421\\u041c\\u0418", "a3": "", "a2": "[\\u0442\\u0435\\u043a\\u0441\\u0442]", "a5": "\\u041d\\u0435\\u0442", "a4": "\\u0442\\u0435\\u043a\\u0441\\u0442\\u043e\\u0432\\u044b\\u0439", "a7": "\\u043d\\u0435\\u0442", "a6": "\\u043d\\u0435\\u0442", "a9": "", "a8": "\\u041f\\u0443\\u0441\\u0442\\u043e"}, {"a11": {}, "a10": "media_category__id__in", "a1": "\\u041a\\u0430\\u0442\\u0435\\u0433\\u043e\\u0440\\u0438\\u044f \\u0421\\u041c\\u0418", "a3": 8.0, "a2": "[\\u0442\\u0435\\u043a\\u0441\\u0442]", "a5": "\\u041d\\u0435\\u0442", "a4": "\\u0442\\u0435\\u043a\\u0441\\u0442\\u043e\\u0432\\u044b\\u0439", "a7": "\\u043d\\u0435\\u0442", "a6": "\\u043d\\u0435\\u0442", "a9": "", "a8": "-"}, {"a11": {}, "a10": "source__id__in", "a1": "\\u0418\\u0441\\u0442\\u043e\\u0447\\u043d\\u0438\\u043a", "a3": 6.0, "a2": "[\\u0442\\u0435\\u043a\\u0441\\u0442]", "a5": "\\u041d\\u0435\\u0442", "a4": "\\u0442\\u0435\\u043a\\u0441\\u0442\\u043e\\u0432\\u044b\\u0439", "a7": "\\u0434\\u0430", "a6": "\\u0434\\u0430", "a9": "", "a8": "-"}, {"a11": {}, "a10": "title__id__in", "a1": "\\u0417\\u0430\\u0433\\u043e\\u043b\\u043e\\u0432\\u043e\\u043a", "a3": "", "a2": "[\\u0442\\u0435\\u043a\\u0441\\u0442]", "a5": "\\u041d\\u0435\\u0442", "a4": "\\u0442\\u0435\\u043a\\u0441\\u0442\\u043e\\u0432\\u044b\\u0439", "a7": "\\u0434\\u0430", "a6": "\\u0434\\u0430", "a9": "", "a8": "-"}, {"a11": {}, "a10": "release_time", "a1": "\\u0412\\u0440\\u0435\\u043c\\u044f \\u043f\\u0443\\u0431\\u043b\\u0438\\u043a\\u0430\\u0446\\u0438\\u0438", "a3": "", "a2": "[\\u0442\\u0435\\u043a\\u0441\\u0442]", "a5": "\\u041d\\u0435\\u0442", "a4": "\\u0432\\u0440\\u0435\\u043c\\u044f", "a7": "\\u043d\\u0435\\u0442", "a6": "\\u043d\\u0435\\u0442", "a9": "-", "a8": ""}, {"a11": {}, "a10": "url__id__in", "a1": "URL", "a3": "", "a2": "[\\u0442\\u0435\\u043a\\u0441\\u0442]", "a5": "\\u041d\\u0435\\u0442", "a4": "\\u0442\\u0435\\u043a\\u0441\\u0442\\u043e\\u0432\\u044b\\u0439", "a7": "\\u0434\\u0430", "a6": "\\u0434\\u0430", "a9": "", "a8": "\\u0411\\u0435\\u0437 URL"}, {"a11": {}, "a10": "bissines_direction__id__in", "a1": "\\u041d\\u0430\\u043f\\u0440\\u0430\\u0432\\u043b\\u0435\\u043d\\u0438\\u0435 \\u0431\\u0438\\u0437\\u043d\\u0435\\u0441\\u0430", "a3": "", "a2": "[\\u0442\\u0435\\u043a\\u0441\\u0442]", "a5": "\\u041d\\u0435\\u0442", "a4": "\\u0442\\u0435\\u043a\\u0441\\u0442\\u043e\\u0432\\u044b\\u0439", "a7": "\\u043d\\u0435\\u0442", "a6": "\\u043d\\u0435\\u0442", "a9": "", "a8": "\\u041f\\u0443\\u0441\\u0442\\u043e"}, {"a11": {}, "a10": "thematic_category__id__in", "a1": "\\u0422\\u0435\\u043c\\u0430\\u0442\\u0438\\u0447\\u0435\\u0441\\u043a\\u0430\\u044f \\u043a\\u0430\\u0442\\u0435\\u0433\\u043e\\u0440\\u0438\\u044f", "a3": "", "a2": "[\\u0442\\u0435\\u043a\\u0441\\u0442]", "a5": "\\u041d\\u0435\\u0442", "a4": "\\u0442\\u0435\\u043a\\u0441\\u0442\\u043e\\u0432\\u044b\\u0439", "a7": "\\u043d\\u0435\\u0442", "a6": "\\u043d\\u0435\\u0442", "a9": "", "a8": "\\u0414\\u0440\\u0443\\u0433\\u043e\\u0435"}, {"a11": {}, "a10": "material_genre__id__in", "a1": "\\u0416\\u0430\\u043d\\u0440 \\u043c\\u0430\\u0442\\u0435\\u0440\\u0438\\u0430\\u043b\\u0430", "a3": "", "a2": "[\\u0442\\u0435\\u043a\\u0441\\u0442]", "a5": "\\u041d\\u0435\\u0442", "a4": "\\u0442\\u0435\\u043a\\u0441\\u0442\\u043e\\u0432\\u044b\\u0439", "a7": "\\u043d\\u0435\\u0442", "a6": "\\u043d\\u0435\\u0442", "a9": "", "a8": "-"}, {"a11": {}, "a10": "info_reason__id__in", "a1": "\\u0418\\u043d\\u0444\\u043e\\u043f\\u043e\\u0432\\u043e\\u0434 \\u043c\\u0430\\u0442\\u0435\\u0440\\u0438\\u0430\\u043b\\u0430", "a3": "", "a2": "[\\u0442\\u0435\\u043a\\u0441\\u0442]", "a5": "\\u041d\\u0435\\u0442", "a4": "\\u0442\\u0435\\u043a\\u0441\\u0442\\u043e\\u0432\\u044b\\u0439", "a7": "\\u0434\\u0430", "a6": "\\u0434\\u0430", "a9": "", "a8": "-"}, {"a11": {}, "a10": "emotional_tone_title__id__in", "a1": "\\u0422\\u043e\\u043d\\u0430\\u043b\\u044c\\u043d\\u043e\\u0441\\u0442\\u044c \\u0437\\u0430\\u0433\\u043e\\u043b\\u043e\\u0432\\u043a\\u0430 \\u043c\\u0430\\u0442\\u0435\\u0440\\u0438\\u0430\\u043b\\u0430", "a3": "", "a2": "[\\u0442\\u0435\\u043a\\u0441\\u0442]", "a5": "\\u041d\\u0435\\u0442", "a4": "\\u0442\\u0435\\u043a\\u0441\\u0442\\u043e\\u0432\\u044b\\u0439", "a7": "\\u043d\\u0435\\u0442", "a6": "\\u043d\\u0435\\u0442", "a9": "", "a8": "-"}, {"a11": {}, "a10": "emotional_tone_material__id__in", "a1": "\\u0422\\u043e\\u043d\\u0430\\u043b\\u044c\\u043d\\u043e\\u0441\\u0442\\u044c \\u043c\\u0430\\u0442\\u0435\\u0440\\u0438\\u0430\\u043b\\u0430", "a3": "", "a2": "[\\u0442\\u0435\\u043a\\u0441\\u0442]", "a5": "\\u041d\\u0435\\u0442", "a4": "\\u0442\\u0435\\u043a\\u0441\\u0442\\u043e\\u0432\\u044b\\u0439", "a7": "\\u043d\\u0435\\u0442", "a6": "\\u043d\\u0435\\u0442", "a9": "", "a8": "-"}, {"a11": {}, "a10": "referred_object__id__in", "a1": "\\u0423\\u043f\\u043e\\u043c\\u0438\\u043d\\u0430\\u0435\\u043c\\u044b\\u0435 \\u043e\\u0431\\u044a\\u0435\\u043a\\u0442\\u044b", "a3": 1.0, "a2": "[\\u0442\\u0435\\u043a\\u0441\\u0442]", "a5": "\\u0414\\u0430", "a4": "\\u0442\\u0435\\u043a\\u0441\\u0442\\u043e\\u0432\\u044b\\u0439", "a7": "\\u043d\\u0435\\u0442", "a6": "\\u043d\\u0435\\u0442", "a9": "", "a8": "-"}, {"a11": {}, "a10": "emotional_tone_object__id__in", "a1": "\\u0422\\u043e\\u043d\\u0430\\u043b\\u044c\\u043d\\u043e\\u0441\\u0442\\u044c", "a3": 2.0, "a2": "[\\u0442\\u0435\\u043a\\u0441\\u0442]", "a5": "\\u0414\\u0430", "a4": "\\u0442\\u0435\\u043a\\u0441\\u0442\\u043e\\u0432\\u044b\\u0439", "a7": "\\u043d\\u0435\\u0442", "a6": "\\u043d\\u0435\\u0442", "a9": "", "a8": "-"}, {"a11": {}, "a10": "emotional_tone_title__id__in", "a1": "\\u0422\\u043e\\u043d\\u0430\\u043b\\u044c\\u043d\\u043e\\u0441\\u0442\\u044c \\u0437\\u0430\\u0433\\u043e\\u043b\\u043e\\u0432\\u043a\\u0430", "a3": "", "a2": "[\\u0442\\u0435\\u043a\\u0441\\u0442]", "a5": "\\u0414\\u0430", "a4": "\\u0442\\u0435\\u043a\\u0441\\u0442\\u043e\\u0432\\u044b\\u0439", "a7": "\\u043d\\u0435\\u0442", "a6": "\\u043d\\u0435\\u0442", "a9": "", "a8": "-"}, {"a11": {}, "a10": "object_role__id__in", "a1": "\\u0420\\u043e\\u043b\\u044c", "a3": "", "a2": "[\\u0442\\u0435\\u043a\\u0441\\u0442]", "a5": "\\u0414\\u0430", "a4": "\\u0442\\u0435\\u043a\\u0441\\u0442\\u043e\\u0432\\u044b\\u0439", "a7": "\\u043d\\u0435\\u0442", "a6": "\\u043d\\u0435\\u0442", "a9": "", "a8": "-"}, {"a11": {}, "a10": "info_reason__id__in", "a1": "\\u0418\\u043d\\u0444\\u043e\\u043f\\u043e\\u0432\\u043e\\u0434", "a3": 10.0, "a2": "[\\u0442\\u0435\\u043a\\u0441\\u0442]", "a5": "\\u0414\\u0430", "a4": "\\u0442\\u0435\\u043a\\u0441\\u0442\\u043e\\u0432\\u044b\\u0439", "a7": "\\u043d\\u0435\\u0442", "a6": "\\u043d\\u0435\\u0442", "a9": "", "a8": "-"}, {"a11": {}, "a10": "speaker__id__in", "a1": "\\u0424\\u0418\\u041e \\u0441\\u043f\\u0438\\u043a\\u0435\\u0440\\u0430", "a3": 15.0, "a2": "[\\u0442\\u0435\\u043a\\u0441\\u0442]", "a5": "\\u0414\\u0430", "a4": "\\u0442\\u0435\\u043a\\u0441\\u0442\\u043e\\u0432\\u044b\\u0439", "a7": "\\u0434\\u0430", "a6": "\\u0434\\u0430", "a9": "", "a8": "\\u0411\\u0435\\u0437 \\u0441\\u043f\\u0438\\u043a\\u0435\\u0440\\u0430"}, {"a11": {}, "a10": "speaker_category__id__in", "a1": "\\u041a\\u0430\\u0442\\u0435\\u0433\\u043e\\u0440\\u0438\\u044f \\u0441\\u043f\\u0438\\u043a\\u0435\\u0440\\u0430", "a3": 16.0, "a2": "[\\u0442\\u0435\\u043a\\u0441\\u0442]", "a5": "\\u0414\\u0430", "a4": "\\u0442\\u0435\\u043a\\u0441\\u0442\\u043e\\u0432\\u044b\\u0439", "a7": "\\u043d\\u0435\\u0442", "a6": "\\u043d\\u0435\\u0442", "a9": "", "a8": "\\u0411\\u0435\\u0437 \\u0441\\u043f\\u0438\\u043a\\u0435\\u0440\\u0430"}, {"a11": {}, "a10": "speaker_level__id__in", "a1": "\\u0423\\u0440\\u043e\\u0432\\u0435\\u043d\\u044c \\u0441\\u043f\\u0438\\u043a\\u0435\\u0440\\u0430", "a3": "", "a2": "[\\u0442\\u0435\\u043a\\u0441\\u0442]", "a5": "\\u0414\\u0430", "a4": "\\u0442\\u0435\\u043a\\u0441\\u0442\\u043e\\u0432\\u044b\\u0439", "a7": "\\u043d\\u0435\\u0442", "a6": "\\u043d\\u0435\\u0442", "a9": "", "a8": "\\u0411\\u0435\\u0437 \\u0441\\u043f\\u0438\\u043a\\u0435\\u0440\\u0430"}, {"a11": {}, "a10": "speaker_speech_hate__id__in", "a1": "\\u0425\\u0430\\u0440\\u0430\\u043a\\u0442\\u0435\\u0440 \\u0432\\u044b\\u0441\\u043a\\u0430\\u0437\\u044b\\u0432\\u0430\\u043d\\u0438\\u044f \\u0441\\u043f\\u0438\\u043a\\u0435\\u0440\\u0430", "a3": "", "a2": "[\\u0442\\u0435\\u043a\\u0441\\u0442]", "a5": "\\u0414\\u0430", "a4": "\\u0442\\u0435\\u043a\\u0441\\u0442\\u043e\\u0432\\u044b\\u0439", "a7": "\\u043d\\u0435\\u0442", "a6": "\\u043d\\u0435\\u0442", "a9": "", "a8": "\\u0411\\u0435\\u0437 \\u0441\\u043f\\u0438\\u043a\\u0435\\u0440\\u0430"}, {"a11": {}, "a10": "speaker_quote_uniqueness__id__in", "a1": "\\u0423\\u043d\\u0438\\u043a\\u0430\\u043b\\u044c\\u043d\\u043e\\u0441\\u0442\\u044c \\u0446\\u0438\\u0442\\u0430\\u0442 \\u0441\\u043f\\u0438\\u043a\\u0435\\u0440\\u0430", "a3": "", "a2": "[\\u0442\\u0435\\u043a\\u0441\\u0442]", "a5": "\\u0414\\u0430", "a4": "\\u0442\\u0435\\u043a\\u0441\\u0442\\u043e\\u0432\\u044b\\u0439", "a7": "\\u043d\\u0435\\u0442", "a6": "\\u043d\\u0435\\u0442", "a9": "", "a8": "\\u0411\\u0435\\u0437 \\u0441\\u043f\\u0438\\u043a\\u0435\\u0440\\u0430"}, {"a11": {}, "a10": "side__speaker__id__in", "a1": "\\u0424\\u0418\\u041e \\u0441\\u0442\\u043e\\u0440\\u043e\\u043d\\u043d\\u0435\\u0433\\u043e \\u0441\\u043f\\u0438\\u043a\\u0435\\u0440\\u0430", "a3": "", "a2": "[\\u0442\\u0435\\u043a\\u0441\\u0442]", "a5": "\\u0414\\u0430", "a4": "\\u0442\\u0435\\u043a\\u0441\\u0442\\u043e\\u0432\\u044b\\u0439", "a7": "\\u0434\\u0430", "a6": "\\u0434\\u0430", "a9": "", "a8": "\\u0411\\u0435\\u0437 \\u0441\\u0442\\u043e\\u0440\\u043e\\u043d\\u043d\\u0435\\u0433\\u043e \\u0441\\u043f\\u0438\\u043a\\u0435\\u0440\\u0430"}, {"a11": {}, "a10": "side_speaker_tonality__id__in", "a1": "\\u0422\\u043e\\u043d\\u0430\\u043b\\u044c\\u043d\\u043e\\u0441\\u0442\\u044c \\u0441\\u0442\\u043e\\u0440\\u043e\\u043d\\u043d\\u0435\\u0433\\u043e \\u0441\\u043f\\u0438\\u043a\\u0435\\u0440\\u0430", "a3": "", "a2": "[\\u0442\\u0435\\u043a\\u0441\\u0442]", "a5": "\\u0414\\u0430", "a4": "\\u0442\\u0435\\u043a\\u0441\\u0442\\u043e\\u0432\\u044b\\u0439", "a7": "\\u043d\\u0435\\u0442", "a6": "\\u043d\\u0435\\u0442", "a9": "", "a8": "\\u0411\\u0435\\u0437 \\u0441\\u0442\\u043e\\u0440\\u043e\\u043d\\u043d\\u0435\\u0433\\u043e \\u0441\\u043f\\u0438\\u043a\\u0435\\u0440\\u0430"}, {"a11": {}, "a10": "side_speaker_status__id__in", "a1": "\\u0421\\u0442\\u0430\\u0442\\u0443\\u0441 \\u0441\\u0442\\u043e\\u0440\\u043e\\u043d\\u043d\\u0435\\u0433\\u043e \\u0441\\u043f\\u0438\\u043a\\u0435\\u0440\\u0430", "a3": "", "a2": "[\\u0442\\u0435\\u043a\\u0441\\u0442]", "a5": "\\u0414\\u0430", "a4": "\\u0442\\u0435\\u043a\\u0441\\u0442\\u043e\\u0432\\u044b\\u0439", "a7": "\\u043d\\u0435\\u0442", "a6": "\\u043d\\u0435\\u0442", "a9": "", "a8": "\\u0411\\u0435\\u0437 \\u0441\\u0442\\u043e\\u0440\\u043e\\u043d\\u043d\\u0435\\u0433\\u043e \\u0441\\u043f\\u0438\\u043a\\u0435\\u0440\\u0430"}, {"a11": {}, "a10": "prt__range", "a1": "PRt", "a3": 12.0, "a2": "[\\u0442\\u0435\\u043a\\u0441\\u0442]", "a5": "\\u0414\\u0430", "a4": "\\u0447\\u0438\\u0441\\u043b\\u043e", "a7": "\\u043d\\u0435\\u0442", "a6": "\\u043d\\u0435\\u0442", "a9": "\\u0448\\u043a\\u0430\\u043b\\u0430", "a8": "-"}, {"a11": {}, "a10": "prv__range", "a1": "PRV", "a3": 11.0, "a2": "[\\u0442\\u0435\\u043a\\u0441\\u0442]", "a5": "\\u0414\\u0430", "a4": "\\u0447\\u0438\\u0441\\u043b\\u043e", "a7": "\\u043d\\u0435\\u0442", "a6": "\\u043d\\u0435\\u0442", "a9": "\\u0448\\u043a\\u0430\\u043b\\u0430", "a8": "-"}, {"a11": {}, "a10": "mo__range", "a1": "Media Outreach", "a3": 13.0, "a2": "[\\u0442\\u0435\\u043a\\u0441\\u0442]", "a5": "\\u0414\\u0430", "a4": "\\u0447\\u0438\\u0441\\u043b\\u043e", "a7": "\\u043d\\u0435\\u0442", "a6": "\\u043d\\u0435\\u0442", "a9": "\\u0448\\u043a\\u0430\\u043b\\u0430", "a8": "-"}, {"a11": {}, "a10": "mq__range", "a1": "MQ", "a3": "", "a2": "[\\u0442\\u0435\\u043a\\u0441\\u0442]", "a5": "\\u0414\\u0430", "a4": "\\u0447\\u0438\\u0441\\u043b\\u043e", "a7": "\\u043d\\u0435\\u0442", "a6": "\\u043d\\u0435\\u0442", "a9": "\\u0448\\u043a\\u0430\\u043b\\u0430", "a8": "-"}, {"a11": {}, "a10": "interaction_kind__id__in", "a1": "\\u0412\\u0438\\u0434 \\u0432\\u0437\\u0430\\u0438\\u043c\\u043e\\u0434\\u0435\\u0439\\u0441\\u0442\\u0432\\u0438\\u044f", "a3": "", "a2": "[\\u0442\\u0435\\u043a\\u0441\\u0442]", "a5": "\\u041d\\u0435\\u0442", "a4": "\\u0442\\u0435\\u043a\\u0441\\u0442\\u043e\\u0432\\u044b\\u0439", "a7": "\\u043d\\u0435\\u0442", "a6": "\\u043d\\u0435\\u0442", "a9": "", "a8": "\\u0414\\u0440\\u0443\\u0433\\u043e\\u0435"}, {"a11": {}, "a10": "initiation__id__in", "a1": "\\u0418\\u043d\\u0438\\u0446\\u0438\\u0438\\u0440\\u043e\\u0432\\u0430\\u043d\\u0438\\u0435", "a3": "", "a2": "[\\u0442\\u0435\\u043a\\u0441\\u0442]", "a5": "\\u0414\\u0430", "a4": "\\u0442\\u0435\\u043a\\u0441\\u0442\\u043e\\u0432\\u044b\\u0439", "a7": "\\u043d\\u0435\\u0442", "a6": "\\u043d\\u0435\\u0442", "a9": "", "a8": "\\u041d\\u0435\\u0442"}, {"a11": {}, "a10": "penetration__id__in", "a1": "\\u0421\\u0442\\u0435\\u043f\\u0435\\u043d\\u044c \\u043f\\u0440\\u043e\\u043d\\u0438\\u043a\\u043d\\u043e\\u0432\\u0435\\u043d\\u0438\\u044f \\u041f\\u0420/\\u041d\\u043e\\u0432\\u043e\\u0441\\u0442\\u0438", "a3": "", "a2": "[\\u0442\\u0435\\u043a\\u0441\\u0442]", "a5": "\\u041d\\u0435\\u0442", "a4": "\\u0442\\u0435\\u043a\\u0441\\u0442\\u043e\\u0432\\u044b\\u0439", "a7": "\\u043d\\u0435\\u0442", "a6": "\\u043d\\u0435\\u0442", "a9": "", "a8": "\\u041d\\u0435\\u0442"}, {"a11": {}, "a10": "id_press_release__id__in", "a1": "ID-\\u043f\\u0440\\u0435\\u0441\\u0441-\\u0440\\u0435\\u043b\\u0438\\u0437\\u0430", "a3": "", "a2": "[\\u0442\\u0435\\u043a\\u0441\\u0442]", "a5": "\\u041d\\u0435\\u0442", "a4": "\\u0442\\u0435\\u043a\\u0441\\u0442\\u043e\\u0432\\u044b\\u0439", "a7": "\\u0434\\u0430", "a6": "\\u0434\\u0430", "a9": "", "a8": "\\u041d\\u0435\\u0442"}, {"a11": {}, "a10": "referred_object__id__in", "a1": "\\u0423\\u043f\\u043e\\u043c\\u0438\\u043d\\u0430\\u0435\\u043c\\u043e\\u0441\\u0442\\u044c \\u043f\\u0440\\u043e\\u0434\\u0443\\u043a\\u0442\\u043e\\u0432", "a3": "", "a2": "[\\u0442\\u0435\\u043a\\u0441\\u0442]", "a5": "\\u041d\\u0435\\u0442", "a4": "\\u0442\\u0435\\u043a\\u0441\\u0442\\u043e\\u0432\\u044b\\u0439", "a7": "\\u0434\\u0430", "a6": "\\u0434\\u0430", "a9": "", "a8": "\\u041d\\u0435\\u0442"}, {"a11": {}, "a10": "advertisement_promo__id__in", "a1": "\\u0420\\u0435\\u043a\\u043b\\u0430\\u043c\\u0430/\\u043f\\u0440\\u043e\\u043c\\u043e", "a3": "", "a2": "[\\u0442\\u0435\\u043a\\u0441\\u0442]", "a5": "\\u0414\\u0430", "a4": "\\u0442\\u0435\\u043a\\u0441\\u0442\\u043e\\u0432\\u044b\\u0439", "a7": "\\u043d\\u0435\\u0442", "a6": "\\u043d\\u0435\\u0442", "a9": "", "a8": "\\u041d\\u0435\\u0442"}, {"a11": {}, "a10": "technologies__id__in", "a1": "\\u0422\\u0435\\u0445\\u043d\\u043e\\u043b\\u043e\\u0433\\u0438\\u0438", "a3": "", "a2": "[\\u0442\\u0435\\u043a\\u0441\\u0442]", "a5": "\\u0414\\u0430", "a4": "\\u0442\\u0435\\u043a\\u0441\\u0442\\u043e\\u0432\\u044b\\u0439", "a7": "\\u043d\\u0435\\u0442", "a6": "\\u043d\\u0435\\u0442", "a9": "", "a8": "\\u041d\\u0435\\u0442"}, {"a11": {}, "a10": "km__id__in", "a1": "KM", "a3": "", "a2": "[\\u0442\\u0435\\u043a\\u0441\\u0442]", "a5": "\\u041d\\u0435\\u0442", "a4": "\\u0442\\u0435\\u043a\\u0441\\u0442\\u043e\\u0432\\u044b\\u0439", "a7": "\\u043d\\u0435\\u0442", "a6": "\\u043d\\u0435\\u0442", "a9": "", "a8": "\\u0411\\u0435\\u0437 KM"}, {"a11": {}, "a10": "km_result", "a1": "KM \\u0438\\u0442\\u043e\\u0433", "a3": "", "a2": "[\\u0442\\u0435\\u043a\\u0441\\u0442]", "a5": "\\u041d\\u0435\\u0442", "a4": "\\u0442\\u0435\\u043a\\u0441\\u0442\\u043e\\u0432\\u044b\\u0439", "a7": "\\u043d\\u0435\\u0442", "a6": "\\u043d\\u0435\\u0442", "a9": "", "a8": ""}, {"a11": {}, "a10": "tag__id__in", "a1": "\\u0422\\u044d\\u0433", "a3": "", "a2": "[\\u0442\\u0435\\u043a\\u0441\\u0442]", "a5": "\\u041d\\u0435\\u0442", "a4": "\\u0442\\u0435\\u043a\\u0441\\u0442\\u043e\\u0432\\u044b\\u0439", "a7": "\\u043d\\u0435\\u0442", "a6": "\\u043d\\u0435\\u0442", "a9": "", "a8": "-"}, {"a11": {}, "a10": "duration__id__in", "a1": "\\u0414\\u043b\\u0438\\u0442\\u0435\\u043b\\u044c\\u043d\\u043e\\u0441\\u0442\\u044c", "a3": "", "a2": "[\\u0442\\u0435\\u043a\\u0441\\u0442]", "a5": "\\u041d\\u0435\\u0442", "a4": "\\u0447\\u0438\\u0441\\u043b\\u043e\\u0432\\u043e\\u0439", "a7": "\\u043d\\u0435\\u0442", "a6": "\\u043d\\u0435\\u0442", "a9": "\\u0448\\u043a\\u0430\\u043b\\u0430", "a8": "\\u041d\\u0435\\u0442"}, {"a11": {}, "a10": "cover__range", "a1": "\\u041e\\u0431\\u043b\\u043e\\u0436\\u043a\\u0430", "a3": "", "a2": "[\\u0442\\u0435\\u043a\\u0441\\u0442]", "a5": "\\u041d\\u0435\\u0442", "a4": "\\u0442\\u0435\\u043a\\u0441\\u0442\\u043e\\u0432\\u044b\\u0439", "a7": "\\u043d\\u0435\\u0442", "a6": "\\u043d\\u0435\\u0442", "a9": "", "a8": "\\u041d\\u0435\\u0442"}, {"a11": {}, "a10": "visibility__id__in", "a1": "\\u0417\\u0430\\u043c\\u0435\\u0442\\u043d\\u043e\\u0441\\u0442\\u044c \\u043c\\u0430\\u0442\\u0435\\u0440\\u0438\\u0430\\u043b\\u0430", "a3": "", "a2": "[\\u0442\\u0435\\u043a\\u0441\\u0442]", "a5": "\\u041d\\u0435\\u0442", "a4": "\\u0442\\u0435\\u043a\\u0441\\u0442\\u043e\\u0432\\u044b\\u0439", "a7": "\\u043d\\u0435\\u0442", "a6": "\\u043d\\u0435\\u0442", "a9": "", "a8": "-"}, {"a11": {}, "a10": "infographics__range", "a1": "\\u0418\\u043d\\u0444\\u043e\\u0433\\u0440\\u0430\\u0444\\u0438\\u043a\\u0430", "a3": "", "a2": "[\\u0442\\u0435\\u043a\\u0441\\u0442]", "a5": "\\u041d\\u0435\\u0442", "a4": "\\u0442\\u0435\\u043a\\u0441\\u0442\\u043e\\u0432\\u044b\\u0439", "a7": "\\u043d\\u0435\\u0442", "a6": "\\u043d\\u0435\\u0442", "a9": "", "a8": "\\u041e\\u0442\\u0441\\u0443\\u0442\\u0441\\u0442\\u0432\\u0443\\u0435\\u0442"}, {"a11": {}, "a10": "macroregion__id__in", "a1": "\\u041c\\u0430\\u043a\\u0440\\u043e\\u0440\\u0435\\u0433\\u0438\\u043e\\u043d", "a3": "", "a2": "[\\u0442\\u0435\\u043a\\u0441\\u0442]", "a5": "\\u041d\\u0435\\u0442", "a4": "\\u0442\\u0435\\u043a\\u0441\\u0442\\u043e\\u0432\\u044b\\u0439", "a7": "\\u043d\\u0435\\u0442", "a6": "\\u043d\\u0435\\u0442", "a9": "", "a8": "-"}, {"a11": {}, "a10": "media_list_special__id__in", "a1": "Media List", "a3": "", "a2": "[\\u0442\\u0435\\u043a\\u0441\\u0442]", "a5": "\\u041d\\u0435\\u0442", "a4": "\\u0442\\u0435\\u043a\\u0441\\u0442\\u043e\\u0432\\u044b\\u0439", "a7": "\\u043d\\u0435\\u0442", "a6": "\\u043d\\u0435\\u0442", "a9": "", "a8": "Others"}, {"a11": {}, "a10": "media_type_special__id__in", "a1": "Media Type", "a3": "", "a2": "[\\u0442\\u0435\\u043a\\u0441\\u0442]", "a5": "\\u041d\\u0435\\u0442", "a4": "\\u0442\\u0435\\u043a\\u0441\\u0442\\u043e\\u0432\\u044b\\u0439", "a7": "\\u043d\\u0435\\u0442", "a6": "\\u043d\\u0435\\u0442", "a9": "", "a8": "-"}, {"a11": {}, "a10": "media_category_special__id__in", "a1": "Media Category", "a3": "", "a2": "[\\u0442\\u0435\\u043a\\u0441\\u0442]", "a5": "\\u041d\\u0435\\u0442", "a4": "\\u0442\\u0435\\u043a\\u0441\\u0442\\u043e\\u0432\\u044b\\u0439", "a7": "\\u043d\\u0435\\u0442", "a6": "\\u043d\\u0435\\u0442", "a9": "", "a8": "-"}, {"a11": {}, "a10": "visibility_special__id__in", "a1": "Visibility", "a3": "", "a2": "[\\u0442\\u0435\\u043a\\u0441\\u0442]", "a5": "\\u041d\\u0435\\u0442", "a4": "\\u0442\\u0435\\u043a\\u0441\\u0442\\u043e\\u0432\\u044b\\u0439", "a7": "\\u043d\\u0435\\u0442", "a6": "\\u043d\\u0435\\u0442", "a9": "", "a8": "-"}, {"a11": {}, "a10": "image__id__in", "a1": "Image", "a3": "", "a2": "[\\u0442\\u0435\\u043a\\u0441\\u0442]", "a5": "\\u041d\\u0435\\u0442", "a4": "\\u0442\\u0435\\u043a\\u0441\\u0442\\u043e\\u0432\\u044b\\u0439", "a7": "\\u043d\\u0435\\u0442", "a6": "\\u043d\\u0435\\u0442", "a9": "", "a8": "Absent"}, {"a11": {}, "a10": "km_special__id__in", "a1": "Key Message Penetration", "a3": "", "a2": "[\\u0442\\u0435\\u043a\\u0441\\u0442]", "a5": "\\u041d\\u0435\\u0442", "a4": "\\u0442\\u0435\\u043a\\u0441\\u0442\\u043e\\u0432\\u044b\\u0439", "a7": "\\u043d\\u0435\\u0442", "a6": "\\u043d\\u0435\\u0442", "a9": "", "a8": "-"}, {"a11": {}, "a10": "brand_or_product__id__in", "a1": "Brand or Product Mention", "a3": "", "a2": "[\\u0442\\u0435\\u043a\\u0441\\u0442]", "a5": "\\u041d\\u0435\\u0442", "a4": "\\u0442\\u0435\\u043a\\u0441\\u0442\\u043e\\u0432\\u044b\\u0439", "a7": "\\u043d\\u0435\\u0442", "a6": "\\u043d\\u0435\\u0442", "a9": "", "a8": "-"}, {"a11": {}, "a10": "speaker_quote__id__in", "a1": "Speaker\\u2019s Quote", "a3": "", "a2": "[\\u0442\\u0435\\u043a\\u0441\\u0442]", "a5": "\\u041d\\u0435\\u0442", "a4": "\\u0442\\u0435\\u043a\\u0441\\u0442\\u043e\\u0432\\u044b\\u0439", "a7": "\\u043d\\u0435\\u0442", "a6": "\\u043d\\u0435\\u0442", "a9": "", "a8": "-"}, {"a11": {}, "a10": "third_patry_speakers__id__in", "a1": "Third Party Speakers\\u2019 Supporting Quotes", "a3": "", "a2": "[\\u0442\\u0435\\u043a\\u0441\\u0442]", "a5": "\\u041d\\u0435\\u0442", "a4": "\\u0442\\u0435\\u043a\\u0441\\u0442\\u043e\\u0432\\u044b\\u0439", "a7": "\\u043d\\u0435\\u0442", "a6": "\\u043d\\u0435\\u0442", "a9": "", "a8": "-"}, {"a11": {}, "a10": "headder_tonality__id__in", "a1": "Header Tonality", "a3": "", "a2": "[\\u0442\\u0435\\u043a\\u0441\\u0442]", "a5": "\\u041d\\u0435\\u0442", "a4": "\\u0442\\u0435\\u043a\\u0441\\u0442\\u043e\\u0432\\u044b\\u0439", "a7": "\\u043d\\u0435\\u0442", "a6": "\\u043d\\u0435\\u0442", "a9": "", "a8": "-"}, {"a11": {}, "a10": "main_tonality__id__in", "a1": "Main Tonality", "a3": "", "a2": "[\\u0442\\u0435\\u043a\\u0441\\u0442]", "a5": "\\u041d\\u0435\\u0442", "a4": "\\u0442\\u0435\\u043a\\u0441\\u0442\\u043e\\u0432\\u044b\\u0439", "a7": "\\u043d\\u0435\\u0442", "a6": "\\u043d\\u0435\\u0442", "a9": "", "a8": "-"}, {"a11": {}, "a10": "global_local_event__id__in", "a1": "Global/Local Event", "a3": "", "a2": "[\\u0442\\u0435\\u043a\\u0441\\u0442]", "a5": "\\u041d\\u0435\\u0442", "a4": "\\u0442\\u0435\\u043a\\u0441\\u0442\\u043e\\u0432\\u044b\\u0439", "a7": "\\u043d\\u0435\\u0442", "a6": "\\u043d\\u0435\\u0442", "a9": "", "a8": "-"}, {"a11": {}, "a10": "edge_region__id__in", "a1": "\\u041e\\u0431\\u043b\\u0430\\u0441\\u0442\\u044c \\u0438\\u043b\\u0438 \\u043a\\u0440\\u0430\\u0439", "a3": "", "a2": "[\\u0442\\u0435\\u043a\\u0441\\u0442]", "a5": "\\u041d\\u0435\\u0442", "a4": "\\u0442\\u0435\\u043a\\u0441\\u0442\\u043e\\u0432\\u044b\\u0439", "a7": "\\u043d\\u0435\\u0442", "a6": "\\u043d\\u0435\\u0442", "a9": "", "a8": "-"}]
43	1	9	[{"a11": {}, "a10": "day__id__in", "a1": "\\u0414\\u0435\\u043d\\u044c", "a3": "", "a2": "[\\u0442\\u0435\\u043a\\u0441\\u0442]", "a5": "\\u041d\\u0435\\u0442", "a4": "\\u0447\\u0438\\u0441\\u043b\\u043e\\u0432\\u043e\\u0439", "a7": "", "a6": "-", "a9": "list", "a8": ""}, {"a11": {}, "a10": "month__id__in", "a1": "\\u041c\\u0435\\u0441\\u044f\\u0446", "a3": "", "a2": "[\\u0442\\u0435\\u043a\\u0441\\u0442]", "a5": "\\u041d\\u0435\\u0442", "a4": "\\u0447\\u0438\\u0441\\u043b\\u043e\\u0432\\u043e\\u0439", "a7": "", "a6": "-", "a9": "list", "a8": ""}, {"a11": {}, "a10": "week__id__in", "a1": "\\u041d\\u0435\\u0434\\u0435\\u043b\\u044f", "a3": "", "a2": "[\\u0442\\u0435\\u043a\\u0441\\u0442]", "a5": "\\u041d\\u0435\\u0442", "a4": "\\u0447\\u0438\\u0441\\u043b\\u043e\\u0432\\u043e\\u0439", "a7": "", "a6": "-", "a9": "list", "a8": ""}, {"a11": {}, "a10": "media_level__id__in", "a1": "\\u0423\\u0440\\u043e\\u0432\\u0435\\u043d\\u044c \\u0421\\u041c\\u0418", "a3": 7.0, "a2": "[\\u0442\\u0435\\u043a\\u0441\\u0442]", "a5": "\\u041d\\u0435\\u0442", "a4": "\\u0442\\u0435\\u043a\\u0441\\u0442\\u043e\\u0432\\u044b\\u0439", "a7": "\\u043d\\u0435\\u0442", "a6": "\\u043d\\u0435\\u0442", "a9": "", "a8": "-"}, {"a11": {}, "a10": "city__id__in", "a1": "\\u0413\\u043e\\u0440\\u043e\\u0434", "a3": 5.0, "a2": "[\\u0442\\u0435\\u043a\\u0441\\u0442]", "a5": "\\u041d\\u0435\\u0442", "a4": "\\u0442\\u0435\\u043a\\u0441\\u0442\\u043e\\u0432\\u044b\\u0439", "a7": "\\u0434\\u0430", "a6": "\\u0434\\u0430", "a9": "", "a8": "-"}, {"a11": {}, "a10": "federal_district__id__in", "a1": "\\u0424\\u041e", "a3": 4.0, "a2": "[\\u0442\\u0435\\u043a\\u0441\\u0442]", "a5": "\\u041d\\u0435\\u0442", "a4": "\\u0442\\u0435\\u043a\\u0441\\u0442\\u043e\\u0432\\u044b\\u0439", "a7": "\\u0434\\u0430", "a6": "\\u043d\\u0435\\u0442", "a9": "", "a8": "\\u0411\\u0435\\u0437 \\u0424\\u041e"}, {"a11": {}, "a10": "region__id__in", "a1": "\\u0420\\u0435\\u0433\\u0438\\u043e\\u043d", "a3": "", "a2": "[\\u0442\\u0435\\u043a\\u0441\\u0442]", "a5": "\\u041d\\u0435\\u0442", "a4": "\\u0442\\u0435\\u043a\\u0441\\u0442\\u043e\\u0432\\u044b\\u0439", "a7": "\\u0434\\u0430", "a6": "\\u043d\\u0435\\u0442", "a9": "", "a8": "-"}, {"a11": {}, "a10": "branch__id__in", "a1": "\\u0424\\u0438\\u043b\\u0438\\u0430\\u043b", "a3": "", "a2": "[\\u0442\\u0435\\u043a\\u0441\\u0442]", "a5": "\\u041d\\u0435\\u0442", "a4": "\\u0442\\u0435\\u043a\\u0441\\u0442\\u043e\\u0432\\u044b\\u0439", "a7": "\\u0434\\u0430", "a6": "\\u043d\\u0435\\u0442", "a9": "", "a8": "\\u041f\\u0443\\u0441\\u0442\\u043e"}, {"a11": {}, "a10": "country__id__in", "a1": "\\u0421\\u0442\\u0440\\u0430\\u043d\\u0430", "a3": 3.0, "a2": "[\\u0442\\u0435\\u043a\\u0441\\u0442]", "a5": "\\u041d\\u0435\\u0442", "a4": "\\u0442\\u0435\\u043a\\u0441\\u0442\\u043e\\u0432\\u044b\\u0439", "a7": "\\u0434\\u0430", "a6": "\\u043d\\u0435\\u0442", "a9": "", "a8": "-"}, {"a11": {}, "a10": "author__id__in", "a1": "\\u0410\\u0432\\u0442\\u043e\\u0440", "a3": 14.0, "a2": "[\\u0442\\u0435\\u043a\\u0441\\u0442]", "a5": "\\u041d\\u0435\\u0442", "a4": "\\u0442\\u0435\\u043a\\u0441\\u0442\\u043e\\u0432\\u044b\\u0439", "a7": "\\u0434\\u0430", "a6": "\\u0434\\u0430", "a9": "", "a8": "\\u0411\\u0435\\u0437 \\u0430\\u0432\\u0442\\u043e\\u0440\\u0430"}, {"a11": {}, "a10": "media_type__id__in", "a1": "\\u0422\\u0438\\u043f \\u0421\\u041c\\u0418", "a3": "", "a2": "[\\u0442\\u0435\\u043a\\u0441\\u0442]", "a5": "\\u041d\\u0435\\u0442", "a4": "\\u0442\\u0435\\u043a\\u0441\\u0442\\u043e\\u0432\\u044b\\u0439", "a7": "\\u043d\\u0435\\u0442", "a6": "\\u043d\\u0435\\u0442", "a9": "", "a8": "-"}, {"a11": {}, "a10": "media_view__id__in", "a1": "\\u0412\\u0438\\u0434 \\u0421\\u041c\\u0418", "a3": 9.0, "a2": "[\\u0442\\u0435\\u043a\\u0441\\u0442]", "a5": "\\u041d\\u0435\\u0442", "a4": "\\u0442\\u0435\\u043a\\u0441\\u0442\\u043e\\u0432\\u044b\\u0439", "a7": "\\u043d\\u0435\\u0442", "a6": "\\u043d\\u0435\\u0442", "a9": "", "a8": "-"}, {"a11": {}, "a10": "media_list__id__in", "a1": "\\u0421\\u043f\\u0438\\u0441\\u043e\\u043a \\u0421\\u041c\\u0418", "a3": "", "a2": "[\\u0442\\u0435\\u043a\\u0441\\u0442]", "a5": "\\u041d\\u0435\\u0442", "a4": "\\u0442\\u0435\\u043a\\u0441\\u0442\\u043e\\u0432\\u044b\\u0439", "a7": "\\u043d\\u0435\\u0442", "a6": "\\u043d\\u0435\\u0442", "a9": "", "a8": "\\u041f\\u0443\\u0441\\u0442\\u043e"}, {"a11": {}, "a10": "media_category__id__in", "a1": "\\u041a\\u0430\\u0442\\u0435\\u0433\\u043e\\u0440\\u0438\\u044f \\u0421\\u041c\\u0418", "a3": 8.0, "a2": "[\\u0442\\u0435\\u043a\\u0441\\u0442]", "a5": "\\u041d\\u0435\\u0442", "a4": "\\u0442\\u0435\\u043a\\u0441\\u0442\\u043e\\u0432\\u044b\\u0439", "a7": "\\u043d\\u0435\\u0442", "a6": "\\u043d\\u0435\\u0442", "a9": "", "a8": "-"}, {"a11": {}, "a10": "source__id__in", "a1": "\\u0418\\u0441\\u0442\\u043e\\u0447\\u043d\\u0438\\u043a", "a3": 6.0, "a2": "[\\u0442\\u0435\\u043a\\u0441\\u0442]", "a5": "\\u041d\\u0435\\u0442", "a4": "\\u0442\\u0435\\u043a\\u0441\\u0442\\u043e\\u0432\\u044b\\u0439", "a7": "\\u0434\\u0430", "a6": "\\u0434\\u0430", "a9": "", "a8": "-"}, {"a11": {}, "a10": "title__id__in", "a1": "\\u0417\\u0430\\u0433\\u043e\\u043b\\u043e\\u0432\\u043e\\u043a", "a3": "", "a2": "[\\u0442\\u0435\\u043a\\u0441\\u0442]", "a5": "\\u041d\\u0435\\u0442", "a4": "\\u0442\\u0435\\u043a\\u0441\\u0442\\u043e\\u0432\\u044b\\u0439", "a7": "\\u0434\\u0430", "a6": "\\u0434\\u0430", "a9": "", "a8": "-"}, {"a11": {}, "a10": "release_time", "a1": "\\u0412\\u0440\\u0435\\u043c\\u044f \\u043f\\u0443\\u0431\\u043b\\u0438\\u043a\\u0430\\u0446\\u0438\\u0438", "a3": "", "a2": "[\\u0442\\u0435\\u043a\\u0441\\u0442]", "a5": "\\u041d\\u0435\\u0442", "a4": "\\u0432\\u0440\\u0435\\u043c\\u044f", "a7": "\\u043d\\u0435\\u0442", "a6": "\\u043d\\u0435\\u0442", "a9": "-", "a8": ""}, {"a11": {}, "a10": "url__id__in", "a1": "URL", "a3": "", "a2": "[\\u0442\\u0435\\u043a\\u0441\\u0442]", "a5": "\\u041d\\u0435\\u0442", "a4": "\\u0442\\u0435\\u043a\\u0441\\u0442\\u043e\\u0432\\u044b\\u0439", "a7": "\\u0434\\u0430", "a6": "\\u0434\\u0430", "a9": "", "a8": "\\u0411\\u0435\\u0437 URL"}, {"a11": {}, "a10": "bissines_direction__id__in", "a1": "\\u041d\\u0430\\u043f\\u0440\\u0430\\u0432\\u043b\\u0435\\u043d\\u0438\\u0435 \\u0431\\u0438\\u0437\\u043d\\u0435\\u0441\\u0430", "a3": "", "a2": "[\\u0442\\u0435\\u043a\\u0441\\u0442]", "a5": "\\u041d\\u0435\\u0442", "a4": "\\u0442\\u0435\\u043a\\u0441\\u0442\\u043e\\u0432\\u044b\\u0439", "a7": "\\u043d\\u0435\\u0442", "a6": "\\u043d\\u0435\\u0442", "a9": "", "a8": "\\u041f\\u0443\\u0441\\u0442\\u043e"}, {"a11": {}, "a10": "thematic_category__id__in", "a1": "\\u0422\\u0435\\u043c\\u0430\\u0442\\u0438\\u0447\\u0435\\u0441\\u043a\\u0430\\u044f \\u043a\\u0430\\u0442\\u0435\\u0433\\u043e\\u0440\\u0438\\u044f", "a3": "", "a2": "[\\u0442\\u0435\\u043a\\u0441\\u0442]", "a5": "\\u041d\\u0435\\u0442", "a4": "\\u0442\\u0435\\u043a\\u0441\\u0442\\u043e\\u0432\\u044b\\u0439", "a7": "\\u043d\\u0435\\u0442", "a6": "\\u043d\\u0435\\u0442", "a9": "", "a8": "\\u0414\\u0440\\u0443\\u0433\\u043e\\u0435"}, {"a11": {}, "a10": "material_genre__id__in", "a1": "\\u0416\\u0430\\u043d\\u0440 \\u043c\\u0430\\u0442\\u0435\\u0440\\u0438\\u0430\\u043b\\u0430", "a3": "", "a2": "[\\u0442\\u0435\\u043a\\u0441\\u0442]", "a5": "\\u041d\\u0435\\u0442", "a4": "\\u0442\\u0435\\u043a\\u0441\\u0442\\u043e\\u0432\\u044b\\u0439", "a7": "\\u043d\\u0435\\u0442", "a6": "\\u043d\\u0435\\u0442", "a9": "", "a8": "-"}, {"a11": {}, "a10": "info_reason__id__in", "a1": "\\u0418\\u043d\\u0444\\u043e\\u043f\\u043e\\u0432\\u043e\\u0434 \\u043c\\u0430\\u0442\\u0435\\u0440\\u0438\\u0430\\u043b\\u0430", "a3": "", "a2": "[\\u0442\\u0435\\u043a\\u0441\\u0442]", "a5": "\\u041d\\u0435\\u0442", "a4": "\\u0442\\u0435\\u043a\\u0441\\u0442\\u043e\\u0432\\u044b\\u0439", "a7": "\\u0434\\u0430", "a6": "\\u0434\\u0430", "a9": "", "a8": "-"}, {"a11": {}, "a10": "emotional_tone_title__id__in", "a1": "\\u0422\\u043e\\u043d\\u0430\\u043b\\u044c\\u043d\\u043e\\u0441\\u0442\\u044c \\u0437\\u0430\\u0433\\u043e\\u043b\\u043e\\u0432\\u043a\\u0430 \\u043c\\u0430\\u0442\\u0435\\u0440\\u0438\\u0430\\u043b\\u0430", "a3": "", "a2": "[\\u0442\\u0435\\u043a\\u0441\\u0442]", "a5": "\\u041d\\u0435\\u0442", "a4": "\\u0442\\u0435\\u043a\\u0441\\u0442\\u043e\\u0432\\u044b\\u0439", "a7": "\\u043d\\u0435\\u0442", "a6": "\\u043d\\u0435\\u0442", "a9": "", "a8": "-"}, {"a11": {}, "a10": "emotional_tone_material__id__in", "a1": "\\u0422\\u043e\\u043d\\u0430\\u043b\\u044c\\u043d\\u043e\\u0441\\u0442\\u044c \\u043c\\u0430\\u0442\\u0435\\u0440\\u0438\\u0430\\u043b\\u0430", "a3": "", "a2": "[\\u0442\\u0435\\u043a\\u0441\\u0442]", "a5": "\\u041d\\u0435\\u0442", "a4": "\\u0442\\u0435\\u043a\\u0441\\u0442\\u043e\\u0432\\u044b\\u0439", "a7": "\\u043d\\u0435\\u0442", "a6": "\\u043d\\u0435\\u0442", "a9": "", "a8": "-"}, {"a11": {}, "a10": "referred_object__id__in", "a1": "\\u0423\\u043f\\u043e\\u043c\\u0438\\u043d\\u0430\\u0435\\u043c\\u044b\\u0435 \\u043e\\u0431\\u044a\\u0435\\u043a\\u0442\\u044b", "a3": 1.0, "a2": "[\\u0442\\u0435\\u043a\\u0441\\u0442]", "a5": "\\u0414\\u0430", "a4": "\\u0442\\u0435\\u043a\\u0441\\u0442\\u043e\\u0432\\u044b\\u0439", "a7": "\\u043d\\u0435\\u0442", "a6": "\\u043d\\u0435\\u0442", "a9": "", "a8": "-"}, {"a11": {}, "a10": "emotional_tone_object__id__in", "a1": "\\u0422\\u043e\\u043d\\u0430\\u043b\\u044c\\u043d\\u043e\\u0441\\u0442\\u044c", "a3": 2.0, "a2": "[\\u0442\\u0435\\u043a\\u0441\\u0442]", "a5": "\\u0414\\u0430", "a4": "\\u0442\\u0435\\u043a\\u0441\\u0442\\u043e\\u0432\\u044b\\u0439", "a7": "\\u043d\\u0435\\u0442", "a6": "\\u043d\\u0435\\u0442", "a9": "", "a8": "-"}, {"a11": {}, "a10": "emotional_tone_title__id__in", "a1": "\\u0422\\u043e\\u043d\\u0430\\u043b\\u044c\\u043d\\u043e\\u0441\\u0442\\u044c \\u0437\\u0430\\u0433\\u043e\\u043b\\u043e\\u0432\\u043a\\u0430", "a3": "", "a2": "[\\u0442\\u0435\\u043a\\u0441\\u0442]", "a5": "\\u0414\\u0430", "a4": "\\u0442\\u0435\\u043a\\u0441\\u0442\\u043e\\u0432\\u044b\\u0439", "a7": "\\u043d\\u0435\\u0442", "a6": "\\u043d\\u0435\\u0442", "a9": "", "a8": "-"}, {"a11": {}, "a10": "object_role__id__in", "a1": "\\u0420\\u043e\\u043b\\u044c", "a3": "", "a2": "[\\u0442\\u0435\\u043a\\u0441\\u0442]", "a5": "\\u0414\\u0430", "a4": "\\u0442\\u0435\\u043a\\u0441\\u0442\\u043e\\u0432\\u044b\\u0439", "a7": "\\u043d\\u0435\\u0442", "a6": "\\u043d\\u0435\\u0442", "a9": "", "a8": "-"}, {"a11": {}, "a10": "info_reason__id__in", "a1": "\\u0418\\u043d\\u0444\\u043e\\u043f\\u043e\\u0432\\u043e\\u0434", "a3": 10.0, "a2": "[\\u0442\\u0435\\u043a\\u0441\\u0442]", "a5": "\\u0414\\u0430", "a4": "\\u0442\\u0435\\u043a\\u0441\\u0442\\u043e\\u0432\\u044b\\u0439", "a7": "\\u043d\\u0435\\u0442", "a6": "\\u043d\\u0435\\u0442", "a9": "", "a8": "-"}, {"a11": {}, "a10": "speaker__id__in", "a1": "\\u0424\\u0418\\u041e \\u0441\\u043f\\u0438\\u043a\\u0435\\u0440\\u0430", "a3": 15.0, "a2": "[\\u0442\\u0435\\u043a\\u0441\\u0442]", "a5": "\\u0414\\u0430", "a4": "\\u0442\\u0435\\u043a\\u0441\\u0442\\u043e\\u0432\\u044b\\u0439", "a7": "\\u0434\\u0430", "a6": "\\u0434\\u0430", "a9": "", "a8": "\\u0411\\u0435\\u0437 \\u0441\\u043f\\u0438\\u043a\\u0435\\u0440\\u0430"}, {"a11": {}, "a10": "speaker_category__id__in", "a1": "\\u041a\\u0430\\u0442\\u0435\\u0433\\u043e\\u0440\\u0438\\u044f \\u0441\\u043f\\u0438\\u043a\\u0435\\u0440\\u0430", "a3": 16.0, "a2": "[\\u0442\\u0435\\u043a\\u0441\\u0442]", "a5": "\\u0414\\u0430", "a4": "\\u0442\\u0435\\u043a\\u0441\\u0442\\u043e\\u0432\\u044b\\u0439", "a7": "\\u043d\\u0435\\u0442", "a6": "\\u043d\\u0435\\u0442", "a9": "", "a8": "\\u0411\\u0435\\u0437 \\u0441\\u043f\\u0438\\u043a\\u0435\\u0440\\u0430"}, {"a11": {}, "a10": "speaker_level__id__in", "a1": "\\u0423\\u0440\\u043e\\u0432\\u0435\\u043d\\u044c \\u0441\\u043f\\u0438\\u043a\\u0435\\u0440\\u0430", "a3": "", "a2": "[\\u0442\\u0435\\u043a\\u0441\\u0442]", "a5": "\\u0414\\u0430", "a4": "\\u0442\\u0435\\u043a\\u0441\\u0442\\u043e\\u0432\\u044b\\u0439", "a7": "\\u043d\\u0435\\u0442", "a6": "\\u043d\\u0435\\u0442", "a9": "", "a8": "\\u0411\\u0435\\u0437 \\u0441\\u043f\\u0438\\u043a\\u0435\\u0440\\u0430"}, {"a11": {}, "a10": "speaker_speech_hate__id__in", "a1": "\\u0425\\u0430\\u0440\\u0430\\u043a\\u0442\\u0435\\u0440 \\u0432\\u044b\\u0441\\u043a\\u0430\\u0437\\u044b\\u0432\\u0430\\u043d\\u0438\\u044f \\u0441\\u043f\\u0438\\u043a\\u0435\\u0440\\u0430", "a3": "", "a2": "[\\u0442\\u0435\\u043a\\u0441\\u0442]", "a5": "\\u0414\\u0430", "a4": "\\u0442\\u0435\\u043a\\u0441\\u0442\\u043e\\u0432\\u044b\\u0439", "a7": "\\u043d\\u0435\\u0442", "a6": "\\u043d\\u0435\\u0442", "a9": "", "a8": "\\u0411\\u0435\\u0437 \\u0441\\u043f\\u0438\\u043a\\u0435\\u0440\\u0430"}, {"a11": {}, "a10": "speaker_quote_uniqueness__id__in", "a1": "\\u0423\\u043d\\u0438\\u043a\\u0430\\u043b\\u044c\\u043d\\u043e\\u0441\\u0442\\u044c \\u0446\\u0438\\u0442\\u0430\\u0442 \\u0441\\u043f\\u0438\\u043a\\u0435\\u0440\\u0430", "a3": "", "a2": "[\\u0442\\u0435\\u043a\\u0441\\u0442]", "a5": "\\u0414\\u0430", "a4": "\\u0442\\u0435\\u043a\\u0441\\u0442\\u043e\\u0432\\u044b\\u0439", "a7": "\\u043d\\u0435\\u0442", "a6": "\\u043d\\u0435\\u0442", "a9": "", "a8": "\\u0411\\u0435\\u0437 \\u0441\\u043f\\u0438\\u043a\\u0435\\u0440\\u0430"}, {"a11": {}, "a10": "side__speaker__id__in", "a1": "\\u0424\\u0418\\u041e \\u0441\\u0442\\u043e\\u0440\\u043e\\u043d\\u043d\\u0435\\u0433\\u043e \\u0441\\u043f\\u0438\\u043a\\u0435\\u0440\\u0430", "a3": "", "a2": "[\\u0442\\u0435\\u043a\\u0441\\u0442]", "a5": "\\u0414\\u0430", "a4": "\\u0442\\u0435\\u043a\\u0441\\u0442\\u043e\\u0432\\u044b\\u0439", "a7": "\\u0434\\u0430", "a6": "\\u0434\\u0430", "a9": "", "a8": "\\u0411\\u0435\\u0437 \\u0441\\u0442\\u043e\\u0440\\u043e\\u043d\\u043d\\u0435\\u0433\\u043e \\u0441\\u043f\\u0438\\u043a\\u0435\\u0440\\u0430"}, {"a11": {}, "a10": "side_speaker_tonality__id__in", "a1": "\\u0422\\u043e\\u043d\\u0430\\u043b\\u044c\\u043d\\u043e\\u0441\\u0442\\u044c \\u0441\\u0442\\u043e\\u0440\\u043e\\u043d\\u043d\\u0435\\u0433\\u043e \\u0441\\u043f\\u0438\\u043a\\u0435\\u0440\\u0430", "a3": "", "a2": "[\\u0442\\u0435\\u043a\\u0441\\u0442]", "a5": "\\u0414\\u0430", "a4": "\\u0442\\u0435\\u043a\\u0441\\u0442\\u043e\\u0432\\u044b\\u0439", "a7": "\\u043d\\u0435\\u0442", "a6": "\\u043d\\u0435\\u0442", "a9": "", "a8": "\\u0411\\u0435\\u0437 \\u0441\\u0442\\u043e\\u0440\\u043e\\u043d\\u043d\\u0435\\u0433\\u043e \\u0441\\u043f\\u0438\\u043a\\u0435\\u0440\\u0430"}, {"a11": {}, "a10": "side_speaker_status__id__in", "a1": "\\u0421\\u0442\\u0430\\u0442\\u0443\\u0441 \\u0441\\u0442\\u043e\\u0440\\u043e\\u043d\\u043d\\u0435\\u0433\\u043e \\u0441\\u043f\\u0438\\u043a\\u0435\\u0440\\u0430", "a3": "", "a2": "[\\u0442\\u0435\\u043a\\u0441\\u0442]", "a5": "\\u0414\\u0430", "a4": "\\u0442\\u0435\\u043a\\u0441\\u0442\\u043e\\u0432\\u044b\\u0439", "a7": "\\u043d\\u0435\\u0442", "a6": "\\u043d\\u0435\\u0442", "a9": "", "a8": "\\u0411\\u0435\\u0437 \\u0441\\u0442\\u043e\\u0440\\u043e\\u043d\\u043d\\u0435\\u0433\\u043e \\u0441\\u043f\\u0438\\u043a\\u0435\\u0440\\u0430"}, {"a11": {}, "a10": "prt__range", "a1": "PRt", "a3": 12.0, "a2": "[\\u0442\\u0435\\u043a\\u0441\\u0442]", "a5": "\\u0414\\u0430", "a4": "\\u0447\\u0438\\u0441\\u043b\\u043e", "a7": "\\u043d\\u0435\\u0442", "a6": "\\u043d\\u0435\\u0442", "a9": "\\u0448\\u043a\\u0430\\u043b\\u0430", "a8": "-"}, {"a11": {}, "a10": "prv__range", "a1": "PRV", "a3": 11.0, "a2": "[\\u0442\\u0435\\u043a\\u0441\\u0442]", "a5": "\\u0414\\u0430", "a4": "\\u0447\\u0438\\u0441\\u043b\\u043e", "a7": "\\u043d\\u0435\\u0442", "a6": "\\u043d\\u0435\\u0442", "a9": "\\u0448\\u043a\\u0430\\u043b\\u0430", "a8": "-"}, {"a11": {}, "a10": "mo__range", "a1": "Media Outreach", "a3": 13.0, "a2": "[\\u0442\\u0435\\u043a\\u0441\\u0442]", "a5": "\\u0414\\u0430", "a4": "\\u0447\\u0438\\u0441\\u043b\\u043e", "a7": "\\u043d\\u0435\\u0442", "a6": "\\u043d\\u0435\\u0442", "a9": "\\u0448\\u043a\\u0430\\u043b\\u0430", "a8": "-"}, {"a11": {}, "a10": "mq__range", "a1": "MQ", "a3": "", "a2": "[\\u0442\\u0435\\u043a\\u0441\\u0442]", "a5": "\\u0414\\u0430", "a4": "\\u0447\\u0438\\u0441\\u043b\\u043e", "a7": "\\u043d\\u0435\\u0442", "a6": "\\u043d\\u0435\\u0442", "a9": "\\u0448\\u043a\\u0430\\u043b\\u0430", "a8": "-"}, {"a11": {}, "a10": "interaction_kind__id__in", "a1": "\\u0412\\u0438\\u0434 \\u0432\\u0437\\u0430\\u0438\\u043c\\u043e\\u0434\\u0435\\u0439\\u0441\\u0442\\u0432\\u0438\\u044f", "a3": "", "a2": "[\\u0442\\u0435\\u043a\\u0441\\u0442]", "a5": "\\u041d\\u0435\\u0442", "a4": "\\u0442\\u0435\\u043a\\u0441\\u0442\\u043e\\u0432\\u044b\\u0439", "a7": "\\u043d\\u0435\\u0442", "a6": "\\u043d\\u0435\\u0442", "a9": "", "a8": "\\u0414\\u0440\\u0443\\u0433\\u043e\\u0435"}, {"a11": {}, "a10": "initiation__id__in", "a1": "\\u0418\\u043d\\u0438\\u0446\\u0438\\u0438\\u0440\\u043e\\u0432\\u0430\\u043d\\u0438\\u0435", "a3": "", "a2": "[\\u0442\\u0435\\u043a\\u0441\\u0442]", "a5": "\\u0414\\u0430", "a4": "\\u0442\\u0435\\u043a\\u0441\\u0442\\u043e\\u0432\\u044b\\u0439", "a7": "\\u043d\\u0435\\u0442", "a6": "\\u043d\\u0435\\u0442", "a9": "", "a8": "\\u041d\\u0435\\u0442"}, {"a11": {}, "a10": "penetration__id__in", "a1": "\\u0421\\u0442\\u0435\\u043f\\u0435\\u043d\\u044c \\u043f\\u0440\\u043e\\u043d\\u0438\\u043a\\u043d\\u043e\\u0432\\u0435\\u043d\\u0438\\u044f \\u041f\\u0420/\\u041d\\u043e\\u0432\\u043e\\u0441\\u0442\\u0438", "a3": "", "a2": "[\\u0442\\u0435\\u043a\\u0441\\u0442]", "a5": "\\u041d\\u0435\\u0442", "a4": "\\u0442\\u0435\\u043a\\u0441\\u0442\\u043e\\u0432\\u044b\\u0439", "a7": "\\u043d\\u0435\\u0442", "a6": "\\u043d\\u0435\\u0442", "a9": "", "a8": "\\u041d\\u0435\\u0442"}, {"a11": {}, "a10": "id_press_release__id__in", "a1": "ID-\\u043f\\u0440\\u0435\\u0441\\u0441-\\u0440\\u0435\\u043b\\u0438\\u0437\\u0430", "a3": "", "a2": "[\\u0442\\u0435\\u043a\\u0441\\u0442]", "a5": "\\u041d\\u0435\\u0442", "a4": "\\u0442\\u0435\\u043a\\u0441\\u0442\\u043e\\u0432\\u044b\\u0439", "a7": "\\u0434\\u0430", "a6": "\\u0434\\u0430", "a9": "", "a8": "\\u041d\\u0435\\u0442"}, {"a11": {}, "a10": "referred_object__id__in", "a1": "\\u0423\\u043f\\u043e\\u043c\\u0438\\u043d\\u0430\\u0435\\u043c\\u043e\\u0441\\u0442\\u044c \\u043f\\u0440\\u043e\\u0434\\u0443\\u043a\\u0442\\u043e\\u0432", "a3": "", "a2": "[\\u0442\\u0435\\u043a\\u0441\\u0442]", "a5": "\\u041d\\u0435\\u0442", "a4": "\\u0442\\u0435\\u043a\\u0441\\u0442\\u043e\\u0432\\u044b\\u0439", "a7": "\\u0434\\u0430", "a6": "\\u0434\\u0430", "a9": "", "a8": "\\u041d\\u0435\\u0442"}, {"a11": {}, "a10": "advertisement_promo__id__in", "a1": "\\u0420\\u0435\\u043a\\u043b\\u0430\\u043c\\u0430/\\u043f\\u0440\\u043e\\u043c\\u043e", "a3": "", "a2": "[\\u0442\\u0435\\u043a\\u0441\\u0442]", "a5": "\\u0414\\u0430", "a4": "\\u0442\\u0435\\u043a\\u0441\\u0442\\u043e\\u0432\\u044b\\u0439", "a7": "\\u043d\\u0435\\u0442", "a6": "\\u043d\\u0435\\u0442", "a9": "", "a8": "\\u041d\\u0435\\u0442"}, {"a11": {}, "a10": "technologies__id__in", "a1": "\\u0422\\u0435\\u0445\\u043d\\u043e\\u043b\\u043e\\u0433\\u0438\\u0438", "a3": "", "a2": "[\\u0442\\u0435\\u043a\\u0441\\u0442]", "a5": "\\u0414\\u0430", "a4": "\\u0442\\u0435\\u043a\\u0441\\u0442\\u043e\\u0432\\u044b\\u0439", "a7": "\\u043d\\u0435\\u0442", "a6": "\\u043d\\u0435\\u0442", "a9": "", "a8": "\\u041d\\u0435\\u0442"}, {"a11": {}, "a10": "km__id__in", "a1": "KM", "a3": "", "a2": "[\\u0442\\u0435\\u043a\\u0441\\u0442]", "a5": "\\u041d\\u0435\\u0442", "a4": "\\u0442\\u0435\\u043a\\u0441\\u0442\\u043e\\u0432\\u044b\\u0439", "a7": "\\u043d\\u0435\\u0442", "a6": "\\u043d\\u0435\\u0442", "a9": "", "a8": "\\u0411\\u0435\\u0437 KM"}, {"a11": {}, "a10": "km_result", "a1": "KM \\u0438\\u0442\\u043e\\u0433", "a3": "", "a2": "[\\u0442\\u0435\\u043a\\u0441\\u0442]", "a5": "\\u041d\\u0435\\u0442", "a4": "\\u0442\\u0435\\u043a\\u0441\\u0442\\u043e\\u0432\\u044b\\u0439", "a7": "\\u043d\\u0435\\u0442", "a6": "\\u043d\\u0435\\u0442", "a9": "", "a8": ""}, {"a11": {}, "a10": "tag__id__in", "a1": "\\u0422\\u044d\\u0433", "a3": "", "a2": "[\\u0442\\u0435\\u043a\\u0441\\u0442]", "a5": "\\u041d\\u0435\\u0442", "a4": "\\u0442\\u0435\\u043a\\u0441\\u0442\\u043e\\u0432\\u044b\\u0439", "a7": "\\u043d\\u0435\\u0442", "a6": "\\u043d\\u0435\\u0442", "a9": "", "a8": "-"}, {"a11": {}, "a10": "duration__id__in", "a1": "\\u0414\\u043b\\u0438\\u0442\\u0435\\u043b\\u044c\\u043d\\u043e\\u0441\\u0442\\u044c", "a3": "", "a2": "[\\u0442\\u0435\\u043a\\u0441\\u0442]", "a5": "\\u041d\\u0435\\u0442", "a4": "\\u0447\\u0438\\u0441\\u043b\\u043e\\u0432\\u043e\\u0439", "a7": "\\u043d\\u0435\\u0442", "a6": "\\u043d\\u0435\\u0442", "a9": "\\u0448\\u043a\\u0430\\u043b\\u0430", "a8": "\\u041d\\u0435\\u0442"}, {"a11": {}, "a10": "cover__range", "a1": "\\u041e\\u0431\\u043b\\u043e\\u0436\\u043a\\u0430", "a3": "", "a2": "[\\u0442\\u0435\\u043a\\u0441\\u0442]", "a5": "\\u041d\\u0435\\u0442", "a4": "\\u0442\\u0435\\u043a\\u0441\\u0442\\u043e\\u0432\\u044b\\u0439", "a7": "\\u043d\\u0435\\u0442", "a6": "\\u043d\\u0435\\u0442", "a9": "", "a8": "\\u041d\\u0435\\u0442"}, {"a11": {}, "a10": "visibility__id__in", "a1": "\\u0417\\u0430\\u043c\\u0435\\u0442\\u043d\\u043e\\u0441\\u0442\\u044c \\u043c\\u0430\\u0442\\u0435\\u0440\\u0438\\u0430\\u043b\\u0430", "a3": "", "a2": "[\\u0442\\u0435\\u043a\\u0441\\u0442]", "a5": "\\u041d\\u0435\\u0442", "a4": "\\u0442\\u0435\\u043a\\u0441\\u0442\\u043e\\u0432\\u044b\\u0439", "a7": "\\u043d\\u0435\\u0442", "a6": "\\u043d\\u0435\\u0442", "a9": "", "a8": "-"}, {"a11": {}, "a10": "infographics__range", "a1": "\\u0418\\u043d\\u0444\\u043e\\u0433\\u0440\\u0430\\u0444\\u0438\\u043a\\u0430", "a3": "", "a2": "[\\u0442\\u0435\\u043a\\u0441\\u0442]", "a5": "\\u041d\\u0435\\u0442", "a4": "\\u0442\\u0435\\u043a\\u0441\\u0442\\u043e\\u0432\\u044b\\u0439", "a7": "\\u043d\\u0435\\u0442", "a6": "\\u043d\\u0435\\u0442", "a9": "", "a8": "\\u041e\\u0442\\u0441\\u0443\\u0442\\u0441\\u0442\\u0432\\u0443\\u0435\\u0442"}, {"a11": {}, "a10": "macroregion__id__in", "a1": "\\u041c\\u0430\\u043a\\u0440\\u043e\\u0440\\u0435\\u0433\\u0438\\u043e\\u043d", "a3": "", "a2": "[\\u0442\\u0435\\u043a\\u0441\\u0442]", "a5": "\\u041d\\u0435\\u0442", "a4": "\\u0442\\u0435\\u043a\\u0441\\u0442\\u043e\\u0432\\u044b\\u0439", "a7": "\\u043d\\u0435\\u0442", "a6": "\\u043d\\u0435\\u0442", "a9": "", "a8": "-"}, {"a11": {}, "a10": "media_list_special__id__in", "a1": "Media List", "a3": "", "a2": "[\\u0442\\u0435\\u043a\\u0441\\u0442]", "a5": "\\u041d\\u0435\\u0442", "a4": "\\u0442\\u0435\\u043a\\u0441\\u0442\\u043e\\u0432\\u044b\\u0439", "a7": "\\u043d\\u0435\\u0442", "a6": "\\u043d\\u0435\\u0442", "a9": "", "a8": "Others"}, {"a11": {}, "a10": "media_type_special__id__in", "a1": "Media Type", "a3": "", "a2": "[\\u0442\\u0435\\u043a\\u0441\\u0442]", "a5": "\\u041d\\u0435\\u0442", "a4": "\\u0442\\u0435\\u043a\\u0441\\u0442\\u043e\\u0432\\u044b\\u0439", "a7": "\\u043d\\u0435\\u0442", "a6": "\\u043d\\u0435\\u0442", "a9": "", "a8": "-"}, {"a11": {}, "a10": "media_category_special__id__in", "a1": "Media Category", "a3": "", "a2": "[\\u0442\\u0435\\u043a\\u0441\\u0442]", "a5": "\\u041d\\u0435\\u0442", "a4": "\\u0442\\u0435\\u043a\\u0441\\u0442\\u043e\\u0432\\u044b\\u0439", "a7": "\\u043d\\u0435\\u0442", "a6": "\\u043d\\u0435\\u0442", "a9": "", "a8": "-"}, {"a11": {}, "a10": "visibility_special__id__in", "a1": "Visibility", "a3": "", "a2": "[\\u0442\\u0435\\u043a\\u0441\\u0442]", "a5": "\\u041d\\u0435\\u0442", "a4": "\\u0442\\u0435\\u043a\\u0441\\u0442\\u043e\\u0432\\u044b\\u0439", "a7": "\\u043d\\u0435\\u0442", "a6": "\\u043d\\u0435\\u0442", "a9": "", "a8": "-"}, {"a11": {}, "a10": "image__id__in", "a1": "Image", "a3": "", "a2": "[\\u0442\\u0435\\u043a\\u0441\\u0442]", "a5": "\\u041d\\u0435\\u0442", "a4": "\\u0442\\u0435\\u043a\\u0441\\u0442\\u043e\\u0432\\u044b\\u0439", "a7": "\\u043d\\u0435\\u0442", "a6": "\\u043d\\u0435\\u0442", "a9": "", "a8": "Absent"}, {"a11": {}, "a10": "km_special__id__in", "a1": "Key Message Penetration", "a3": "", "a2": "[\\u0442\\u0435\\u043a\\u0441\\u0442]", "a5": "\\u041d\\u0435\\u0442", "a4": "\\u0442\\u0435\\u043a\\u0441\\u0442\\u043e\\u0432\\u044b\\u0439", "a7": "\\u043d\\u0435\\u0442", "a6": "\\u043d\\u0435\\u0442", "a9": "", "a8": "-"}, {"a11": {}, "a10": "brand_or_product__id__in", "a1": "Brand or Product Mention", "a3": "", "a2": "[\\u0442\\u0435\\u043a\\u0441\\u0442]", "a5": "\\u041d\\u0435\\u0442", "a4": "\\u0442\\u0435\\u043a\\u0441\\u0442\\u043e\\u0432\\u044b\\u0439", "a7": "\\u043d\\u0435\\u0442", "a6": "\\u043d\\u0435\\u0442", "a9": "", "a8": "-"}, {"a11": {}, "a10": "speaker_quote__id__in", "a1": "Speaker\\u2019s Quote", "a3": "", "a2": "[\\u0442\\u0435\\u043a\\u0441\\u0442]", "a5": "\\u041d\\u0435\\u0442", "a4": "\\u0442\\u0435\\u043a\\u0441\\u0442\\u043e\\u0432\\u044b\\u0439", "a7": "\\u043d\\u0435\\u0442", "a6": "\\u043d\\u0435\\u0442", "a9": "", "a8": "-"}, {"a11": {}, "a10": "third_patry_speakers__id__in", "a1": "Third Party Speakers\\u2019 Supporting Quotes", "a3": "", "a2": "[\\u0442\\u0435\\u043a\\u0441\\u0442]", "a5": "\\u041d\\u0435\\u0442", "a4": "\\u0442\\u0435\\u043a\\u0441\\u0442\\u043e\\u0432\\u044b\\u0439", "a7": "\\u043d\\u0435\\u0442", "a6": "\\u043d\\u0435\\u0442", "a9": "", "a8": "-"}, {"a11": {}, "a10": "headder_tonality__id__in", "a1": "Header Tonality", "a3": "", "a2": "[\\u0442\\u0435\\u043a\\u0441\\u0442]", "a5": "\\u041d\\u0435\\u0442", "a4": "\\u0442\\u0435\\u043a\\u0441\\u0442\\u043e\\u0432\\u044b\\u0439", "a7": "\\u043d\\u0435\\u0442", "a6": "\\u043d\\u0435\\u0442", "a9": "", "a8": "-"}, {"a11": {}, "a10": "main_tonality__id__in", "a1": "Main Tonality", "a3": "", "a2": "[\\u0442\\u0435\\u043a\\u0441\\u0442]", "a5": "\\u041d\\u0435\\u0442", "a4": "\\u0442\\u0435\\u043a\\u0441\\u0442\\u043e\\u0432\\u044b\\u0439", "a7": "\\u043d\\u0435\\u0442", "a6": "\\u043d\\u0435\\u0442", "a9": "", "a8": "-"}, {"a11": {}, "a10": "global_local_event__id__in", "a1": "Global/Local Event", "a3": "", "a2": "[\\u0442\\u0435\\u043a\\u0441\\u0442]", "a5": "\\u041d\\u0435\\u0442", "a4": "\\u0442\\u0435\\u043a\\u0441\\u0442\\u043e\\u0432\\u044b\\u0439", "a7": "\\u043d\\u0435\\u0442", "a6": "\\u043d\\u0435\\u0442", "a9": "", "a8": "-"}, {"a11": {}, "a10": "edge_region__id__in", "a1": "\\u041e\\u0431\\u043b\\u0430\\u0441\\u0442\\u044c \\u0438\\u043b\\u0438 \\u043a\\u0440\\u0430\\u0439", "a3": "", "a2": "[\\u0442\\u0435\\u043a\\u0441\\u0442]", "a5": "\\u041d\\u0435\\u0442", "a4": "\\u0442\\u0435\\u043a\\u0441\\u0442\\u043e\\u0432\\u044b\\u0439", "a7": "\\u043d\\u0435\\u0442", "a6": "\\u043d\\u0435\\u0442", "a9": "", "a8": "-"}]
44	1	43	[{"a11": {}, "a10": "day__id__in", "a1": "\\u0414\\u0435\\u043d\\u044c", "a3": "", "a2": "[\\u0442\\u0435\\u043a\\u0441\\u0442]", "a5": "\\u041d\\u0435\\u0442", "a4": "\\u0447\\u0438\\u0441\\u043b\\u043e\\u0432\\u043e\\u0439", "a7": "", "a6": "-", "a9": "list", "a8": ""}, {"a11": {}, "a10": "month__id__in", "a1": "\\u041c\\u0435\\u0441\\u044f\\u0446", "a3": "", "a2": "[\\u0442\\u0435\\u043a\\u0441\\u0442]", "a5": "\\u041d\\u0435\\u0442", "a4": "\\u0447\\u0438\\u0441\\u043b\\u043e\\u0432\\u043e\\u0439", "a7": "", "a6": "-", "a9": "list", "a8": ""}, {"a11": {}, "a10": "week__id__in", "a1": "\\u041d\\u0435\\u0434\\u0435\\u043b\\u044f", "a3": "", "a2": "[\\u0442\\u0435\\u043a\\u0441\\u0442]", "a5": "\\u041d\\u0435\\u0442", "a4": "\\u0447\\u0438\\u0441\\u043b\\u043e\\u0432\\u043e\\u0439", "a7": "", "a6": "-", "a9": "list", "a8": ""}, {"a11": {}, "a10": "media_level__id__in", "a1": "\\u0423\\u0440\\u043e\\u0432\\u0435\\u043d\\u044c \\u0421\\u041c\\u0418", "a3": 7.0, "a2": "[\\u0442\\u0435\\u043a\\u0441\\u0442]", "a5": "\\u041d\\u0435\\u0442", "a4": "\\u0442\\u0435\\u043a\\u0441\\u0442\\u043e\\u0432\\u044b\\u0439", "a7": "\\u043d\\u0435\\u0442", "a6": "\\u043d\\u0435\\u0442", "a9": "", "a8": "-"}, {"a11": {}, "a10": "city__id__in", "a1": "\\u0413\\u043e\\u0440\\u043e\\u0434", "a3": 5.0, "a2": "[\\u0442\\u0435\\u043a\\u0441\\u0442]", "a5": "\\u041d\\u0435\\u0442", "a4": "\\u0442\\u0435\\u043a\\u0441\\u0442\\u043e\\u0432\\u044b\\u0439", "a7": "\\u0434\\u0430", "a6": "\\u0434\\u0430", "a9": "", "a8": "-"}, {"a11": {}, "a10": "federal_district__id__in", "a1": "\\u0424\\u041e", "a3": 4.0, "a2": "[\\u0442\\u0435\\u043a\\u0441\\u0442]", "a5": "\\u041d\\u0435\\u0442", "a4": "\\u0442\\u0435\\u043a\\u0441\\u0442\\u043e\\u0432\\u044b\\u0439", "a7": "\\u0434\\u0430", "a6": "\\u043d\\u0435\\u0442", "a9": "", "a8": "\\u0411\\u0435\\u0437 \\u0424\\u041e"}, {"a11": {}, "a10": "region__id__in", "a1": "\\u0420\\u0435\\u0433\\u0438\\u043e\\u043d", "a3": "", "a2": "[\\u0442\\u0435\\u043a\\u0441\\u0442]", "a5": "\\u041d\\u0435\\u0442", "a4": "\\u0442\\u0435\\u043a\\u0441\\u0442\\u043e\\u0432\\u044b\\u0439", "a7": "\\u0434\\u0430", "a6": "\\u043d\\u0435\\u0442", "a9": "", "a8": "-"}, {"a11": {}, "a10": "branch__id__in", "a1": "\\u0424\\u0438\\u043b\\u0438\\u0430\\u043b", "a3": "", "a2": "[\\u0442\\u0435\\u043a\\u0441\\u0442]", "a5": "\\u041d\\u0435\\u0442", "a4": "\\u0442\\u0435\\u043a\\u0441\\u0442\\u043e\\u0432\\u044b\\u0439", "a7": "\\u0434\\u0430", "a6": "\\u043d\\u0435\\u0442", "a9": "", "a8": "\\u041f\\u0443\\u0441\\u0442\\u043e"}, {"a11": {}, "a10": "country__id__in", "a1": "\\u0421\\u0442\\u0440\\u0430\\u043d\\u0430", "a3": 3.0, "a2": "[\\u0442\\u0435\\u043a\\u0441\\u0442]", "a5": "\\u041d\\u0435\\u0442", "a4": "\\u0442\\u0435\\u043a\\u0441\\u0442\\u043e\\u0432\\u044b\\u0439", "a7": "\\u0434\\u0430", "a6": "\\u043d\\u0435\\u0442", "a9": "", "a8": "-"}, {"a11": {}, "a10": "author__id__in", "a1": "\\u0410\\u0432\\u0442\\u043e\\u0440", "a3": 14.0, "a2": "[\\u0442\\u0435\\u043a\\u0441\\u0442]", "a5": "\\u041d\\u0435\\u0442", "a4": "\\u0442\\u0435\\u043a\\u0441\\u0442\\u043e\\u0432\\u044b\\u0439", "a7": "\\u0434\\u0430", "a6": "\\u0434\\u0430", "a9": "", "a8": "\\u0411\\u0435\\u0437 \\u0430\\u0432\\u0442\\u043e\\u0440\\u0430"}, {"a11": {}, "a10": "media_type__id__in", "a1": "\\u0422\\u0438\\u043f \\u0421\\u041c\\u0418", "a3": "", "a2": "[\\u0442\\u0435\\u043a\\u0441\\u0442]", "a5": "\\u041d\\u0435\\u0442", "a4": "\\u0442\\u0435\\u043a\\u0441\\u0442\\u043e\\u0432\\u044b\\u0439", "a7": "\\u043d\\u0435\\u0442", "a6": "\\u043d\\u0435\\u0442", "a9": "", "a8": "-"}, {"a11": {}, "a10": "media_view__id__in", "a1": "\\u0412\\u0438\\u0434 \\u0421\\u041c\\u0418", "a3": 9.0, "a2": "[\\u0442\\u0435\\u043a\\u0441\\u0442]", "a5": "\\u041d\\u0435\\u0442", "a4": "\\u0442\\u0435\\u043a\\u0441\\u0442\\u043e\\u0432\\u044b\\u0439", "a7": "\\u043d\\u0435\\u0442", "a6": "\\u043d\\u0435\\u0442", "a9": "", "a8": "-"}, {"a11": {}, "a10": "media_list__id__in", "a1": "\\u0421\\u043f\\u0438\\u0441\\u043e\\u043a \\u0421\\u041c\\u0418", "a3": "", "a2": "[\\u0442\\u0435\\u043a\\u0441\\u0442]", "a5": "\\u041d\\u0435\\u0442", "a4": "\\u0442\\u0435\\u043a\\u0441\\u0442\\u043e\\u0432\\u044b\\u0439", "a7": "\\u043d\\u0435\\u0442", "a6": "\\u043d\\u0435\\u0442", "a9": "", "a8": "\\u041f\\u0443\\u0441\\u0442\\u043e"}, {"a11": {}, "a10": "media_category__id__in", "a1": "\\u041a\\u0430\\u0442\\u0435\\u0433\\u043e\\u0440\\u0438\\u044f \\u0421\\u041c\\u0418", "a3": 8.0, "a2": "[\\u0442\\u0435\\u043a\\u0441\\u0442]", "a5": "\\u041d\\u0435\\u0442", "a4": "\\u0442\\u0435\\u043a\\u0441\\u0442\\u043e\\u0432\\u044b\\u0439", "a7": "\\u043d\\u0435\\u0442", "a6": "\\u043d\\u0435\\u0442", "a9": "", "a8": "-"}, {"a11": {}, "a10": "source__id__in", "a1": "\\u0418\\u0441\\u0442\\u043e\\u0447\\u043d\\u0438\\u043a", "a3": 6.0, "a2": "[\\u0442\\u0435\\u043a\\u0441\\u0442]", "a5": "\\u041d\\u0435\\u0442", "a4": "\\u0442\\u0435\\u043a\\u0441\\u0442\\u043e\\u0432\\u044b\\u0439", "a7": "\\u0434\\u0430", "a6": "\\u0434\\u0430", "a9": "", "a8": "-"}, {"a11": {}, "a10": "title__id__in", "a1": "\\u0417\\u0430\\u0433\\u043e\\u043b\\u043e\\u0432\\u043e\\u043a", "a3": "", "a2": "[\\u0442\\u0435\\u043a\\u0441\\u0442]", "a5": "\\u041d\\u0435\\u0442", "a4": "\\u0442\\u0435\\u043a\\u0441\\u0442\\u043e\\u0432\\u044b\\u0439", "a7": "\\u0434\\u0430", "a6": "\\u0434\\u0430", "a9": "", "a8": "-"}, {"a11": {}, "a10": "release_time", "a1": "\\u0412\\u0440\\u0435\\u043c\\u044f \\u043f\\u0443\\u0431\\u043b\\u0438\\u043a\\u0430\\u0446\\u0438\\u0438", "a3": "", "a2": "[\\u0442\\u0435\\u043a\\u0441\\u0442]", "a5": "\\u041d\\u0435\\u0442", "a4": "\\u0432\\u0440\\u0435\\u043c\\u044f", "a7": "\\u043d\\u0435\\u0442", "a6": "\\u043d\\u0435\\u0442", "a9": "-", "a8": ""}, {"a11": {}, "a10": "url__id__in", "a1": "URL", "a3": "", "a2": "[\\u0442\\u0435\\u043a\\u0441\\u0442]", "a5": "\\u041d\\u0435\\u0442", "a4": "\\u0442\\u0435\\u043a\\u0441\\u0442\\u043e\\u0432\\u044b\\u0439", "a7": "\\u0434\\u0430", "a6": "\\u0434\\u0430", "a9": "", "a8": "\\u0411\\u0435\\u0437 URL"}, {"a11": {}, "a10": "bissines_direction__id__in", "a1": "\\u041d\\u0430\\u043f\\u0440\\u0430\\u0432\\u043b\\u0435\\u043d\\u0438\\u0435 \\u0431\\u0438\\u0437\\u043d\\u0435\\u0441\\u0430", "a3": "", "a2": "[\\u0442\\u0435\\u043a\\u0441\\u0442]", "a5": "\\u041d\\u0435\\u0442", "a4": "\\u0442\\u0435\\u043a\\u0441\\u0442\\u043e\\u0432\\u044b\\u0439", "a7": "\\u043d\\u0435\\u0442", "a6": "\\u043d\\u0435\\u0442", "a9": "", "a8": "\\u041f\\u0443\\u0441\\u0442\\u043e"}, {"a11": {}, "a10": "thematic_category__id__in", "a1": "\\u0422\\u0435\\u043c\\u0430\\u0442\\u0438\\u0447\\u0435\\u0441\\u043a\\u0430\\u044f \\u043a\\u0430\\u0442\\u0435\\u0433\\u043e\\u0440\\u0438\\u044f", "a3": "", "a2": "[\\u0442\\u0435\\u043a\\u0441\\u0442]", "a5": "\\u041d\\u0435\\u0442", "a4": "\\u0442\\u0435\\u043a\\u0441\\u0442\\u043e\\u0432\\u044b\\u0439", "a7": "\\u043d\\u0435\\u0442", "a6": "\\u043d\\u0435\\u0442", "a9": "", "a8": "\\u0414\\u0440\\u0443\\u0433\\u043e\\u0435"}, {"a11": {}, "a10": "material_genre__id__in", "a1": "\\u0416\\u0430\\u043d\\u0440 \\u043c\\u0430\\u0442\\u0435\\u0440\\u0438\\u0430\\u043b\\u0430", "a3": "", "a2": "[\\u0442\\u0435\\u043a\\u0441\\u0442]", "a5": "\\u041d\\u0435\\u0442", "a4": "\\u0442\\u0435\\u043a\\u0441\\u0442\\u043e\\u0432\\u044b\\u0439", "a7": "\\u043d\\u0435\\u0442", "a6": "\\u043d\\u0435\\u0442", "a9": "", "a8": "-"}, {"a11": {}, "a10": "info_reason__id__in", "a1": "\\u0418\\u043d\\u0444\\u043e\\u043f\\u043e\\u0432\\u043e\\u0434 \\u043c\\u0430\\u0442\\u0435\\u0440\\u0438\\u0430\\u043b\\u0430", "a3": "", "a2": "[\\u0442\\u0435\\u043a\\u0441\\u0442]", "a5": "\\u041d\\u0435\\u0442", "a4": "\\u0442\\u0435\\u043a\\u0441\\u0442\\u043e\\u0432\\u044b\\u0439", "a7": "\\u0434\\u0430", "a6": "\\u0434\\u0430", "a9": "", "a8": "-"}, {"a11": {}, "a10": "emotional_tone_title__id__in", "a1": "\\u0422\\u043e\\u043d\\u0430\\u043b\\u044c\\u043d\\u043e\\u0441\\u0442\\u044c \\u0437\\u0430\\u0433\\u043e\\u043b\\u043e\\u0432\\u043a\\u0430 \\u043c\\u0430\\u0442\\u0435\\u0440\\u0438\\u0430\\u043b\\u0430", "a3": "", "a2": "[\\u0442\\u0435\\u043a\\u0441\\u0442]", "a5": "\\u041d\\u0435\\u0442", "a4": "\\u0442\\u0435\\u043a\\u0441\\u0442\\u043e\\u0432\\u044b\\u0439", "a7": "\\u043d\\u0435\\u0442", "a6": "\\u043d\\u0435\\u0442", "a9": "", "a8": "-"}, {"a11": {}, "a10": "emotional_tone_material__id__in", "a1": "\\u0422\\u043e\\u043d\\u0430\\u043b\\u044c\\u043d\\u043e\\u0441\\u0442\\u044c \\u043c\\u0430\\u0442\\u0435\\u0440\\u0438\\u0430\\u043b\\u0430", "a3": "", "a2": "[\\u0442\\u0435\\u043a\\u0441\\u0442]", "a5": "\\u041d\\u0435\\u0442", "a4": "\\u0442\\u0435\\u043a\\u0441\\u0442\\u043e\\u0432\\u044b\\u0439", "a7": "\\u043d\\u0435\\u0442", "a6": "\\u043d\\u0435\\u0442", "a9": "", "a8": "-"}, {"a11": {}, "a10": "referred_object__id__in", "a1": "\\u0423\\u043f\\u043e\\u043c\\u0438\\u043d\\u0430\\u0435\\u043c\\u044b\\u0435 \\u043e\\u0431\\u044a\\u0435\\u043a\\u0442\\u044b", "a3": 1.0, "a2": "[\\u0442\\u0435\\u043a\\u0441\\u0442]", "a5": "\\u0414\\u0430", "a4": "\\u0442\\u0435\\u043a\\u0441\\u0442\\u043e\\u0432\\u044b\\u0439", "a7": "\\u043d\\u0435\\u0442", "a6": "\\u043d\\u0435\\u0442", "a9": "", "a8": "-"}, {"a11": {}, "a10": "emotional_tone_object__id__in", "a1": "\\u0422\\u043e\\u043d\\u0430\\u043b\\u044c\\u043d\\u043e\\u0441\\u0442\\u044c", "a3": 2.0, "a2": "[\\u0442\\u0435\\u043a\\u0441\\u0442]", "a5": "\\u0414\\u0430", "a4": "\\u0442\\u0435\\u043a\\u0441\\u0442\\u043e\\u0432\\u044b\\u0439", "a7": "\\u043d\\u0435\\u0442", "a6": "\\u043d\\u0435\\u0442", "a9": "", "a8": "-"}, {"a11": {}, "a10": "emotional_tone_title__id__in", "a1": "\\u0422\\u043e\\u043d\\u0430\\u043b\\u044c\\u043d\\u043e\\u0441\\u0442\\u044c \\u0437\\u0430\\u0433\\u043e\\u043b\\u043e\\u0432\\u043a\\u0430", "a3": "", "a2": "[\\u0442\\u0435\\u043a\\u0441\\u0442]", "a5": "\\u0414\\u0430", "a4": "\\u0442\\u0435\\u043a\\u0441\\u0442\\u043e\\u0432\\u044b\\u0439", "a7": "\\u043d\\u0435\\u0442", "a6": "\\u043d\\u0435\\u0442", "a9": "", "a8": "-"}, {"a11": {}, "a10": "object_role__id__in", "a1": "\\u0420\\u043e\\u043b\\u044c", "a3": "", "a2": "[\\u0442\\u0435\\u043a\\u0441\\u0442]", "a5": "\\u0414\\u0430", "a4": "\\u0442\\u0435\\u043a\\u0441\\u0442\\u043e\\u0432\\u044b\\u0439", "a7": "\\u043d\\u0435\\u0442", "a6": "\\u043d\\u0435\\u0442", "a9": "", "a8": "-"}, {"a11": {}, "a10": "info_reason__id__in", "a1": "\\u0418\\u043d\\u0444\\u043e\\u043f\\u043e\\u0432\\u043e\\u0434", "a3": 10.0, "a2": "[\\u0442\\u0435\\u043a\\u0441\\u0442]", "a5": "\\u0414\\u0430", "a4": "\\u0442\\u0435\\u043a\\u0441\\u0442\\u043e\\u0432\\u044b\\u0439", "a7": "\\u043d\\u0435\\u0442", "a6": "\\u043d\\u0435\\u0442", "a9": "", "a8": "-"}, {"a11": {}, "a10": "speaker__id__in", "a1": "\\u0424\\u0418\\u041e \\u0441\\u043f\\u0438\\u043a\\u0435\\u0440\\u0430", "a3": 15.0, "a2": "[\\u0442\\u0435\\u043a\\u0441\\u0442]", "a5": "\\u0414\\u0430", "a4": "\\u0442\\u0435\\u043a\\u0441\\u0442\\u043e\\u0432\\u044b\\u0439", "a7": "\\u0434\\u0430", "a6": "\\u0434\\u0430", "a9": "", "a8": "\\u0411\\u0435\\u0437 \\u0441\\u043f\\u0438\\u043a\\u0435\\u0440\\u0430"}, {"a11": {}, "a10": "speaker_category__id__in", "a1": "\\u041a\\u0430\\u0442\\u0435\\u0433\\u043e\\u0440\\u0438\\u044f \\u0441\\u043f\\u0438\\u043a\\u0435\\u0440\\u0430", "a3": 16.0, "a2": "[\\u0442\\u0435\\u043a\\u0441\\u0442]", "a5": "\\u0414\\u0430", "a4": "\\u0442\\u0435\\u043a\\u0441\\u0442\\u043e\\u0432\\u044b\\u0439", "a7": "\\u043d\\u0435\\u0442", "a6": "\\u043d\\u0435\\u0442", "a9": "", "a8": "\\u0411\\u0435\\u0437 \\u0441\\u043f\\u0438\\u043a\\u0435\\u0440\\u0430"}, {"a11": {}, "a10": "speaker_level__id__in", "a1": "\\u0423\\u0440\\u043e\\u0432\\u0435\\u043d\\u044c \\u0441\\u043f\\u0438\\u043a\\u0435\\u0440\\u0430", "a3": "", "a2": "[\\u0442\\u0435\\u043a\\u0441\\u0442]", "a5": "\\u0414\\u0430", "a4": "\\u0442\\u0435\\u043a\\u0441\\u0442\\u043e\\u0432\\u044b\\u0439", "a7": "\\u043d\\u0435\\u0442", "a6": "\\u043d\\u0435\\u0442", "a9": "", "a8": "\\u0411\\u0435\\u0437 \\u0441\\u043f\\u0438\\u043a\\u0435\\u0440\\u0430"}, {"a11": {}, "a10": "speaker_speech_hate__id__in", "a1": "\\u0425\\u0430\\u0440\\u0430\\u043a\\u0442\\u0435\\u0440 \\u0432\\u044b\\u0441\\u043a\\u0430\\u0437\\u044b\\u0432\\u0430\\u043d\\u0438\\u044f \\u0441\\u043f\\u0438\\u043a\\u0435\\u0440\\u0430", "a3": "", "a2": "[\\u0442\\u0435\\u043a\\u0441\\u0442]", "a5": "\\u0414\\u0430", "a4": "\\u0442\\u0435\\u043a\\u0441\\u0442\\u043e\\u0432\\u044b\\u0439", "a7": "\\u043d\\u0435\\u0442", "a6": "\\u043d\\u0435\\u0442", "a9": "", "a8": "\\u0411\\u0435\\u0437 \\u0441\\u043f\\u0438\\u043a\\u0435\\u0440\\u0430"}, {"a11": {}, "a10": "speaker_quote_uniqueness__id__in", "a1": "\\u0423\\u043d\\u0438\\u043a\\u0430\\u043b\\u044c\\u043d\\u043e\\u0441\\u0442\\u044c \\u0446\\u0438\\u0442\\u0430\\u0442 \\u0441\\u043f\\u0438\\u043a\\u0435\\u0440\\u0430", "a3": "", "a2": "[\\u0442\\u0435\\u043a\\u0441\\u0442]", "a5": "\\u0414\\u0430", "a4": "\\u0442\\u0435\\u043a\\u0441\\u0442\\u043e\\u0432\\u044b\\u0439", "a7": "\\u043d\\u0435\\u0442", "a6": "\\u043d\\u0435\\u0442", "a9": "", "a8": "\\u0411\\u0435\\u0437 \\u0441\\u043f\\u0438\\u043a\\u0435\\u0440\\u0430"}, {"a11": {}, "a10": "side__speaker__id__in", "a1": "\\u0424\\u0418\\u041e \\u0441\\u0442\\u043e\\u0440\\u043e\\u043d\\u043d\\u0435\\u0433\\u043e \\u0441\\u043f\\u0438\\u043a\\u0435\\u0440\\u0430", "a3": "", "a2": "[\\u0442\\u0435\\u043a\\u0441\\u0442]", "a5": "\\u0414\\u0430", "a4": "\\u0442\\u0435\\u043a\\u0441\\u0442\\u043e\\u0432\\u044b\\u0439", "a7": "\\u0434\\u0430", "a6": "\\u0434\\u0430", "a9": "", "a8": "\\u0411\\u0435\\u0437 \\u0441\\u0442\\u043e\\u0440\\u043e\\u043d\\u043d\\u0435\\u0433\\u043e \\u0441\\u043f\\u0438\\u043a\\u0435\\u0440\\u0430"}, {"a11": {}, "a10": "side_speaker_tonality__id__in", "a1": "\\u0422\\u043e\\u043d\\u0430\\u043b\\u044c\\u043d\\u043e\\u0441\\u0442\\u044c \\u0441\\u0442\\u043e\\u0440\\u043e\\u043d\\u043d\\u0435\\u0433\\u043e \\u0441\\u043f\\u0438\\u043a\\u0435\\u0440\\u0430", "a3": "", "a2": "[\\u0442\\u0435\\u043a\\u0441\\u0442]", "a5": "\\u0414\\u0430", "a4": "\\u0442\\u0435\\u043a\\u0441\\u0442\\u043e\\u0432\\u044b\\u0439", "a7": "\\u043d\\u0435\\u0442", "a6": "\\u043d\\u0435\\u0442", "a9": "", "a8": "\\u0411\\u0435\\u0437 \\u0441\\u0442\\u043e\\u0440\\u043e\\u043d\\u043d\\u0435\\u0433\\u043e \\u0441\\u043f\\u0438\\u043a\\u0435\\u0440\\u0430"}, {"a11": {}, "a10": "side_speaker_status__id__in", "a1": "\\u0421\\u0442\\u0430\\u0442\\u0443\\u0441 \\u0441\\u0442\\u043e\\u0440\\u043e\\u043d\\u043d\\u0435\\u0433\\u043e \\u0441\\u043f\\u0438\\u043a\\u0435\\u0440\\u0430", "a3": "", "a2": "[\\u0442\\u0435\\u043a\\u0441\\u0442]", "a5": "\\u0414\\u0430", "a4": "\\u0442\\u0435\\u043a\\u0441\\u0442\\u043e\\u0432\\u044b\\u0439", "a7": "\\u043d\\u0435\\u0442", "a6": "\\u043d\\u0435\\u0442", "a9": "", "a8": "\\u0411\\u0435\\u0437 \\u0441\\u0442\\u043e\\u0440\\u043e\\u043d\\u043d\\u0435\\u0433\\u043e \\u0441\\u043f\\u0438\\u043a\\u0435\\u0440\\u0430"}, {"a11": {}, "a10": "prt__range", "a1": "PRt", "a3": 12.0, "a2": "[\\u0442\\u0435\\u043a\\u0441\\u0442]", "a5": "\\u0414\\u0430", "a4": "\\u0447\\u0438\\u0441\\u043b\\u043e", "a7": "\\u043d\\u0435\\u0442", "a6": "\\u043d\\u0435\\u0442", "a9": "\\u0448\\u043a\\u0430\\u043b\\u0430", "a8": "-"}, {"a11": {}, "a10": "prv__range", "a1": "PRV", "a3": 11.0, "a2": "[\\u0442\\u0435\\u043a\\u0441\\u0442]", "a5": "\\u0414\\u0430", "a4": "\\u0447\\u0438\\u0441\\u043b\\u043e", "a7": "\\u043d\\u0435\\u0442", "a6": "\\u043d\\u0435\\u0442", "a9": "\\u0448\\u043a\\u0430\\u043b\\u0430", "a8": "-"}, {"a11": {}, "a10": "mo__range", "a1": "Media Outreach", "a3": 13.0, "a2": "[\\u0442\\u0435\\u043a\\u0441\\u0442]", "a5": "\\u0414\\u0430", "a4": "\\u0447\\u0438\\u0441\\u043b\\u043e", "a7": "\\u043d\\u0435\\u0442", "a6": "\\u043d\\u0435\\u0442", "a9": "\\u0448\\u043a\\u0430\\u043b\\u0430", "a8": "-"}, {"a11": {}, "a10": "mq__range", "a1": "MQ", "a3": "", "a2": "[\\u0442\\u0435\\u043a\\u0441\\u0442]", "a5": "\\u0414\\u0430", "a4": "\\u0447\\u0438\\u0441\\u043b\\u043e", "a7": "\\u043d\\u0435\\u0442", "a6": "\\u043d\\u0435\\u0442", "a9": "\\u0448\\u043a\\u0430\\u043b\\u0430", "a8": "-"}, {"a11": {}, "a10": "interaction_kind__id__in", "a1": "\\u0412\\u0438\\u0434 \\u0432\\u0437\\u0430\\u0438\\u043c\\u043e\\u0434\\u0435\\u0439\\u0441\\u0442\\u0432\\u0438\\u044f", "a3": "", "a2": "[\\u0442\\u0435\\u043a\\u0441\\u0442]", "a5": "\\u041d\\u0435\\u0442", "a4": "\\u0442\\u0435\\u043a\\u0441\\u0442\\u043e\\u0432\\u044b\\u0439", "a7": "\\u043d\\u0435\\u0442", "a6": "\\u043d\\u0435\\u0442", "a9": "", "a8": "\\u0414\\u0440\\u0443\\u0433\\u043e\\u0435"}, {"a11": {}, "a10": "initiation__id__in", "a1": "\\u0418\\u043d\\u0438\\u0446\\u0438\\u0438\\u0440\\u043e\\u0432\\u0430\\u043d\\u0438\\u0435", "a3": "", "a2": "[\\u0442\\u0435\\u043a\\u0441\\u0442]", "a5": "\\u0414\\u0430", "a4": "\\u0442\\u0435\\u043a\\u0441\\u0442\\u043e\\u0432\\u044b\\u0439", "a7": "\\u043d\\u0435\\u0442", "a6": "\\u043d\\u0435\\u0442", "a9": "", "a8": "\\u041d\\u0435\\u0442"}, {"a11": {}, "a10": "penetration__id__in", "a1": "\\u0421\\u0442\\u0435\\u043f\\u0435\\u043d\\u044c \\u043f\\u0440\\u043e\\u043d\\u0438\\u043a\\u043d\\u043e\\u0432\\u0435\\u043d\\u0438\\u044f \\u041f\\u0420/\\u041d\\u043e\\u0432\\u043e\\u0441\\u0442\\u0438", "a3": "", "a2": "[\\u0442\\u0435\\u043a\\u0441\\u0442]", "a5": "\\u041d\\u0435\\u0442", "a4": "\\u0442\\u0435\\u043a\\u0441\\u0442\\u043e\\u0432\\u044b\\u0439", "a7": "\\u043d\\u0435\\u0442", "a6": "\\u043d\\u0435\\u0442", "a9": "", "a8": "\\u041d\\u0435\\u0442"}, {"a11": {}, "a10": "id_press_release__id__in", "a1": "ID-\\u043f\\u0440\\u0435\\u0441\\u0441-\\u0440\\u0435\\u043b\\u0438\\u0437\\u0430", "a3": "", "a2": "[\\u0442\\u0435\\u043a\\u0441\\u0442]", "a5": "\\u041d\\u0435\\u0442", "a4": "\\u0442\\u0435\\u043a\\u0441\\u0442\\u043e\\u0432\\u044b\\u0439", "a7": "\\u0434\\u0430", "a6": "\\u0434\\u0430", "a9": "", "a8": "\\u041d\\u0435\\u0442"}, {"a11": {}, "a10": "referred_object__id__in", "a1": "\\u0423\\u043f\\u043e\\u043c\\u0438\\u043d\\u0430\\u0435\\u043c\\u043e\\u0441\\u0442\\u044c \\u043f\\u0440\\u043e\\u0434\\u0443\\u043a\\u0442\\u043e\\u0432", "a3": "", "a2": "[\\u0442\\u0435\\u043a\\u0441\\u0442]", "a5": "\\u041d\\u0435\\u0442", "a4": "\\u0442\\u0435\\u043a\\u0441\\u0442\\u043e\\u0432\\u044b\\u0439", "a7": "\\u0434\\u0430", "a6": "\\u0434\\u0430", "a9": "", "a8": "\\u041d\\u0435\\u0442"}, {"a11": {}, "a10": "advertisement_promo__id__in", "a1": "\\u0420\\u0435\\u043a\\u043b\\u0430\\u043c\\u0430/\\u043f\\u0440\\u043e\\u043c\\u043e", "a3": "", "a2": "[\\u0442\\u0435\\u043a\\u0441\\u0442]", "a5": "\\u0414\\u0430", "a4": "\\u0442\\u0435\\u043a\\u0441\\u0442\\u043e\\u0432\\u044b\\u0439", "a7": "\\u043d\\u0435\\u0442", "a6": "\\u043d\\u0435\\u0442", "a9": "", "a8": "\\u041d\\u0435\\u0442"}, {"a11": {}, "a10": "technologies__id__in", "a1": "\\u0422\\u0435\\u0445\\u043d\\u043e\\u043b\\u043e\\u0433\\u0438\\u0438", "a3": "", "a2": "[\\u0442\\u0435\\u043a\\u0441\\u0442]", "a5": "\\u0414\\u0430", "a4": "\\u0442\\u0435\\u043a\\u0441\\u0442\\u043e\\u0432\\u044b\\u0439", "a7": "\\u043d\\u0435\\u0442", "a6": "\\u043d\\u0435\\u0442", "a9": "", "a8": "\\u041d\\u0435\\u0442"}, {"a11": {}, "a10": "km__id__in", "a1": "KM", "a3": "", "a2": "[\\u0442\\u0435\\u043a\\u0441\\u0442]", "a5": "\\u041d\\u0435\\u0442", "a4": "\\u0442\\u0435\\u043a\\u0441\\u0442\\u043e\\u0432\\u044b\\u0439", "a7": "\\u043d\\u0435\\u0442", "a6": "\\u043d\\u0435\\u0442", "a9": "", "a8": "\\u0411\\u0435\\u0437 KM"}, {"a11": {}, "a10": "km_result", "a1": "KM \\u0438\\u0442\\u043e\\u0433", "a3": "", "a2": "[\\u0442\\u0435\\u043a\\u0441\\u0442]", "a5": "\\u041d\\u0435\\u0442", "a4": "\\u0442\\u0435\\u043a\\u0441\\u0442\\u043e\\u0432\\u044b\\u0439", "a7": "\\u043d\\u0435\\u0442", "a6": "\\u043d\\u0435\\u0442", "a9": "", "a8": ""}, {"a11": {}, "a10": "tag__id__in", "a1": "\\u0422\\u044d\\u0433", "a3": "", "a2": "[\\u0442\\u0435\\u043a\\u0441\\u0442]", "a5": "\\u041d\\u0435\\u0442", "a4": "\\u0442\\u0435\\u043a\\u0441\\u0442\\u043e\\u0432\\u044b\\u0439", "a7": "\\u043d\\u0435\\u0442", "a6": "\\u043d\\u0435\\u0442", "a9": "", "a8": "-"}, {"a11": {}, "a10": "duration__id__in", "a1": "\\u0414\\u043b\\u0438\\u0442\\u0435\\u043b\\u044c\\u043d\\u043e\\u0441\\u0442\\u044c", "a3": "", "a2": "[\\u0442\\u0435\\u043a\\u0441\\u0442]", "a5": "\\u041d\\u0435\\u0442", "a4": "\\u0447\\u0438\\u0441\\u043b\\u043e\\u0432\\u043e\\u0439", "a7": "\\u043d\\u0435\\u0442", "a6": "\\u043d\\u0435\\u0442", "a9": "\\u0448\\u043a\\u0430\\u043b\\u0430", "a8": "\\u041d\\u0435\\u0442"}, {"a11": {}, "a10": "cover__range", "a1": "\\u041e\\u0431\\u043b\\u043e\\u0436\\u043a\\u0430", "a3": "", "a2": "[\\u0442\\u0435\\u043a\\u0441\\u0442]", "a5": "\\u041d\\u0435\\u0442", "a4": "\\u0442\\u0435\\u043a\\u0441\\u0442\\u043e\\u0432\\u044b\\u0439", "a7": "\\u043d\\u0435\\u0442", "a6": "\\u043d\\u0435\\u0442", "a9": "", "a8": "\\u041d\\u0435\\u0442"}, {"a11": {}, "a10": "visibility__id__in", "a1": "\\u0417\\u0430\\u043c\\u0435\\u0442\\u043d\\u043e\\u0441\\u0442\\u044c \\u043c\\u0430\\u0442\\u0435\\u0440\\u0438\\u0430\\u043b\\u0430", "a3": "", "a2": "[\\u0442\\u0435\\u043a\\u0441\\u0442]", "a5": "\\u041d\\u0435\\u0442", "a4": "\\u0442\\u0435\\u043a\\u0441\\u0442\\u043e\\u0432\\u044b\\u0439", "a7": "\\u043d\\u0435\\u0442", "a6": "\\u043d\\u0435\\u0442", "a9": "", "a8": "-"}, {"a11": {}, "a10": "infographics__range", "a1": "\\u0418\\u043d\\u0444\\u043e\\u0433\\u0440\\u0430\\u0444\\u0438\\u043a\\u0430", "a3": "", "a2": "[\\u0442\\u0435\\u043a\\u0441\\u0442]", "a5": "\\u041d\\u0435\\u0442", "a4": "\\u0442\\u0435\\u043a\\u0441\\u0442\\u043e\\u0432\\u044b\\u0439", "a7": "\\u043d\\u0435\\u0442", "a6": "\\u043d\\u0435\\u0442", "a9": "", "a8": "\\u041e\\u0442\\u0441\\u0443\\u0442\\u0441\\u0442\\u0432\\u0443\\u0435\\u0442"}, {"a11": {}, "a10": "macroregion__id__in", "a1": "\\u041c\\u0430\\u043a\\u0440\\u043e\\u0440\\u0435\\u0433\\u0438\\u043e\\u043d", "a3": "", "a2": "[\\u0442\\u0435\\u043a\\u0441\\u0442]", "a5": "\\u041d\\u0435\\u0442", "a4": "\\u0442\\u0435\\u043a\\u0441\\u0442\\u043e\\u0432\\u044b\\u0439", "a7": "\\u043d\\u0435\\u0442", "a6": "\\u043d\\u0435\\u0442", "a9": "", "a8": "-"}, {"a11": {}, "a10": "media_list_special__id__in", "a1": "Media List", "a3": "", "a2": "[\\u0442\\u0435\\u043a\\u0441\\u0442]", "a5": "\\u041d\\u0435\\u0442", "a4": "\\u0442\\u0435\\u043a\\u0441\\u0442\\u043e\\u0432\\u044b\\u0439", "a7": "\\u043d\\u0435\\u0442", "a6": "\\u043d\\u0435\\u0442", "a9": "", "a8": "Others"}, {"a11": {}, "a10": "media_type_special__id__in", "a1": "Media Type", "a3": "", "a2": "[\\u0442\\u0435\\u043a\\u0441\\u0442]", "a5": "\\u041d\\u0435\\u0442", "a4": "\\u0442\\u0435\\u043a\\u0441\\u0442\\u043e\\u0432\\u044b\\u0439", "a7": "\\u043d\\u0435\\u0442", "a6": "\\u043d\\u0435\\u0442", "a9": "", "a8": "-"}, {"a11": {}, "a10": "media_category_special__id__in", "a1": "Media Category", "a3": "", "a2": "[\\u0442\\u0435\\u043a\\u0441\\u0442]", "a5": "\\u041d\\u0435\\u0442", "a4": "\\u0442\\u0435\\u043a\\u0441\\u0442\\u043e\\u0432\\u044b\\u0439", "a7": "\\u043d\\u0435\\u0442", "a6": "\\u043d\\u0435\\u0442", "a9": "", "a8": "-"}, {"a11": {}, "a10": "visibility_special__id__in", "a1": "Visibility", "a3": "", "a2": "[\\u0442\\u0435\\u043a\\u0441\\u0442]", "a5": "\\u041d\\u0435\\u0442", "a4": "\\u0442\\u0435\\u043a\\u0441\\u0442\\u043e\\u0432\\u044b\\u0439", "a7": "\\u043d\\u0435\\u0442", "a6": "\\u043d\\u0435\\u0442", "a9": "", "a8": "-"}, {"a11": {}, "a10": "image__id__in", "a1": "Image", "a3": "", "a2": "[\\u0442\\u0435\\u043a\\u0441\\u0442]", "a5": "\\u041d\\u0435\\u0442", "a4": "\\u0442\\u0435\\u043a\\u0441\\u0442\\u043e\\u0432\\u044b\\u0439", "a7": "\\u043d\\u0435\\u0442", "a6": "\\u043d\\u0435\\u0442", "a9": "", "a8": "Absent"}, {"a11": {}, "a10": "km_special__id__in", "a1": "Key Message Penetration", "a3": "", "a2": "[\\u0442\\u0435\\u043a\\u0441\\u0442]", "a5": "\\u041d\\u0435\\u0442", "a4": "\\u0442\\u0435\\u043a\\u0441\\u0442\\u043e\\u0432\\u044b\\u0439", "a7": "\\u043d\\u0435\\u0442", "a6": "\\u043d\\u0435\\u0442", "a9": "", "a8": "-"}, {"a11": {}, "a10": "brand_or_product__id__in", "a1": "Brand or Product Mention", "a3": "", "a2": "[\\u0442\\u0435\\u043a\\u0441\\u0442]", "a5": "\\u041d\\u0435\\u0442", "a4": "\\u0442\\u0435\\u043a\\u0441\\u0442\\u043e\\u0432\\u044b\\u0439", "a7": "\\u043d\\u0435\\u0442", "a6": "\\u043d\\u0435\\u0442", "a9": "", "a8": "-"}, {"a11": {}, "a10": "speaker_quote__id__in", "a1": "Speaker\\u2019s Quote", "a3": "", "a2": "[\\u0442\\u0435\\u043a\\u0441\\u0442]", "a5": "\\u041d\\u0435\\u0442", "a4": "\\u0442\\u0435\\u043a\\u0441\\u0442\\u043e\\u0432\\u044b\\u0439", "a7": "\\u043d\\u0435\\u0442", "a6": "\\u043d\\u0435\\u0442", "a9": "", "a8": "-"}, {"a11": {}, "a10": "third_patry_speakers__id__in", "a1": "Third Party Speakers\\u2019 Supporting Quotes", "a3": "", "a2": "[\\u0442\\u0435\\u043a\\u0441\\u0442]", "a5": "\\u041d\\u0435\\u0442", "a4": "\\u0442\\u0435\\u043a\\u0441\\u0442\\u043e\\u0432\\u044b\\u0439", "a7": "\\u043d\\u0435\\u0442", "a6": "\\u043d\\u0435\\u0442", "a9": "", "a8": "-"}, {"a11": {}, "a10": "headder_tonality__id__in", "a1": "Header Tonality", "a3": "", "a2": "[\\u0442\\u0435\\u043a\\u0441\\u0442]", "a5": "\\u041d\\u0435\\u0442", "a4": "\\u0442\\u0435\\u043a\\u0441\\u0442\\u043e\\u0432\\u044b\\u0439", "a7": "\\u043d\\u0435\\u0442", "a6": "\\u043d\\u0435\\u0442", "a9": "", "a8": "-"}, {"a11": {}, "a10": "main_tonality__id__in", "a1": "Main Tonality", "a3": "", "a2": "[\\u0442\\u0435\\u043a\\u0441\\u0442]", "a5": "\\u041d\\u0435\\u0442", "a4": "\\u0442\\u0435\\u043a\\u0441\\u0442\\u043e\\u0432\\u044b\\u0439", "a7": "\\u043d\\u0435\\u0442", "a6": "\\u043d\\u0435\\u0442", "a9": "", "a8": "-"}, {"a11": {}, "a10": "global_local_event__id__in", "a1": "Global/Local Event", "a3": "", "a2": "[\\u0442\\u0435\\u043a\\u0441\\u0442]", "a5": "\\u041d\\u0435\\u0442", "a4": "\\u0442\\u0435\\u043a\\u0441\\u0442\\u043e\\u0432\\u044b\\u0439", "a7": "\\u043d\\u0435\\u0442", "a6": "\\u043d\\u0435\\u0442", "a9": "", "a8": "-"}, {"a11": {}, "a10": "edge_region__id__in", "a1": "\\u041e\\u0431\\u043b\\u0430\\u0441\\u0442\\u044c \\u0438\\u043b\\u0438 \\u043a\\u0440\\u0430\\u0439", "a3": "", "a2": "[\\u0442\\u0435\\u043a\\u0441\\u0442]", "a5": "\\u041d\\u0435\\u0442", "a4": "\\u0442\\u0435\\u043a\\u0441\\u0442\\u043e\\u0432\\u044b\\u0439", "a7": "\\u043d\\u0435\\u0442", "a6": "\\u043d\\u0435\\u0442", "a9": "", "a8": "-"}]
45	1	45	[{"a11": {}, "a10": "day__id__in", "a1": "\\u0414\\u0435\\u043d\\u044c", "a3": "", "a2": "[\\u0442\\u0435\\u043a\\u0441\\u0442]", "a5": "\\u041d\\u0435\\u0442", "a4": "\\u0447\\u0438\\u0441\\u043b\\u043e\\u0432\\u043e\\u0439", "a7": "", "a6": "-", "a9": "list", "a8": ""}, {"a11": {}, "a10": "month__id__in", "a1": "\\u041c\\u0435\\u0441\\u044f\\u0446", "a3": "", "a2": "[\\u0442\\u0435\\u043a\\u0441\\u0442]", "a5": "\\u041d\\u0435\\u0442", "a4": "\\u0447\\u0438\\u0441\\u043b\\u043e\\u0432\\u043e\\u0439", "a7": "", "a6": "-", "a9": "list", "a8": ""}, {"a11": {}, "a10": "week__id__in", "a1": "\\u041d\\u0435\\u0434\\u0435\\u043b\\u044f", "a3": "", "a2": "[\\u0442\\u0435\\u043a\\u0441\\u0442]", "a5": "\\u041d\\u0435\\u0442", "a4": "\\u0447\\u0438\\u0441\\u043b\\u043e\\u0432\\u043e\\u0439", "a7": "", "a6": "-", "a9": "list", "a8": ""}, {"a11": {}, "a10": "media_level__id__in", "a1": "\\u0423\\u0440\\u043e\\u0432\\u0435\\u043d\\u044c \\u0421\\u041c\\u0418", "a3": 7.0, "a2": "[\\u0442\\u0435\\u043a\\u0441\\u0442]", "a5": "\\u041d\\u0435\\u0442", "a4": "\\u0442\\u0435\\u043a\\u0441\\u0442\\u043e\\u0432\\u044b\\u0439", "a7": "\\u043d\\u0435\\u0442", "a6": "\\u043d\\u0435\\u0442", "a9": "", "a8": "-"}, {"a11": {}, "a10": "city__id__in", "a1": "\\u0413\\u043e\\u0440\\u043e\\u0434", "a3": 5.0, "a2": "[\\u0442\\u0435\\u043a\\u0441\\u0442]", "a5": "\\u041d\\u0435\\u0442", "a4": "\\u0442\\u0435\\u043a\\u0441\\u0442\\u043e\\u0432\\u044b\\u0439", "a7": "\\u0434\\u0430", "a6": "\\u0434\\u0430", "a9": "", "a8": "-"}, {"a11": {}, "a10": "federal_district__id__in", "a1": "\\u0424\\u041e", "a3": 4.0, "a2": "[\\u0442\\u0435\\u043a\\u0441\\u0442]", "a5": "\\u041d\\u0435\\u0442", "a4": "\\u0442\\u0435\\u043a\\u0441\\u0442\\u043e\\u0432\\u044b\\u0439", "a7": "\\u0434\\u0430", "a6": "\\u043d\\u0435\\u0442", "a9": "", "a8": "\\u0411\\u0435\\u0437 \\u0424\\u041e"}, {"a11": {}, "a10": "region__id__in", "a1": "\\u0420\\u0435\\u0433\\u0438\\u043e\\u043d", "a3": "", "a2": "[\\u0442\\u0435\\u043a\\u0441\\u0442]", "a5": "\\u041d\\u0435\\u0442", "a4": "\\u0442\\u0435\\u043a\\u0441\\u0442\\u043e\\u0432\\u044b\\u0439", "a7": "\\u0434\\u0430", "a6": "\\u043d\\u0435\\u0442", "a9": "", "a8": "-"}, {"a11": {}, "a10": "branch__id__in", "a1": "\\u0424\\u0438\\u043b\\u0438\\u0430\\u043b", "a3": "", "a2": "[\\u0442\\u0435\\u043a\\u0441\\u0442]", "a5": "\\u041d\\u0435\\u0442", "a4": "\\u0442\\u0435\\u043a\\u0441\\u0442\\u043e\\u0432\\u044b\\u0439", "a7": "\\u0434\\u0430", "a6": "\\u043d\\u0435\\u0442", "a9": "", "a8": "\\u041f\\u0443\\u0441\\u0442\\u043e"}, {"a11": {}, "a10": "country__id__in", "a1": "\\u0421\\u0442\\u0440\\u0430\\u043d\\u0430", "a3": 3.0, "a2": "[\\u0442\\u0435\\u043a\\u0441\\u0442]", "a5": "\\u041d\\u0435\\u0442", "a4": "\\u0442\\u0435\\u043a\\u0441\\u0442\\u043e\\u0432\\u044b\\u0439", "a7": "\\u0434\\u0430", "a6": "\\u043d\\u0435\\u0442", "a9": "", "a8": "-"}, {"a11": {}, "a10": "author__id__in", "a1": "\\u0410\\u0432\\u0442\\u043e\\u0440", "a3": 14.0, "a2": "[\\u0442\\u0435\\u043a\\u0441\\u0442]", "a5": "\\u041d\\u0435\\u0442", "a4": "\\u0442\\u0435\\u043a\\u0441\\u0442\\u043e\\u0432\\u044b\\u0439", "a7": "\\u0434\\u0430", "a6": "\\u0434\\u0430", "a9": "", "a8": "\\u0411\\u0435\\u0437 \\u0430\\u0432\\u0442\\u043e\\u0440\\u0430"}, {"a11": {}, "a10": "media_type__id__in", "a1": "\\u0422\\u0438\\u043f \\u0421\\u041c\\u0418", "a3": "", "a2": "[\\u0442\\u0435\\u043a\\u0441\\u0442]", "a5": "\\u041d\\u0435\\u0442", "a4": "\\u0442\\u0435\\u043a\\u0441\\u0442\\u043e\\u0432\\u044b\\u0439", "a7": "\\u043d\\u0435\\u0442", "a6": "\\u043d\\u0435\\u0442", "a9": "", "a8": "-"}, {"a11": {}, "a10": "media_view__id__in", "a1": "\\u0412\\u0438\\u0434 \\u0421\\u041c\\u0418", "a3": 9.0, "a2": "[\\u0442\\u0435\\u043a\\u0441\\u0442]", "a5": "\\u041d\\u0435\\u0442", "a4": "\\u0442\\u0435\\u043a\\u0441\\u0442\\u043e\\u0432\\u044b\\u0439", "a7": "\\u043d\\u0435\\u0442", "a6": "\\u043d\\u0435\\u0442", "a9": "", "a8": "-"}, {"a11": {}, "a10": "media_list__id__in", "a1": "\\u0421\\u043f\\u0438\\u0441\\u043e\\u043a \\u0421\\u041c\\u0418", "a3": "", "a2": "[\\u0442\\u0435\\u043a\\u0441\\u0442]", "a5": "\\u041d\\u0435\\u0442", "a4": "\\u0442\\u0435\\u043a\\u0441\\u0442\\u043e\\u0432\\u044b\\u0439", "a7": "\\u043d\\u0435\\u0442", "a6": "\\u043d\\u0435\\u0442", "a9": "", "a8": "\\u041f\\u0443\\u0441\\u0442\\u043e"}, {"a11": {}, "a10": "media_category__id__in", "a1": "\\u041a\\u0430\\u0442\\u0435\\u0433\\u043e\\u0440\\u0438\\u044f \\u0421\\u041c\\u0418", "a3": 8.0, "a2": "[\\u0442\\u0435\\u043a\\u0441\\u0442]", "a5": "\\u041d\\u0435\\u0442", "a4": "\\u0442\\u0435\\u043a\\u0441\\u0442\\u043e\\u0432\\u044b\\u0439", "a7": "\\u043d\\u0435\\u0442", "a6": "\\u043d\\u0435\\u0442", "a9": "", "a8": "-"}, {"a11": {}, "a10": "source__id__in", "a1": "\\u0418\\u0441\\u0442\\u043e\\u0447\\u043d\\u0438\\u043a", "a3": 6.0, "a2": "[\\u0442\\u0435\\u043a\\u0441\\u0442]", "a5": "\\u041d\\u0435\\u0442", "a4": "\\u0442\\u0435\\u043a\\u0441\\u0442\\u043e\\u0432\\u044b\\u0439", "a7": "\\u0434\\u0430", "a6": "\\u0434\\u0430", "a9": "", "a8": "-"}, {"a11": {}, "a10": "title__id__in", "a1": "\\u0417\\u0430\\u0433\\u043e\\u043b\\u043e\\u0432\\u043e\\u043a", "a3": "", "a2": "[\\u0442\\u0435\\u043a\\u0441\\u0442]", "a5": "\\u041d\\u0435\\u0442", "a4": "\\u0442\\u0435\\u043a\\u0441\\u0442\\u043e\\u0432\\u044b\\u0439", "a7": "\\u0434\\u0430", "a6": "\\u0434\\u0430", "a9": "", "a8": "-"}, {"a11": {}, "a10": "release_time", "a1": "\\u0412\\u0440\\u0435\\u043c\\u044f \\u043f\\u0443\\u0431\\u043b\\u0438\\u043a\\u0430\\u0446\\u0438\\u0438", "a3": "", "a2": "[\\u0442\\u0435\\u043a\\u0441\\u0442]", "a5": "\\u041d\\u0435\\u0442", "a4": "\\u0432\\u0440\\u0435\\u043c\\u044f", "a7": "\\u043d\\u0435\\u0442", "a6": "\\u043d\\u0435\\u0442", "a9": "-", "a8": ""}, {"a11": {}, "a10": "url__id__in", "a1": "URL", "a3": "", "a2": "[\\u0442\\u0435\\u043a\\u0441\\u0442]", "a5": "\\u041d\\u0435\\u0442", "a4": "\\u0442\\u0435\\u043a\\u0441\\u0442\\u043e\\u0432\\u044b\\u0439", "a7": "\\u0434\\u0430", "a6": "\\u0434\\u0430", "a9": "", "a8": "\\u0411\\u0435\\u0437 URL"}, {"a11": {}, "a10": "bissines_direction__id__in", "a1": "\\u041d\\u0430\\u043f\\u0440\\u0430\\u0432\\u043b\\u0435\\u043d\\u0438\\u0435 \\u0431\\u0438\\u0437\\u043d\\u0435\\u0441\\u0430", "a3": "", "a2": "[\\u0442\\u0435\\u043a\\u0441\\u0442]", "a5": "\\u041d\\u0435\\u0442", "a4": "\\u0442\\u0435\\u043a\\u0441\\u0442\\u043e\\u0432\\u044b\\u0439", "a7": "\\u043d\\u0435\\u0442", "a6": "\\u043d\\u0435\\u0442", "a9": "", "a8": "\\u041f\\u0443\\u0441\\u0442\\u043e"}, {"a11": {}, "a10": "thematic_category__id__in", "a1": "\\u0422\\u0435\\u043c\\u0430\\u0442\\u0438\\u0447\\u0435\\u0441\\u043a\\u0430\\u044f \\u043a\\u0430\\u0442\\u0435\\u0433\\u043e\\u0440\\u0438\\u044f", "a3": "", "a2": "[\\u0442\\u0435\\u043a\\u0441\\u0442]", "a5": "\\u041d\\u0435\\u0442", "a4": "\\u0442\\u0435\\u043a\\u0441\\u0442\\u043e\\u0432\\u044b\\u0439", "a7": "\\u043d\\u0435\\u0442", "a6": "\\u043d\\u0435\\u0442", "a9": "", "a8": "\\u0414\\u0440\\u0443\\u0433\\u043e\\u0435"}, {"a11": {}, "a10": "material_genre__id__in", "a1": "\\u0416\\u0430\\u043d\\u0440 \\u043c\\u0430\\u0442\\u0435\\u0440\\u0438\\u0430\\u043b\\u0430", "a3": "", "a2": "[\\u0442\\u0435\\u043a\\u0441\\u0442]", "a5": "\\u041d\\u0435\\u0442", "a4": "\\u0442\\u0435\\u043a\\u0441\\u0442\\u043e\\u0432\\u044b\\u0439", "a7": "\\u043d\\u0435\\u0442", "a6": "\\u043d\\u0435\\u0442", "a9": "", "a8": "-"}, {"a11": {}, "a10": "info_reason__id__in", "a1": "\\u0418\\u043d\\u0444\\u043e\\u043f\\u043e\\u0432\\u043e\\u0434 \\u043c\\u0430\\u0442\\u0435\\u0440\\u0438\\u0430\\u043b\\u0430", "a3": "", "a2": "[\\u0442\\u0435\\u043a\\u0441\\u0442]", "a5": "\\u041d\\u0435\\u0442", "a4": "\\u0442\\u0435\\u043a\\u0441\\u0442\\u043e\\u0432\\u044b\\u0439", "a7": "\\u0434\\u0430", "a6": "\\u0434\\u0430", "a9": "", "a8": "-"}, {"a11": {}, "a10": "emotional_tone_title__id__in", "a1": "\\u0422\\u043e\\u043d\\u0430\\u043b\\u044c\\u043d\\u043e\\u0441\\u0442\\u044c \\u0437\\u0430\\u0433\\u043e\\u043b\\u043e\\u0432\\u043a\\u0430 \\u043c\\u0430\\u0442\\u0435\\u0440\\u0438\\u0430\\u043b\\u0430", "a3": "", "a2": "[\\u0442\\u0435\\u043a\\u0441\\u0442]", "a5": "\\u041d\\u0435\\u0442", "a4": "\\u0442\\u0435\\u043a\\u0441\\u0442\\u043e\\u0432\\u044b\\u0439", "a7": "\\u043d\\u0435\\u0442", "a6": "\\u043d\\u0435\\u0442", "a9": "", "a8": "-"}, {"a11": {}, "a10": "emotional_tone_material__id__in", "a1": "\\u0422\\u043e\\u043d\\u0430\\u043b\\u044c\\u043d\\u043e\\u0441\\u0442\\u044c \\u043c\\u0430\\u0442\\u0435\\u0440\\u0438\\u0430\\u043b\\u0430", "a3": "", "a2": "[\\u0442\\u0435\\u043a\\u0441\\u0442]", "a5": "\\u041d\\u0435\\u0442", "a4": "\\u0442\\u0435\\u043a\\u0441\\u0442\\u043e\\u0432\\u044b\\u0439", "a7": "\\u043d\\u0435\\u0442", "a6": "\\u043d\\u0435\\u0442", "a9": "", "a8": "-"}, {"a11": {}, "a10": "referred_object__id__in", "a1": "\\u0423\\u043f\\u043e\\u043c\\u0438\\u043d\\u0430\\u0435\\u043c\\u044b\\u0435 \\u043e\\u0431\\u044a\\u0435\\u043a\\u0442\\u044b", "a3": 1.0, "a2": "[\\u0442\\u0435\\u043a\\u0441\\u0442]", "a5": "\\u0414\\u0430", "a4": "\\u0442\\u0435\\u043a\\u0441\\u0442\\u043e\\u0432\\u044b\\u0439", "a7": "\\u043d\\u0435\\u0442", "a6": "\\u043d\\u0435\\u0442", "a9": "", "a8": "-"}, {"a11": {}, "a10": "emotional_tone_object__id__in", "a1": "\\u0422\\u043e\\u043d\\u0430\\u043b\\u044c\\u043d\\u043e\\u0441\\u0442\\u044c", "a3": 2.0, "a2": "[\\u0442\\u0435\\u043a\\u0441\\u0442]", "a5": "\\u0414\\u0430", "a4": "\\u0442\\u0435\\u043a\\u0441\\u0442\\u043e\\u0432\\u044b\\u0439", "a7": "\\u043d\\u0435\\u0442", "a6": "\\u043d\\u0435\\u0442", "a9": "", "a8": "-"}, {"a11": {}, "a10": "emotional_tone_title__id__in", "a1": "\\u0422\\u043e\\u043d\\u0430\\u043b\\u044c\\u043d\\u043e\\u0441\\u0442\\u044c \\u0437\\u0430\\u0433\\u043e\\u043b\\u043e\\u0432\\u043a\\u0430", "a3": "", "a2": "[\\u0442\\u0435\\u043a\\u0441\\u0442]", "a5": "\\u0414\\u0430", "a4": "\\u0442\\u0435\\u043a\\u0441\\u0442\\u043e\\u0432\\u044b\\u0439", "a7": "\\u043d\\u0435\\u0442", "a6": "\\u043d\\u0435\\u0442", "a9": "", "a8": "-"}, {"a11": {}, "a10": "object_role__id__in", "a1": "\\u0420\\u043e\\u043b\\u044c", "a3": "", "a2": "[\\u0442\\u0435\\u043a\\u0441\\u0442]", "a5": "\\u0414\\u0430", "a4": "\\u0442\\u0435\\u043a\\u0441\\u0442\\u043e\\u0432\\u044b\\u0439", "a7": "\\u043d\\u0435\\u0442", "a6": "\\u043d\\u0435\\u0442", "a9": "", "a8": "-"}, {"a11": {}, "a10": "info_reason__id__in", "a1": "\\u0418\\u043d\\u0444\\u043e\\u043f\\u043e\\u0432\\u043e\\u0434", "a3": 10.0, "a2": "[\\u0442\\u0435\\u043a\\u0441\\u0442]", "a5": "\\u0414\\u0430", "a4": "\\u0442\\u0435\\u043a\\u0441\\u0442\\u043e\\u0432\\u044b\\u0439", "a7": "\\u043d\\u0435\\u0442", "a6": "\\u043d\\u0435\\u0442", "a9": "", "a8": "-"}, {"a11": {}, "a10": "speaker__id__in", "a1": "\\u0424\\u0418\\u041e \\u0441\\u043f\\u0438\\u043a\\u0435\\u0440\\u0430", "a3": 15.0, "a2": "[\\u0442\\u0435\\u043a\\u0441\\u0442]", "a5": "\\u0414\\u0430", "a4": "\\u0442\\u0435\\u043a\\u0441\\u0442\\u043e\\u0432\\u044b\\u0439", "a7": "\\u0434\\u0430", "a6": "\\u0434\\u0430", "a9": "", "a8": "\\u0411\\u0435\\u0437 \\u0441\\u043f\\u0438\\u043a\\u0435\\u0440\\u0430"}, {"a11": {}, "a10": "speaker_category__id__in", "a1": "\\u041a\\u0430\\u0442\\u0435\\u0433\\u043e\\u0440\\u0438\\u044f \\u0441\\u043f\\u0438\\u043a\\u0435\\u0440\\u0430", "a3": 16.0, "a2": "[\\u0442\\u0435\\u043a\\u0441\\u0442]", "a5": "\\u0414\\u0430", "a4": "\\u0442\\u0435\\u043a\\u0441\\u0442\\u043e\\u0432\\u044b\\u0439", "a7": "\\u043d\\u0435\\u0442", "a6": "\\u043d\\u0435\\u0442", "a9": "", "a8": "\\u0411\\u0435\\u0437 \\u0441\\u043f\\u0438\\u043a\\u0435\\u0440\\u0430"}, {"a11": {}, "a10": "speaker_level__id__in", "a1": "\\u0423\\u0440\\u043e\\u0432\\u0435\\u043d\\u044c \\u0441\\u043f\\u0438\\u043a\\u0435\\u0440\\u0430", "a3": "", "a2": "[\\u0442\\u0435\\u043a\\u0441\\u0442]", "a5": "\\u0414\\u0430", "a4": "\\u0442\\u0435\\u043a\\u0441\\u0442\\u043e\\u0432\\u044b\\u0439", "a7": "\\u043d\\u0435\\u0442", "a6": "\\u043d\\u0435\\u0442", "a9": "", "a8": "\\u0411\\u0435\\u0437 \\u0441\\u043f\\u0438\\u043a\\u0435\\u0440\\u0430"}, {"a11": {}, "a10": "speaker_speech_hate__id__in", "a1": "\\u0425\\u0430\\u0440\\u0430\\u043a\\u0442\\u0435\\u0440 \\u0432\\u044b\\u0441\\u043a\\u0430\\u0437\\u044b\\u0432\\u0430\\u043d\\u0438\\u044f \\u0441\\u043f\\u0438\\u043a\\u0435\\u0440\\u0430", "a3": "", "a2": "[\\u0442\\u0435\\u043a\\u0441\\u0442]", "a5": "\\u0414\\u0430", "a4": "\\u0442\\u0435\\u043a\\u0441\\u0442\\u043e\\u0432\\u044b\\u0439", "a7": "\\u043d\\u0435\\u0442", "a6": "\\u043d\\u0435\\u0442", "a9": "", "a8": "\\u0411\\u0435\\u0437 \\u0441\\u043f\\u0438\\u043a\\u0435\\u0440\\u0430"}, {"a11": {}, "a10": "speaker_quote_uniqueness__id__in", "a1": "\\u0423\\u043d\\u0438\\u043a\\u0430\\u043b\\u044c\\u043d\\u043e\\u0441\\u0442\\u044c \\u0446\\u0438\\u0442\\u0430\\u0442 \\u0441\\u043f\\u0438\\u043a\\u0435\\u0440\\u0430", "a3": "", "a2": "[\\u0442\\u0435\\u043a\\u0441\\u0442]", "a5": "\\u0414\\u0430", "a4": "\\u0442\\u0435\\u043a\\u0441\\u0442\\u043e\\u0432\\u044b\\u0439", "a7": "\\u043d\\u0435\\u0442", "a6": "\\u043d\\u0435\\u0442", "a9": "", "a8": "\\u0411\\u0435\\u0437 \\u0441\\u043f\\u0438\\u043a\\u0435\\u0440\\u0430"}, {"a11": {}, "a10": "side__speaker__id__in", "a1": "\\u0424\\u0418\\u041e \\u0441\\u0442\\u043e\\u0440\\u043e\\u043d\\u043d\\u0435\\u0433\\u043e \\u0441\\u043f\\u0438\\u043a\\u0435\\u0440\\u0430", "a3": "", "a2": "[\\u0442\\u0435\\u043a\\u0441\\u0442]", "a5": "\\u0414\\u0430", "a4": "\\u0442\\u0435\\u043a\\u0441\\u0442\\u043e\\u0432\\u044b\\u0439", "a7": "\\u0434\\u0430", "a6": "\\u0434\\u0430", "a9": "", "a8": "\\u0411\\u0435\\u0437 \\u0441\\u0442\\u043e\\u0440\\u043e\\u043d\\u043d\\u0435\\u0433\\u043e \\u0441\\u043f\\u0438\\u043a\\u0435\\u0440\\u0430"}, {"a11": {}, "a10": "side_speaker_tonality__id__in", "a1": "\\u0422\\u043e\\u043d\\u0430\\u043b\\u044c\\u043d\\u043e\\u0441\\u0442\\u044c \\u0441\\u0442\\u043e\\u0440\\u043e\\u043d\\u043d\\u0435\\u0433\\u043e \\u0441\\u043f\\u0438\\u043a\\u0435\\u0440\\u0430", "a3": "", "a2": "[\\u0442\\u0435\\u043a\\u0441\\u0442]", "a5": "\\u0414\\u0430", "a4": "\\u0442\\u0435\\u043a\\u0441\\u0442\\u043e\\u0432\\u044b\\u0439", "a7": "\\u043d\\u0435\\u0442", "a6": "\\u043d\\u0435\\u0442", "a9": "", "a8": "\\u0411\\u0435\\u0437 \\u0441\\u0442\\u043e\\u0440\\u043e\\u043d\\u043d\\u0435\\u0433\\u043e \\u0441\\u043f\\u0438\\u043a\\u0435\\u0440\\u0430"}, {"a11": {}, "a10": "side_speaker_status__id__in", "a1": "\\u0421\\u0442\\u0430\\u0442\\u0443\\u0441 \\u0441\\u0442\\u043e\\u0440\\u043e\\u043d\\u043d\\u0435\\u0433\\u043e \\u0441\\u043f\\u0438\\u043a\\u0435\\u0440\\u0430", "a3": "", "a2": "[\\u0442\\u0435\\u043a\\u0441\\u0442]", "a5": "\\u0414\\u0430", "a4": "\\u0442\\u0435\\u043a\\u0441\\u0442\\u043e\\u0432\\u044b\\u0439", "a7": "\\u043d\\u0435\\u0442", "a6": "\\u043d\\u0435\\u0442", "a9": "", "a8": "\\u0411\\u0435\\u0437 \\u0441\\u0442\\u043e\\u0440\\u043e\\u043d\\u043d\\u0435\\u0433\\u043e \\u0441\\u043f\\u0438\\u043a\\u0435\\u0440\\u0430"}, {"a11": {}, "a10": "prt__range", "a1": "PRt", "a3": 12.0, "a2": "[\\u0442\\u0435\\u043a\\u0441\\u0442]", "a5": "\\u0414\\u0430", "a4": "\\u0447\\u0438\\u0441\\u043b\\u043e", "a7": "\\u043d\\u0435\\u0442", "a6": "\\u043d\\u0435\\u0442", "a9": "\\u0448\\u043a\\u0430\\u043b\\u0430", "a8": "-"}, {"a11": {}, "a10": "prv__range", "a1": "PRV", "a3": 11.0, "a2": "[\\u0442\\u0435\\u043a\\u0441\\u0442]", "a5": "\\u0414\\u0430", "a4": "\\u0447\\u0438\\u0441\\u043b\\u043e", "a7": "\\u043d\\u0435\\u0442", "a6": "\\u043d\\u0435\\u0442", "a9": "\\u0448\\u043a\\u0430\\u043b\\u0430", "a8": "-"}, {"a11": {}, "a10": "mo__range", "a1": "Media Outreach", "a3": 13.0, "a2": "[\\u0442\\u0435\\u043a\\u0441\\u0442]", "a5": "\\u0414\\u0430", "a4": "\\u0447\\u0438\\u0441\\u043b\\u043e", "a7": "\\u043d\\u0435\\u0442", "a6": "\\u043d\\u0435\\u0442", "a9": "\\u0448\\u043a\\u0430\\u043b\\u0430", "a8": "-"}, {"a11": {}, "a10": "mq__range", "a1": "MQ", "a3": "", "a2": "[\\u0442\\u0435\\u043a\\u0441\\u0442]", "a5": "\\u0414\\u0430", "a4": "\\u0447\\u0438\\u0441\\u043b\\u043e", "a7": "\\u043d\\u0435\\u0442", "a6": "\\u043d\\u0435\\u0442", "a9": "\\u0448\\u043a\\u0430\\u043b\\u0430", "a8": "-"}, {"a11": {}, "a10": "interaction_kind__id__in", "a1": "\\u0412\\u0438\\u0434 \\u0432\\u0437\\u0430\\u0438\\u043c\\u043e\\u0434\\u0435\\u0439\\u0441\\u0442\\u0432\\u0438\\u044f", "a3": "", "a2": "[\\u0442\\u0435\\u043a\\u0441\\u0442]", "a5": "\\u041d\\u0435\\u0442", "a4": "\\u0442\\u0435\\u043a\\u0441\\u0442\\u043e\\u0432\\u044b\\u0439", "a7": "\\u043d\\u0435\\u0442", "a6": "\\u043d\\u0435\\u0442", "a9": "", "a8": "\\u0414\\u0440\\u0443\\u0433\\u043e\\u0435"}, {"a11": {}, "a10": "initiation__id__in", "a1": "\\u0418\\u043d\\u0438\\u0446\\u0438\\u0438\\u0440\\u043e\\u0432\\u0430\\u043d\\u0438\\u0435", "a3": "", "a2": "[\\u0442\\u0435\\u043a\\u0441\\u0442]", "a5": "\\u0414\\u0430", "a4": "\\u0442\\u0435\\u043a\\u0441\\u0442\\u043e\\u0432\\u044b\\u0439", "a7": "\\u043d\\u0435\\u0442", "a6": "\\u043d\\u0435\\u0442", "a9": "", "a8": "\\u041d\\u0435\\u0442"}, {"a11": {}, "a10": "penetration__id__in", "a1": "\\u0421\\u0442\\u0435\\u043f\\u0435\\u043d\\u044c \\u043f\\u0440\\u043e\\u043d\\u0438\\u043a\\u043d\\u043e\\u0432\\u0435\\u043d\\u0438\\u044f \\u041f\\u0420/\\u041d\\u043e\\u0432\\u043e\\u0441\\u0442\\u0438", "a3": "", "a2": "[\\u0442\\u0435\\u043a\\u0441\\u0442]", "a5": "\\u041d\\u0435\\u0442", "a4": "\\u0442\\u0435\\u043a\\u0441\\u0442\\u043e\\u0432\\u044b\\u0439", "a7": "\\u043d\\u0435\\u0442", "a6": "\\u043d\\u0435\\u0442", "a9": "", "a8": "\\u041d\\u0435\\u0442"}, {"a11": {}, "a10": "id_press_release__id__in", "a1": "ID-\\u043f\\u0440\\u0435\\u0441\\u0441-\\u0440\\u0435\\u043b\\u0438\\u0437\\u0430", "a3": "", "a2": "[\\u0442\\u0435\\u043a\\u0441\\u0442]", "a5": "\\u041d\\u0435\\u0442", "a4": "\\u0442\\u0435\\u043a\\u0441\\u0442\\u043e\\u0432\\u044b\\u0439", "a7": "\\u0434\\u0430", "a6": "\\u0434\\u0430", "a9": "", "a8": "\\u041d\\u0435\\u0442"}, {"a11": {}, "a10": "referred_object__id__in", "a1": "\\u0423\\u043f\\u043e\\u043c\\u0438\\u043d\\u0430\\u0435\\u043c\\u043e\\u0441\\u0442\\u044c \\u043f\\u0440\\u043e\\u0434\\u0443\\u043a\\u0442\\u043e\\u0432", "a3": "", "a2": "[\\u0442\\u0435\\u043a\\u0441\\u0442]", "a5": "\\u041d\\u0435\\u0442", "a4": "\\u0442\\u0435\\u043a\\u0441\\u0442\\u043e\\u0432\\u044b\\u0439", "a7": "\\u0434\\u0430", "a6": "\\u0434\\u0430", "a9": "", "a8": "\\u041d\\u0435\\u0442"}, {"a11": {}, "a10": "advertisement_promo__id__in", "a1": "\\u0420\\u0435\\u043a\\u043b\\u0430\\u043c\\u0430/\\u043f\\u0440\\u043e\\u043c\\u043e", "a3": "", "a2": "[\\u0442\\u0435\\u043a\\u0441\\u0442]", "a5": "\\u0414\\u0430", "a4": "\\u0442\\u0435\\u043a\\u0441\\u0442\\u043e\\u0432\\u044b\\u0439", "a7": "\\u043d\\u0435\\u0442", "a6": "\\u043d\\u0435\\u0442", "a9": "", "a8": "\\u041d\\u0435\\u0442"}, {"a11": {}, "a10": "technologies__id__in", "a1": "\\u0422\\u0435\\u0445\\u043d\\u043e\\u043b\\u043e\\u0433\\u0438\\u0438", "a3": "", "a2": "[\\u0442\\u0435\\u043a\\u0441\\u0442]", "a5": "\\u0414\\u0430", "a4": "\\u0442\\u0435\\u043a\\u0441\\u0442\\u043e\\u0432\\u044b\\u0439", "a7": "\\u043d\\u0435\\u0442", "a6": "\\u043d\\u0435\\u0442", "a9": "", "a8": "\\u041d\\u0435\\u0442"}, {"a11": {}, "a10": "km__id__in", "a1": "KM", "a3": "", "a2": "[\\u0442\\u0435\\u043a\\u0441\\u0442]", "a5": "\\u041d\\u0435\\u0442", "a4": "\\u0442\\u0435\\u043a\\u0441\\u0442\\u043e\\u0432\\u044b\\u0439", "a7": "\\u043d\\u0435\\u0442", "a6": "\\u043d\\u0435\\u0442", "a9": "", "a8": "\\u0411\\u0435\\u0437 KM"}, {"a11": {}, "a10": "km_result", "a1": "KM \\u0438\\u0442\\u043e\\u0433", "a3": "", "a2": "[\\u0442\\u0435\\u043a\\u0441\\u0442]", "a5": "\\u041d\\u0435\\u0442", "a4": "\\u0442\\u0435\\u043a\\u0441\\u0442\\u043e\\u0432\\u044b\\u0439", "a7": "\\u043d\\u0435\\u0442", "a6": "\\u043d\\u0435\\u0442", "a9": "", "a8": ""}, {"a11": {}, "a10": "tag__id__in", "a1": "\\u0422\\u044d\\u0433", "a3": "", "a2": "[\\u0442\\u0435\\u043a\\u0441\\u0442]", "a5": "\\u041d\\u0435\\u0442", "a4": "\\u0442\\u0435\\u043a\\u0441\\u0442\\u043e\\u0432\\u044b\\u0439", "a7": "\\u043d\\u0435\\u0442", "a6": "\\u043d\\u0435\\u0442", "a9": "", "a8": "-"}, {"a11": {}, "a10": "duration__id__in", "a1": "\\u0414\\u043b\\u0438\\u0442\\u0435\\u043b\\u044c\\u043d\\u043e\\u0441\\u0442\\u044c", "a3": "", "a2": "[\\u0442\\u0435\\u043a\\u0441\\u0442]", "a5": "\\u041d\\u0435\\u0442", "a4": "\\u0447\\u0438\\u0441\\u043b\\u043e\\u0432\\u043e\\u0439", "a7": "\\u043d\\u0435\\u0442", "a6": "\\u043d\\u0435\\u0442", "a9": "\\u0448\\u043a\\u0430\\u043b\\u0430", "a8": "\\u041d\\u0435\\u0442"}, {"a11": {}, "a10": "cover__range", "a1": "\\u041e\\u0431\\u043b\\u043e\\u0436\\u043a\\u0430", "a3": "", "a2": "[\\u0442\\u0435\\u043a\\u0441\\u0442]", "a5": "\\u041d\\u0435\\u0442", "a4": "\\u0442\\u0435\\u043a\\u0441\\u0442\\u043e\\u0432\\u044b\\u0439", "a7": "\\u043d\\u0435\\u0442", "a6": "\\u043d\\u0435\\u0442", "a9": "", "a8": "\\u041d\\u0435\\u0442"}, {"a11": {}, "a10": "visibility__id__in", "a1": "\\u0417\\u0430\\u043c\\u0435\\u0442\\u043d\\u043e\\u0441\\u0442\\u044c \\u043c\\u0430\\u0442\\u0435\\u0440\\u0438\\u0430\\u043b\\u0430", "a3": "", "a2": "[\\u0442\\u0435\\u043a\\u0441\\u0442]", "a5": "\\u041d\\u0435\\u0442", "a4": "\\u0442\\u0435\\u043a\\u0441\\u0442\\u043e\\u0432\\u044b\\u0439", "a7": "\\u043d\\u0435\\u0442", "a6": "\\u043d\\u0435\\u0442", "a9": "", "a8": "-"}, {"a11": {}, "a10": "infographics__range", "a1": "\\u0418\\u043d\\u0444\\u043e\\u0433\\u0440\\u0430\\u0444\\u0438\\u043a\\u0430", "a3": "", "a2": "[\\u0442\\u0435\\u043a\\u0441\\u0442]", "a5": "\\u041d\\u0435\\u0442", "a4": "\\u0442\\u0435\\u043a\\u0441\\u0442\\u043e\\u0432\\u044b\\u0439", "a7": "\\u043d\\u0435\\u0442", "a6": "\\u043d\\u0435\\u0442", "a9": "", "a8": "\\u041e\\u0442\\u0441\\u0443\\u0442\\u0441\\u0442\\u0432\\u0443\\u0435\\u0442"}, {"a11": {}, "a10": "macroregion__id__in", "a1": "\\u041c\\u0430\\u043a\\u0440\\u043e\\u0440\\u0435\\u0433\\u0438\\u043e\\u043d", "a3": "", "a2": "[\\u0442\\u0435\\u043a\\u0441\\u0442]", "a5": "\\u041d\\u0435\\u0442", "a4": "\\u0442\\u0435\\u043a\\u0441\\u0442\\u043e\\u0432\\u044b\\u0439", "a7": "\\u043d\\u0435\\u0442", "a6": "\\u043d\\u0435\\u0442", "a9": "", "a8": "-"}, {"a11": {}, "a10": "media_list_special__id__in", "a1": "Media List", "a3": "", "a2": "[\\u0442\\u0435\\u043a\\u0441\\u0442]", "a5": "\\u041d\\u0435\\u0442", "a4": "\\u0442\\u0435\\u043a\\u0441\\u0442\\u043e\\u0432\\u044b\\u0439", "a7": "\\u043d\\u0435\\u0442", "a6": "\\u043d\\u0435\\u0442", "a9": "", "a8": "Others"}, {"a11": {}, "a10": "media_type_special__id__in", "a1": "Media Type", "a3": "", "a2": "[\\u0442\\u0435\\u043a\\u0441\\u0442]", "a5": "\\u041d\\u0435\\u0442", "a4": "\\u0442\\u0435\\u043a\\u0441\\u0442\\u043e\\u0432\\u044b\\u0439", "a7": "\\u043d\\u0435\\u0442", "a6": "\\u043d\\u0435\\u0442", "a9": "", "a8": "-"}, {"a11": {}, "a10": "media_category_special__id__in", "a1": "Media Category", "a3": "", "a2": "[\\u0442\\u0435\\u043a\\u0441\\u0442]", "a5": "\\u041d\\u0435\\u0442", "a4": "\\u0442\\u0435\\u043a\\u0441\\u0442\\u043e\\u0432\\u044b\\u0439", "a7": "\\u043d\\u0435\\u0442", "a6": "\\u043d\\u0435\\u0442", "a9": "", "a8": "-"}, {"a11": {}, "a10": "visibility_special__id__in", "a1": "Visibility", "a3": "", "a2": "[\\u0442\\u0435\\u043a\\u0441\\u0442]", "a5": "\\u041d\\u0435\\u0442", "a4": "\\u0442\\u0435\\u043a\\u0441\\u0442\\u043e\\u0432\\u044b\\u0439", "a7": "\\u043d\\u0435\\u0442", "a6": "\\u043d\\u0435\\u0442", "a9": "", "a8": "-"}, {"a11": {}, "a10": "image__id__in", "a1": "Image", "a3": "", "a2": "[\\u0442\\u0435\\u043a\\u0441\\u0442]", "a5": "\\u041d\\u0435\\u0442", "a4": "\\u0442\\u0435\\u043a\\u0441\\u0442\\u043e\\u0432\\u044b\\u0439", "a7": "\\u043d\\u0435\\u0442", "a6": "\\u043d\\u0435\\u0442", "a9": "", "a8": "Absent"}, {"a11": {}, "a10": "km_special__id__in", "a1": "Key Message Penetration", "a3": "", "a2": "[\\u0442\\u0435\\u043a\\u0441\\u0442]", "a5": "\\u041d\\u0435\\u0442", "a4": "\\u0442\\u0435\\u043a\\u0441\\u0442\\u043e\\u0432\\u044b\\u0439", "a7": "\\u043d\\u0435\\u0442", "a6": "\\u043d\\u0435\\u0442", "a9": "", "a8": "-"}, {"a11": {}, "a10": "brand_or_product__id__in", "a1": "Brand or Product Mention", "a3": "", "a2": "[\\u0442\\u0435\\u043a\\u0441\\u0442]", "a5": "\\u041d\\u0435\\u0442", "a4": "\\u0442\\u0435\\u043a\\u0441\\u0442\\u043e\\u0432\\u044b\\u0439", "a7": "\\u043d\\u0435\\u0442", "a6": "\\u043d\\u0435\\u0442", "a9": "", "a8": "-"}, {"a11": {}, "a10": "speaker_quote__id__in", "a1": "Speaker\\u2019s Quote", "a3": "", "a2": "[\\u0442\\u0435\\u043a\\u0441\\u0442]", "a5": "\\u041d\\u0435\\u0442", "a4": "\\u0442\\u0435\\u043a\\u0441\\u0442\\u043e\\u0432\\u044b\\u0439", "a7": "\\u043d\\u0435\\u0442", "a6": "\\u043d\\u0435\\u0442", "a9": "", "a8": "-"}, {"a11": {}, "a10": "third_patry_speakers__id__in", "a1": "Third Party Speakers\\u2019 Supporting Quotes", "a3": "", "a2": "[\\u0442\\u0435\\u043a\\u0441\\u0442]", "a5": "\\u041d\\u0435\\u0442", "a4": "\\u0442\\u0435\\u043a\\u0441\\u0442\\u043e\\u0432\\u044b\\u0439", "a7": "\\u043d\\u0435\\u0442", "a6": "\\u043d\\u0435\\u0442", "a9": "", "a8": "-"}, {"a11": {}, "a10": "headder_tonality__id__in", "a1": "Header Tonality", "a3": "", "a2": "[\\u0442\\u0435\\u043a\\u0441\\u0442]", "a5": "\\u041d\\u0435\\u0442", "a4": "\\u0442\\u0435\\u043a\\u0441\\u0442\\u043e\\u0432\\u044b\\u0439", "a7": "\\u043d\\u0435\\u0442", "a6": "\\u043d\\u0435\\u0442", "a9": "", "a8": "-"}, {"a11": {}, "a10": "main_tonality__id__in", "a1": "Main Tonality", "a3": "", "a2": "[\\u0442\\u0435\\u043a\\u0441\\u0442]", "a5": "\\u041d\\u0435\\u0442", "a4": "\\u0442\\u0435\\u043a\\u0441\\u0442\\u043e\\u0432\\u044b\\u0439", "a7": "\\u043d\\u0435\\u0442", "a6": "\\u043d\\u0435\\u0442", "a9": "", "a8": "-"}, {"a11": {}, "a10": "global_local_event__id__in", "a1": "Global/Local Event", "a3": "", "a2": "[\\u0442\\u0435\\u043a\\u0441\\u0442]", "a5": "\\u041d\\u0435\\u0442", "a4": "\\u0442\\u0435\\u043a\\u0441\\u0442\\u043e\\u0432\\u044b\\u0439", "a7": "\\u043d\\u0435\\u0442", "a6": "\\u043d\\u0435\\u0442", "a9": "", "a8": "-"}, {"a11": {}, "a10": "edge_region__id__in", "a1": "\\u041e\\u0431\\u043b\\u0430\\u0441\\u0442\\u044c \\u0438\\u043b\\u0438 \\u043a\\u0440\\u0430\\u0439", "a3": "", "a2": "[\\u0442\\u0435\\u043a\\u0441\\u0442]", "a5": "\\u041d\\u0435\\u0442", "a4": "\\u0442\\u0435\\u043a\\u0441\\u0442\\u043e\\u0432\\u044b\\u0439", "a7": "\\u043d\\u0435\\u0442", "a6": "\\u043d\\u0435\\u0442", "a9": "", "a8": "-"}]
47	1	47	[{"a11": {}, "a10": "day__id__in", "a1": "\\u0414\\u0435\\u043d\\u044c", "a3": "", "a2": "[\\u0442\\u0435\\u043a\\u0441\\u0442]", "a5": "\\u041d\\u0435\\u0442", "a4": "\\u0447\\u0438\\u0441\\u043b\\u043e\\u0432\\u043e\\u0439", "a7": "", "a6": "-", "a9": "list", "a8": ""}, {"a11": {}, "a10": "month__id__in", "a1": "\\u041c\\u0435\\u0441\\u044f\\u0446", "a3": "", "a2": "[\\u0442\\u0435\\u043a\\u0441\\u0442]", "a5": "\\u041d\\u0435\\u0442", "a4": "\\u0447\\u0438\\u0441\\u043b\\u043e\\u0432\\u043e\\u0439", "a7": "", "a6": "-", "a9": "list", "a8": ""}, {"a11": {}, "a10": "week__id__in", "a1": "\\u041d\\u0435\\u0434\\u0435\\u043b\\u044f", "a3": "", "a2": "[\\u0442\\u0435\\u043a\\u0441\\u0442]", "a5": "\\u041d\\u0435\\u0442", "a4": "\\u0447\\u0438\\u0441\\u043b\\u043e\\u0432\\u043e\\u0439", "a7": "", "a6": "-", "a9": "list", "a8": ""}, {"a11": {}, "a10": "media_level__id__in", "a1": "\\u0423\\u0440\\u043e\\u0432\\u0435\\u043d\\u044c \\u0421\\u041c\\u0418", "a3": 7.0, "a2": "[\\u0442\\u0435\\u043a\\u0441\\u0442]", "a5": "\\u041d\\u0435\\u0442", "a4": "\\u0442\\u0435\\u043a\\u0441\\u0442\\u043e\\u0432\\u044b\\u0439", "a7": "\\u043d\\u0435\\u0442", "a6": "\\u043d\\u0435\\u0442", "a9": "", "a8": "-"}, {"a11": {}, "a10": "city__id__in", "a1": "\\u0413\\u043e\\u0440\\u043e\\u0434", "a3": 5.0, "a2": "[\\u0442\\u0435\\u043a\\u0441\\u0442]", "a5": "\\u041d\\u0435\\u0442", "a4": "\\u0442\\u0435\\u043a\\u0441\\u0442\\u043e\\u0432\\u044b\\u0439", "a7": "\\u0434\\u0430", "a6": "\\u0434\\u0430", "a9": "", "a8": "-"}, {"a11": {}, "a10": "federal_district__id__in", "a1": "\\u0424\\u041e", "a3": 4.0, "a2": "[\\u0442\\u0435\\u043a\\u0441\\u0442]", "a5": "\\u041d\\u0435\\u0442", "a4": "\\u0442\\u0435\\u043a\\u0441\\u0442\\u043e\\u0432\\u044b\\u0439", "a7": "\\u0434\\u0430", "a6": "\\u043d\\u0435\\u0442", "a9": "", "a8": "\\u0411\\u0435\\u0437 \\u0424\\u041e"}, {"a11": {}, "a10": "region__id__in", "a1": "\\u0420\\u0435\\u0433\\u0438\\u043e\\u043d", "a3": "", "a2": "[\\u0442\\u0435\\u043a\\u0441\\u0442]", "a5": "\\u041d\\u0435\\u0442", "a4": "\\u0442\\u0435\\u043a\\u0441\\u0442\\u043e\\u0432\\u044b\\u0439", "a7": "\\u0434\\u0430", "a6": "\\u043d\\u0435\\u0442", "a9": "", "a8": "-"}, {"a11": {}, "a10": "branch__id__in", "a1": "\\u0424\\u0438\\u043b\\u0438\\u0430\\u043b", "a3": "", "a2": "[\\u0442\\u0435\\u043a\\u0441\\u0442]", "a5": "\\u041d\\u0435\\u0442", "a4": "\\u0442\\u0435\\u043a\\u0441\\u0442\\u043e\\u0432\\u044b\\u0439", "a7": "\\u0434\\u0430", "a6": "\\u043d\\u0435\\u0442", "a9": "", "a8": "\\u041f\\u0443\\u0441\\u0442\\u043e"}, {"a11": {}, "a10": "country__id__in", "a1": "\\u0421\\u0442\\u0440\\u0430\\u043d\\u0430", "a3": 3.0, "a2": "[\\u0442\\u0435\\u043a\\u0441\\u0442]", "a5": "\\u041d\\u0435\\u0442", "a4": "\\u0442\\u0435\\u043a\\u0441\\u0442\\u043e\\u0432\\u044b\\u0439", "a7": "\\u0434\\u0430", "a6": "\\u043d\\u0435\\u0442", "a9": "", "a8": "-"}, {"a11": {}, "a10": "author__id__in", "a1": "\\u0410\\u0432\\u0442\\u043e\\u0440", "a3": 14.0, "a2": "[\\u0442\\u0435\\u043a\\u0441\\u0442]", "a5": "\\u041d\\u0435\\u0442", "a4": "\\u0442\\u0435\\u043a\\u0441\\u0442\\u043e\\u0432\\u044b\\u0439", "a7": "\\u0434\\u0430", "a6": "\\u0434\\u0430", "a9": "", "a8": "\\u0411\\u0435\\u0437 \\u0430\\u0432\\u0442\\u043e\\u0440\\u0430"}, {"a11": {}, "a10": "media_type__id__in", "a1": "\\u0422\\u0438\\u043f \\u0421\\u041c\\u0418", "a3": "", "a2": "[\\u0442\\u0435\\u043a\\u0441\\u0442]", "a5": "\\u041d\\u0435\\u0442", "a4": "\\u0442\\u0435\\u043a\\u0441\\u0442\\u043e\\u0432\\u044b\\u0439", "a7": "\\u043d\\u0435\\u0442", "a6": "\\u043d\\u0435\\u0442", "a9": "", "a8": "-"}, {"a11": {}, "a10": "media_view__id__in", "a1": "\\u0412\\u0438\\u0434 \\u0421\\u041c\\u0418", "a3": 9.0, "a2": "[\\u0442\\u0435\\u043a\\u0441\\u0442]", "a5": "\\u041d\\u0435\\u0442", "a4": "\\u0442\\u0435\\u043a\\u0441\\u0442\\u043e\\u0432\\u044b\\u0439", "a7": "\\u043d\\u0435\\u0442", "a6": "\\u043d\\u0435\\u0442", "a9": "", "a8": "-"}, {"a11": {}, "a10": "media_list__id__in", "a1": "\\u0421\\u043f\\u0438\\u0441\\u043e\\u043a \\u0421\\u041c\\u0418", "a3": "", "a2": "[\\u0442\\u0435\\u043a\\u0441\\u0442]", "a5": "\\u041d\\u0435\\u0442", "a4": "\\u0442\\u0435\\u043a\\u0441\\u0442\\u043e\\u0432\\u044b\\u0439", "a7": "\\u043d\\u0435\\u0442", "a6": "\\u043d\\u0435\\u0442", "a9": "", "a8": "\\u041f\\u0443\\u0441\\u0442\\u043e"}, {"a11": {}, "a10": "media_category__id__in", "a1": "\\u041a\\u0430\\u0442\\u0435\\u0433\\u043e\\u0440\\u0438\\u044f \\u0421\\u041c\\u0418", "a3": 8.0, "a2": "[\\u0442\\u0435\\u043a\\u0441\\u0442]", "a5": "\\u041d\\u0435\\u0442", "a4": "\\u0442\\u0435\\u043a\\u0441\\u0442\\u043e\\u0432\\u044b\\u0439", "a7": "\\u043d\\u0435\\u0442", "a6": "\\u043d\\u0435\\u0442", "a9": "", "a8": "-"}, {"a11": {}, "a10": "source__id__in", "a1": "\\u0418\\u0441\\u0442\\u043e\\u0447\\u043d\\u0438\\u043a", "a3": 6.0, "a2": "[\\u0442\\u0435\\u043a\\u0441\\u0442]", "a5": "\\u041d\\u0435\\u0442", "a4": "\\u0442\\u0435\\u043a\\u0441\\u0442\\u043e\\u0432\\u044b\\u0439", "a7": "\\u0434\\u0430", "a6": "\\u0434\\u0430", "a9": "", "a8": "-"}, {"a11": {}, "a10": "title__id__in", "a1": "\\u0417\\u0430\\u0433\\u043e\\u043b\\u043e\\u0432\\u043e\\u043a", "a3": "", "a2": "[\\u0442\\u0435\\u043a\\u0441\\u0442]", "a5": "\\u041d\\u0435\\u0442", "a4": "\\u0442\\u0435\\u043a\\u0441\\u0442\\u043e\\u0432\\u044b\\u0439", "a7": "\\u0434\\u0430", "a6": "\\u0434\\u0430", "a9": "", "a8": "-"}, {"a11": {}, "a10": "release_time", "a1": "\\u0412\\u0440\\u0435\\u043c\\u044f \\u043f\\u0443\\u0431\\u043b\\u0438\\u043a\\u0430\\u0446\\u0438\\u0438", "a3": "", "a2": "[\\u0442\\u0435\\u043a\\u0441\\u0442]", "a5": "\\u041d\\u0435\\u0442", "a4": "\\u0432\\u0440\\u0435\\u043c\\u044f", "a7": "\\u043d\\u0435\\u0442", "a6": "\\u043d\\u0435\\u0442", "a9": "-", "a8": ""}, {"a11": {}, "a10": "url__id__in", "a1": "URL", "a3": "", "a2": "[\\u0442\\u0435\\u043a\\u0441\\u0442]", "a5": "\\u041d\\u0435\\u0442", "a4": "\\u0442\\u0435\\u043a\\u0441\\u0442\\u043e\\u0432\\u044b\\u0439", "a7": "\\u0434\\u0430", "a6": "\\u0434\\u0430", "a9": "", "a8": "\\u0411\\u0435\\u0437 URL"}, {"a11": {}, "a10": "bissines_direction__id__in", "a1": "\\u041d\\u0430\\u043f\\u0440\\u0430\\u0432\\u043b\\u0435\\u043d\\u0438\\u0435 \\u0431\\u0438\\u0437\\u043d\\u0435\\u0441\\u0430", "a3": "", "a2": "[\\u0442\\u0435\\u043a\\u0441\\u0442]", "a5": "\\u041d\\u0435\\u0442", "a4": "\\u0442\\u0435\\u043a\\u0441\\u0442\\u043e\\u0432\\u044b\\u0439", "a7": "\\u043d\\u0435\\u0442", "a6": "\\u043d\\u0435\\u0442", "a9": "", "a8": "\\u041f\\u0443\\u0441\\u0442\\u043e"}, {"a11": {}, "a10": "thematic_category__id__in", "a1": "\\u0422\\u0435\\u043c\\u0430\\u0442\\u0438\\u0447\\u0435\\u0441\\u043a\\u0430\\u044f \\u043a\\u0430\\u0442\\u0435\\u0433\\u043e\\u0440\\u0438\\u044f", "a3": "", "a2": "[\\u0442\\u0435\\u043a\\u0441\\u0442]", "a5": "\\u041d\\u0435\\u0442", "a4": "\\u0442\\u0435\\u043a\\u0441\\u0442\\u043e\\u0432\\u044b\\u0439", "a7": "\\u043d\\u0435\\u0442", "a6": "\\u043d\\u0435\\u0442", "a9": "", "a8": "\\u0414\\u0440\\u0443\\u0433\\u043e\\u0435"}, {"a11": {}, "a10": "material_genre__id__in", "a1": "\\u0416\\u0430\\u043d\\u0440 \\u043c\\u0430\\u0442\\u0435\\u0440\\u0438\\u0430\\u043b\\u0430", "a3": "", "a2": "[\\u0442\\u0435\\u043a\\u0441\\u0442]", "a5": "\\u041d\\u0435\\u0442", "a4": "\\u0442\\u0435\\u043a\\u0441\\u0442\\u043e\\u0432\\u044b\\u0439", "a7": "\\u043d\\u0435\\u0442", "a6": "\\u043d\\u0435\\u0442", "a9": "", "a8": "-"}, {"a11": {}, "a10": "info_reason__id__in", "a1": "\\u0418\\u043d\\u0444\\u043e\\u043f\\u043e\\u0432\\u043e\\u0434 \\u043c\\u0430\\u0442\\u0435\\u0440\\u0438\\u0430\\u043b\\u0430", "a3": "", "a2": "[\\u0442\\u0435\\u043a\\u0441\\u0442]", "a5": "\\u041d\\u0435\\u0442", "a4": "\\u0442\\u0435\\u043a\\u0441\\u0442\\u043e\\u0432\\u044b\\u0439", "a7": "\\u0434\\u0430", "a6": "\\u0434\\u0430", "a9": "", "a8": "-"}, {"a11": {}, "a10": "emotional_tone_title__id__in", "a1": "\\u0422\\u043e\\u043d\\u0430\\u043b\\u044c\\u043d\\u043e\\u0441\\u0442\\u044c \\u0437\\u0430\\u0433\\u043e\\u043b\\u043e\\u0432\\u043a\\u0430 \\u043c\\u0430\\u0442\\u0435\\u0440\\u0438\\u0430\\u043b\\u0430", "a3": "", "a2": "[\\u0442\\u0435\\u043a\\u0441\\u0442]", "a5": "\\u041d\\u0435\\u0442", "a4": "\\u0442\\u0435\\u043a\\u0441\\u0442\\u043e\\u0432\\u044b\\u0439", "a7": "\\u043d\\u0435\\u0442", "a6": "\\u043d\\u0435\\u0442", "a9": "", "a8": "-"}, {"a11": {}, "a10": "emotional_tone_material__id__in", "a1": "\\u0422\\u043e\\u043d\\u0430\\u043b\\u044c\\u043d\\u043e\\u0441\\u0442\\u044c \\u043c\\u0430\\u0442\\u0435\\u0440\\u0438\\u0430\\u043b\\u0430", "a3": "", "a2": "[\\u0442\\u0435\\u043a\\u0441\\u0442]", "a5": "\\u041d\\u0435\\u0442", "a4": "\\u0442\\u0435\\u043a\\u0441\\u0442\\u043e\\u0432\\u044b\\u0439", "a7": "\\u043d\\u0435\\u0442", "a6": "\\u043d\\u0435\\u0442", "a9": "", "a8": "-"}, {"a11": {}, "a10": "referred_object__id__in", "a1": "\\u0423\\u043f\\u043e\\u043c\\u0438\\u043d\\u0430\\u0435\\u043c\\u044b\\u0435 \\u043e\\u0431\\u044a\\u0435\\u043a\\u0442\\u044b", "a3": 1.0, "a2": "[\\u0442\\u0435\\u043a\\u0441\\u0442]", "a5": "\\u0414\\u0430", "a4": "\\u0442\\u0435\\u043a\\u0441\\u0442\\u043e\\u0432\\u044b\\u0439", "a7": "\\u043d\\u0435\\u0442", "a6": "\\u043d\\u0435\\u0442", "a9": "", "a8": "-"}, {"a11": {}, "a10": "emotional_tone_object__id__in", "a1": "\\u0422\\u043e\\u043d\\u0430\\u043b\\u044c\\u043d\\u043e\\u0441\\u0442\\u044c", "a3": 2.0, "a2": "[\\u0442\\u0435\\u043a\\u0441\\u0442]", "a5": "\\u0414\\u0430", "a4": "\\u0442\\u0435\\u043a\\u0441\\u0442\\u043e\\u0432\\u044b\\u0439", "a7": "\\u043d\\u0435\\u0442", "a6": "\\u043d\\u0435\\u0442", "a9": "", "a8": "-"}, {"a11": {}, "a10": "emotional_tone_title__id__in", "a1": "\\u0422\\u043e\\u043d\\u0430\\u043b\\u044c\\u043d\\u043e\\u0441\\u0442\\u044c \\u0437\\u0430\\u0433\\u043e\\u043b\\u043e\\u0432\\u043a\\u0430", "a3": "", "a2": "[\\u0442\\u0435\\u043a\\u0441\\u0442]", "a5": "\\u0414\\u0430", "a4": "\\u0442\\u0435\\u043a\\u0441\\u0442\\u043e\\u0432\\u044b\\u0439", "a7": "\\u043d\\u0435\\u0442", "a6": "\\u043d\\u0435\\u0442", "a9": "", "a8": "-"}, {"a11": {}, "a10": "object_role__id__in", "a1": "\\u0420\\u043e\\u043b\\u044c", "a3": "", "a2": "[\\u0442\\u0435\\u043a\\u0441\\u0442]", "a5": "\\u0414\\u0430", "a4": "\\u0442\\u0435\\u043a\\u0441\\u0442\\u043e\\u0432\\u044b\\u0439", "a7": "\\u043d\\u0435\\u0442", "a6": "\\u043d\\u0435\\u0442", "a9": "", "a8": "-"}, {"a11": {}, "a10": "info_reason__id__in", "a1": "\\u0418\\u043d\\u0444\\u043e\\u043f\\u043e\\u0432\\u043e\\u0434", "a3": 10.0, "a2": "[\\u0442\\u0435\\u043a\\u0441\\u0442]", "a5": "\\u0414\\u0430", "a4": "\\u0442\\u0435\\u043a\\u0441\\u0442\\u043e\\u0432\\u044b\\u0439", "a7": "\\u043d\\u0435\\u0442", "a6": "\\u043d\\u0435\\u0442", "a9": "", "a8": "-"}, {"a11": {}, "a10": "speaker__id__in", "a1": "\\u0424\\u0418\\u041e \\u0441\\u043f\\u0438\\u043a\\u0435\\u0440\\u0430", "a3": 15.0, "a2": "[\\u0442\\u0435\\u043a\\u0441\\u0442]", "a5": "\\u0414\\u0430", "a4": "\\u0442\\u0435\\u043a\\u0441\\u0442\\u043e\\u0432\\u044b\\u0439", "a7": "\\u0434\\u0430", "a6": "\\u0434\\u0430", "a9": "", "a8": "\\u0411\\u0435\\u0437 \\u0441\\u043f\\u0438\\u043a\\u0435\\u0440\\u0430"}, {"a11": {}, "a10": "speaker_category__id__in", "a1": "\\u041a\\u0430\\u0442\\u0435\\u0433\\u043e\\u0440\\u0438\\u044f \\u0441\\u043f\\u0438\\u043a\\u0435\\u0440\\u0430", "a3": 16.0, "a2": "[\\u0442\\u0435\\u043a\\u0441\\u0442]", "a5": "\\u0414\\u0430", "a4": "\\u0442\\u0435\\u043a\\u0441\\u0442\\u043e\\u0432\\u044b\\u0439", "a7": "\\u043d\\u0435\\u0442", "a6": "\\u043d\\u0435\\u0442", "a9": "", "a8": "\\u0411\\u0435\\u0437 \\u0441\\u043f\\u0438\\u043a\\u0435\\u0440\\u0430"}, {"a11": {}, "a10": "speaker_level__id__in", "a1": "\\u0423\\u0440\\u043e\\u0432\\u0435\\u043d\\u044c \\u0441\\u043f\\u0438\\u043a\\u0435\\u0440\\u0430", "a3": "", "a2": "[\\u0442\\u0435\\u043a\\u0441\\u0442]", "a5": "\\u0414\\u0430", "a4": "\\u0442\\u0435\\u043a\\u0441\\u0442\\u043e\\u0432\\u044b\\u0439", "a7": "\\u043d\\u0435\\u0442", "a6": "\\u043d\\u0435\\u0442", "a9": "", "a8": "\\u0411\\u0435\\u0437 \\u0441\\u043f\\u0438\\u043a\\u0435\\u0440\\u0430"}, {"a11": {}, "a10": "speaker_speech_hate__id__in", "a1": "\\u0425\\u0430\\u0440\\u0430\\u043a\\u0442\\u0435\\u0440 \\u0432\\u044b\\u0441\\u043a\\u0430\\u0437\\u044b\\u0432\\u0430\\u043d\\u0438\\u044f \\u0441\\u043f\\u0438\\u043a\\u0435\\u0440\\u0430", "a3": "", "a2": "[\\u0442\\u0435\\u043a\\u0441\\u0442]", "a5": "\\u0414\\u0430", "a4": "\\u0442\\u0435\\u043a\\u0441\\u0442\\u043e\\u0432\\u044b\\u0439", "a7": "\\u043d\\u0435\\u0442", "a6": "\\u043d\\u0435\\u0442", "a9": "", "a8": "\\u0411\\u0435\\u0437 \\u0441\\u043f\\u0438\\u043a\\u0435\\u0440\\u0430"}, {"a11": {}, "a10": "speaker_quote_uniqueness__id__in", "a1": "\\u0423\\u043d\\u0438\\u043a\\u0430\\u043b\\u044c\\u043d\\u043e\\u0441\\u0442\\u044c \\u0446\\u0438\\u0442\\u0430\\u0442 \\u0441\\u043f\\u0438\\u043a\\u0435\\u0440\\u0430", "a3": "", "a2": "[\\u0442\\u0435\\u043a\\u0441\\u0442]", "a5": "\\u0414\\u0430", "a4": "\\u0442\\u0435\\u043a\\u0441\\u0442\\u043e\\u0432\\u044b\\u0439", "a7": "\\u043d\\u0435\\u0442", "a6": "\\u043d\\u0435\\u0442", "a9": "", "a8": "\\u0411\\u0435\\u0437 \\u0441\\u043f\\u0438\\u043a\\u0435\\u0440\\u0430"}, {"a11": {}, "a10": "side__speaker__id__in", "a1": "\\u0424\\u0418\\u041e \\u0441\\u0442\\u043e\\u0440\\u043e\\u043d\\u043d\\u0435\\u0433\\u043e \\u0441\\u043f\\u0438\\u043a\\u0435\\u0440\\u0430", "a3": "", "a2": "[\\u0442\\u0435\\u043a\\u0441\\u0442]", "a5": "\\u0414\\u0430", "a4": "\\u0442\\u0435\\u043a\\u0441\\u0442\\u043e\\u0432\\u044b\\u0439", "a7": "\\u0434\\u0430", "a6": "\\u0434\\u0430", "a9": "", "a8": "\\u0411\\u0435\\u0437 \\u0441\\u0442\\u043e\\u0440\\u043e\\u043d\\u043d\\u0435\\u0433\\u043e \\u0441\\u043f\\u0438\\u043a\\u0435\\u0440\\u0430"}, {"a11": {}, "a10": "side_speaker_tonality__id__in", "a1": "\\u0422\\u043e\\u043d\\u0430\\u043b\\u044c\\u043d\\u043e\\u0441\\u0442\\u044c \\u0441\\u0442\\u043e\\u0440\\u043e\\u043d\\u043d\\u0435\\u0433\\u043e \\u0441\\u043f\\u0438\\u043a\\u0435\\u0440\\u0430", "a3": "", "a2": "[\\u0442\\u0435\\u043a\\u0441\\u0442]", "a5": "\\u0414\\u0430", "a4": "\\u0442\\u0435\\u043a\\u0441\\u0442\\u043e\\u0432\\u044b\\u0439", "a7": "\\u043d\\u0435\\u0442", "a6": "\\u043d\\u0435\\u0442", "a9": "", "a8": "\\u0411\\u0435\\u0437 \\u0441\\u0442\\u043e\\u0440\\u043e\\u043d\\u043d\\u0435\\u0433\\u043e \\u0441\\u043f\\u0438\\u043a\\u0435\\u0440\\u0430"}, {"a11": {}, "a10": "side_speaker_status__id__in", "a1": "\\u0421\\u0442\\u0430\\u0442\\u0443\\u0441 \\u0441\\u0442\\u043e\\u0440\\u043e\\u043d\\u043d\\u0435\\u0433\\u043e \\u0441\\u043f\\u0438\\u043a\\u0435\\u0440\\u0430", "a3": "", "a2": "[\\u0442\\u0435\\u043a\\u0441\\u0442]", "a5": "\\u0414\\u0430", "a4": "\\u0442\\u0435\\u043a\\u0441\\u0442\\u043e\\u0432\\u044b\\u0439", "a7": "\\u043d\\u0435\\u0442", "a6": "\\u043d\\u0435\\u0442", "a9": "", "a8": "\\u0411\\u0435\\u0437 \\u0441\\u0442\\u043e\\u0440\\u043e\\u043d\\u043d\\u0435\\u0433\\u043e \\u0441\\u043f\\u0438\\u043a\\u0435\\u0440\\u0430"}, {"a11": {}, "a10": "prt__range", "a1": "PRt", "a3": 12.0, "a2": "[\\u0442\\u0435\\u043a\\u0441\\u0442]", "a5": "\\u0414\\u0430", "a4": "\\u0447\\u0438\\u0441\\u043b\\u043e", "a7": "\\u043d\\u0435\\u0442", "a6": "\\u043d\\u0435\\u0442", "a9": "\\u0448\\u043a\\u0430\\u043b\\u0430", "a8": "-"}, {"a11": {}, "a10": "prv__range", "a1": "PRV", "a3": 11.0, "a2": "[\\u0442\\u0435\\u043a\\u0441\\u0442]", "a5": "\\u0414\\u0430", "a4": "\\u0447\\u0438\\u0441\\u043b\\u043e", "a7": "\\u043d\\u0435\\u0442", "a6": "\\u043d\\u0435\\u0442", "a9": "\\u0448\\u043a\\u0430\\u043b\\u0430", "a8": "-"}, {"a11": {}, "a10": "mo__range", "a1": "Media Outreach", "a3": 13.0, "a2": "[\\u0442\\u0435\\u043a\\u0441\\u0442]", "a5": "\\u0414\\u0430", "a4": "\\u0447\\u0438\\u0441\\u043b\\u043e", "a7": "\\u043d\\u0435\\u0442", "a6": "\\u043d\\u0435\\u0442", "a9": "\\u0448\\u043a\\u0430\\u043b\\u0430", "a8": "-"}, {"a11": {}, "a10": "mq__range", "a1": "MQ", "a3": "", "a2": "[\\u0442\\u0435\\u043a\\u0441\\u0442]", "a5": "\\u0414\\u0430", "a4": "\\u0447\\u0438\\u0441\\u043b\\u043e", "a7": "\\u043d\\u0435\\u0442", "a6": "\\u043d\\u0435\\u0442", "a9": "\\u0448\\u043a\\u0430\\u043b\\u0430", "a8": "-"}, {"a11": {}, "a10": "interaction_kind__id__in", "a1": "\\u0412\\u0438\\u0434 \\u0432\\u0437\\u0430\\u0438\\u043c\\u043e\\u0434\\u0435\\u0439\\u0441\\u0442\\u0432\\u0438\\u044f", "a3": "", "a2": "[\\u0442\\u0435\\u043a\\u0441\\u0442]", "a5": "\\u041d\\u0435\\u0442", "a4": "\\u0442\\u0435\\u043a\\u0441\\u0442\\u043e\\u0432\\u044b\\u0439", "a7": "\\u043d\\u0435\\u0442", "a6": "\\u043d\\u0435\\u0442", "a9": "", "a8": "\\u0414\\u0440\\u0443\\u0433\\u043e\\u0435"}, {"a11": {}, "a10": "initiation__id__in", "a1": "\\u0418\\u043d\\u0438\\u0446\\u0438\\u0438\\u0440\\u043e\\u0432\\u0430\\u043d\\u0438\\u0435", "a3": "", "a2": "[\\u0442\\u0435\\u043a\\u0441\\u0442]", "a5": "\\u0414\\u0430", "a4": "\\u0442\\u0435\\u043a\\u0441\\u0442\\u043e\\u0432\\u044b\\u0439", "a7": "\\u043d\\u0435\\u0442", "a6": "\\u043d\\u0435\\u0442", "a9": "", "a8": "\\u041d\\u0435\\u0442"}, {"a11": {}, "a10": "penetration__id__in", "a1": "\\u0421\\u0442\\u0435\\u043f\\u0435\\u043d\\u044c \\u043f\\u0440\\u043e\\u043d\\u0438\\u043a\\u043d\\u043e\\u0432\\u0435\\u043d\\u0438\\u044f \\u041f\\u0420/\\u041d\\u043e\\u0432\\u043e\\u0441\\u0442\\u0438", "a3": "", "a2": "[\\u0442\\u0435\\u043a\\u0441\\u0442]", "a5": "\\u041d\\u0435\\u0442", "a4": "\\u0442\\u0435\\u043a\\u0441\\u0442\\u043e\\u0432\\u044b\\u0439", "a7": "\\u043d\\u0435\\u0442", "a6": "\\u043d\\u0435\\u0442", "a9": "", "a8": "\\u041d\\u0435\\u0442"}, {"a11": {}, "a10": "id_press_release__id__in", "a1": "ID-\\u043f\\u0440\\u0435\\u0441\\u0441-\\u0440\\u0435\\u043b\\u0438\\u0437\\u0430", "a3": "", "a2": "[\\u0442\\u0435\\u043a\\u0441\\u0442]", "a5": "\\u041d\\u0435\\u0442", "a4": "\\u0442\\u0435\\u043a\\u0441\\u0442\\u043e\\u0432\\u044b\\u0439", "a7": "\\u0434\\u0430", "a6": "\\u0434\\u0430", "a9": "", "a8": "\\u041d\\u0435\\u0442"}, {"a11": {}, "a10": "referred_object__id__in", "a1": "\\u0423\\u043f\\u043e\\u043c\\u0438\\u043d\\u0430\\u0435\\u043c\\u043e\\u0441\\u0442\\u044c \\u043f\\u0440\\u043e\\u0434\\u0443\\u043a\\u0442\\u043e\\u0432", "a3": "", "a2": "[\\u0442\\u0435\\u043a\\u0441\\u0442]", "a5": "\\u041d\\u0435\\u0442", "a4": "\\u0442\\u0435\\u043a\\u0441\\u0442\\u043e\\u0432\\u044b\\u0439", "a7": "\\u0434\\u0430", "a6": "\\u0434\\u0430", "a9": "", "a8": "\\u041d\\u0435\\u0442"}, {"a11": {}, "a10": "advertisement_promo__id__in", "a1": "\\u0420\\u0435\\u043a\\u043b\\u0430\\u043c\\u0430/\\u043f\\u0440\\u043e\\u043c\\u043e", "a3": "", "a2": "[\\u0442\\u0435\\u043a\\u0441\\u0442]", "a5": "\\u0414\\u0430", "a4": "\\u0442\\u0435\\u043a\\u0441\\u0442\\u043e\\u0432\\u044b\\u0439", "a7": "\\u043d\\u0435\\u0442", "a6": "\\u043d\\u0435\\u0442", "a9": "", "a8": "\\u041d\\u0435\\u0442"}, {"a11": {}, "a10": "technologies__id__in", "a1": "\\u0422\\u0435\\u0445\\u043d\\u043e\\u043b\\u043e\\u0433\\u0438\\u0438", "a3": "", "a2": "[\\u0442\\u0435\\u043a\\u0441\\u0442]", "a5": "\\u0414\\u0430", "a4": "\\u0442\\u0435\\u043a\\u0441\\u0442\\u043e\\u0432\\u044b\\u0439", "a7": "\\u043d\\u0435\\u0442", "a6": "\\u043d\\u0435\\u0442", "a9": "", "a8": "\\u041d\\u0435\\u0442"}, {"a11": {}, "a10": "km__id__in", "a1": "KM", "a3": "", "a2": "[\\u0442\\u0435\\u043a\\u0441\\u0442]", "a5": "\\u041d\\u0435\\u0442", "a4": "\\u0442\\u0435\\u043a\\u0441\\u0442\\u043e\\u0432\\u044b\\u0439", "a7": "\\u043d\\u0435\\u0442", "a6": "\\u043d\\u0435\\u0442", "a9": "", "a8": "\\u0411\\u0435\\u0437 KM"}, {"a11": {}, "a10": "km_result", "a1": "KM \\u0438\\u0442\\u043e\\u0433", "a3": "", "a2": "[\\u0442\\u0435\\u043a\\u0441\\u0442]", "a5": "\\u041d\\u0435\\u0442", "a4": "\\u0442\\u0435\\u043a\\u0441\\u0442\\u043e\\u0432\\u044b\\u0439", "a7": "\\u043d\\u0435\\u0442", "a6": "\\u043d\\u0435\\u0442", "a9": "", "a8": ""}, {"a11": {}, "a10": "tag__id__in", "a1": "\\u0422\\u044d\\u0433", "a3": "", "a2": "[\\u0442\\u0435\\u043a\\u0441\\u0442]", "a5": "\\u041d\\u0435\\u0442", "a4": "\\u0442\\u0435\\u043a\\u0441\\u0442\\u043e\\u0432\\u044b\\u0439", "a7": "\\u043d\\u0435\\u0442", "a6": "\\u043d\\u0435\\u0442", "a9": "", "a8": "-"}, {"a11": {}, "a10": "duration__id__in", "a1": "\\u0414\\u043b\\u0438\\u0442\\u0435\\u043b\\u044c\\u043d\\u043e\\u0441\\u0442\\u044c", "a3": "", "a2": "[\\u0442\\u0435\\u043a\\u0441\\u0442]", "a5": "\\u041d\\u0435\\u0442", "a4": "\\u0447\\u0438\\u0441\\u043b\\u043e\\u0432\\u043e\\u0439", "a7": "\\u043d\\u0435\\u0442", "a6": "\\u043d\\u0435\\u0442", "a9": "\\u0448\\u043a\\u0430\\u043b\\u0430", "a8": "\\u041d\\u0435\\u0442"}, {"a11": {}, "a10": "cover__range", "a1": "\\u041e\\u0431\\u043b\\u043e\\u0436\\u043a\\u0430", "a3": "", "a2": "[\\u0442\\u0435\\u043a\\u0441\\u0442]", "a5": "\\u041d\\u0435\\u0442", "a4": "\\u0442\\u0435\\u043a\\u0441\\u0442\\u043e\\u0432\\u044b\\u0439", "a7": "\\u043d\\u0435\\u0442", "a6": "\\u043d\\u0435\\u0442", "a9": "", "a8": "\\u041d\\u0435\\u0442"}, {"a11": {}, "a10": "visibility__id__in", "a1": "\\u0417\\u0430\\u043c\\u0435\\u0442\\u043d\\u043e\\u0441\\u0442\\u044c \\u043c\\u0430\\u0442\\u0435\\u0440\\u0438\\u0430\\u043b\\u0430", "a3": "", "a2": "[\\u0442\\u0435\\u043a\\u0441\\u0442]", "a5": "\\u041d\\u0435\\u0442", "a4": "\\u0442\\u0435\\u043a\\u0441\\u0442\\u043e\\u0432\\u044b\\u0439", "a7": "\\u043d\\u0435\\u0442", "a6": "\\u043d\\u0435\\u0442", "a9": "", "a8": "-"}, {"a11": {}, "a10": "infographics__range", "a1": "\\u0418\\u043d\\u0444\\u043e\\u0433\\u0440\\u0430\\u0444\\u0438\\u043a\\u0430", "a3": "", "a2": "[\\u0442\\u0435\\u043a\\u0441\\u0442]", "a5": "\\u041d\\u0435\\u0442", "a4": "\\u0442\\u0435\\u043a\\u0441\\u0442\\u043e\\u0432\\u044b\\u0439", "a7": "\\u043d\\u0435\\u0442", "a6": "\\u043d\\u0435\\u0442", "a9": "", "a8": "\\u041e\\u0442\\u0441\\u0443\\u0442\\u0441\\u0442\\u0432\\u0443\\u0435\\u0442"}, {"a11": {}, "a10": "macroregion__id__in", "a1": "\\u041c\\u0430\\u043a\\u0440\\u043e\\u0440\\u0435\\u0433\\u0438\\u043e\\u043d", "a3": "", "a2": "[\\u0442\\u0435\\u043a\\u0441\\u0442]", "a5": "\\u041d\\u0435\\u0442", "a4": "\\u0442\\u0435\\u043a\\u0441\\u0442\\u043e\\u0432\\u044b\\u0439", "a7": "\\u043d\\u0435\\u0442", "a6": "\\u043d\\u0435\\u0442", "a9": "", "a8": "-"}, {"a11": {}, "a10": "media_list_special__id__in", "a1": "Media List", "a3": "", "a2": "[\\u0442\\u0435\\u043a\\u0441\\u0442]", "a5": "\\u041d\\u0435\\u0442", "a4": "\\u0442\\u0435\\u043a\\u0441\\u0442\\u043e\\u0432\\u044b\\u0439", "a7": "\\u043d\\u0435\\u0442", "a6": "\\u043d\\u0435\\u0442", "a9": "", "a8": "Others"}, {"a11": {}, "a10": "media_type_special__id__in", "a1": "Media Type", "a3": "", "a2": "[\\u0442\\u0435\\u043a\\u0441\\u0442]", "a5": "\\u041d\\u0435\\u0442", "a4": "\\u0442\\u0435\\u043a\\u0441\\u0442\\u043e\\u0432\\u044b\\u0439", "a7": "\\u043d\\u0435\\u0442", "a6": "\\u043d\\u0435\\u0442", "a9": "", "a8": "-"}, {"a11": {}, "a10": "media_category_special__id__in", "a1": "Media Category", "a3": "", "a2": "[\\u0442\\u0435\\u043a\\u0441\\u0442]", "a5": "\\u041d\\u0435\\u0442", "a4": "\\u0442\\u0435\\u043a\\u0441\\u0442\\u043e\\u0432\\u044b\\u0439", "a7": "\\u043d\\u0435\\u0442", "a6": "\\u043d\\u0435\\u0442", "a9": "", "a8": "-"}, {"a11": {}, "a10": "visibility_special__id__in", "a1": "Visibility", "a3": "", "a2": "[\\u0442\\u0435\\u043a\\u0441\\u0442]", "a5": "\\u041d\\u0435\\u0442", "a4": "\\u0442\\u0435\\u043a\\u0441\\u0442\\u043e\\u0432\\u044b\\u0439", "a7": "\\u043d\\u0435\\u0442", "a6": "\\u043d\\u0435\\u0442", "a9": "", "a8": "-"}, {"a11": {}, "a10": "image__id__in", "a1": "Image", "a3": "", "a2": "[\\u0442\\u0435\\u043a\\u0441\\u0442]", "a5": "\\u041d\\u0435\\u0442", "a4": "\\u0442\\u0435\\u043a\\u0441\\u0442\\u043e\\u0432\\u044b\\u0439", "a7": "\\u043d\\u0435\\u0442", "a6": "\\u043d\\u0435\\u0442", "a9": "", "a8": "Absent"}, {"a11": {}, "a10": "km_special__id__in", "a1": "Key Message Penetration", "a3": "", "a2": "[\\u0442\\u0435\\u043a\\u0441\\u0442]", "a5": "\\u041d\\u0435\\u0442", "a4": "\\u0442\\u0435\\u043a\\u0441\\u0442\\u043e\\u0432\\u044b\\u0439", "a7": "\\u043d\\u0435\\u0442", "a6": "\\u043d\\u0435\\u0442", "a9": "", "a8": "-"}, {"a11": {}, "a10": "brand_or_product__id__in", "a1": "Brand or Product Mention", "a3": "", "a2": "[\\u0442\\u0435\\u043a\\u0441\\u0442]", "a5": "\\u041d\\u0435\\u0442", "a4": "\\u0442\\u0435\\u043a\\u0441\\u0442\\u043e\\u0432\\u044b\\u0439", "a7": "\\u043d\\u0435\\u0442", "a6": "\\u043d\\u0435\\u0442", "a9": "", "a8": "-"}, {"a11": {}, "a10": "speaker_quote__id__in", "a1": "Speaker\\u2019s Quote", "a3": "", "a2": "[\\u0442\\u0435\\u043a\\u0441\\u0442]", "a5": "\\u041d\\u0435\\u0442", "a4": "\\u0442\\u0435\\u043a\\u0441\\u0442\\u043e\\u0432\\u044b\\u0439", "a7": "\\u043d\\u0435\\u0442", "a6": "\\u043d\\u0435\\u0442", "a9": "", "a8": "-"}, {"a11": {}, "a10": "third_patry_speakers__id__in", "a1": "Third Party Speakers\\u2019 Supporting Quotes", "a3": "", "a2": "[\\u0442\\u0435\\u043a\\u0441\\u0442]", "a5": "\\u041d\\u0435\\u0442", "a4": "\\u0442\\u0435\\u043a\\u0441\\u0442\\u043e\\u0432\\u044b\\u0439", "a7": "\\u043d\\u0435\\u0442", "a6": "\\u043d\\u0435\\u0442", "a9": "", "a8": "-"}, {"a11": {}, "a10": "headder_tonality__id__in", "a1": "Header Tonality", "a3": "", "a2": "[\\u0442\\u0435\\u043a\\u0441\\u0442]", "a5": "\\u041d\\u0435\\u0442", "a4": "\\u0442\\u0435\\u043a\\u0441\\u0442\\u043e\\u0432\\u044b\\u0439", "a7": "\\u043d\\u0435\\u0442", "a6": "\\u043d\\u0435\\u0442", "a9": "", "a8": "-"}, {"a11": {}, "a10": "main_tonality__id__in", "a1": "Main Tonality", "a3": "", "a2": "[\\u0442\\u0435\\u043a\\u0441\\u0442]", "a5": "\\u041d\\u0435\\u0442", "a4": "\\u0442\\u0435\\u043a\\u0441\\u0442\\u043e\\u0432\\u044b\\u0439", "a7": "\\u043d\\u0435\\u0442", "a6": "\\u043d\\u0435\\u0442", "a9": "", "a8": "-"}, {"a11": {}, "a10": "global_local_event__id__in", "a1": "Global/Local Event", "a3": "", "a2": "[\\u0442\\u0435\\u043a\\u0441\\u0442]", "a5": "\\u041d\\u0435\\u0442", "a4": "\\u0442\\u0435\\u043a\\u0441\\u0442\\u043e\\u0432\\u044b\\u0439", "a7": "\\u043d\\u0435\\u0442", "a6": "\\u043d\\u0435\\u0442", "a9": "", "a8": "-"}, {"a11": {}, "a10": "edge_region__id__in", "a1": "\\u041e\\u0431\\u043b\\u0430\\u0441\\u0442\\u044c \\u0438\\u043b\\u0438 \\u043a\\u0440\\u0430\\u0439", "a3": "", "a2": "[\\u0442\\u0435\\u043a\\u0441\\u0442]", "a5": "\\u041d\\u0435\\u0442", "a4": "\\u0442\\u0435\\u043a\\u0441\\u0442\\u043e\\u0432\\u044b\\u0439", "a7": "\\u043d\\u0435\\u0442", "a6": "\\u043d\\u0435\\u0442", "a9": "", "a8": "-"}]
\.


--
-- Name: monitoring_product_constructorwidget_id_seq; Type: SEQUENCE SET; Schema: public; Owner: stas
--

SELECT pg_catalog.setval('monitoring_product_constructorwidget_id_seq', 64, true);


--
-- Data for Name: monitoring_product_monitoringproduct; Type: TABLE DATA; Schema: public; Owner: stas
--

COPY monitoring_product_monitoringproduct (id, project_id, title, type, data_type, article_count, settings, time_from, time_to, parent_id, changed, changed_by_id, created, created_by_id) FROM stdin;
45	1	Coca Cola	date_release	1	1	{"media_view__id__in": {"selectAll": true, "settings": {"a11": {}, "a10": "media_view__id__in", "a1": "\\u0412\\u0438\\u0434 \\u0421\\u041c\\u0418", "a3": 9, "a2": "[\\u0442\\u0435\\u043a\\u0441\\u0442]", "a5": "\\u041d\\u0435\\u0442", "a4": "\\u0442\\u0435\\u043a\\u0441\\u0442\\u043e\\u0432\\u044b\\u0439", "a7": "\\u043d\\u0435\\u0442", "a6": "\\u043d\\u0435\\u0442", "a9": "", "a8": "-"}, "list": [{"selected": true, "id": 18, "title": "\\u0420\\u0418\\u0410"}, {"selected": true, "id": 17, "title": "\\u0420\\u0418\\u0418"}, {"selected": true, "id": 29, "title": "\\u0420\\u041f"}, {"selected": true, "id": 13, "title": "\\u0424\\u0418\\u0410"}, {"selected": true, "id": 15, "title": "\\u0424\\u0418\\u0418"}, {"selected": true, "id": 28, "title": "\\u0424\\u0422\\u0412"}], "lookUp": "", "selectAllId": "media_view__id__in_selectAll", "toggled": true}, "prt__range": {"slider": {"floor": 0.060375, "max": 0.45406, "min": 0.060375, "precision": 2, "ceil": 0.45406, "step": 0.01}, "settings": {"a11": {}, "a10": "prt__range", "a1": "PRt", "a3": 12, "a2": "[\\u0442\\u0435\\u043a\\u0441\\u0442]", "a5": "\\u0414\\u0430", "a4": "\\u0447\\u0438\\u0441\\u043b\\u043e", "a7": "\\u043d\\u0435\\u0442", "a6": "\\u043d\\u0435\\u0442", "a9": "\\u0448\\u043a\\u0430\\u043b\\u0430", "a8": "-"}, "list": [0.060375, 0.45406], "toggled": false}, "info_reason__id__in": {"selectAll": true, "settings": {"a11": {}, "a10": "info_reason__id__in", "a1": "\\u0418\\u043d\\u0444\\u043e\\u043f\\u043e\\u0432\\u043e\\u0434", "a3": 10, "a2": "[\\u0442\\u0435\\u043a\\u0441\\u0442]", "a5": "\\u0414\\u0430", "a4": "\\u0442\\u0435\\u043a\\u0441\\u0442\\u043e\\u0432\\u044b\\u0439", "a7": "\\u043d\\u0435\\u0442", "a6": "\\u043d\\u0435\\u0442", "a9": "", "a8": "-"}, "list": [{"selected": true, "id": 84, "title": "Coca-Cola - \\u0431\\u0435\\u0437\\u043d\\u0430\\u043b\\u0438\\u0447\\u043d\\u0430\\u044f \\u043e\\u043f\\u043b\\u0430\\u0442\\u0430 \\u043d\\u0430\\u043f\\u0438\\u0442\\u043a\\u043e\\u0432"}, {"selected": true, "id": 76, "title": "Coca-Cola - \\u0432\\u043e\\u0441\\u044c\\u043c\\u043e\\u0435 \\u0432 \\u0440\\u0435\\u0439\\u0442\\u0438\\u043d\\u0433\\u0435 \\"\\u041b\\u044e\\u0431\\u0438\\u043c\\u044b\\u0435 \\u0431\\u0440\\u0435\\u043d\\u0434\\u044b \\u0440\\u043e\\u0441\\u0441\\u0438\\u044f\\u043d\\" \\u043e\\u0442 Online Market Intelligence"}, {"selected": true, "id": 80, "title": "Coca-Cola - \\u0432 \\u0441\\u043e\\u0441\\u0442\\u0430\\u0432\\u0435 \\u0436\\u044e\\u0440\\u0438 ENACTUS-2014 \\u0432 \\u041f\\u0435\\u043a\\u0438\\u043d\\u0435"}, {"selected": true, "id": 97, "title": "Coca-Cola - \\u0432 \\u0447\\u0438\\u0441\\u043b\\u0435 \\u043b\\u0438\\u0434\\u0435\\u0440\\u043e\\u0432 \\u0444\\u043e\\u043d\\u0434\\u043e\\u0432\\u043e\\u0433\\u043e \\u0438\\u043d\\u0434\\u0435\\u043a\\u0441\\u0430 Dow Jones"}, {"selected": true, "id": 89, "title": "Coca Cola - \\u0437\\u0430\\u0432\\u0438\\u0441\\u0438\\u043c\\u043e\\u0441\\u0442\\u044c \\u043e\\u0442 \\u043d\\u0430\\u043f\\u0438\\u0442\\u043a\\u0430 \\u0443 \\u0441\\u043a\\u0435\\u0439\\u0442\\u0431\\u043e\\u0440\\u0434\\u0438\\u0441\\u0442\\u0430 \\u0424\\u043b\\u043e \\u041c\\u0438\\u0440\\u0442\\u044d\\u043d\\u0430"}, {"selected": true, "id": 88, "title": "Coca-Cola - \\u0438\\u043d\\u0442\\u0435\\u0440\\u0435\\u0441\\u043d\\u044b\\u0435 \\u0441\\u0432\\u043e\\u0439\\u0441\\u0442\\u0432\\u0430 \\u043d\\u0430\\u043f\\u0438\\u0442\\u043a\\u0430"}, {"selected": true, "id": 86, "title": "Coca-Cola - \\u0438\\u0441\\u043f\\u043e\\u043b\\u044c\\u0437\\u043e\\u0432\\u0430\\u043d\\u0438\\u0435 \\u043d\\u0430\\u043f\\u0438\\u0442\\u043a\\u0430 \\u0434\\u043b\\u044f \\u043f\\u0440\\u0438\\u0433\\u043e\\u0442\\u043e\\u0432\\u043b\\u0435\\u043d\\u0438\\u044f \\u043a\\u043e\\u043a\\u0442\\u0435\\u0439\\u043b\\u044f \\"\\u041f\\u043e\\u043f\\u043b\\u0430\\u0432\\u043e\\u043a\\""}, {"selected": true, "id": 91, "title": "Coca-Cola - \\u043a\\u043e\\u043d\\u043a\\u0443\\u0440\\u0435\\u043d\\u0442 METL Group \\u043d\\u0430 \\u0430\\u0444\\u0440\\u0438\\u043a\\u0430\\u043d\\u0441\\u043a\\u043e\\u043c \\u0440\\u044b\\u043d\\u043a\\u0435"}, {"selected": true, "id": 90, "title": "Coca Cola - \\u043e\\u0444\\u0438\\u0441\\u043d\\u044b\\u0439 \\u0446\\u0435\\u043d\\u0442\\u0440 \\u043a\\u043e\\u043c\\u043f\\u0430\\u043d\\u0438\\u0438 \\u0432 \\u043e\\u0431\\u0437\\u043e\\u0440\\u0435 \\u0437\\u0434\\u0430\\u043d\\u0438\\u0439 \\u0441 \\u043c\\u0443\\u043b\\u044c\\u0442\\u0438\\u043c\\u0435\\u0434\\u0438\\u0439\\u043d\\u044b\\u043c\\u0438 \\u0444\\u0430\\u0441\\u0430\\u0434\\u0430\\u043c\\u0438"}, {"selected": true, "id": 74, "title": "Coca Cola - \\u043f\\u0430\\u0440\\u0442\\u043d\\u0435\\u0440\\u0441\\u0442\\u0432\\u043e \\u0441 Microsoft \\u0432 \\u0443\\u0441\\u0442\\u0430\\u043d\\u043e\\u0432\\u043b\\u0435\\u043d\\u0438\\u0438 \\u043c\\u0438\\u0440\\u043e\\u0432\\u043e\\u0433\\u043e \\u0440\\u0435\\u043a\\u043e\\u0440\\u0434\\u0430"}, {"selected": true, "id": 75, "title": "Coca-Cola - \\u043f\\u0430\\u0440\\u0442\\u043d\\u0435\\u0440\\u0441\\u0442\\u0432\\u043e \\u0441 \\u0431\\u043b\\u0430\\u0433\\u043e\\u0442\\u0432\\u043e\\u0440\\u0438\\u0442\\u0435\\u043b\\u044c\\u043d\\u043e\\u0439 \\u043e\\u0440\\u0433\\u0430\\u043d\\u0438\\u0437\\u0430\\u0446\\u0438\\u0435\\u0439 RED"}, {"selected": true, "id": 85, "title": "Coca-Cola - \\u043f\\u043e\\u0431\\u0435\\u0434\\u0430 \\u0432 \\u0441\\u0443\\u0434\\u0435\\u0431\\u043d\\u043e\\u043c \\u0441\\u043f\\u043e\\u0440\\u0435 \\u0441 \\u0423\\u043f\\u0440\\u0430\\u0432\\u043b\\u0435\\u043d\\u0438\\u0435\\u043c \\u0442\\u043e\\u0440\\u0433\\u043e\\u0432\\u043b\\u0438 \\u0426\\u0435\\u043d\\u0442\\u0440\\u0430\\u043b\\u044c\\u043d\\u043e\\u0433\\u043e \\u0432\\u043e\\u0435\\u043d\\u043d\\u043e\\u0433\\u043e \\u043e\\u043a\\u0440\\u0443\\u0433\\u0430"}, {"selected": true, "id": 83, "title": "Coca-Cola - \\u043f\\u0440\\u043e\\u0434\\u0430\\u0436\\u0430 \\u043d\\u0430\\u043f\\u0438\\u0442\\u043a\\u043e\\u0432 \\u0432 \\u0440\\u043e\\u0436\\u0434\\u0435\\u0441\\u0442\\u0432\\u0435\\u043d\\u0441\\u043a\\u0438\\u0445 \\u0443\\u043f\\u0430\\u043a\\u043e\\u0432\\u043a\\u0430\\u0445"}, {"selected": true, "id": 77, "title": "Coca-Cola - \\u043f\\u0443\\u0431\\u043b\\u0438\\u0447\\u043d\\u0430\\u044f \\u043a\\u0440\\u0438\\u0442\\u0438\\u043a\\u0430 \\u0432 \\u0430\\u0434\\u0440\\u0435\\u0441 \\u0424\\u0418\\u0424\\u0410"}, {"selected": true, "id": 95, "title": "Coca-Cola - \\u0440\\u043e\\u0442\\u0430\\u0446\\u0438\\u044f \\u043f\\u043e \\u0446\\u0435\\u043d\\u0442\\u0440\\u0430\\u043b\\u044c\\u043d\\u044b\\u043c \\u0442\\u0435\\u043b\\u0435\\u043a\\u0430\\u043d\\u0430\\u043b\\u0430\\u043c"}, {"selected": true, "id": 78, "title": "Coca Cola - \\u0441\\u043e\\u0446\\u0438\\u0430\\u043b\\u044c\\u043d\\u043e \\u043e\\u0442\\u0432\\u0435\\u0442\\u0441\\u0442\\u0432\\u0435\\u043d\\u043d\\u044b\\u0439 \\u0431\\u0438\\u0437\\u043d\\u0435\\u0441"}, {"selected": true, "id": 82, "title": "Coca Cola - \\u0441\\u043f\\u043e\\u043d\\u0441\\u043e\\u0440 The International Premier Tennis League "}, {"selected": true, "id": 96, "title": "Coca-Cola - \\u0441\\u0440\\u0430\\u0432\\u043d\\u0435\\u043d\\u0438\\u0435 \\u043a\\u0440\\u043e\\u0441\\u0441\\u043e\\u0432\\u0435\\u0440\\u0430 \\u0441 \\u043a\\u043e\\u043b\\u043e\\u0439 \\u0431\\u0435\\u0437 \\u0441\\u0430\\u0445\\u0430\\u0440\\u0430"}, {"selected": true, "id": 79, "title": "Hellenic - \\u0432 \\u0441\\u043e\\u0441\\u0442\\u0430\\u0432\\u0435 \\u043f\\u0440\\u0430\\u0432\\u043b\\u0435\\u043d\\u0438\\u044f \\u0410\\u0441\\u0441\\u043e\\u0446\\u0438\\u0430\\u0446\\u0438\\u0438 \\u0434\\u0438\\u0440\\u0435\\u043a\\u0442\\u043e\\u0440\\u043e\\u0432 \\u043f\\u043e \\u043a\\u043e\\u0440\\u043f\\u043e\\u0440\\u0430\\u0442\\u0438\\u0432\\u043d\\u044b\\u043c \\u043a\\u043e\\u043c\\u043c\\u0443\\u043d\\u0438\\u043a\\u0430\\u0446\\u0438\\u044f\\u043c \\u0438 \\u043c\\u0435\\u0434\\u0438\\u0430 \\u0420\\u043e\\u0441\\u0441\\u0438\\u0438 (\\u0410\\u041a\\u041c\\u0420)"}, {"selected": true, "id": 93, "title": "Hellenic - \\u0443\\u0447\\u0430\\u0441\\u0442\\u0438\\u0435 \\u0432 \\u0444\\u043e\\u0440\\u0443\\u043c\\u0435 \\"\\u0420\\u043e\\u0441\\u0442\\u043e\\u0432\\u0441\\u043a\\u0430\\u044f \\u043e\\u0431\\u043b\\u0430\\u0441\\u0442\\u044c - \\u0442\\u0435\\u0440\\u0440\\u0438\\u0442\\u043e\\u0440\\u0438\\u044f \\u0440\\u043e\\u0441\\u0442\\u0430\\""}, {"selected": true, "id": 103, "title": "PepsiCo - \\u0432 \\u043f\\u0440\\u0435\\u043f\\u043e\\u0434\\u0430\\u0432\\u0430\\u0442\\u0435\\u043b\\u044c\\u0441\\u043a\\u043e\\u043c \\u0441\\u043e\\u0441\\u0442\\u0430\\u0432\\u0435 \\u043f\\u0440\\u043e\\u0433\\u0440\\u0430\\u043c\\u043c\\u044b \\"\\u042f - \\u043c\\u0435\\u043d\\u0435\\u0434\\u0436\\u0435\\u0440 \\u043f\\u043e \\u043c\\u0430\\u0440\\u043a\\u0435\\u0442\\u0438\\u043d\\u0433\\u0443\\""}, {"selected": true, "id": 81, "title": "PepsiCo - \\u0432 \\u0441\\u043e\\u0441\\u0442\\u0430\\u0432\\u0435 \\u0436\\u044e\\u0440\\u0438 ENACTUS-2014 \\u0432 \\u041f\\u0435\\u043a\\u0438\\u043d\\u0435"}, {"selected": true, "id": 108, "title": "PepsiCo - \\u0432 \\u0447\\u0438\\u0441\\u043b\\u0435 \\u043a\\u043b\\u0438\\u0435\\u043d\\u0442\\u043e\\u0432 \\u0438\\u043b\\u043b\\u044e\\u0441\\u0442\\u0440\\u0430\\u0442\\u043e\\u0440\\u0430 \\u0424\\u0438\\u043b\\u0430 \\u0414\\u0443\\u043d\\u0441\\u043a\\u043e\\u0433\\u043e"}, {"selected": true, "id": 104, "title": "PepsiCo - \\u0432 \\u0447\\u0438\\u0441\\u043b\\u0435 \\u043a\\u043e\\u043c\\u043f\\u0430\\u043d\\u0438\\u0439 \\u0437\\u0430\\u043c\\u0435\\u0448\\u0430\\u043d\\u043d\\u044b\\u0445 \\u0432 \\u0444\\u0438\\u043d\\u0430\\u043d\\u0441\\u043e\\u0432\\u043e\\u043c \\u0441\\u043a\\u0430\\u043d\\u0434\\u0430\\u043b\\u0435 Luxembourg Leaks"}, {"selected": true, "id": 106, "title": "PepsiCo - \\u0432\\u044b\\u043f\\u0443\\u0441\\u043a \\u0440\\u0435\\u043a\\u043b\\u0430\\u043c\\u043d\\u043e\\u0433\\u043e \\u0440\\u043e\\u043b\\u0438\\u043a\\u0430 \\u043e\\u0431 \\u0443\\u0447\\u0430\\u0441\\u0442\\u0438\\u0438 \\u041a\\u044d\\u0442\\u0438 \\u041f\\u0435\\u0440\\u0440\\u0438 \\u0432 \\u0448\\u043e\\u0443 \\u0421\\u0443\\u043f\\u0435\\u0440\\u0431\\u043e\\u0443\\u043b"}, {"selected": true, "id": 87, "title": "PepsiCo - \\u0438\\u0441\\u043f\\u043e\\u043b\\u044c\\u0437\\u043e\\u0432\\u0430\\u043d\\u0438\\u0435 \\u043d\\u0430\\u043f\\u0438\\u0442\\u043a\\u0430 \\u0434\\u043b\\u044f \\u043f\\u0440\\u0438\\u0433\\u043e\\u0442\\u043e\\u0432\\u043b\\u0435\\u043d\\u0438\\u044f \\u043a\\u043e\\u043a\\u0442\\u0435\\u0439\\u043b\\u044f \\"\\u041f\\u043e\\u043f\\u043b\\u0430\\u0432\\u043e\\u043a\\""}, {"selected": true, "id": 92, "title": "PepsiCo - \\u043a\\u043e\\u043d\\u043a\\u0443\\u0440\\u0435\\u043d\\u0442 METL Group \\u043d\\u0430 \\u0430\\u0444\\u0440\\u0438\\u043a\\u0430\\u043d\\u0441\\u043a\\u043e\\u043c \\u0440\\u044b\\u043d\\u043a\\u0435"}, {"selected": true, "id": 107, "title": "PepsiCo - \\u043f\\u0440\\u043e\\u0434\\u0430\\u0436\\u0430 \\u043a\\u043e\\u043d\\u0442\\u0440\\u043e\\u043b\\u044c\\u043d\\u043e\\u0433\\u043e \\u043f\\u0430\\u043a\\u0435\\u0442\\u0430 \\u0422\\u0443\\u0439\\u043c\\u0430\\u0437\\u0438\\u043d\\u0441\\u043a\\u043e\\u0433\\u043e \\u043c\\u043e\\u043b\\u043e\\u043a\\u043e\\u0437\\u0430\\u0432\\u043e\\u0434\\u0430 \\u043a\\u043e\\u043c\\u043f\\u0430\\u043d\\u0438\\u0438 \\"\\u0421\\u0430\\u0432\\u0430\\""}, {"selected": true, "id": 102, "title": "PepsiCo - \\u0443\\u0447\\u0430\\u0441\\u0442\\u0438\\u0435 \\u0432 \\u043a\\u043e\\u043d\\u043a\\u0443\\u0440\\u0441\\u0435 Inter\\u0421omm-2014"}, {"selected": true, "id": 94, "title": "PepsiCo - \\u0443\\u0447\\u0430\\u0441\\u0442\\u0438\\u0435 \\u0432 \\u0444\\u043e\\u0440\\u0443\\u043c\\u0435 \\"\\u0420\\u043e\\u0441\\u0442\\u043e\\u0432\\u0441\\u043a\\u0430\\u044f \\u043e\\u0431\\u043b\\u0430\\u0441\\u0442\\u044c - \\u0442\\u0435\\u0440\\u0440\\u0438\\u0442\\u043e\\u0440\\u0438\\u044f \\u0440\\u043e\\u0441\\u0442\\u0430\\""}, {"selected": true, "id": 105, "title": "PepsiCo - \\u0443\\u0447\\u0430\\u0441\\u0442\\u0438\\u0435 \\u041f\\u0430\\u0443\\u043b\\u0435\\u0442\\u0442 \\u041c\\u0430\\u043a\\u0412\\u0438\\u043b\\u044c\\u044f\\u043c\\u0441 \\u0432 \\u0440\\u0435\\u043a\\u043b\\u0430\\u043c\\u043d\\u044b\\u0445 \\u0440\\u043e\\u043b\\u0438\\u043a\\u0430\\u0445"}, {"selected": true, "id": 99, "title": "\\u041b\\u0435\\u0431\\u0435\\u0434\\u044f\\u043d\\u0441\\u043a\\u0438\\u0439 - \\u043f\\u043e\\u043b\\u0443\\u0447\\u0435\\u043d\\u0438\\u0435 \\u0438\\u043d\\u0432\\u0435\\u0441\\u0442\\u0438\\u0446\\u0438\\u0439 \\u043e\\u0442 United Capital Partners"}, {"selected": true, "id": 98, "title": "\\u041c\\u0443\\u043b\\u0442\\u043e\\u043d - \\u043f\\u043e\\u0434\\u0434\\u0435\\u0440\\u0436\\u043a\\u0430 \\u0431\\u043b\\u0430\\u0433\\u043e\\u0442\\u0432\\u043e\\u0440\\u0438\\u0442\\u0435\\u043b\\u044c\\u043d\\u043e\\u0439 \\u043f\\u0440\\u043e\\u0433\\u0440\\u0430\\u043c\\u043c\\u044b \\u043a \\u0414\\u043d\\u044e \\u0433\\u043e\\u0440\\u043e\\u0434\\u0430 \\u0429\\u0435\\u043b\\u043a\\u043e\\u0432\\u043e"}, {"selected": true, "id": 100, "title": "\\u0421\\u0430\\u0434\\u044b \\u041f\\u0440\\u0438\\u0434\\u043e\\u043d\\u044c\\u044f - \\u0434\\u0435\\u0442\\u0441\\u043a\\u043e\\u0435 \\u043f\\u0438\\u0442\\u0430\\u043d\\u0438\\u0435 \\"\\u0421\\u043f\\u0435\\u043b\\u0435\\u043d\\u043e\\u043a\\""}, {"selected": true, "id": 101, "title": "\\u0421\\u0430\\u0434\\u044b \\u041f\\u0440\\u0438\\u0434\\u043e\\u043d\\u044c\\u044f - \\u0443\\u0447\\u0430\\u0441\\u0442\\u0438\\u0435 \\u0432 \\u0444\\u043e\\u0440\\u0443\\u043c\\u0435 \\"\\u0411\\u0438\\u0437\\u043d\\u0435\\u0441-\\u0422\\u0440\\u0430\\u043c\\u043f\\u043b\\u0438\\u043d. \\u041c\\u0430\\u0441\\u0448\\u0442\\u0430\\u0431\\u0438\\u0440\\u043e\\u0432\\u0430\\u043d\\u0438\\u0435\\""}], "lookUp": "", "selectAllId": "info_reason__id__in_selectAll", "toggled": true}, "referred_object__id__in": {"selectAll": true, "settings": {"a11": {}, "a10": "referred_object__id__in", "a1": "\\u0423\\u043f\\u043e\\u043c\\u0438\\u043d\\u0430\\u0435\\u043c\\u044b\\u0435 \\u043e\\u0431\\u044a\\u0435\\u043a\\u0442\\u044b", "a3": 1, "a2": "[\\u0442\\u0435\\u043a\\u0441\\u0442]", "a5": "\\u0414\\u0430", "a4": "\\u0442\\u0435\\u043a\\u0441\\u0442\\u043e\\u0432\\u044b\\u0439", "a7": "\\u043d\\u0435\\u0442", "a6": "\\u043d\\u0435\\u0442", "a9": "", "a8": "-"}, "list": [{"selected": true, "id": 2, "title": "Coca-Cola Company"}, {"selected": true, "id": 3, "title": "Coca-Cola Hellenic"}, {"selected": true, "id": 1, "title": "Google"}, {"selected": true, "id": 7, "title": "PepsiCo"}, {"selected": true, "id": 5, "title": "\\u041b\\u0435\\u0431\\u0435\\u0434\\u044f\\u043d\\u0441\\u043a\\u0438\\u0439"}, {"selected": true, "id": 4, "title": "\\u041c\\u0443\\u043b\\u0442\\u043e\\u043d"}, {"selected": true, "id": 6, "title": "\\u0421\\u0430\\u0434\\u044b \\u041f\\u0440\\u0438\\u0434\\u043e\\u043d\\u044c\\u044f"}], "lookUp": "", "selectAllId": "referred_object__id__in_selectAll", "toggled": true}, "country__id__in": {"selectAll": true, "settings": {"a11": {}, "a10": "country__id__in", "a1": "\\u0421\\u0442\\u0440\\u0430\\u043d\\u0430", "a3": 3, "a2": "[\\u0442\\u0435\\u043a\\u0441\\u0442]", "a5": "\\u041d\\u0435\\u0442", "a4": "\\u0442\\u0435\\u043a\\u0441\\u0442\\u043e\\u0432\\u044b\\u0439", "a7": "\\u0434\\u0430", "a6": "\\u043d\\u0435\\u0442", "a9": "", "a8": "-"}, "list": [{"selected": true, "id": 6, "title": "\\u0420\\u043e\\u0441\\u0441\\u0438\\u044f"}], "lookUp": "", "selectAllId": "country__id__in_selectAll", "toggled": true}, "federal_district__id__in": {"selectAll": true, "emptyValue": true, "settings": {"a11": {}, "a10": "federal_district__id__in", "a1": "\\u0424\\u041e", "a3": 4, "a2": "[\\u0442\\u0435\\u043a\\u0441\\u0442]", "a5": "\\u041d\\u0435\\u0442", "a4": "\\u0442\\u0435\\u043a\\u0441\\u0442\\u043e\\u0432\\u044b\\u0439", "a7": "\\u0434\\u0430", "a6": "\\u043d\\u0435\\u0442", "a9": "", "a8": "\\u0411\\u0435\\u0437 \\u0424\\u041e"}, "list": [{"selected": true, "id": 16, "title": "\\u0414\\u0424\\u041e"}, {"selected": true, "id": 20, "title": "\\u041f\\u0424\\u041e"}, {"selected": true, "id": 14, "title": "\\u0421\\u0417\\u0424\\u041e"}, {"selected": true, "id": 18, "title": "\\u0421\\u0424\\u041e"}, {"selected": true, "id": 19, "title": "\\u0423\\u0424\\u041e"}, {"selected": true, "id": 13, "title": "\\u0426\\u0424\\u041e"}, {"selected": true, "id": 15, "title": "\\u042e\\u0424\\u041e"}], "hideFederalDistrict": false, "lookUp": "", "selectAllId": "federal_district__id__in_selectAll", "toggled": true}, "city__id__in": {"selectAll": true, "settings": {"a11": {}, "a10": "city__id__in", "a1": "\\u0413\\u043e\\u0440\\u043e\\u0434", "a3": 5, "a2": "[\\u0442\\u0435\\u043a\\u0441\\u0442]", "a5": "\\u041d\\u0435\\u0442", "a4": "\\u0442\\u0435\\u043a\\u0441\\u0442\\u043e\\u0432\\u044b\\u0439", "a7": "\\u0434\\u0430", "a6": "\\u0434\\u0430", "a9": "", "a8": "-"}, "list": [{"selected": true, "id": 61, "title": "\\u0412\\u043b\\u0430\\u0434\\u0438\\u0432\\u043e\\u0441\\u0442\\u043e\\u043a"}, {"selected": true, "id": 27, "title": "\\u0415\\u043a\\u0430\\u0442\\u0435\\u0440\\u0438\\u043d\\u0431\\u0443\\u0440\\u0433"}, {"selected": true, "id": 62, "title": "\\u0418\\u0436\\u0435\\u0432\\u0441\\u043a"}, {"selected": true, "id": 63, "title": "\\u0418\\u0440\\u043a\\u0443\\u0442\\u0441\\u043a"}, {"selected": true, "id": 14, "title": "\\u041c\\u043e\\u0441\\u043a\\u0432\\u0430"}, {"selected": true, "id": 59, "title": "\\u041f\\u0435\\u043d\\u0437\\u0430"}, {"selected": true, "id": 60, "title": "\\u0420\\u043e\\u0441\\u0442\\u043e\\u0432-\\u043d\\u0430-\\u0414\\u043e\\u043d\\u0443"}, {"selected": true, "id": 19, "title": "\\u0421\\u0430\\u043d\\u043a\\u0442-\\u041f\\u0435\\u0442\\u0435\\u0440\\u0431\\u0443\\u0440\\u0433"}, {"selected": true, "id": 58, "title": "\\u0423\\u0444\\u0430"}], "lookUp": "", "selectAllId": "city__id__in_selectAll", "toggled": true}, "speaker_category__id__in": {"selectAll": true, "emptyValue": true, "settings": {"a11": {}, "a10": "speaker_category__id__in", "a1": "\\u041a\\u0430\\u0442\\u0435\\u0433\\u043e\\u0440\\u0438\\u044f \\u0441\\u043f\\u0438\\u043a\\u0435\\u0440\\u0430", "a3": 16, "a2": "[\\u0442\\u0435\\u043a\\u0441\\u0442]", "a5": "\\u0414\\u0430", "a4": "\\u0442\\u0435\\u043a\\u0441\\u0442\\u043e\\u0432\\u044b\\u0439", "a7": "\\u043d\\u0435\\u0442", "a6": "\\u043d\\u0435\\u0442", "a9": "", "a8": "\\u0411\\u0435\\u0437 \\u0441\\u043f\\u0438\\u043a\\u0435\\u0440\\u0430"}, "list": [{"selected": true, "id": 10, "title": "\\u0430\\u043d\\u043e\\u043d\\u0438\\u043c"}, {"selected": true, "id": 12, "title": "\\u041f\\u0440\\u0435\\u0434\\u0441\\u0442\\u0430\\u0432\\u0438\\u0442\\u0435\\u043b\\u0438 \\u043f\\u0440\\u0435\\u0441\\u0441-\\u0441\\u043b\\u0443\\u0436\\u0431\\u044b"}, {"selected": true, "id": 11, "title": "\\u0422\\u043e\\u043f-\\u043c\\u0435\\u043d\\u0435\\u0434\\u0436\\u043c\\u0435\\u043d\\u0442"}], "lookUp": "", "selectAllId": "speaker_category__id__in_selectAll", "toggled": true}, "mo__range": {"slider": {"floor": 100, "max": 22222222, "min": 100, "precision": 0, "ceil": 22222222, "step": 1}, "settings": {"a11": {}, "a10": "mo__range", "a1": "Media Outreach", "a3": 13, "a2": "[\\u0442\\u0435\\u043a\\u0441\\u0442]", "a5": "\\u0414\\u0430", "a4": "\\u0447\\u0438\\u0441\\u043b\\u043e", "a7": "\\u043d\\u0435\\u0442", "a6": "\\u043d\\u0435\\u0442", "a9": "\\u0448\\u043a\\u0430\\u043b\\u0430", "a8": "-"}, "list": [100, 22222222], "toggled": false}, "media_level__id__in": {"selectAll": true, "settings": {"a11": {}, "a10": "media_level__id__in", "a1": "\\u0423\\u0440\\u043e\\u0432\\u0435\\u043d\\u044c \\u0421\\u041c\\u0418", "a3": 7, "a2": "[\\u0442\\u0435\\u043a\\u0441\\u0442]", "a5": "\\u041d\\u0435\\u0442", "a4": "\\u0442\\u0435\\u043a\\u0441\\u0442\\u043e\\u0432\\u044b\\u0439", "a7": "\\u043d\\u0435\\u0442", "a6": "\\u043d\\u0435\\u0442", "a9": "", "a8": "-"}, "list": [{"selected": true, "id": 9, "title": "\\u0420\\u0435\\u0433\\u0438\\u043e\\u043d\\u0430\\u043b\\u044c\\u043d\\u044b\\u0439"}, {"selected": true, "id": 7, "title": "\\u0424\\u0435\\u0434\\u0435\\u0440\\u0430\\u043b\\u044c\\u043d\\u044b\\u0439"}], "lookUp": "", "selectAllId": "media_level__id__in_selectAll", "toggled": true}, "media_category__id__in": {"selectAll": true, "settings": {"a11": {}, "a10": "media_category__id__in", "a1": "\\u041a\\u0430\\u0442\\u0435\\u0433\\u043e\\u0440\\u0438\\u044f \\u0421\\u041c\\u0418", "a3": 8, "a2": "[\\u0442\\u0435\\u043a\\u0441\\u0442]", "a5": "\\u041d\\u0435\\u0442", "a4": "\\u0442\\u0435\\u043a\\u0441\\u0442\\u043e\\u0432\\u044b\\u0439", "a7": "\\u043d\\u0435\\u0442", "a6": "\\u043d\\u0435\\u0442", "a9": "", "a8": "-"}, "list": [], "lookUp": "", "selectAllId": "media_category__id__in_selectAll", "toggled": true}, "emotional_tone_object__id__in": {"selectAll": true, "settings": {"a11": {}, "a10": "emotional_tone_object__id__in", "a1": "\\u0422\\u043e\\u043d\\u0430\\u043b\\u044c\\u043d\\u043e\\u0441\\u0442\\u044c", "a3": 2, "a2": "[\\u0442\\u0435\\u043a\\u0441\\u0442]", "a5": "\\u0414\\u0430", "a4": "\\u0442\\u0435\\u043a\\u0441\\u0442\\u043e\\u0432\\u044b\\u0439", "a7": "\\u043d\\u0435\\u0442", "a6": "\\u043d\\u0435\\u0442", "a9": "", "a8": "-"}, "list": [{"selected": true, "id": 6, "title": "\\u043d\\u0435\\u0433\\u0430\\u0442\\u0438\\u0432\\u043d\\u043e\\u0435"}, {"selected": true, "id": 7, "title": "\\u043d\\u0435\\u0439\\u0442\\u0440\\u0430\\u043b\\u044c\\u043d\\u043e\\u0435"}, {"selected": true, "id": 8, "title": "\\u043f\\u043e\\u0437\\u0438\\u0442\\u0438\\u0432\\u043d\\u043e\\u0435"}], "lookUp": "", "selectAllId": "emotional_tone_object__id__in_selectAll", "toggled": true}, "author__id__in": {"selectAll": true, "emptyValue": true, "settings": {"a11": {}, "a10": "author__id__in", "a1": "\\u0410\\u0432\\u0442\\u043e\\u0440", "a3": 14, "a2": "[\\u0442\\u0435\\u043a\\u0441\\u0442]", "a5": "\\u041d\\u0435\\u0442", "a4": "\\u0442\\u0435\\u043a\\u0441\\u0442\\u043e\\u0432\\u044b\\u0439", "a7": "\\u0434\\u0430", "a6": "\\u0434\\u0430", "a9": "", "a8": "\\u0411\\u0435\\u0437 \\u0430\\u0432\\u0442\\u043e\\u0440\\u0430"}, "list": [{"selected": true, "id": 96, "title": "\\u0410\\u043b\\u0435\\u043a\\u0441\\u0430\\u043d\\u0434\\u0440 \\u0414\\u043e\\u043b\\u0433\\u0438\\u0445"}, {"selected": true, "id": 89, "title": "\\u0410\\u043b\\u0435\\u043a\\u0441\\u0430\\u043d\\u0434\\u0440 \\u041a\\u0440\\u0443\\u0433\\u043b\\u043e\\u0432"}, {"selected": true, "id": 88, "title": "\\u0410\\u043d\\u043d\\u0430 \\u0421\\u043c\\u043e\\u043b\\u043a\\u0438\\u043d\\u0430, \\u0418\\u0433\\u043e\\u0440\\u044c \\u0414\\u043e\\u0440\\u043e\\u0448\\u0435\\u043d\\u043a\\u043e, \\u0414\\u0435\\u043d\\u0438\\u0441 \\u0414\\u0443\\u0431\\u043e\\u0432\\u0438\\u043a\\u043e\\u0432, \\u0421\\u0435\\u0440\\u0433\\u0435\\u0439 \\u0413\\u0440\\u043e\\u043c\\u043e\\u0432"}, {"selected": true, "id": 91, "title": "\\u0410\\u043d\\u0442\\u043e\\u043d Kvas"}, {"selected": true, "id": 87, "title": "\\u0412\\u0435\\u0440\\u043e\\u043d\\u0438\\u043a\\u0430 \\u041f\\u043e\\u043b\\u044f\\u043d\\u0441\\u043a\\u0430\\u044f"}, {"selected": true, "id": 93, "title": "\\u0412\\u043b\\u0430\\u0434\\u0438\\u043c\\u0438\\u0440 \\u041a\\u043e\\u0437\\u043b\\u043e\\u0432"}, {"selected": true, "id": 97, "title": "\\u0414\\u0430\\u0440\\u044c\\u044f \\u041b\\u0443\\u0433\\u0430\\u043d\\u0441\\u043a\\u0430\\u044f"}, {"selected": true, "id": 90, "title": "\\u0415\\u043a\\u0430\\u0442\\u0435\\u0440\\u0438\\u043d\\u0430 \\u0429\\u0435\\u0440\\u0431\\u0430\\u043a\\u043e\\u0432\\u0430"}, {"selected": true, "id": 92, "title": "\\u0415\\u043b\\u0435\\u043d\\u0430 \\u0421\\u0438\\u043d\\u0438\\u0446\\u044b\\u043d\\u0430"}, {"selected": true, "id": 95, "title": "\\u041d\\u0438\\u043a\\u0438\\u0442\\u0430 \\u041b\\u0438\\u0445\\u0430\\u0447\\u0435\\u0432"}, {"selected": true, "id": 94, "title": "\\u0421\\u0432\\u0435\\u0442\\u043b\\u0430\\u043d\\u0430 \\u0410\\u0445\\u043c\\u0438\\u0440\\u043e\\u0432\\u0430"}], "lookUp": "", "selectAllId": "author__id__in_selectAll", "toggled": true}, "source__id__in": {"selectAll": true, "settings": {"a11": {}, "a10": "source__id__in", "a1": "\\u0418\\u0441\\u0442\\u043e\\u0447\\u043d\\u0438\\u043a", "a3": 6, "a2": "[\\u0442\\u0435\\u043a\\u0441\\u0442]", "a5": "\\u041d\\u0435\\u0442", "a4": "\\u0442\\u0435\\u043a\\u0441\\u0442\\u043e\\u0432\\u044b\\u0439", "a7": "\\u0434\\u0430", "a6": "\\u0434\\u0430", "a9": "", "a8": "-"}, "list": [{"selected": true, "id": 156, "title": "adindex.ru"}, {"selected": true, "id": 176, "title": "Advis.ru"}, {"selected": true, "id": 342, "title": "autonavigator.ru"}, {"selected": true, "id": 340, "title": "BONUS"}, {"selected": true, "id": 326, "title": "championat.com"}, {"selected": true, "id": 335, "title": "Creammag.ru"}, {"selected": true, "id": 345, "title": "d-kvadrat.ru"}, {"selected": true, "id": 324, "title": "droider.ru"}, {"selected": true, "id": 333, "title": "FB.ru"}, {"selected": true, "id": 194, "title": "Foodmarkets.ru"}, {"selected": true, "id": 322, "title": "Footballtop.ru"}, {"selected": true, "id": 349, "title": "geopolitica.ru"}, {"selected": true, "id": 346, "title": "Gorodskoyportal.ru"}, {"selected": true, "id": 330, "title": "hi-tech.mail.ru"}, {"selected": true, "id": 353, "title": "i38.ru"}, {"selected": true, "id": 181, "title": "karta-smi.ru"}, {"selected": true, "id": 215, "title": "Lenta.ru"}, {"selected": true, "id": 337, "title": "Marpeople.com"}, {"selected": true, "id": 351, "title": "moi-goda.ru"}, {"selected": true, "id": 332, "title": "naiz.org"}, {"selected": true, "id": 336, "title": "nedv.info"}, {"selected": true, "id": 329, "title": "News-pc.ru"}, {"selected": true, "id": 132, "title": "news.rambler.ru"}, {"selected": true, "id": 338, "title": "Oilworld.ru"}, {"selected": true, "id": 348, "title": "oohmag.ru"}, {"selected": true, "id": 167, "title": "opt-union.ru"}, {"selected": true, "id": 79, "title": "Pcnews.ru"}, {"selected": true, "id": 319, "title": "pozitive.org"}, {"selected": true, "id": 334, "title": "pravda-news.ru"}, {"selected": true, "id": 174, "title": "Press-release.ru"}, {"selected": true, "id": 352, "title": "Prosport-online.ru"}, {"selected": true, "id": 321, "title": "Re-port.ru"}, {"selected": true, "id": 344, "title": "schelkovo-gorod.ru"}, {"selected": true, "id": 323, "title": "Sport.mail.ru"}, {"selected": true, "id": 179, "title": "Sports.ru"}, {"selected": true, "id": 327, "title": "Subscribe.ru"}, {"selected": true, "id": 325, "title": "thg.ru"}, {"selected": true, "id": 341, "title": "tjournal.ru"}, {"selected": true, "id": 347, "title": "udbiz.ru"}, {"selected": true, "id": 328, "title": "ufa.mk.ru"}, {"selected": true, "id": 350, "title": "warandpeace.ru"}, {"selected": true, "id": 320, "title": "winline.ru"}, {"selected": true, "id": 355, "title": "zvuki.ru"}, {"selected": true, "id": 343, "title": "\\u0414\\u0430\\u043b\\u044c\\u043d\\u0435\\u0432\\u043e\\u0441\\u0442\\u043e\\u0447\\u043d\\u044b\\u0439 \\u043a\\u0430\\u043f\\u0438\\u0442\\u0430\\u043b"}, {"selected": true, "id": 93, "title": "\\u0418\\u0442\\u0430\\u0440-\\u0422\\u0430\\u0441\\u0441"}, {"selected": true, "id": 354, "title": "\\u041a\\u043e\\u043c\\u043c\\u0435\\u0440\\u0441\\u0430\\u043d\\u0442\\u044a \\u0423\\u0444\\u0430"}, {"selected": true, "id": 331, "title": "\\u0420\\u0411\\u041a \\u0422\\u0412"}, {"selected": true, "id": 88, "title": "\\u0420\\u043e\\u0441\\u0411\\u0438\\u0437\\u043d\\u0435\\u0441\\u041a\\u043e\\u043d\\u0441\\u0430\\u043b\\u0442\\u0438\\u043d\\u0433"}, {"selected": true, "id": 339, "title": "\\u042d\\u043a\\u0441\\u043f\\u0435\\u0440\\u0442 \\u042e\\u0433"}], "lookUp": "", "selectAllId": "source__id__in_selectAll", "toggled": true}, "prv__range": {"slider": {"floor": -1378.125, "max": 5043.02896337379, "min": -1378.125, "precision": 2, "ceil": 5043.02896337379, "step": 0.01}, "settings": {"a11": {}, "a10": "prv__range", "a1": "PRV", "a3": 11, "a2": "[\\u0442\\u0435\\u043a\\u0441\\u0442]", "a5": "\\u0414\\u0430", "a4": "\\u0447\\u0438\\u0441\\u043b\\u043e", "a7": "\\u043d\\u0435\\u0442", "a6": "\\u043d\\u0435\\u0442", "a9": "\\u0448\\u043a\\u0430\\u043b\\u0430", "a8": "-"}, "list": [-1378.125, 5043.02896337379], "toggled": false}, "speaker__id__in": {"selectAll": true, "emptyValue": true, "settings": {"a11": {}, "a10": "speaker__id__in", "a1": "\\u0424\\u0418\\u041e \\u0441\\u043f\\u0438\\u043a\\u0435\\u0440\\u0430", "a3": 15, "a2": "[\\u0442\\u0435\\u043a\\u0441\\u0442]", "a5": "\\u0414\\u0430", "a4": "\\u0442\\u0435\\u043a\\u0441\\u0442\\u043e\\u0432\\u044b\\u0439", "a7": "\\u0434\\u0430", "a6": "\\u0434\\u0430", "a9": "", "a8": "\\u0411\\u0435\\u0437 \\u0441\\u043f\\u0438\\u043a\\u0435\\u0440\\u0430"}, "list": [{"selected": true, "id": 12, "title": "\\u0430\\u043d\\u043e\\u043d\\u0438\\u043c"}, {"selected": true, "id": 13, "title": "\\u0421\\u0442\\u0435\\u0444\\u0430\\u043d\\u043e\\u0441 \\u0412\\u0430\\u0444\\u0435\\u0438\\u0434\\u0438\\u0441"}], "lookUp": "", "selectAllId": "speaker__id__in_selectAll", "toggled": true}}	2002-12-29 01:00:00+01	2015-04-16 02:00:00+02	\N	2015-04-24 10:42:31.292246+02	12	2015-04-24 10:42:31.292246+02	12
7	1	sdfsdfsdf	day	1	1	{}	\N	\N	\N	2015-04-24 10:42:31.292246+02	12	2015-04-24 10:42:31.292246+02	12
2	2	Coca-Cola	day	1	10	{}	\N	\N	\N	2015-04-24 10:42:31.292246+02	12	2015-04-24 10:42:31.292246+02	12
37	1	sdsdf	day	1	3	{}	\N	\N	\N	2015-04-24 10:42:31.292246+02	12	2015-04-24 10:42:31.292246+02	12
1	2	test cola	day	1	10	{}	\N	\N	\N	2015-04-24 10:42:31.292246+02	12	2015-04-24 10:42:31.292246+02	12
9	1	Coca-Cola	week	1	1	{}	\N	\N	\N	2015-04-24 10:42:31.292246+02	12	2015-04-24 10:42:31.292246+02	12
44	1	tssssss	week	1	1	{}	\N	\N	\N	2015-04-24 10:42:31.292246+02	12	2015-04-24 10:42:31.292246+02	12
43	1	_test cola_	day	1	1	{"media_view__id__in": {"selectAll": true, "settings": {"a11": {}, "a10": "media_view__id__in", "a1": "\\u0412\\u0438\\u0434 \\u0421\\u041c\\u0418", "a3": 9, "a2": "[\\u0442\\u0435\\u043a\\u0441\\u0442]", "a5": "\\u041d\\u0435\\u0442", "a4": "\\u0442\\u0435\\u043a\\u0441\\u0442\\u043e\\u0432\\u044b\\u0439", "a7": "\\u043d\\u0435\\u0442", "a6": "\\u043d\\u0435\\u0442", "a9": "", "a8": "-"}, "list": [{"selected": true, "id": 18, "title": "\\u0420\\u0418\\u0410"}, {"selected": true, "id": 17, "title": "\\u0420\\u0418\\u0418"}, {"selected": true, "id": 29, "title": "\\u0420\\u041f"}, {"selected": true, "id": 13, "title": "\\u0424\\u0418\\u0410"}, {"selected": true, "id": 15, "title": "\\u0424\\u0418\\u0418"}, {"selected": true, "id": 28, "title": "\\u0424\\u0422\\u0412"}], "lookUp": "", "selectAllId": "media_view__id__in_selectAll", "toggled": true}, "prt__range": {"slider": {"floor": 0.060375, "max": 0.45406, "min": 0.060375, "precision": 2, "ceil": 0.45406, "step": 0.01}, "toggled": false, "list": [0.060375, 0.45406], "settings": {"a11": {}, "a10": "prt__range", "a1": "PRt", "a3": 12, "a2": "[\\u0442\\u0435\\u043a\\u0441\\u0442]", "a5": "\\u0414\\u0430", "a4": "\\u0447\\u0438\\u0441\\u043b\\u043e", "a7": "\\u043d\\u0435\\u0442", "a6": "\\u043d\\u0435\\u0442", "a9": "\\u0448\\u043a\\u0430\\u043b\\u0430", "a8": "-"}}, "info_reason__id__in": {"selectAll": true, "settings": {"a11": {}, "a10": "info_reason__id__in", "a1": "\\u0418\\u043d\\u0444\\u043e\\u043f\\u043e\\u0432\\u043e\\u0434", "a3": 10, "a2": "[\\u0442\\u0435\\u043a\\u0441\\u0442]", "a5": "\\u0414\\u0430", "a4": "\\u0442\\u0435\\u043a\\u0441\\u0442\\u043e\\u0432\\u044b\\u0439", "a7": "\\u043d\\u0435\\u0442", "a6": "\\u043d\\u0435\\u0442", "a9": "", "a8": "-"}, "list": [{"selected": true, "id": 84, "title": "Coca-Cola - \\u0431\\u0435\\u0437\\u043d\\u0430\\u043b\\u0438\\u0447\\u043d\\u0430\\u044f \\u043e\\u043f\\u043b\\u0430\\u0442\\u0430 \\u043d\\u0430\\u043f\\u0438\\u0442\\u043a\\u043e\\u0432"}, {"selected": true, "id": 76, "title": "Coca-Cola - \\u0432\\u043e\\u0441\\u044c\\u043c\\u043e\\u0435 \\u0432 \\u0440\\u0435\\u0439\\u0442\\u0438\\u043d\\u0433\\u0435 \\"\\u041b\\u044e\\u0431\\u0438\\u043c\\u044b\\u0435 \\u0431\\u0440\\u0435\\u043d\\u0434\\u044b \\u0440\\u043e\\u0441\\u0441\\u0438\\u044f\\u043d\\" \\u043e\\u0442 Online Market Intelligence"}, {"selected": true, "id": 80, "title": "Coca-Cola - \\u0432 \\u0441\\u043e\\u0441\\u0442\\u0430\\u0432\\u0435 \\u0436\\u044e\\u0440\\u0438 ENACTUS-2014 \\u0432 \\u041f\\u0435\\u043a\\u0438\\u043d\\u0435"}, {"selected": true, "id": 97, "title": "Coca-Cola - \\u0432 \\u0447\\u0438\\u0441\\u043b\\u0435 \\u043b\\u0438\\u0434\\u0435\\u0440\\u043e\\u0432 \\u0444\\u043e\\u043d\\u0434\\u043e\\u0432\\u043e\\u0433\\u043e \\u0438\\u043d\\u0434\\u0435\\u043a\\u0441\\u0430 Dow Jones"}, {"selected": true, "id": 89, "title": "Coca Cola - \\u0437\\u0430\\u0432\\u0438\\u0441\\u0438\\u043c\\u043e\\u0441\\u0442\\u044c \\u043e\\u0442 \\u043d\\u0430\\u043f\\u0438\\u0442\\u043a\\u0430 \\u0443 \\u0441\\u043a\\u0435\\u0439\\u0442\\u0431\\u043e\\u0440\\u0434\\u0438\\u0441\\u0442\\u0430 \\u0424\\u043b\\u043e \\u041c\\u0438\\u0440\\u0442\\u044d\\u043d\\u0430"}, {"selected": true, "id": 88, "title": "Coca-Cola - \\u0438\\u043d\\u0442\\u0435\\u0440\\u0435\\u0441\\u043d\\u044b\\u0435 \\u0441\\u0432\\u043e\\u0439\\u0441\\u0442\\u0432\\u0430 \\u043d\\u0430\\u043f\\u0438\\u0442\\u043a\\u0430"}, {"selected": true, "id": 86, "title": "Coca-Cola - \\u0438\\u0441\\u043f\\u043e\\u043b\\u044c\\u0437\\u043e\\u0432\\u0430\\u043d\\u0438\\u0435 \\u043d\\u0430\\u043f\\u0438\\u0442\\u043a\\u0430 \\u0434\\u043b\\u044f \\u043f\\u0440\\u0438\\u0433\\u043e\\u0442\\u043e\\u0432\\u043b\\u0435\\u043d\\u0438\\u044f \\u043a\\u043e\\u043a\\u0442\\u0435\\u0439\\u043b\\u044f \\"\\u041f\\u043e\\u043f\\u043b\\u0430\\u0432\\u043e\\u043a\\""}, {"selected": true, "id": 91, "title": "Coca-Cola - \\u043a\\u043e\\u043d\\u043a\\u0443\\u0440\\u0435\\u043d\\u0442 METL Group \\u043d\\u0430 \\u0430\\u0444\\u0440\\u0438\\u043a\\u0430\\u043d\\u0441\\u043a\\u043e\\u043c \\u0440\\u044b\\u043d\\u043a\\u0435"}, {"selected": true, "id": 90, "title": "Coca Cola - \\u043e\\u0444\\u0438\\u0441\\u043d\\u044b\\u0439 \\u0446\\u0435\\u043d\\u0442\\u0440 \\u043a\\u043e\\u043c\\u043f\\u0430\\u043d\\u0438\\u0438 \\u0432 \\u043e\\u0431\\u0437\\u043e\\u0440\\u0435 \\u0437\\u0434\\u0430\\u043d\\u0438\\u0439 \\u0441 \\u043c\\u0443\\u043b\\u044c\\u0442\\u0438\\u043c\\u0435\\u0434\\u0438\\u0439\\u043d\\u044b\\u043c\\u0438 \\u0444\\u0430\\u0441\\u0430\\u0434\\u0430\\u043c\\u0438"}, {"selected": true, "id": 74, "title": "Coca Cola - \\u043f\\u0430\\u0440\\u0442\\u043d\\u0435\\u0440\\u0441\\u0442\\u0432\\u043e \\u0441 Microsoft \\u0432 \\u0443\\u0441\\u0442\\u0430\\u043d\\u043e\\u0432\\u043b\\u0435\\u043d\\u0438\\u0438 \\u043c\\u0438\\u0440\\u043e\\u0432\\u043e\\u0433\\u043e \\u0440\\u0435\\u043a\\u043e\\u0440\\u0434\\u0430"}, {"selected": true, "id": 75, "title": "Coca-Cola - \\u043f\\u0430\\u0440\\u0442\\u043d\\u0435\\u0440\\u0441\\u0442\\u0432\\u043e \\u0441 \\u0431\\u043b\\u0430\\u0433\\u043e\\u0442\\u0432\\u043e\\u0440\\u0438\\u0442\\u0435\\u043b\\u044c\\u043d\\u043e\\u0439 \\u043e\\u0440\\u0433\\u0430\\u043d\\u0438\\u0437\\u0430\\u0446\\u0438\\u0435\\u0439 RED"}, {"selected": true, "id": 85, "title": "Coca-Cola - \\u043f\\u043e\\u0431\\u0435\\u0434\\u0430 \\u0432 \\u0441\\u0443\\u0434\\u0435\\u0431\\u043d\\u043e\\u043c \\u0441\\u043f\\u043e\\u0440\\u0435 \\u0441 \\u0423\\u043f\\u0440\\u0430\\u0432\\u043b\\u0435\\u043d\\u0438\\u0435\\u043c \\u0442\\u043e\\u0440\\u0433\\u043e\\u0432\\u043b\\u0438 \\u0426\\u0435\\u043d\\u0442\\u0440\\u0430\\u043b\\u044c\\u043d\\u043e\\u0433\\u043e \\u0432\\u043e\\u0435\\u043d\\u043d\\u043e\\u0433\\u043e \\u043e\\u043a\\u0440\\u0443\\u0433\\u0430"}, {"selected": true, "id": 83, "title": "Coca-Cola - \\u043f\\u0440\\u043e\\u0434\\u0430\\u0436\\u0430 \\u043d\\u0430\\u043f\\u0438\\u0442\\u043a\\u043e\\u0432 \\u0432 \\u0440\\u043e\\u0436\\u0434\\u0435\\u0441\\u0442\\u0432\\u0435\\u043d\\u0441\\u043a\\u0438\\u0445 \\u0443\\u043f\\u0430\\u043a\\u043e\\u0432\\u043a\\u0430\\u0445"}, {"selected": true, "id": 77, "title": "Coca-Cola - \\u043f\\u0443\\u0431\\u043b\\u0438\\u0447\\u043d\\u0430\\u044f \\u043a\\u0440\\u0438\\u0442\\u0438\\u043a\\u0430 \\u0432 \\u0430\\u0434\\u0440\\u0435\\u0441 \\u0424\\u0418\\u0424\\u0410"}, {"selected": true, "id": 95, "title": "Coca-Cola - \\u0440\\u043e\\u0442\\u0430\\u0446\\u0438\\u044f \\u043f\\u043e \\u0446\\u0435\\u043d\\u0442\\u0440\\u0430\\u043b\\u044c\\u043d\\u044b\\u043c \\u0442\\u0435\\u043b\\u0435\\u043a\\u0430\\u043d\\u0430\\u043b\\u0430\\u043c"}, {"selected": true, "id": 78, "title": "Coca Cola - \\u0441\\u043e\\u0446\\u0438\\u0430\\u043b\\u044c\\u043d\\u043e \\u043e\\u0442\\u0432\\u0435\\u0442\\u0441\\u0442\\u0432\\u0435\\u043d\\u043d\\u044b\\u0439 \\u0431\\u0438\\u0437\\u043d\\u0435\\u0441"}, {"selected": true, "id": 82, "title": "Coca Cola - \\u0441\\u043f\\u043e\\u043d\\u0441\\u043e\\u0440 The International Premier Tennis League "}, {"selected": true, "id": 96, "title": "Coca-Cola - \\u0441\\u0440\\u0430\\u0432\\u043d\\u0435\\u043d\\u0438\\u0435 \\u043a\\u0440\\u043e\\u0441\\u0441\\u043e\\u0432\\u0435\\u0440\\u0430 \\u0441 \\u043a\\u043e\\u043b\\u043e\\u0439 \\u0431\\u0435\\u0437 \\u0441\\u0430\\u0445\\u0430\\u0440\\u0430"}, {"selected": true, "id": 79, "title": "Hellenic - \\u0432 \\u0441\\u043e\\u0441\\u0442\\u0430\\u0432\\u0435 \\u043f\\u0440\\u0430\\u0432\\u043b\\u0435\\u043d\\u0438\\u044f \\u0410\\u0441\\u0441\\u043e\\u0446\\u0438\\u0430\\u0446\\u0438\\u0438 \\u0434\\u0438\\u0440\\u0435\\u043a\\u0442\\u043e\\u0440\\u043e\\u0432 \\u043f\\u043e \\u043a\\u043e\\u0440\\u043f\\u043e\\u0440\\u0430\\u0442\\u0438\\u0432\\u043d\\u044b\\u043c \\u043a\\u043e\\u043c\\u043c\\u0443\\u043d\\u0438\\u043a\\u0430\\u0446\\u0438\\u044f\\u043c \\u0438 \\u043c\\u0435\\u0434\\u0438\\u0430 \\u0420\\u043e\\u0441\\u0441\\u0438\\u0438 (\\u0410\\u041a\\u041c\\u0420)"}, {"selected": true, "id": 93, "title": "Hellenic - \\u0443\\u0447\\u0430\\u0441\\u0442\\u0438\\u0435 \\u0432 \\u0444\\u043e\\u0440\\u0443\\u043c\\u0435 \\"\\u0420\\u043e\\u0441\\u0442\\u043e\\u0432\\u0441\\u043a\\u0430\\u044f \\u043e\\u0431\\u043b\\u0430\\u0441\\u0442\\u044c - \\u0442\\u0435\\u0440\\u0440\\u0438\\u0442\\u043e\\u0440\\u0438\\u044f \\u0440\\u043e\\u0441\\u0442\\u0430\\""}, {"selected": true, "id": 103, "title": "PepsiCo - \\u0432 \\u043f\\u0440\\u0435\\u043f\\u043e\\u0434\\u0430\\u0432\\u0430\\u0442\\u0435\\u043b\\u044c\\u0441\\u043a\\u043e\\u043c \\u0441\\u043e\\u0441\\u0442\\u0430\\u0432\\u0435 \\u043f\\u0440\\u043e\\u0433\\u0440\\u0430\\u043c\\u043c\\u044b \\"\\u042f - \\u043c\\u0435\\u043d\\u0435\\u0434\\u0436\\u0435\\u0440 \\u043f\\u043e \\u043c\\u0430\\u0440\\u043a\\u0435\\u0442\\u0438\\u043d\\u0433\\u0443\\""}, {"selected": true, "id": 81, "title": "PepsiCo - \\u0432 \\u0441\\u043e\\u0441\\u0442\\u0430\\u0432\\u0435 \\u0436\\u044e\\u0440\\u0438 ENACTUS-2014 \\u0432 \\u041f\\u0435\\u043a\\u0438\\u043d\\u0435"}, {"selected": true, "id": 108, "title": "PepsiCo - \\u0432 \\u0447\\u0438\\u0441\\u043b\\u0435 \\u043a\\u043b\\u0438\\u0435\\u043d\\u0442\\u043e\\u0432 \\u0438\\u043b\\u043b\\u044e\\u0441\\u0442\\u0440\\u0430\\u0442\\u043e\\u0440\\u0430 \\u0424\\u0438\\u043b\\u0430 \\u0414\\u0443\\u043d\\u0441\\u043a\\u043e\\u0433\\u043e"}, {"selected": true, "id": 104, "title": "PepsiCo - \\u0432 \\u0447\\u0438\\u0441\\u043b\\u0435 \\u043a\\u043e\\u043c\\u043f\\u0430\\u043d\\u0438\\u0439 \\u0437\\u0430\\u043c\\u0435\\u0448\\u0430\\u043d\\u043d\\u044b\\u0445 \\u0432 \\u0444\\u0438\\u043d\\u0430\\u043d\\u0441\\u043e\\u0432\\u043e\\u043c \\u0441\\u043a\\u0430\\u043d\\u0434\\u0430\\u043b\\u0435 Luxembourg Leaks"}, {"selected": true, "id": 106, "title": "PepsiCo - \\u0432\\u044b\\u043f\\u0443\\u0441\\u043a \\u0440\\u0435\\u043a\\u043b\\u0430\\u043c\\u043d\\u043e\\u0433\\u043e \\u0440\\u043e\\u043b\\u0438\\u043a\\u0430 \\u043e\\u0431 \\u0443\\u0447\\u0430\\u0441\\u0442\\u0438\\u0438 \\u041a\\u044d\\u0442\\u0438 \\u041f\\u0435\\u0440\\u0440\\u0438 \\u0432 \\u0448\\u043e\\u0443 \\u0421\\u0443\\u043f\\u0435\\u0440\\u0431\\u043e\\u0443\\u043b"}, {"selected": true, "id": 87, "title": "PepsiCo - \\u0438\\u0441\\u043f\\u043e\\u043b\\u044c\\u0437\\u043e\\u0432\\u0430\\u043d\\u0438\\u0435 \\u043d\\u0430\\u043f\\u0438\\u0442\\u043a\\u0430 \\u0434\\u043b\\u044f \\u043f\\u0440\\u0438\\u0433\\u043e\\u0442\\u043e\\u0432\\u043b\\u0435\\u043d\\u0438\\u044f \\u043a\\u043e\\u043a\\u0442\\u0435\\u0439\\u043b\\u044f \\"\\u041f\\u043e\\u043f\\u043b\\u0430\\u0432\\u043e\\u043a\\""}, {"selected": true, "id": 92, "title": "PepsiCo - \\u043a\\u043e\\u043d\\u043a\\u0443\\u0440\\u0435\\u043d\\u0442 METL Group \\u043d\\u0430 \\u0430\\u0444\\u0440\\u0438\\u043a\\u0430\\u043d\\u0441\\u043a\\u043e\\u043c \\u0440\\u044b\\u043d\\u043a\\u0435"}, {"selected": true, "id": 107, "title": "PepsiCo - \\u043f\\u0440\\u043e\\u0434\\u0430\\u0436\\u0430 \\u043a\\u043e\\u043d\\u0442\\u0440\\u043e\\u043b\\u044c\\u043d\\u043e\\u0433\\u043e \\u043f\\u0430\\u043a\\u0435\\u0442\\u0430 \\u0422\\u0443\\u0439\\u043c\\u0430\\u0437\\u0438\\u043d\\u0441\\u043a\\u043e\\u0433\\u043e \\u043c\\u043e\\u043b\\u043e\\u043a\\u043e\\u0437\\u0430\\u0432\\u043e\\u0434\\u0430 \\u043a\\u043e\\u043c\\u043f\\u0430\\u043d\\u0438\\u0438 \\"\\u0421\\u0430\\u0432\\u0430\\""}, {"selected": true, "id": 102, "title": "PepsiCo - \\u0443\\u0447\\u0430\\u0441\\u0442\\u0438\\u0435 \\u0432 \\u043a\\u043e\\u043d\\u043a\\u0443\\u0440\\u0441\\u0435 Inter\\u0421omm-2014"}, {"selected": true, "id": 94, "title": "PepsiCo - \\u0443\\u0447\\u0430\\u0441\\u0442\\u0438\\u0435 \\u0432 \\u0444\\u043e\\u0440\\u0443\\u043c\\u0435 \\"\\u0420\\u043e\\u0441\\u0442\\u043e\\u0432\\u0441\\u043a\\u0430\\u044f \\u043e\\u0431\\u043b\\u0430\\u0441\\u0442\\u044c - \\u0442\\u0435\\u0440\\u0440\\u0438\\u0442\\u043e\\u0440\\u0438\\u044f \\u0440\\u043e\\u0441\\u0442\\u0430\\""}, {"selected": true, "id": 105, "title": "PepsiCo - \\u0443\\u0447\\u0430\\u0441\\u0442\\u0438\\u0435 \\u041f\\u0430\\u0443\\u043b\\u0435\\u0442\\u0442 \\u041c\\u0430\\u043a\\u0412\\u0438\\u043b\\u044c\\u044f\\u043c\\u0441 \\u0432 \\u0440\\u0435\\u043a\\u043b\\u0430\\u043c\\u043d\\u044b\\u0445 \\u0440\\u043e\\u043b\\u0438\\u043a\\u0430\\u0445"}, {"selected": true, "id": 99, "title": "\\u041b\\u0435\\u0431\\u0435\\u0434\\u044f\\u043d\\u0441\\u043a\\u0438\\u0439 - \\u043f\\u043e\\u043b\\u0443\\u0447\\u0435\\u043d\\u0438\\u0435 \\u0438\\u043d\\u0432\\u0435\\u0441\\u0442\\u0438\\u0446\\u0438\\u0439 \\u043e\\u0442 United Capital Partners"}, {"selected": true, "id": 98, "title": "\\u041c\\u0443\\u043b\\u0442\\u043e\\u043d - \\u043f\\u043e\\u0434\\u0434\\u0435\\u0440\\u0436\\u043a\\u0430 \\u0431\\u043b\\u0430\\u0433\\u043e\\u0442\\u0432\\u043e\\u0440\\u0438\\u0442\\u0435\\u043b\\u044c\\u043d\\u043e\\u0439 \\u043f\\u0440\\u043e\\u0433\\u0440\\u0430\\u043c\\u043c\\u044b \\u043a \\u0414\\u043d\\u044e \\u0433\\u043e\\u0440\\u043e\\u0434\\u0430 \\u0429\\u0435\\u043b\\u043a\\u043e\\u0432\\u043e"}, {"selected": true, "id": 100, "title": "\\u0421\\u0430\\u0434\\u044b \\u041f\\u0440\\u0438\\u0434\\u043e\\u043d\\u044c\\u044f - \\u0434\\u0435\\u0442\\u0441\\u043a\\u043e\\u0435 \\u043f\\u0438\\u0442\\u0430\\u043d\\u0438\\u0435 \\"\\u0421\\u043f\\u0435\\u043b\\u0435\\u043d\\u043e\\u043a\\""}, {"selected": true, "id": 101, "title": "\\u0421\\u0430\\u0434\\u044b \\u041f\\u0440\\u0438\\u0434\\u043e\\u043d\\u044c\\u044f - \\u0443\\u0447\\u0430\\u0441\\u0442\\u0438\\u0435 \\u0432 \\u0444\\u043e\\u0440\\u0443\\u043c\\u0435 \\"\\u0411\\u0438\\u0437\\u043d\\u0435\\u0441-\\u0422\\u0440\\u0430\\u043c\\u043f\\u043b\\u0438\\u043d. \\u041c\\u0430\\u0441\\u0448\\u0442\\u0430\\u0431\\u0438\\u0440\\u043e\\u0432\\u0430\\u043d\\u0438\\u0435\\""}], "lookUp": "", "selectAllId": "info_reason__id__in_selectAll", "toggled": true}, "referred_object__id__in": {"selectAll": true, "settings": {"a11": {}, "a10": "referred_object__id__in", "a1": "\\u0423\\u043f\\u043e\\u043c\\u0438\\u043d\\u0430\\u0435\\u043c\\u044b\\u0435 \\u043e\\u0431\\u044a\\u0435\\u043a\\u0442\\u044b", "a3": 1, "a2": "[\\u0442\\u0435\\u043a\\u0441\\u0442]", "a5": "\\u0414\\u0430", "a4": "\\u0442\\u0435\\u043a\\u0441\\u0442\\u043e\\u0432\\u044b\\u0439", "a7": "\\u043d\\u0435\\u0442", "a6": "\\u043d\\u0435\\u0442", "a9": "", "a8": "-"}, "list": [{"selected": true, "id": 2, "title": "Coca-Cola Company"}, {"selected": true, "id": 3, "title": "Coca-Cola Hellenic"}, {"selected": true, "id": 1, "title": "Google"}, {"selected": true, "id": 7, "title": "PepsiCo"}, {"selected": true, "id": 5, "title": "\\u041b\\u0435\\u0431\\u0435\\u0434\\u044f\\u043d\\u0441\\u043a\\u0438\\u0439"}, {"selected": true, "id": 4, "title": "\\u041c\\u0443\\u043b\\u0442\\u043e\\u043d"}, {"selected": true, "id": 6, "title": "\\u0421\\u0430\\u0434\\u044b \\u041f\\u0440\\u0438\\u0434\\u043e\\u043d\\u044c\\u044f"}], "lookUp": "", "selectAllId": "referred_object__id__in_selectAll", "toggled": true}, "country__id__in": {"selectAll": true, "settings": {"a11": {}, "a10": "country__id__in", "a1": "\\u0421\\u0442\\u0440\\u0430\\u043d\\u0430", "a3": 3, "a2": "[\\u0442\\u0435\\u043a\\u0441\\u0442]", "a5": "\\u041d\\u0435\\u0442", "a4": "\\u0442\\u0435\\u043a\\u0441\\u0442\\u043e\\u0432\\u044b\\u0439", "a7": "\\u0434\\u0430", "a6": "\\u043d\\u0435\\u0442", "a9": "", "a8": "-"}, "list": [{"selected": true, "id": 6, "title": "\\u0420\\u043e\\u0441\\u0441\\u0438\\u044f"}], "lookUp": "", "selectAllId": "country__id__in_selectAll", "toggled": true}, "federal_district__id__in": {"selectAll": true, "emptyValue": true, "settings": {"a11": {}, "a10": "federal_district__id__in", "a1": "\\u0424\\u041e", "a3": 4, "a2": "[\\u0442\\u0435\\u043a\\u0441\\u0442]", "a5": "\\u041d\\u0435\\u0442", "a4": "\\u0442\\u0435\\u043a\\u0441\\u0442\\u043e\\u0432\\u044b\\u0439", "a7": "\\u0434\\u0430", "a6": "\\u043d\\u0435\\u0442", "a9": "", "a8": "\\u0411\\u0435\\u0437 \\u0424\\u041e"}, "list": [{"selected": true, "id": 16, "title": "\\u0414\\u0424\\u041e"}, {"selected": true, "id": 20, "title": "\\u041f\\u0424\\u041e"}, {"selected": true, "id": 14, "title": "\\u0421\\u0417\\u0424\\u041e"}, {"selected": true, "id": 18, "title": "\\u0421\\u0424\\u041e"}, {"selected": true, "id": 19, "title": "\\u0423\\u0424\\u041e"}, {"selected": true, "id": 13, "title": "\\u0426\\u0424\\u041e"}, {"selected": true, "id": 15, "title": "\\u042e\\u0424\\u041e"}], "hideFederalDistrict": false, "lookUp": "", "selectAllId": "federal_district__id__in_selectAll", "toggled": true}, "city__id__in": {"selectAll": true, "settings": {"a11": {}, "a10": "city__id__in", "a1": "\\u0413\\u043e\\u0440\\u043e\\u0434", "a3": 5, "a2": "[\\u0442\\u0435\\u043a\\u0441\\u0442]", "a5": "\\u041d\\u0435\\u0442", "a4": "\\u0442\\u0435\\u043a\\u0441\\u0442\\u043e\\u0432\\u044b\\u0439", "a7": "\\u0434\\u0430", "a6": "\\u0434\\u0430", "a9": "", "a8": "-"}, "list": [{"selected": true, "id": 61, "title": "\\u0412\\u043b\\u0430\\u0434\\u0438\\u0432\\u043e\\u0441\\u0442\\u043e\\u043a"}, {"selected": true, "id": 27, "title": "\\u0415\\u043a\\u0430\\u0442\\u0435\\u0440\\u0438\\u043d\\u0431\\u0443\\u0440\\u0433"}, {"selected": true, "id": 62, "title": "\\u0418\\u0436\\u0435\\u0432\\u0441\\u043a"}, {"selected": true, "id": 63, "title": "\\u0418\\u0440\\u043a\\u0443\\u0442\\u0441\\u043a"}, {"selected": true, "id": 14, "title": "\\u041c\\u043e\\u0441\\u043a\\u0432\\u0430"}, {"selected": true, "id": 59, "title": "\\u041f\\u0435\\u043d\\u0437\\u0430"}, {"selected": true, "id": 60, "title": "\\u0420\\u043e\\u0441\\u0442\\u043e\\u0432-\\u043d\\u0430-\\u0414\\u043e\\u043d\\u0443"}, {"selected": true, "id": 19, "title": "\\u0421\\u0430\\u043d\\u043a\\u0442-\\u041f\\u0435\\u0442\\u0435\\u0440\\u0431\\u0443\\u0440\\u0433"}, {"selected": true, "id": 58, "title": "\\u0423\\u0444\\u0430"}], "lookUp": "", "selectAllId": "city__id__in_selectAll", "toggled": true}, "speaker_category__id__in": {"selectAll": true, "emptyValue": true, "settings": {"a11": {}, "a10": "speaker_category__id__in", "a1": "\\u041a\\u0430\\u0442\\u0435\\u0433\\u043e\\u0440\\u0438\\u044f \\u0441\\u043f\\u0438\\u043a\\u0435\\u0440\\u0430", "a3": 16, "a2": "[\\u0442\\u0435\\u043a\\u0441\\u0442]", "a5": "\\u0414\\u0430", "a4": "\\u0442\\u0435\\u043a\\u0441\\u0442\\u043e\\u0432\\u044b\\u0439", "a7": "\\u043d\\u0435\\u0442", "a6": "\\u043d\\u0435\\u0442", "a9": "", "a8": "\\u0411\\u0435\\u0437 \\u0441\\u043f\\u0438\\u043a\\u0435\\u0440\\u0430"}, "list": [{"selected": true, "id": 10, "title": "\\u0430\\u043d\\u043e\\u043d\\u0438\\u043c"}, {"selected": true, "id": 12, "title": "\\u041f\\u0440\\u0435\\u0434\\u0441\\u0442\\u0430\\u0432\\u0438\\u0442\\u0435\\u043b\\u0438 \\u043f\\u0440\\u0435\\u0441\\u0441-\\u0441\\u043b\\u0443\\u0436\\u0431\\u044b"}, {"selected": true, "id": 11, "title": "\\u0422\\u043e\\u043f-\\u043c\\u0435\\u043d\\u0435\\u0434\\u0436\\u043c\\u0435\\u043d\\u0442"}], "lookUp": "", "selectAllId": "speaker_category__id__in_selectAll", "toggled": true}, "mo__range": {"slider": {"floor": 100, "max": 5361756, "min": 100, "precision": 0, "ceil": 8870000, "step": 1}, "toggled": false, "list": [100, 8870000], "settings": {"a11": {}, "a10": "mo__range", "a1": "Media Outreach", "a3": 13, "a2": "[\\u0442\\u0435\\u043a\\u0441\\u0442]", "a5": "\\u0414\\u0430", "a4": "\\u0447\\u0438\\u0441\\u043b\\u043e", "a7": "\\u043d\\u0435\\u0442", "a6": "\\u043d\\u0435\\u0442", "a9": "\\u0448\\u043a\\u0430\\u043b\\u0430", "a8": "-"}}, "media_level__id__in": {"selectAll": true, "settings": {"a11": {}, "a10": "media_level__id__in", "a1": "\\u0423\\u0440\\u043e\\u0432\\u0435\\u043d\\u044c \\u0421\\u041c\\u0418", "a3": 7, "a2": "[\\u0442\\u0435\\u043a\\u0441\\u0442]", "a5": "\\u041d\\u0435\\u0442", "a4": "\\u0442\\u0435\\u043a\\u0441\\u0442\\u043e\\u0432\\u044b\\u0439", "a7": "\\u043d\\u0435\\u0442", "a6": "\\u043d\\u0435\\u0442", "a9": "", "a8": "-"}, "list": [{"selected": true, "id": 9, "title": "\\u0420\\u0435\\u0433\\u0438\\u043e\\u043d\\u0430\\u043b\\u044c\\u043d\\u044b\\u0439"}, {"selected": true, "id": 7, "title": "\\u0424\\u0435\\u0434\\u0435\\u0440\\u0430\\u043b\\u044c\\u043d\\u044b\\u0439"}], "lookUp": "", "selectAllId": "media_level__id__in_selectAll", "toggled": true}, "media_category__id__in": {"selectAll": true, "settings": {"a11": {}, "a10": "media_category__id__in", "a1": "\\u041a\\u0430\\u0442\\u0435\\u0433\\u043e\\u0440\\u0438\\u044f \\u0421\\u041c\\u0418", "a3": 8, "a2": "[\\u0442\\u0435\\u043a\\u0441\\u0442]", "a5": "\\u041d\\u0435\\u0442", "a4": "\\u0442\\u0435\\u043a\\u0441\\u0442\\u043e\\u0432\\u044b\\u0439", "a7": "\\u043d\\u0435\\u0442", "a6": "\\u043d\\u0435\\u0442", "a9": "", "a8": "-"}, "list": [], "lookUp": "", "selectAllId": "media_category__id__in_selectAll", "toggled": true}, "emotional_tone_object__id__in": {"selectAll": true, "settings": {"a11": {}, "a10": "emotional_tone_object__id__in", "a1": "\\u0422\\u043e\\u043d\\u0430\\u043b\\u044c\\u043d\\u043e\\u0441\\u0442\\u044c", "a3": 2, "a2": "[\\u0442\\u0435\\u043a\\u0441\\u0442]", "a5": "\\u0414\\u0430", "a4": "\\u0442\\u0435\\u043a\\u0441\\u0442\\u043e\\u0432\\u044b\\u0439", "a7": "\\u043d\\u0435\\u0442", "a6": "\\u043d\\u0435\\u0442", "a9": "", "a8": "-"}, "list": [{"selected": true, "id": 6, "title": "\\u043d\\u0435\\u0433\\u0430\\u0442\\u0438\\u0432\\u043d\\u043e\\u0435"}, {"selected": false, "id": 7, "title": "\\u043d\\u0435\\u0439\\u0442\\u0440\\u0430\\u043b\\u044c\\u043d\\u043e\\u0435"}, {"selected": true, "id": 8, "title": "\\u043f\\u043e\\u0437\\u0438\\u0442\\u0438\\u0432\\u043d\\u043e\\u0435"}], "lookUp": "", "selectAllId": "emotional_tone_object__id__in_selectAll", "toggled": true}, "author__id__in": {"selectAll": true, "emptyValue": true, "settings": {"a11": {}, "a10": "author__id__in", "a1": "\\u0410\\u0432\\u0442\\u043e\\u0440", "a3": 14, "a2": "[\\u0442\\u0435\\u043a\\u0441\\u0442]", "a5": "\\u041d\\u0435\\u0442", "a4": "\\u0442\\u0435\\u043a\\u0441\\u0442\\u043e\\u0432\\u044b\\u0439", "a7": "\\u0434\\u0430", "a6": "\\u0434\\u0430", "a9": "", "a8": "\\u0411\\u0435\\u0437 \\u0430\\u0432\\u0442\\u043e\\u0440\\u0430"}, "list": [{"selected": true, "id": 96, "title": "\\u0410\\u043b\\u0435\\u043a\\u0441\\u0430\\u043d\\u0434\\u0440 \\u0414\\u043e\\u043b\\u0433\\u0438\\u0445"}, {"selected": true, "id": 89, "title": "\\u0410\\u043b\\u0435\\u043a\\u0441\\u0430\\u043d\\u0434\\u0440 \\u041a\\u0440\\u0443\\u0433\\u043b\\u043e\\u0432"}, {"selected": true, "id": 88, "title": "\\u0410\\u043d\\u043d\\u0430 \\u0421\\u043c\\u043e\\u043b\\u043a\\u0438\\u043d\\u0430, \\u0418\\u0433\\u043e\\u0440\\u044c \\u0414\\u043e\\u0440\\u043e\\u0448\\u0435\\u043d\\u043a\\u043e, \\u0414\\u0435\\u043d\\u0438\\u0441 \\u0414\\u0443\\u0431\\u043e\\u0432\\u0438\\u043a\\u043e\\u0432, \\u0421\\u0435\\u0440\\u0433\\u0435\\u0439 \\u0413\\u0440\\u043e\\u043c\\u043e\\u0432"}, {"selected": true, "id": 91, "title": "\\u0410\\u043d\\u0442\\u043e\\u043d Kvas"}, {"selected": true, "id": 87, "title": "\\u0412\\u0435\\u0440\\u043e\\u043d\\u0438\\u043a\\u0430 \\u041f\\u043e\\u043b\\u044f\\u043d\\u0441\\u043a\\u0430\\u044f"}, {"selected": true, "id": 93, "title": "\\u0412\\u043b\\u0430\\u0434\\u0438\\u043c\\u0438\\u0440 \\u041a\\u043e\\u0437\\u043b\\u043e\\u0432"}, {"selected": true, "id": 97, "title": "\\u0414\\u0430\\u0440\\u044c\\u044f \\u041b\\u0443\\u0433\\u0430\\u043d\\u0441\\u043a\\u0430\\u044f"}, {"selected": true, "id": 90, "title": "\\u0415\\u043a\\u0430\\u0442\\u0435\\u0440\\u0438\\u043d\\u0430 \\u0429\\u0435\\u0440\\u0431\\u0430\\u043a\\u043e\\u0432\\u0430"}, {"selected": true, "id": 92, "title": "\\u0415\\u043b\\u0435\\u043d\\u0430 \\u0421\\u0438\\u043d\\u0438\\u0446\\u044b\\u043d\\u0430"}, {"selected": true, "id": 95, "title": "\\u041d\\u0438\\u043a\\u0438\\u0442\\u0430 \\u041b\\u0438\\u0445\\u0430\\u0447\\u0435\\u0432"}, {"selected": true, "id": 94, "title": "\\u0421\\u0432\\u0435\\u0442\\u043b\\u0430\\u043d\\u0430 \\u0410\\u0445\\u043c\\u0438\\u0440\\u043e\\u0432\\u0430"}], "lookUp": "", "selectAllId": "author__id__in_selectAll", "toggled": true}, "source__id__in": {"selectAll": true, "settings": {"a11": {}, "a10": "source__id__in", "a1": "\\u0418\\u0441\\u0442\\u043e\\u0447\\u043d\\u0438\\u043a", "a3": 6, "a2": "[\\u0442\\u0435\\u043a\\u0441\\u0442]", "a5": "\\u041d\\u0435\\u0442", "a4": "\\u0442\\u0435\\u043a\\u0441\\u0442\\u043e\\u0432\\u044b\\u0439", "a7": "\\u0434\\u0430", "a6": "\\u0434\\u0430", "a9": "", "a8": "-"}, "list": [{"selected": true, "id": 156, "title": "adindex.ru"}, {"selected": true, "id": 176, "title": "Advis.ru"}, {"selected": true, "id": 342, "title": "autonavigator.ru"}, {"selected": true, "id": 340, "title": "BONUS"}, {"selected": true, "id": 326, "title": "championat.com"}, {"selected": true, "id": 335, "title": "Creammag.ru"}, {"selected": true, "id": 345, "title": "d-kvadrat.ru"}, {"selected": true, "id": 324, "title": "droider.ru"}, {"selected": true, "id": 333, "title": "FB.ru"}, {"selected": true, "id": 194, "title": "Foodmarkets.ru"}, {"selected": true, "id": 322, "title": "Footballtop.ru"}, {"selected": true, "id": 349, "title": "geopolitica.ru"}, {"selected": true, "id": 346, "title": "Gorodskoyportal.ru"}, {"selected": true, "id": 330, "title": "hi-tech.mail.ru"}, {"selected": true, "id": 353, "title": "i38.ru"}, {"selected": true, "id": 181, "title": "karta-smi.ru"}, {"selected": true, "id": 215, "title": "Lenta.ru"}, {"selected": true, "id": 337, "title": "Marpeople.com"}, {"selected": true, "id": 351, "title": "moi-goda.ru"}, {"selected": true, "id": 332, "title": "naiz.org"}, {"selected": true, "id": 336, "title": "nedv.info"}, {"selected": true, "id": 329, "title": "News-pc.ru"}, {"selected": true, "id": 132, "title": "news.rambler.ru"}, {"selected": true, "id": 338, "title": "Oilworld.ru"}, {"selected": true, "id": 348, "title": "oohmag.ru"}, {"selected": true, "id": 167, "title": "opt-union.ru"}, {"selected": true, "id": 79, "title": "Pcnews.ru"}, {"selected": true, "id": 319, "title": "pozitive.org"}, {"selected": true, "id": 334, "title": "pravda-news.ru"}, {"selected": true, "id": 174, "title": "Press-release.ru"}, {"selected": true, "id": 352, "title": "Prosport-online.ru"}, {"selected": true, "id": 321, "title": "Re-port.ru"}, {"selected": true, "id": 344, "title": "schelkovo-gorod.ru"}, {"selected": true, "id": 323, "title": "Sport.mail.ru"}, {"selected": true, "id": 179, "title": "Sports.ru"}, {"selected": true, "id": 327, "title": "Subscribe.ru"}, {"selected": true, "id": 325, "title": "thg.ru"}, {"selected": true, "id": 341, "title": "tjournal.ru"}, {"selected": true, "id": 347, "title": "udbiz.ru"}, {"selected": true, "id": 328, "title": "ufa.mk.ru"}, {"selected": true, "id": 350, "title": "warandpeace.ru"}, {"selected": true, "id": 320, "title": "winline.ru"}, {"selected": true, "id": 355, "title": "zvuki.ru"}, {"selected": true, "id": 343, "title": "\\u0414\\u0430\\u043b\\u044c\\u043d\\u0435\\u0432\\u043e\\u0441\\u0442\\u043e\\u0447\\u043d\\u044b\\u0439 \\u043a\\u0430\\u043f\\u0438\\u0442\\u0430\\u043b"}, {"selected": true, "id": 93, "title": "\\u0418\\u0442\\u0430\\u0440-\\u0422\\u0430\\u0441\\u0441"}, {"selected": true, "id": 354, "title": "\\u041a\\u043e\\u043c\\u043c\\u0435\\u0440\\u0441\\u0430\\u043d\\u0442\\u044a \\u0423\\u0444\\u0430"}, {"selected": true, "id": 331, "title": "\\u0420\\u0411\\u041a \\u0422\\u0412"}, {"selected": true, "id": 88, "title": "\\u0420\\u043e\\u0441\\u0411\\u0438\\u0437\\u043d\\u0435\\u0441\\u041a\\u043e\\u043d\\u0441\\u0430\\u043b\\u0442\\u0438\\u043d\\u0433"}, {"selected": true, "id": 339, "title": "\\u042d\\u043a\\u0441\\u043f\\u0435\\u0440\\u0442 \\u042e\\u0433"}], "lookUp": "", "selectAllId": "source__id__in_selectAll", "toggled": true}, "prv__range": {"slider": {"floor": -1378.125, "max": 4359.98, "min": 367.19, "precision": 2, "ceil": 5043.02896337379, "step": 0.01}, "toggled": false, "list": [-1378.125, 5043.02896337379], "settings": {"a11": {}, "a10": "prv__range", "a1": "PRV", "a3": 11, "a2": "[\\u0442\\u0435\\u043a\\u0441\\u0442]", "a5": "\\u0414\\u0430", "a4": "\\u0447\\u0438\\u0441\\u043b\\u043e", "a7": "\\u043d\\u0435\\u0442", "a6": "\\u043d\\u0435\\u0442", "a9": "\\u0448\\u043a\\u0430\\u043b\\u0430", "a8": "-"}}, "speaker__id__in": {"selectAll": true, "emptyValue": true, "settings": {"a11": {}, "a10": "speaker__id__in", "a1": "\\u0424\\u0418\\u041e \\u0441\\u043f\\u0438\\u043a\\u0435\\u0440\\u0430", "a3": 15, "a2": "[\\u0442\\u0435\\u043a\\u0441\\u0442]", "a5": "\\u0414\\u0430", "a4": "\\u0442\\u0435\\u043a\\u0441\\u0442\\u043e\\u0432\\u044b\\u0439", "a7": "\\u0434\\u0430", "a6": "\\u0434\\u0430", "a9": "", "a8": "\\u0411\\u0435\\u0437 \\u0441\\u043f\\u0438\\u043a\\u0435\\u0440\\u0430"}, "list": [{"selected": true, "id": 12, "title": "\\u0430\\u043d\\u043e\\u043d\\u0438\\u043c"}, {"selected": true, "id": 13, "title": "\\u0421\\u0442\\u0435\\u0444\\u0430\\u043d\\u043e\\u0441 \\u0412\\u0430\\u0444\\u0435\\u0438\\u0434\\u0438\\u0441"}], "lookUp": "", "selectAllId": "speaker__id__in_selectAll", "toggled": true}}	1979-12-31 22:00:00+01	2049-12-31 22:00:00+01	\N	2015-04-24 10:42:31.292246+02	12	2015-04-24 10:42:31.292246+02	12
64	1	_test cola_111	day	1	1	{"media_view__id__in": {"selectAll": true, "settings": {"a11": {}, "a10": "media_view__id__in", "a1": "\\u0412\\u0438\\u0434 \\u0421\\u041c\\u0418", "a3": 9, "a2": "[\\u0442\\u0435\\u043a\\u0441\\u0442]", "a5": "\\u041d\\u0435\\u0442", "a4": "\\u0442\\u0435\\u043a\\u0441\\u0442\\u043e\\u0432\\u044b\\u0439", "a7": "\\u043d\\u0435\\u0442", "a6": "\\u043d\\u0435\\u0442", "a9": "", "a8": "-"}, "list": [{"selected": true, "id": 18, "title": "\\u0420\\u0418\\u0410"}, {"selected": true, "id": 17, "title": "\\u0420\\u0418\\u0418"}, {"selected": true, "id": 29, "title": "\\u0420\\u041f"}, {"selected": true, "id": 13, "title": "\\u0424\\u0418\\u0410"}, {"selected": true, "id": 15, "title": "\\u0424\\u0418\\u0418"}, {"selected": true, "id": 28, "title": "\\u0424\\u0422\\u0412"}], "lookUp": "", "selectAllId": "media_view__id__in_selectAll", "toggled": true}, "prt__range": {"slider": {"floor": 0.060375, "max": 0.45406, "min": 0.060375, "precision": 2, "ceil": 0.45406, "step": 0.01}, "toggled": false, "list": [0.060375, 0.45406], "settings": {"a11": {}, "a10": "prt__range", "a1": "PRt", "a3": 12, "a2": "[\\u0442\\u0435\\u043a\\u0441\\u0442]", "a5": "\\u0414\\u0430", "a4": "\\u0447\\u0438\\u0441\\u043b\\u043e", "a7": "\\u043d\\u0435\\u0442", "a6": "\\u043d\\u0435\\u0442", "a9": "\\u0448\\u043a\\u0430\\u043b\\u0430", "a8": "-"}}, "info_reason__id__in": {"selectAll": true, "settings": {"a11": {}, "a10": "info_reason__id__in", "a1": "\\u0418\\u043d\\u0444\\u043e\\u043f\\u043e\\u0432\\u043e\\u0434", "a3": 10, "a2": "[\\u0442\\u0435\\u043a\\u0441\\u0442]", "a5": "\\u0414\\u0430", "a4": "\\u0442\\u0435\\u043a\\u0441\\u0442\\u043e\\u0432\\u044b\\u0439", "a7": "\\u043d\\u0435\\u0442", "a6": "\\u043d\\u0435\\u0442", "a9": "", "a8": "-"}, "list": [{"selected": true, "id": 84, "title": "Coca-Cola - \\u0431\\u0435\\u0437\\u043d\\u0430\\u043b\\u0438\\u0447\\u043d\\u0430\\u044f \\u043e\\u043f\\u043b\\u0430\\u0442\\u0430 \\u043d\\u0430\\u043f\\u0438\\u0442\\u043a\\u043e\\u0432"}, {"selected": true, "id": 76, "title": "Coca-Cola - \\u0432\\u043e\\u0441\\u044c\\u043c\\u043e\\u0435 \\u0432 \\u0440\\u0435\\u0439\\u0442\\u0438\\u043d\\u0433\\u0435 \\"\\u041b\\u044e\\u0431\\u0438\\u043c\\u044b\\u0435 \\u0431\\u0440\\u0435\\u043d\\u0434\\u044b \\u0440\\u043e\\u0441\\u0441\\u0438\\u044f\\u043d\\" \\u043e\\u0442 Online Market Intelligence"}, {"selected": true, "id": 80, "title": "Coca-Cola - \\u0432 \\u0441\\u043e\\u0441\\u0442\\u0430\\u0432\\u0435 \\u0436\\u044e\\u0440\\u0438 ENACTUS-2014 \\u0432 \\u041f\\u0435\\u043a\\u0438\\u043d\\u0435"}, {"selected": true, "id": 97, "title": "Coca-Cola - \\u0432 \\u0447\\u0438\\u0441\\u043b\\u0435 \\u043b\\u0438\\u0434\\u0435\\u0440\\u043e\\u0432 \\u0444\\u043e\\u043d\\u0434\\u043e\\u0432\\u043e\\u0433\\u043e \\u0438\\u043d\\u0434\\u0435\\u043a\\u0441\\u0430 Dow Jones"}, {"selected": true, "id": 89, "title": "Coca Cola - \\u0437\\u0430\\u0432\\u0438\\u0441\\u0438\\u043c\\u043e\\u0441\\u0442\\u044c \\u043e\\u0442 \\u043d\\u0430\\u043f\\u0438\\u0442\\u043a\\u0430 \\u0443 \\u0441\\u043a\\u0435\\u0439\\u0442\\u0431\\u043e\\u0440\\u0434\\u0438\\u0441\\u0442\\u0430 \\u0424\\u043b\\u043e \\u041c\\u0438\\u0440\\u0442\\u044d\\u043d\\u0430"}, {"selected": true, "id": 88, "title": "Coca-Cola - \\u0438\\u043d\\u0442\\u0435\\u0440\\u0435\\u0441\\u043d\\u044b\\u0435 \\u0441\\u0432\\u043e\\u0439\\u0441\\u0442\\u0432\\u0430 \\u043d\\u0430\\u043f\\u0438\\u0442\\u043a\\u0430"}, {"selected": true, "id": 86, "title": "Coca-Cola - \\u0438\\u0441\\u043f\\u043e\\u043b\\u044c\\u0437\\u043e\\u0432\\u0430\\u043d\\u0438\\u0435 \\u043d\\u0430\\u043f\\u0438\\u0442\\u043a\\u0430 \\u0434\\u043b\\u044f \\u043f\\u0440\\u0438\\u0433\\u043e\\u0442\\u043e\\u0432\\u043b\\u0435\\u043d\\u0438\\u044f \\u043a\\u043e\\u043a\\u0442\\u0435\\u0439\\u043b\\u044f \\"\\u041f\\u043e\\u043f\\u043b\\u0430\\u0432\\u043e\\u043a\\""}, {"selected": true, "id": 91, "title": "Coca-Cola - \\u043a\\u043e\\u043d\\u043a\\u0443\\u0440\\u0435\\u043d\\u0442 METL Group \\u043d\\u0430 \\u0430\\u0444\\u0440\\u0438\\u043a\\u0430\\u043d\\u0441\\u043a\\u043e\\u043c \\u0440\\u044b\\u043d\\u043a\\u0435"}, {"selected": true, "id": 90, "title": "Coca Cola - \\u043e\\u0444\\u0438\\u0441\\u043d\\u044b\\u0439 \\u0446\\u0435\\u043d\\u0442\\u0440 \\u043a\\u043e\\u043c\\u043f\\u0430\\u043d\\u0438\\u0438 \\u0432 \\u043e\\u0431\\u0437\\u043e\\u0440\\u0435 \\u0437\\u0434\\u0430\\u043d\\u0438\\u0439 \\u0441 \\u043c\\u0443\\u043b\\u044c\\u0442\\u0438\\u043c\\u0435\\u0434\\u0438\\u0439\\u043d\\u044b\\u043c\\u0438 \\u0444\\u0430\\u0441\\u0430\\u0434\\u0430\\u043c\\u0438"}, {"selected": true, "id": 74, "title": "Coca Cola - \\u043f\\u0430\\u0440\\u0442\\u043d\\u0435\\u0440\\u0441\\u0442\\u0432\\u043e \\u0441 Microsoft \\u0432 \\u0443\\u0441\\u0442\\u0430\\u043d\\u043e\\u0432\\u043b\\u0435\\u043d\\u0438\\u0438 \\u043c\\u0438\\u0440\\u043e\\u0432\\u043e\\u0433\\u043e \\u0440\\u0435\\u043a\\u043e\\u0440\\u0434\\u0430"}, {"selected": true, "id": 75, "title": "Coca-Cola - \\u043f\\u0430\\u0440\\u0442\\u043d\\u0435\\u0440\\u0441\\u0442\\u0432\\u043e \\u0441 \\u0431\\u043b\\u0430\\u0433\\u043e\\u0442\\u0432\\u043e\\u0440\\u0438\\u0442\\u0435\\u043b\\u044c\\u043d\\u043e\\u0439 \\u043e\\u0440\\u0433\\u0430\\u043d\\u0438\\u0437\\u0430\\u0446\\u0438\\u0435\\u0439 RED"}, {"selected": true, "id": 85, "title": "Coca-Cola - \\u043f\\u043e\\u0431\\u0435\\u0434\\u0430 \\u0432 \\u0441\\u0443\\u0434\\u0435\\u0431\\u043d\\u043e\\u043c \\u0441\\u043f\\u043e\\u0440\\u0435 \\u0441 \\u0423\\u043f\\u0440\\u0430\\u0432\\u043b\\u0435\\u043d\\u0438\\u0435\\u043c \\u0442\\u043e\\u0440\\u0433\\u043e\\u0432\\u043b\\u0438 \\u0426\\u0435\\u043d\\u0442\\u0440\\u0430\\u043b\\u044c\\u043d\\u043e\\u0433\\u043e \\u0432\\u043e\\u0435\\u043d\\u043d\\u043e\\u0433\\u043e \\u043e\\u043a\\u0440\\u0443\\u0433\\u0430"}, {"selected": true, "id": 83, "title": "Coca-Cola - \\u043f\\u0440\\u043e\\u0434\\u0430\\u0436\\u0430 \\u043d\\u0430\\u043f\\u0438\\u0442\\u043a\\u043e\\u0432 \\u0432 \\u0440\\u043e\\u0436\\u0434\\u0435\\u0441\\u0442\\u0432\\u0435\\u043d\\u0441\\u043a\\u0438\\u0445 \\u0443\\u043f\\u0430\\u043a\\u043e\\u0432\\u043a\\u0430\\u0445"}, {"selected": true, "id": 77, "title": "Coca-Cola - \\u043f\\u0443\\u0431\\u043b\\u0438\\u0447\\u043d\\u0430\\u044f \\u043a\\u0440\\u0438\\u0442\\u0438\\u043a\\u0430 \\u0432 \\u0430\\u0434\\u0440\\u0435\\u0441 \\u0424\\u0418\\u0424\\u0410"}, {"selected": true, "id": 95, "title": "Coca-Cola - \\u0440\\u043e\\u0442\\u0430\\u0446\\u0438\\u044f \\u043f\\u043e \\u0446\\u0435\\u043d\\u0442\\u0440\\u0430\\u043b\\u044c\\u043d\\u044b\\u043c \\u0442\\u0435\\u043b\\u0435\\u043a\\u0430\\u043d\\u0430\\u043b\\u0430\\u043c"}, {"selected": true, "id": 78, "title": "Coca Cola - \\u0441\\u043e\\u0446\\u0438\\u0430\\u043b\\u044c\\u043d\\u043e \\u043e\\u0442\\u0432\\u0435\\u0442\\u0441\\u0442\\u0432\\u0435\\u043d\\u043d\\u044b\\u0439 \\u0431\\u0438\\u0437\\u043d\\u0435\\u0441"}, {"selected": true, "id": 82, "title": "Coca Cola - \\u0441\\u043f\\u043e\\u043d\\u0441\\u043e\\u0440 The International Premier Tennis League "}, {"selected": true, "id": 96, "title": "Coca-Cola - \\u0441\\u0440\\u0430\\u0432\\u043d\\u0435\\u043d\\u0438\\u0435 \\u043a\\u0440\\u043e\\u0441\\u0441\\u043e\\u0432\\u0435\\u0440\\u0430 \\u0441 \\u043a\\u043e\\u043b\\u043e\\u0439 \\u0431\\u0435\\u0437 \\u0441\\u0430\\u0445\\u0430\\u0440\\u0430"}, {"selected": true, "id": 79, "title": "Hellenic - \\u0432 \\u0441\\u043e\\u0441\\u0442\\u0430\\u0432\\u0435 \\u043f\\u0440\\u0430\\u0432\\u043b\\u0435\\u043d\\u0438\\u044f \\u0410\\u0441\\u0441\\u043e\\u0446\\u0438\\u0430\\u0446\\u0438\\u0438 \\u0434\\u0438\\u0440\\u0435\\u043a\\u0442\\u043e\\u0440\\u043e\\u0432 \\u043f\\u043e \\u043a\\u043e\\u0440\\u043f\\u043e\\u0440\\u0430\\u0442\\u0438\\u0432\\u043d\\u044b\\u043c \\u043a\\u043e\\u043c\\u043c\\u0443\\u043d\\u0438\\u043a\\u0430\\u0446\\u0438\\u044f\\u043c \\u0438 \\u043c\\u0435\\u0434\\u0438\\u0430 \\u0420\\u043e\\u0441\\u0441\\u0438\\u0438 (\\u0410\\u041a\\u041c\\u0420)"}, {"selected": true, "id": 93, "title": "Hellenic - \\u0443\\u0447\\u0430\\u0441\\u0442\\u0438\\u0435 \\u0432 \\u0444\\u043e\\u0440\\u0443\\u043c\\u0435 \\"\\u0420\\u043e\\u0441\\u0442\\u043e\\u0432\\u0441\\u043a\\u0430\\u044f \\u043e\\u0431\\u043b\\u0430\\u0441\\u0442\\u044c - \\u0442\\u0435\\u0440\\u0440\\u0438\\u0442\\u043e\\u0440\\u0438\\u044f \\u0440\\u043e\\u0441\\u0442\\u0430\\""}, {"selected": true, "id": 103, "title": "PepsiCo - \\u0432 \\u043f\\u0440\\u0435\\u043f\\u043e\\u0434\\u0430\\u0432\\u0430\\u0442\\u0435\\u043b\\u044c\\u0441\\u043a\\u043e\\u043c \\u0441\\u043e\\u0441\\u0442\\u0430\\u0432\\u0435 \\u043f\\u0440\\u043e\\u0433\\u0440\\u0430\\u043c\\u043c\\u044b \\"\\u042f - \\u043c\\u0435\\u043d\\u0435\\u0434\\u0436\\u0435\\u0440 \\u043f\\u043e \\u043c\\u0430\\u0440\\u043a\\u0435\\u0442\\u0438\\u043d\\u0433\\u0443\\""}, {"selected": true, "id": 81, "title": "PepsiCo - \\u0432 \\u0441\\u043e\\u0441\\u0442\\u0430\\u0432\\u0435 \\u0436\\u044e\\u0440\\u0438 ENACTUS-2014 \\u0432 \\u041f\\u0435\\u043a\\u0438\\u043d\\u0435"}, {"selected": true, "id": 108, "title": "PepsiCo - \\u0432 \\u0447\\u0438\\u0441\\u043b\\u0435 \\u043a\\u043b\\u0438\\u0435\\u043d\\u0442\\u043e\\u0432 \\u0438\\u043b\\u043b\\u044e\\u0441\\u0442\\u0440\\u0430\\u0442\\u043e\\u0440\\u0430 \\u0424\\u0438\\u043b\\u0430 \\u0414\\u0443\\u043d\\u0441\\u043a\\u043e\\u0433\\u043e"}, {"selected": true, "id": 104, "title": "PepsiCo - \\u0432 \\u0447\\u0438\\u0441\\u043b\\u0435 \\u043a\\u043e\\u043c\\u043f\\u0430\\u043d\\u0438\\u0439 \\u0437\\u0430\\u043c\\u0435\\u0448\\u0430\\u043d\\u043d\\u044b\\u0445 \\u0432 \\u0444\\u0438\\u043d\\u0430\\u043d\\u0441\\u043e\\u0432\\u043e\\u043c \\u0441\\u043a\\u0430\\u043d\\u0434\\u0430\\u043b\\u0435 Luxembourg Leaks"}, {"selected": true, "id": 106, "title": "PepsiCo - \\u0432\\u044b\\u043f\\u0443\\u0441\\u043a \\u0440\\u0435\\u043a\\u043b\\u0430\\u043c\\u043d\\u043e\\u0433\\u043e \\u0440\\u043e\\u043b\\u0438\\u043a\\u0430 \\u043e\\u0431 \\u0443\\u0447\\u0430\\u0441\\u0442\\u0438\\u0438 \\u041a\\u044d\\u0442\\u0438 \\u041f\\u0435\\u0440\\u0440\\u0438 \\u0432 \\u0448\\u043e\\u0443 \\u0421\\u0443\\u043f\\u0435\\u0440\\u0431\\u043e\\u0443\\u043b"}, {"selected": true, "id": 87, "title": "PepsiCo - \\u0438\\u0441\\u043f\\u043e\\u043b\\u044c\\u0437\\u043e\\u0432\\u0430\\u043d\\u0438\\u0435 \\u043d\\u0430\\u043f\\u0438\\u0442\\u043a\\u0430 \\u0434\\u043b\\u044f \\u043f\\u0440\\u0438\\u0433\\u043e\\u0442\\u043e\\u0432\\u043b\\u0435\\u043d\\u0438\\u044f \\u043a\\u043e\\u043a\\u0442\\u0435\\u0439\\u043b\\u044f \\"\\u041f\\u043e\\u043f\\u043b\\u0430\\u0432\\u043e\\u043a\\""}, {"selected": true, "id": 92, "title": "PepsiCo - \\u043a\\u043e\\u043d\\u043a\\u0443\\u0440\\u0435\\u043d\\u0442 METL Group \\u043d\\u0430 \\u0430\\u0444\\u0440\\u0438\\u043a\\u0430\\u043d\\u0441\\u043a\\u043e\\u043c \\u0440\\u044b\\u043d\\u043a\\u0435"}, {"selected": true, "id": 107, "title": "PepsiCo - \\u043f\\u0440\\u043e\\u0434\\u0430\\u0436\\u0430 \\u043a\\u043e\\u043d\\u0442\\u0440\\u043e\\u043b\\u044c\\u043d\\u043e\\u0433\\u043e \\u043f\\u0430\\u043a\\u0435\\u0442\\u0430 \\u0422\\u0443\\u0439\\u043c\\u0430\\u0437\\u0438\\u043d\\u0441\\u043a\\u043e\\u0433\\u043e \\u043c\\u043e\\u043b\\u043e\\u043a\\u043e\\u0437\\u0430\\u0432\\u043e\\u0434\\u0430 \\u043a\\u043e\\u043c\\u043f\\u0430\\u043d\\u0438\\u0438 \\"\\u0421\\u0430\\u0432\\u0430\\""}, {"selected": true, "id": 102, "title": "PepsiCo - \\u0443\\u0447\\u0430\\u0441\\u0442\\u0438\\u0435 \\u0432 \\u043a\\u043e\\u043d\\u043a\\u0443\\u0440\\u0441\\u0435 Inter\\u0421omm-2014"}, {"selected": true, "id": 94, "title": "PepsiCo - \\u0443\\u0447\\u0430\\u0441\\u0442\\u0438\\u0435 \\u0432 \\u0444\\u043e\\u0440\\u0443\\u043c\\u0435 \\"\\u0420\\u043e\\u0441\\u0442\\u043e\\u0432\\u0441\\u043a\\u0430\\u044f \\u043e\\u0431\\u043b\\u0430\\u0441\\u0442\\u044c - \\u0442\\u0435\\u0440\\u0440\\u0438\\u0442\\u043e\\u0440\\u0438\\u044f \\u0440\\u043e\\u0441\\u0442\\u0430\\""}, {"selected": true, "id": 105, "title": "PepsiCo - \\u0443\\u0447\\u0430\\u0441\\u0442\\u0438\\u0435 \\u041f\\u0430\\u0443\\u043b\\u0435\\u0442\\u0442 \\u041c\\u0430\\u043a\\u0412\\u0438\\u043b\\u044c\\u044f\\u043c\\u0441 \\u0432 \\u0440\\u0435\\u043a\\u043b\\u0430\\u043c\\u043d\\u044b\\u0445 \\u0440\\u043e\\u043b\\u0438\\u043a\\u0430\\u0445"}, {"selected": true, "id": 99, "title": "\\u041b\\u0435\\u0431\\u0435\\u0434\\u044f\\u043d\\u0441\\u043a\\u0438\\u0439 - \\u043f\\u043e\\u043b\\u0443\\u0447\\u0435\\u043d\\u0438\\u0435 \\u0438\\u043d\\u0432\\u0435\\u0441\\u0442\\u0438\\u0446\\u0438\\u0439 \\u043e\\u0442 United Capital Partners"}, {"selected": true, "id": 98, "title": "\\u041c\\u0443\\u043b\\u0442\\u043e\\u043d - \\u043f\\u043e\\u0434\\u0434\\u0435\\u0440\\u0436\\u043a\\u0430 \\u0431\\u043b\\u0430\\u0433\\u043e\\u0442\\u0432\\u043e\\u0440\\u0438\\u0442\\u0435\\u043b\\u044c\\u043d\\u043e\\u0439 \\u043f\\u0440\\u043e\\u0433\\u0440\\u0430\\u043c\\u043c\\u044b \\u043a \\u0414\\u043d\\u044e \\u0433\\u043e\\u0440\\u043e\\u0434\\u0430 \\u0429\\u0435\\u043b\\u043a\\u043e\\u0432\\u043e"}, {"selected": true, "id": 100, "title": "\\u0421\\u0430\\u0434\\u044b \\u041f\\u0440\\u0438\\u0434\\u043e\\u043d\\u044c\\u044f - \\u0434\\u0435\\u0442\\u0441\\u043a\\u043e\\u0435 \\u043f\\u0438\\u0442\\u0430\\u043d\\u0438\\u0435 \\"\\u0421\\u043f\\u0435\\u043b\\u0435\\u043d\\u043e\\u043a\\""}, {"selected": true, "id": 101, "title": "\\u0421\\u0430\\u0434\\u044b \\u041f\\u0440\\u0438\\u0434\\u043e\\u043d\\u044c\\u044f - \\u0443\\u0447\\u0430\\u0441\\u0442\\u0438\\u0435 \\u0432 \\u0444\\u043e\\u0440\\u0443\\u043c\\u0435 \\"\\u0411\\u0438\\u0437\\u043d\\u0435\\u0441-\\u0422\\u0440\\u0430\\u043c\\u043f\\u043b\\u0438\\u043d. \\u041c\\u0430\\u0441\\u0448\\u0442\\u0430\\u0431\\u0438\\u0440\\u043e\\u0432\\u0430\\u043d\\u0438\\u0435\\""}], "lookUp": "", "selectAllId": "info_reason__id__in_selectAll", "toggled": true}, "referred_object__id__in": {"selectAll": true, "settings": {"a11": {}, "a10": "referred_object__id__in", "a1": "\\u0423\\u043f\\u043e\\u043c\\u0438\\u043d\\u0430\\u0435\\u043c\\u044b\\u0435 \\u043e\\u0431\\u044a\\u0435\\u043a\\u0442\\u044b", "a3": 1, "a2": "[\\u0442\\u0435\\u043a\\u0441\\u0442]", "a5": "\\u0414\\u0430", "a4": "\\u0442\\u0435\\u043a\\u0441\\u0442\\u043e\\u0432\\u044b\\u0439", "a7": "\\u043d\\u0435\\u0442", "a6": "\\u043d\\u0435\\u0442", "a9": "", "a8": "-"}, "list": [{"selected": true, "id": 2, "title": "Coca-Cola Company"}, {"selected": true, "id": 3, "title": "Coca-Cola Hellenic"}, {"selected": true, "id": 1, "title": "Google"}, {"selected": true, "id": 7, "title": "PepsiCo"}, {"selected": true, "id": 5, "title": "\\u041b\\u0435\\u0431\\u0435\\u0434\\u044f\\u043d\\u0441\\u043a\\u0438\\u0439"}, {"selected": true, "id": 4, "title": "\\u041c\\u0443\\u043b\\u0442\\u043e\\u043d"}, {"selected": true, "id": 6, "title": "\\u0421\\u0430\\u0434\\u044b \\u041f\\u0440\\u0438\\u0434\\u043e\\u043d\\u044c\\u044f"}], "lookUp": "", "selectAllId": "referred_object__id__in_selectAll", "toggled": true}, "country__id__in": {"selectAll": true, "settings": {"a11": {}, "a10": "country__id__in", "a1": "\\u0421\\u0442\\u0440\\u0430\\u043d\\u0430", "a3": 3, "a2": "[\\u0442\\u0435\\u043a\\u0441\\u0442]", "a5": "\\u041d\\u0435\\u0442", "a4": "\\u0442\\u0435\\u043a\\u0441\\u0442\\u043e\\u0432\\u044b\\u0439", "a7": "\\u0434\\u0430", "a6": "\\u043d\\u0435\\u0442", "a9": "", "a8": "-"}, "list": [{"selected": true, "id": 6, "title": "\\u0420\\u043e\\u0441\\u0441\\u0438\\u044f"}], "lookUp": "", "selectAllId": "country__id__in_selectAll", "toggled": true}, "federal_district__id__in": {"selectAll": true, "emptyValue": true, "settings": {"a11": {}, "a10": "federal_district__id__in", "a1": "\\u0424\\u041e", "a3": 4, "a2": "[\\u0442\\u0435\\u043a\\u0441\\u0442]", "a5": "\\u041d\\u0435\\u0442", "a4": "\\u0442\\u0435\\u043a\\u0441\\u0442\\u043e\\u0432\\u044b\\u0439", "a7": "\\u0434\\u0430", "a6": "\\u043d\\u0435\\u0442", "a9": "", "a8": "\\u0411\\u0435\\u0437 \\u0424\\u041e"}, "list": [{"selected": true, "id": 16, "title": "\\u0414\\u0424\\u041e"}, {"selected": true, "id": 20, "title": "\\u041f\\u0424\\u041e"}, {"selected": true, "id": 14, "title": "\\u0421\\u0417\\u0424\\u041e"}, {"selected": true, "id": 18, "title": "\\u0421\\u0424\\u041e"}, {"selected": true, "id": 19, "title": "\\u0423\\u0424\\u041e"}, {"selected": true, "id": 13, "title": "\\u0426\\u0424\\u041e"}, {"selected": true, "id": 15, "title": "\\u042e\\u0424\\u041e"}], "hideFederalDistrict": false, "lookUp": "", "selectAllId": "federal_district__id__in_selectAll", "toggled": true}, "city__id__in": {"selectAll": true, "settings": {"a11": {}, "a10": "city__id__in", "a1": "\\u0413\\u043e\\u0440\\u043e\\u0434", "a3": 5, "a2": "[\\u0442\\u0435\\u043a\\u0441\\u0442]", "a5": "\\u041d\\u0435\\u0442", "a4": "\\u0442\\u0435\\u043a\\u0441\\u0442\\u043e\\u0432\\u044b\\u0439", "a7": "\\u0434\\u0430", "a6": "\\u0434\\u0430", "a9": "", "a8": "-"}, "list": [{"selected": true, "id": 61, "title": "\\u0412\\u043b\\u0430\\u0434\\u0438\\u0432\\u043e\\u0441\\u0442\\u043e\\u043a"}, {"selected": true, "id": 27, "title": "\\u0415\\u043a\\u0430\\u0442\\u0435\\u0440\\u0438\\u043d\\u0431\\u0443\\u0440\\u0433"}, {"selected": true, "id": 62, "title": "\\u0418\\u0436\\u0435\\u0432\\u0441\\u043a"}, {"selected": true, "id": 63, "title": "\\u0418\\u0440\\u043a\\u0443\\u0442\\u0441\\u043a"}, {"selected": true, "id": 14, "title": "\\u041c\\u043e\\u0441\\u043a\\u0432\\u0430"}, {"selected": true, "id": 59, "title": "\\u041f\\u0435\\u043d\\u0437\\u0430"}, {"selected": true, "id": 60, "title": "\\u0420\\u043e\\u0441\\u0442\\u043e\\u0432-\\u043d\\u0430-\\u0414\\u043e\\u043d\\u0443"}, {"selected": true, "id": 19, "title": "\\u0421\\u0430\\u043d\\u043a\\u0442-\\u041f\\u0435\\u0442\\u0435\\u0440\\u0431\\u0443\\u0440\\u0433"}, {"selected": true, "id": 58, "title": "\\u0423\\u0444\\u0430"}], "lookUp": "", "selectAllId": "city__id__in_selectAll", "toggled": true}, "speaker_category__id__in": {"selectAll": true, "emptyValue": true, "settings": {"a11": {}, "a10": "speaker_category__id__in", "a1": "\\u041a\\u0430\\u0442\\u0435\\u0433\\u043e\\u0440\\u0438\\u044f \\u0441\\u043f\\u0438\\u043a\\u0435\\u0440\\u0430", "a3": 16, "a2": "[\\u0442\\u0435\\u043a\\u0441\\u0442]", "a5": "\\u0414\\u0430", "a4": "\\u0442\\u0435\\u043a\\u0441\\u0442\\u043e\\u0432\\u044b\\u0439", "a7": "\\u043d\\u0435\\u0442", "a6": "\\u043d\\u0435\\u0442", "a9": "", "a8": "\\u0411\\u0435\\u0437 \\u0441\\u043f\\u0438\\u043a\\u0435\\u0440\\u0430"}, "list": [{"selected": true, "id": 10, "title": "\\u0430\\u043d\\u043e\\u043d\\u0438\\u043c"}, {"selected": true, "id": 12, "title": "\\u041f\\u0440\\u0435\\u0434\\u0441\\u0442\\u0430\\u0432\\u0438\\u0442\\u0435\\u043b\\u0438 \\u043f\\u0440\\u0435\\u0441\\u0441-\\u0441\\u043b\\u0443\\u0436\\u0431\\u044b"}, {"selected": true, "id": 11, "title": "\\u0422\\u043e\\u043f-\\u043c\\u0435\\u043d\\u0435\\u0434\\u0436\\u043c\\u0435\\u043d\\u0442"}], "lookUp": "", "selectAllId": "speaker_category__id__in_selectAll", "toggled": true}, "mo__range": {"slider": {"floor": 100, "max": 5361756, "min": 100, "precision": 0, "ceil": 8870000, "step": 1}, "toggled": false, "list": [100, 8870000], "settings": {"a11": {}, "a10": "mo__range", "a1": "Media Outreach", "a3": 13, "a2": "[\\u0442\\u0435\\u043a\\u0441\\u0442]", "a5": "\\u0414\\u0430", "a4": "\\u0447\\u0438\\u0441\\u043b\\u043e", "a7": "\\u043d\\u0435\\u0442", "a6": "\\u043d\\u0435\\u0442", "a9": "\\u0448\\u043a\\u0430\\u043b\\u0430", "a8": "-"}}, "media_level__id__in": {"selectAll": true, "settings": {"a11": {}, "a10": "media_level__id__in", "a1": "\\u0423\\u0440\\u043e\\u0432\\u0435\\u043d\\u044c \\u0421\\u041c\\u0418", "a3": 7, "a2": "[\\u0442\\u0435\\u043a\\u0441\\u0442]", "a5": "\\u041d\\u0435\\u0442", "a4": "\\u0442\\u0435\\u043a\\u0441\\u0442\\u043e\\u0432\\u044b\\u0439", "a7": "\\u043d\\u0435\\u0442", "a6": "\\u043d\\u0435\\u0442", "a9": "", "a8": "-"}, "list": [{"selected": true, "id": 9, "title": "\\u0420\\u0435\\u0433\\u0438\\u043e\\u043d\\u0430\\u043b\\u044c\\u043d\\u044b\\u0439"}, {"selected": true, "id": 7, "title": "\\u0424\\u0435\\u0434\\u0435\\u0440\\u0430\\u043b\\u044c\\u043d\\u044b\\u0439"}], "lookUp": "", "selectAllId": "media_level__id__in_selectAll", "toggled": true}, "media_category__id__in": {"selectAll": true, "settings": {"a11": {}, "a10": "media_category__id__in", "a1": "\\u041a\\u0430\\u0442\\u0435\\u0433\\u043e\\u0440\\u0438\\u044f \\u0421\\u041c\\u0418", "a3": 8, "a2": "[\\u0442\\u0435\\u043a\\u0441\\u0442]", "a5": "\\u041d\\u0435\\u0442", "a4": "\\u0442\\u0435\\u043a\\u0441\\u0442\\u043e\\u0432\\u044b\\u0439", "a7": "\\u043d\\u0435\\u0442", "a6": "\\u043d\\u0435\\u0442", "a9": "", "a8": "-"}, "list": [], "lookUp": "", "selectAllId": "media_category__id__in_selectAll", "toggled": true}, "emotional_tone_object__id__in": {"selectAll": true, "settings": {"a11": {}, "a10": "emotional_tone_object__id__in", "a1": "\\u0422\\u043e\\u043d\\u0430\\u043b\\u044c\\u043d\\u043e\\u0441\\u0442\\u044c", "a3": 2, "a2": "[\\u0442\\u0435\\u043a\\u0441\\u0442]", "a5": "\\u0414\\u0430", "a4": "\\u0442\\u0435\\u043a\\u0441\\u0442\\u043e\\u0432\\u044b\\u0439", "a7": "\\u043d\\u0435\\u0442", "a6": "\\u043d\\u0435\\u0442", "a9": "", "a8": "-"}, "list": [{"selected": true, "id": 6, "title": "\\u043d\\u0435\\u0433\\u0430\\u0442\\u0438\\u0432\\u043d\\u043e\\u0435"}, {"selected": false, "id": 7, "title": "\\u043d\\u0435\\u0439\\u0442\\u0440\\u0430\\u043b\\u044c\\u043d\\u043e\\u0435"}, {"selected": true, "id": 8, "title": "\\u043f\\u043e\\u0437\\u0438\\u0442\\u0438\\u0432\\u043d\\u043e\\u0435"}], "lookUp": "", "selectAllId": "emotional_tone_object__id__in_selectAll", "toggled": true}, "author__id__in": {"selectAll": true, "emptyValue": true, "settings": {"a11": {}, "a10": "author__id__in", "a1": "\\u0410\\u0432\\u0442\\u043e\\u0440", "a3": 14, "a2": "[\\u0442\\u0435\\u043a\\u0441\\u0442]", "a5": "\\u041d\\u0435\\u0442", "a4": "\\u0442\\u0435\\u043a\\u0441\\u0442\\u043e\\u0432\\u044b\\u0439", "a7": "\\u0434\\u0430", "a6": "\\u0434\\u0430", "a9": "", "a8": "\\u0411\\u0435\\u0437 \\u0430\\u0432\\u0442\\u043e\\u0440\\u0430"}, "list": [{"selected": true, "id": 96, "title": "\\u0410\\u043b\\u0435\\u043a\\u0441\\u0430\\u043d\\u0434\\u0440 \\u0414\\u043e\\u043b\\u0433\\u0438\\u0445"}, {"selected": true, "id": 89, "title": "\\u0410\\u043b\\u0435\\u043a\\u0441\\u0430\\u043d\\u0434\\u0440 \\u041a\\u0440\\u0443\\u0433\\u043b\\u043e\\u0432"}, {"selected": true, "id": 88, "title": "\\u0410\\u043d\\u043d\\u0430 \\u0421\\u043c\\u043e\\u043b\\u043a\\u0438\\u043d\\u0430, \\u0418\\u0433\\u043e\\u0440\\u044c \\u0414\\u043e\\u0440\\u043e\\u0448\\u0435\\u043d\\u043a\\u043e, \\u0414\\u0435\\u043d\\u0438\\u0441 \\u0414\\u0443\\u0431\\u043e\\u0432\\u0438\\u043a\\u043e\\u0432, \\u0421\\u0435\\u0440\\u0433\\u0435\\u0439 \\u0413\\u0440\\u043e\\u043c\\u043e\\u0432"}, {"selected": true, "id": 91, "title": "\\u0410\\u043d\\u0442\\u043e\\u043d Kvas"}, {"selected": true, "id": 87, "title": "\\u0412\\u0435\\u0440\\u043e\\u043d\\u0438\\u043a\\u0430 \\u041f\\u043e\\u043b\\u044f\\u043d\\u0441\\u043a\\u0430\\u044f"}, {"selected": true, "id": 93, "title": "\\u0412\\u043b\\u0430\\u0434\\u0438\\u043c\\u0438\\u0440 \\u041a\\u043e\\u0437\\u043b\\u043e\\u0432"}, {"selected": true, "id": 97, "title": "\\u0414\\u0430\\u0440\\u044c\\u044f \\u041b\\u0443\\u0433\\u0430\\u043d\\u0441\\u043a\\u0430\\u044f"}, {"selected": true, "id": 90, "title": "\\u0415\\u043a\\u0430\\u0442\\u0435\\u0440\\u0438\\u043d\\u0430 \\u0429\\u0435\\u0440\\u0431\\u0430\\u043a\\u043e\\u0432\\u0430"}, {"selected": true, "id": 92, "title": "\\u0415\\u043b\\u0435\\u043d\\u0430 \\u0421\\u0438\\u043d\\u0438\\u0446\\u044b\\u043d\\u0430"}, {"selected": true, "id": 95, "title": "\\u041d\\u0438\\u043a\\u0438\\u0442\\u0430 \\u041b\\u0438\\u0445\\u0430\\u0447\\u0435\\u0432"}, {"selected": true, "id": 94, "title": "\\u0421\\u0432\\u0435\\u0442\\u043b\\u0430\\u043d\\u0430 \\u0410\\u0445\\u043c\\u0438\\u0440\\u043e\\u0432\\u0430"}], "lookUp": "", "selectAllId": "author__id__in_selectAll", "toggled": true}, "source__id__in": {"selectAll": true, "settings": {"a11": {}, "a10": "source__id__in", "a1": "\\u0418\\u0441\\u0442\\u043e\\u0447\\u043d\\u0438\\u043a", "a3": 6, "a2": "[\\u0442\\u0435\\u043a\\u0441\\u0442]", "a5": "\\u041d\\u0435\\u0442", "a4": "\\u0442\\u0435\\u043a\\u0441\\u0442\\u043e\\u0432\\u044b\\u0439", "a7": "\\u0434\\u0430", "a6": "\\u0434\\u0430", "a9": "", "a8": "-"}, "list": [{"selected": true, "id": 156, "title": "adindex.ru"}, {"selected": true, "id": 176, "title": "Advis.ru"}, {"selected": true, "id": 342, "title": "autonavigator.ru"}, {"selected": true, "id": 340, "title": "BONUS"}, {"selected": true, "id": 326, "title": "championat.com"}, {"selected": true, "id": 335, "title": "Creammag.ru"}, {"selected": true, "id": 345, "title": "d-kvadrat.ru"}, {"selected": true, "id": 324, "title": "droider.ru"}, {"selected": true, "id": 333, "title": "FB.ru"}, {"selected": true, "id": 194, "title": "Foodmarkets.ru"}, {"selected": true, "id": 322, "title": "Footballtop.ru"}, {"selected": true, "id": 349, "title": "geopolitica.ru"}, {"selected": true, "id": 346, "title": "Gorodskoyportal.ru"}, {"selected": true, "id": 330, "title": "hi-tech.mail.ru"}, {"selected": true, "id": 353, "title": "i38.ru"}, {"selected": true, "id": 181, "title": "karta-smi.ru"}, {"selected": true, "id": 215, "title": "Lenta.ru"}, {"selected": true, "id": 337, "title": "Marpeople.com"}, {"selected": true, "id": 351, "title": "moi-goda.ru"}, {"selected": true, "id": 332, "title": "naiz.org"}, {"selected": true, "id": 336, "title": "nedv.info"}, {"selected": true, "id": 329, "title": "News-pc.ru"}, {"selected": true, "id": 132, "title": "news.rambler.ru"}, {"selected": true, "id": 338, "title": "Oilworld.ru"}, {"selected": true, "id": 348, "title": "oohmag.ru"}, {"selected": true, "id": 167, "title": "opt-union.ru"}, {"selected": true, "id": 79, "title": "Pcnews.ru"}, {"selected": true, "id": 319, "title": "pozitive.org"}, {"selected": true, "id": 334, "title": "pravda-news.ru"}, {"selected": true, "id": 174, "title": "Press-release.ru"}, {"selected": true, "id": 352, "title": "Prosport-online.ru"}, {"selected": true, "id": 321, "title": "Re-port.ru"}, {"selected": true, "id": 344, "title": "schelkovo-gorod.ru"}, {"selected": true, "id": 323, "title": "Sport.mail.ru"}, {"selected": true, "id": 179, "title": "Sports.ru"}, {"selected": true, "id": 327, "title": "Subscribe.ru"}, {"selected": true, "id": 325, "title": "thg.ru"}, {"selected": true, "id": 341, "title": "tjournal.ru"}, {"selected": true, "id": 347, "title": "udbiz.ru"}, {"selected": true, "id": 328, "title": "ufa.mk.ru"}, {"selected": true, "id": 350, "title": "warandpeace.ru"}, {"selected": true, "id": 320, "title": "winline.ru"}, {"selected": true, "id": 355, "title": "zvuki.ru"}, {"selected": true, "id": 343, "title": "\\u0414\\u0430\\u043b\\u044c\\u043d\\u0435\\u0432\\u043e\\u0441\\u0442\\u043e\\u0447\\u043d\\u044b\\u0439 \\u043a\\u0430\\u043f\\u0438\\u0442\\u0430\\u043b"}, {"selected": true, "id": 93, "title": "\\u0418\\u0442\\u0430\\u0440-\\u0422\\u0430\\u0441\\u0441"}, {"selected": true, "id": 354, "title": "\\u041a\\u043e\\u043c\\u043c\\u0435\\u0440\\u0441\\u0430\\u043d\\u0442\\u044a \\u0423\\u0444\\u0430"}, {"selected": true, "id": 331, "title": "\\u0420\\u0411\\u041a \\u0422\\u0412"}, {"selected": true, "id": 88, "title": "\\u0420\\u043e\\u0441\\u0411\\u0438\\u0437\\u043d\\u0435\\u0441\\u041a\\u043e\\u043d\\u0441\\u0430\\u043b\\u0442\\u0438\\u043d\\u0433"}, {"selected": true, "id": 339, "title": "\\u042d\\u043a\\u0441\\u043f\\u0435\\u0440\\u0442 \\u042e\\u0433"}], "lookUp": "", "selectAllId": "source__id__in_selectAll", "toggled": true}, "prv__range": {"slider": {"floor": -1378.125, "max": 4359.98, "min": 367.19, "precision": 2, "ceil": 5043.02896337379, "step": 0.01}, "toggled": false, "list": [-1378.125, 5043.02896337379], "settings": {"a11": {}, "a10": "prv__range", "a1": "PRV", "a3": 11, "a2": "[\\u0442\\u0435\\u043a\\u0441\\u0442]", "a5": "\\u0414\\u0430", "a4": "\\u0447\\u0438\\u0441\\u043b\\u043e", "a7": "\\u043d\\u0435\\u0442", "a6": "\\u043d\\u0435\\u0442", "a9": "\\u0448\\u043a\\u0430\\u043b\\u0430", "a8": "-"}}, "speaker__id__in": {"selectAll": true, "emptyValue": true, "settings": {"a11": {}, "a10": "speaker__id__in", "a1": "\\u0424\\u0418\\u041e \\u0441\\u043f\\u0438\\u043a\\u0435\\u0440\\u0430", "a3": 15, "a2": "[\\u0442\\u0435\\u043a\\u0441\\u0442]", "a5": "\\u0414\\u0430", "a4": "\\u0442\\u0435\\u043a\\u0441\\u0442\\u043e\\u0432\\u044b\\u0439", "a7": "\\u0434\\u0430", "a6": "\\u0434\\u0430", "a9": "", "a8": "\\u0411\\u0435\\u0437 \\u0441\\u043f\\u0438\\u043a\\u0435\\u0440\\u0430"}, "list": [{"selected": true, "id": 12, "title": "\\u0430\\u043d\\u043e\\u043d\\u0438\\u043c"}, {"selected": true, "id": 13, "title": "\\u0421\\u0442\\u0435\\u0444\\u0430\\u043d\\u043e\\u0441 \\u0412\\u0430\\u0444\\u0435\\u0438\\u0434\\u0438\\u0441"}], "lookUp": "", "selectAllId": "speaker__id__in_selectAll", "toggled": true}}	1979-12-31 22:00:00+01	2049-12-31 22:00:00+01	43	2015-04-24 10:42:31.292246+02	12	2015-04-24 10:42:31.292246+02	12
47	1	nnn	date_release	1	1	{"media_view__id__in": {"selectAll": true, "settings": {"a11": {}, "a10": "media_view__id__in", "a1": "\\u0412\\u0438\\u0434 \\u0421\\u041c\\u0418", "a3": 9, "a2": "[\\u0442\\u0435\\u043a\\u0441\\u0442]", "a5": "\\u041d\\u0435\\u0442", "a4": "\\u0442\\u0435\\u043a\\u0441\\u0442\\u043e\\u0432\\u044b\\u0439", "a7": "\\u043d\\u0435\\u0442", "a6": "\\u043d\\u0435\\u0442", "a9": "", "a8": "-"}, "list": [], "lookUp": "", "selectAllId": "media_view__id__in_selectAll", "toggled": true}, "prt__range": {"slider": {"min": 0.060375, "max": 0.45406, "floor": 0.060375, "precision": 2, "ceil": 0.45406, "step": 0.01}, "settings": {"a11": {}, "a10": "prt__range", "a1": "PRt", "a3": 12, "a2": "[\\u0442\\u0435\\u043a\\u0441\\u0442]", "a5": "\\u0414\\u0430", "a4": "\\u0447\\u0438\\u0441\\u043b\\u043e", "a7": "\\u043d\\u0435\\u0442", "a6": "\\u043d\\u0435\\u0442", "a9": "\\u0448\\u043a\\u0430\\u043b\\u0430", "a8": "-"}, "list": [0.060375, 0.45406], "toggled": false}, "referred_object__id__in": {"selectAll": true, "settings": {"a11": {}, "a10": "referred_object__id__in", "a1": "\\u0423\\u043f\\u043e\\u043c\\u0438\\u043d\\u0430\\u0435\\u043c\\u044b\\u0435 \\u043e\\u0431\\u044a\\u0435\\u043a\\u0442\\u044b", "a3": 1, "a2": "[\\u0442\\u0435\\u043a\\u0441\\u0442]", "a5": "\\u0414\\u0430", "a4": "\\u0442\\u0435\\u043a\\u0441\\u0442\\u043e\\u0432\\u044b\\u0439", "a7": "\\u043d\\u0435\\u0442", "a6": "\\u043d\\u0435\\u0442", "a9": "", "a8": "-"}, "list": [{"selected": true, "id": 2, "title": "Coca-Cola Company"}, {"selected": true, "id": 3, "title": "Coca-Cola Hellenic"}, {"selected": true, "id": 1, "title": "Google"}, {"selected": true, "id": 7, "title": "PepsiCo"}, {"selected": true, "id": 5, "title": "\\u041b\\u0435\\u0431\\u0435\\u0434\\u044f\\u043d\\u0441\\u043a\\u0438\\u0439"}, {"selected": true, "id": 4, "title": "\\u041c\\u0443\\u043b\\u0442\\u043e\\u043d"}, {"selected": true, "id": 6, "title": "\\u0421\\u0430\\u0434\\u044b \\u041f\\u0440\\u0438\\u0434\\u043e\\u043d\\u044c\\u044f"}], "lookUp": "", "selectAllId": "referred_object__id__in_selectAll", "toggled": true}, "country__id__in": {"selectAll": true, "settings": {"a11": {}, "a10": "country__id__in", "a1": "\\u0421\\u0442\\u0440\\u0430\\u043d\\u0430", "a3": 3, "a2": "[\\u0442\\u0435\\u043a\\u0441\\u0442]", "a5": "\\u041d\\u0435\\u0442", "a4": "\\u0442\\u0435\\u043a\\u0441\\u0442\\u043e\\u0432\\u044b\\u0439", "a7": "\\u0434\\u0430", "a6": "\\u043d\\u0435\\u0442", "a9": "", "a8": "-"}, "list": [], "lookUp": "", "selectAllId": "country__id__in_selectAll", "toggled": true}, "info_reason__id__in": {"selectAll": true, "settings": {"a11": {}, "a10": "info_reason__id__in", "a1": "\\u0418\\u043d\\u0444\\u043e\\u043f\\u043e\\u0432\\u043e\\u0434", "a3": 10, "a2": "[\\u0442\\u0435\\u043a\\u0441\\u0442]", "a5": "\\u0414\\u0430", "a4": "\\u0442\\u0435\\u043a\\u0441\\u0442\\u043e\\u0432\\u044b\\u0439", "a7": "\\u043d\\u0435\\u0442", "a6": "\\u043d\\u0435\\u0442", "a9": "", "a8": "-"}, "list": [], "lookUp": "", "selectAllId": "info_reason__id__in_selectAll", "toggled": true}, "city__id__in": {"selectAll": true, "settings": {"a11": {}, "a10": "city__id__in", "a1": "\\u0413\\u043e\\u0440\\u043e\\u0434", "a3": 5, "a2": "[\\u0442\\u0435\\u043a\\u0441\\u0442]", "a5": "\\u041d\\u0435\\u0442", "a4": "\\u0442\\u0435\\u043a\\u0441\\u0442\\u043e\\u0432\\u044b\\u0439", "a7": "\\u0434\\u0430", "a6": "\\u0434\\u0430", "a9": "", "a8": "-"}, "list": [], "lookUp": "", "selectAllId": "city__id__in_selectAll", "toggled": true}, "speaker__id__in": {"selectAll": true, "emptyValue": true, "settings": {"a11": {}, "a10": "speaker__id__in", "a1": "\\u0424\\u0418\\u041e \\u0441\\u043f\\u0438\\u043a\\u0435\\u0440\\u0430", "a3": 15, "a2": "[\\u0442\\u0435\\u043a\\u0441\\u0442]", "a5": "\\u0414\\u0430", "a4": "\\u0442\\u0435\\u043a\\u0441\\u0442\\u043e\\u0432\\u044b\\u0439", "a7": "\\u0434\\u0430", "a6": "\\u0434\\u0430", "a9": "", "a8": "\\u0411\\u0435\\u0437 \\u0441\\u043f\\u0438\\u043a\\u0435\\u0440\\u0430"}, "list": [], "lookUp": "", "selectAllId": "speaker__id__in_selectAll", "toggled": true}, "speaker_category__id__in": {"selectAll": true, "emptyValue": true, "settings": {"a11": {}, "a10": "speaker_category__id__in", "a1": "\\u041a\\u0430\\u0442\\u0435\\u0433\\u043e\\u0440\\u0438\\u044f \\u0441\\u043f\\u0438\\u043a\\u0435\\u0440\\u0430", "a3": 16, "a2": "[\\u0442\\u0435\\u043a\\u0441\\u0442]", "a5": "\\u0414\\u0430", "a4": "\\u0442\\u0435\\u043a\\u0441\\u0442\\u043e\\u0432\\u044b\\u0439", "a7": "\\u043d\\u0435\\u0442", "a6": "\\u043d\\u0435\\u0442", "a9": "", "a8": "\\u0411\\u0435\\u0437 \\u0441\\u043f\\u0438\\u043a\\u0435\\u0440\\u0430"}, "list": [], "lookUp": "", "selectAllId": "speaker_category__id__in_selectAll", "toggled": true}, "mo__range": {"slider": {"min": 100, "max": 5847173, "floor": 100, "precision": 0, "ceil": 8870000, "step": 1}, "settings": {"a11": {}, "a10": "mo__range", "a1": "Media Outreach", "a3": 13, "a2": "[\\u0442\\u0435\\u043a\\u0441\\u0442]", "a5": "\\u0414\\u0430", "a4": "\\u0447\\u0438\\u0441\\u043b\\u043e", "a7": "\\u043d\\u0435\\u0442", "a6": "\\u043d\\u0435\\u0442", "a9": "\\u0448\\u043a\\u0430\\u043b\\u0430", "a8": "-"}, "list": [100, 8870000], "toggled": false}, "media_level__id__in": {"selectAll": true, "settings": {"a11": {}, "a10": "media_level__id__in", "a1": "\\u0423\\u0440\\u043e\\u0432\\u0435\\u043d\\u044c \\u0421\\u041c\\u0418", "a3": 7, "a2": "[\\u0442\\u0435\\u043a\\u0441\\u0442]", "a5": "\\u041d\\u0435\\u0442", "a4": "\\u0442\\u0435\\u043a\\u0441\\u0442\\u043e\\u0432\\u044b\\u0439", "a7": "\\u043d\\u0435\\u0442", "a6": "\\u043d\\u0435\\u0442", "a9": "", "a8": "-"}, "list": [], "lookUp": "", "selectAllId": "media_level__id__in_selectAll", "toggled": true}, "media_category__id__in": {"selectAll": true, "settings": {"a11": {}, "a10": "media_category__id__in", "a1": "\\u041a\\u0430\\u0442\\u0435\\u0433\\u043e\\u0440\\u0438\\u044f \\u0421\\u041c\\u0418", "a3": 8, "a2": "[\\u0442\\u0435\\u043a\\u0441\\u0442]", "a5": "\\u041d\\u0435\\u0442", "a4": "\\u0442\\u0435\\u043a\\u0441\\u0442\\u043e\\u0432\\u044b\\u0439", "a7": "\\u043d\\u0435\\u0442", "a6": "\\u043d\\u0435\\u0442", "a9": "", "a8": "-"}, "list": [], "lookUp": "", "selectAllId": "media_category__id__in_selectAll", "toggled": true}, "emotional_tone_object__id__in": {"selectAll": true, "settings": {"a11": {}, "a10": "emotional_tone_object__id__in", "a1": "\\u0422\\u043e\\u043d\\u0430\\u043b\\u044c\\u043d\\u043e\\u0441\\u0442\\u044c", "a3": 2, "a2": "[\\u0442\\u0435\\u043a\\u0441\\u0442]", "a5": "\\u0414\\u0430", "a4": "\\u0442\\u0435\\u043a\\u0441\\u0442\\u043e\\u0432\\u044b\\u0439", "a7": "\\u043d\\u0435\\u0442", "a6": "\\u043d\\u0435\\u0442", "a9": "", "a8": "-"}, "list": [], "lookUp": "", "selectAllId": "emotional_tone_object__id__in_selectAll", "toggled": true}, "author__id__in": {"selectAll": true, "emptyValue": true, "settings": {"a11": {}, "a10": "author__id__in", "a1": "\\u0410\\u0432\\u0442\\u043e\\u0440", "a3": 14, "a2": "[\\u0442\\u0435\\u043a\\u0441\\u0442]", "a5": "\\u041d\\u0435\\u0442", "a4": "\\u0442\\u0435\\u043a\\u0441\\u0442\\u043e\\u0432\\u044b\\u0439", "a7": "\\u0434\\u0430", "a6": "\\u0434\\u0430", "a9": "", "a8": "\\u0411\\u0435\\u0437 \\u0430\\u0432\\u0442\\u043e\\u0440\\u0430"}, "list": [], "lookUp": "", "selectAllId": "author__id__in_selectAll", "toggled": true}, "source__id__in": {"selectAll": true, "settings": {"a11": {}, "a10": "source__id__in", "a1": "\\u0418\\u0441\\u0442\\u043e\\u0447\\u043d\\u0438\\u043a", "a3": 6, "a2": "[\\u0442\\u0435\\u043a\\u0441\\u0442]", "a5": "\\u041d\\u0435\\u0442", "a4": "\\u0442\\u0435\\u043a\\u0441\\u0442\\u043e\\u0432\\u044b\\u0439", "a7": "\\u0434\\u0430", "a6": "\\u0434\\u0430", "a9": "", "a8": "-"}, "list": [], "lookUp": "", "selectAllId": "source__id__in_selectAll", "toggled": true}, "prv__range": {"slider": {"min": -1378.125, "max": 5043.02896337379, "floor": -1378.125, "precision": 2, "ceil": 5043.02896337379, "step": 0.01}, "settings": {"a11": {}, "a10": "prv__range", "a1": "PRV", "a3": 11, "a2": "[\\u0442\\u0435\\u043a\\u0441\\u0442]", "a5": "\\u0414\\u0430", "a4": "\\u0447\\u0438\\u0441\\u043b\\u043e", "a7": "\\u043d\\u0435\\u0442", "a6": "\\u043d\\u0435\\u0442", "a9": "\\u0448\\u043a\\u0430\\u043b\\u0430", "a8": "-"}, "list": [-1378.125, 5043.02896337379], "toggled": false}, "federal_district__id__in": {"selectAll": true, "emptyValue": true, "settings": {"a11": {}, "a10": "federal_district__id__in", "a1": "\\u0424\\u041e", "a3": 4, "a2": "[\\u0442\\u0435\\u043a\\u0441\\u0442]", "a5": "\\u041d\\u0435\\u0442", "a4": "\\u0442\\u0435\\u043a\\u0441\\u0442\\u043e\\u0432\\u044b\\u0439", "a7": "\\u0434\\u0430", "a6": "\\u043d\\u0435\\u0442", "a9": "", "a8": "\\u0411\\u0435\\u0437 \\u0424\\u041e"}, "list": [], "hideFederalDistrict": false, "lookUp": "", "selectAllId": "federal_district__id__in_selectAll", "toggled": true}}	2015-04-23 08:36:13.654514+02	2015-04-23 08:36:18.439453+02	45	2015-04-24 10:42:31.292246+02	12	2015-04-24 10:42:31.292246+02	12
\.


--
-- Name: monitoring_product_monitoringproduct_id_seq; Type: SEQUENCE SET; Schema: public; Owner: stas
--

SELECT pg_catalog.setval('monitoring_product_monitoringproduct_id_seq', 64, true);


--
-- Data for Name: monitoring_product_monitoringproductcategory; Type: TABLE DATA; Schema: public; Owner: stas
--

COPY monitoring_product_monitoringproductcategory (id, category_id, monitoring_product_id, index_sort) FROM stdin;
1112	77	64	1
1113	78	64	1
1114	79	64	1
1115	80	64	1
1116	81	64	1
1052	77	45	1
1053	78	45	1
1054	79	45	1
1055	80	45	1
1056	81	45	1
1057	77	47	1
1058	78	47	1
1059	79	47	1
1060	80	47	1
1061	81	47	1
54	20	2	1
55	23	2	1
56	26	2	1
57	28	2	1
58	30	2	1
59	32	2	1
60	36	2	1
61	41	2	1
882	77	1	1
883	78	1	1
884	79	1	1
885	80	1	1
886	81	1	1
1087	77	43	1
1088	78	43	1
1089	79	43	1
1090	80	43	1
1091	81	43	1
\.


--
-- Name: monitoring_product_monitoringproductcategory_id_seq; Type: SEQUENCE SET; Schema: public; Owner: stas
--

SELECT pg_catalog.setval('monitoring_product_monitoringproductcategory_id_seq', 1116, true);


--
-- Data for Name: monitoring_product_monitoringproductmention; Type: TABLE DATA; Schema: public; Owner: stas
--

COPY monitoring_product_monitoringproductmention (id, monitoring_product_id, color, mention_object_id) FROM stdin;
84	37	666666	1
85	37	666666	2
86	37	666666	3
87	37	666666	4
88	37	666666	5
89	37	666666	6
90	37	666666	7
8	2	666666	2
9	2	666666	3
10	2	666666	4
11	2	666666	5
12	2	666666	6
13	2	666666	7
687	64	666666	1
688	64	e8e774	2
689	64	666666	3
690	64	666666	4
691	64	666666	5
692	64	666666	6
693	64	666666	7
603	45	666666	1
604	45	e4b7b7	2
605	45	666666	3
606	45	666666	4
607	45	666666	5
608	45	666666	6
609	45	666666	7
610	47	666666	1
611	47	666666	2
612	47	666666	3
613	47	666666	4
614	47	666666	5
615	47	666666	6
616	47	666666	7
652	43	666666	1
653	43	e8e774	2
654	43	666666	3
655	43	666666	4
656	43	666666	5
657	43	666666	6
658	43	666666	7
\.


--
-- Name: monitoring_product_monitoringproductmention_id_seq; Type: SEQUENCE SET; Schema: public; Owner: stas
--

SELECT pg_catalog.setval('monitoring_product_monitoringproductmention_id_seq', 693, true);


--
-- Data for Name: monitoring_product_monitoringproductmentionword; Type: TABLE DATA; Schema: public; Owner: stas
--

COPY monitoring_product_monitoringproductmentionword (id, word, monitoring_product_mention_id) FROM stdin;
85	Coca	604
27	ghfgh	84
28	fghfghfgh	84
29	fghfghfgh	84
91	coca cola	653
93	coca cola	688
\.


--
-- Name: monitoring_product_monitoringproductmentionword_id_seq; Type: SEQUENCE SET; Schema: public; Owner: stas
--

SELECT pg_catalog.setval('monitoring_product_monitoringproductmentionword_id_seq', 93, true);


--
-- Data for Name: monitoring_product_monitoringproductsetting; Type: TABLE DATA; Schema: public; Owner: stas
--

COPY monitoring_product_monitoringproductsetting (id, setting, monitoring_product_id, user_id) FROM stdin;
4	{"mention_list": [{"text": "\\u0424\\u0418\\u041e \\u0441\\u043f\\u0438\\u043a\\u0435\\u0440\\u0430", "name": "speakers", "id": 52}, {"text": "\\u041e\\u0431\\u044a\\u0435\\u043a\\u0442\\u044b", "name": "title", "id": 51}], "geography_list": [{"text": "\\u0424\\u0435\\u0434\\u0435\\u0440\\u0430\\u043b\\u044c\\u043d\\u044b\\u0439 \\u043e\\u043a\\u0440\\u0443\\u0433", "name": "federal_district", "id": 32}, {"text": "\\u0421\\u0442\\u0440\\u0430\\u043d\\u0430", "name": "country", "id": 31}, {"text": "\\u0413\\u043e\\u0440\\u043e\\u0434", "name": "city", "id": 35}], "media_list": [{"text": "\\u0422\\u0438\\u043f", "name": "media_type", "id": 22}, {"text": "\\u0423\\u0440\\u043e\\u0432\\u0435\\u043d\\u044c", "name": "media_level", "id": 21}, {"text": "\\u041a\\u0430\\u0442\\u0435\\u0433\\u043e\\u0440\\u0438\\u044f", "name": "media_category", "id": 25}, {"text": "\\u0412\\u0438\\u0434", "name": "media_view", "id": 23}], "indicators_list": [{"text": "PRt", "name": "prt", "id": 42}, {"text": "\\u0422\\u043e\\u043d\\u0430\\u043b\\u044c\\u043d\\u043e\\u0441\\u0442\\u044c", "name": "emotional_tone_object", "id": 44}, {"text": "Media outreach", "name": "mo", "id": 43}, {"text": "PRV", "name": "prv", "id": 41}], "main_list": [{"text": "\\u0414\\u0430\\u0442\\u0430", "name": "date_up", "id": 2}, {"text": "\\u0418\\u0441\\u0442\\u043e\\u0447\\u043d\\u0438\\u043a", "name": "source", "id": 1}, {"text": "\\u0412\\u0440\\u0435\\u043c\\u044f", "name": "release_time", "id": 3}, {"text": "\\u0417\\u0430\\u0433\\u043e\\u043b\\u043e\\u0432\\u043e\\u043a", "name": "title", "id": 4}, {"text": "\\u0410\\u0432\\u0442\\u043e\\u0440", "name": "author", "id": 5}, {"text": "\\u041f\\u043e\\u043b\\u043d\\u043e\\u0442\\u0435\\u043a\\u0441\\u0442", "name": "description", "id": 6}, {"text": "\\u0410\\u043d\\u043d\\u043e\\u0442\\u0430\\u0446\\u0438\\u044f", "name": "annotation", "id": 7}, {"text": "\\u041f\\u0435\\u0440\\u0435\\u043f\\u0435\\u0447\\u0430\\u0442\\u043a\\u0438", "name": "?????", "id": 8}, {"text": "Url", "name": "url", "id": 9}, {"text": "Media outreach", "name": "mo", "id": 10}]}	2	1
21	{"mention_list": [{"text": "\\u041e\\u0431\\u044a\\u0435\\u043a\\u0442\\u044b", "name": "title", "id": 51}, {"text": "\\u0424\\u0418\\u041e \\u0441\\u043f\\u0438\\u043a\\u0435\\u0440\\u0430", "name": "speakers", "id": 52}], "geography_list": [{"text": "\\u0424\\u0435\\u0434\\u0435\\u0440\\u0430\\u043b\\u044c\\u043d\\u044b\\u0439 \\u043e\\u043a\\u0440\\u0443\\u0433", "name": "federal_district", "id": 32}, {"text": "\\u0413\\u043e\\u0440\\u043e\\u0434", "name": "city", "id": 35}, {"text": "\\u0421\\u0442\\u0440\\u0430\\u043d\\u0430", "name": "country", "id": 31}], "media_list": [{"text": "\\u0422\\u0438\\u043f", "name": "media_type", "id": 22}, {"text": "\\u0423\\u0440\\u043e\\u0432\\u0435\\u043d\\u044c", "name": "media_level", "id": 21}, {"text": "\\u0412\\u0438\\u0434", "name": "media_view", "id": 23}, {"text": "\\u041a\\u0430\\u0442\\u0435\\u0433\\u043e\\u0440\\u0438\\u044f", "name": "media_category", "id": 25}], "indicators_list": [{"text": "PRt", "name": "prt", "id": 42}, {"text": "PRV", "name": "prv", "id": 41}, {"text": "\\u0422\\u043e\\u043d\\u0430\\u043b\\u044c\\u043d\\u043e\\u0441\\u0442\\u044c", "name": "emotional_tone_object", "id": 44}], "main_list": [{"text": "\\u0414\\u0430\\u0442\\u0430", "name": "date_up", "id": 2}, {"text": "\\u0418\\u0441\\u0442\\u043e\\u0447\\u043d\\u0438\\u043a", "name": "source", "id": 1}, {"text": "\\u0412\\u0440\\u0435\\u043c\\u044f", "name": "release_time", "id": 3}, {"text": "\\u0417\\u0430\\u0433\\u043e\\u043b\\u043e\\u0432\\u043e\\u043a", "name": "title", "id": 4}, {"text": "\\u0410\\u0432\\u0442\\u043e\\u0440", "name": "author", "id": 5}, {"text": "\\u041f\\u043e\\u043b\\u043d\\u043e\\u0442\\u0435\\u043a\\u0441\\u0442", "name": "description", "id": 6}, {"text": "\\u0410\\u043d\\u043d\\u043e\\u0442\\u0430\\u0446\\u0438\\u044f", "name": "annotation", "id": 7}, {"text": "\\u041f\\u0435\\u0440\\u0435\\u043f\\u0435\\u0447\\u0430\\u0442\\u043a\\u0438", "name": "?????", "id": 8}, {"text": "Media outreach", "name": "mo", "id": 10}, {"text": "Url", "name": "url", "id": 9}]}	43	12
37	{"mention_list": [{"text": "\\u041e\\u0431\\u044a\\u0435\\u043a\\u0442\\u044b", "name": "title", "id": 51}, {"text": "\\u0424\\u0418\\u041e \\u0441\\u043f\\u0438\\u043a\\u0435\\u0440\\u0430", "name": "speakers", "id": 52}], "geography_list": [], "media_list": [{"text": "\\u0423\\u0440\\u043e\\u0432\\u0435\\u043d\\u044c", "name": "media_level", "id": 21}, {"text": "\\u0422\\u0438\\u043f", "name": "media_type", "id": 22}, {"text": "\\u041a\\u0430\\u0442\\u0435\\u0433\\u043e\\u0440\\u0438\\u044f", "name": "media_category", "id": 25}, {"text": "\\u0412\\u0438\\u0434", "name": "media_view", "id": 23}], "indicators_list": [{"text": "PRV", "name": "prv", "id": 41}, {"text": "PRt", "name": "prt", "id": 42}, {"text": "\\u0422\\u043e\\u043d\\u0430\\u043b\\u044c\\u043d\\u043e\\u0441\\u0442\\u044c", "name": "emotional_tone_object", "id": 44}], "main_list": [{"text": "\\u0418\\u0441\\u0442\\u043e\\u0447\\u043d\\u0438\\u043a", "name": "source", "id": 1}, {"text": "\\u0414\\u0430\\u0442\\u0430", "name": "date", "id": 2}, {"text": "\\u0412\\u0440\\u0435\\u043c\\u044f", "name": "release_time", "id": 3}, {"text": "\\u041f\\u043e\\u043b\\u043d\\u043e\\u0442\\u0435\\u043a\\u0441\\u0442", "name": "description", "id": 6}, {"text": "\\u0410\\u043d\\u043d\\u043e\\u0442\\u0430\\u0446\\u0438\\u044f", "name": "annotation", "id": 7}, {"text": "\\u041f\\u0435\\u0440\\u0435\\u043f\\u0435\\u0447\\u0430\\u0442\\u043a\\u0438", "name": "?????", "id": 8}, {"text": "Url", "name": "url", "id": 9}, {"text": "Media outreach", "name": "mo", "id": 10}, {"text": "\\u0417\\u0430\\u0433\\u043e\\u043b\\u043e\\u0432\\u043e\\u043a", "name": "title", "id": 4}, {"text": "\\u0410\\u0432\\u0442\\u043e\\u0440", "name": "author", "id": 5}]}	47	12
38	{"mention_list":[{"text":"Объекты","name":"title","id":51},{"text":"ФИО спикера","name":"speakers","id":52}],"geography_list":[{"text":"Страна","name":"country","id":31},{"text":"Федеральный округ","name":"federal_district","id":32},{"text":"Город","name":"city","id":35}],"media_list":[{"text":"Уровень","name":"media_level","id":21},{"text":"Тип","name":"media_type","id":22},{"text":"Категория","name":"media_category","id":25},{"text":"Вид","name":"media_view","id":23}],"indicators_list":[{"text":"PRV","name":"prv","id":41},{"text":"PRt","name":"prt","id":42},{"text":"Тональность","name":"emotional_tone_object","id":44}],"main_list":[{"text":"Источник","name":"source","id":1},{"text":"Дата","name":"date","id":2},{"text":"Время","name":"release_time","id":3},{"text":"Полнотекст","name":"description","id":6},{"text":"Аннотация","name":"annotation","id":7},{"text":"Перепечатки","name":"?????","id":8},{"text":"Url","name":"url","id":9},{"text":"Media outreach","name":"mo","id":10},{"text":"Заголовок","name":"title","id":4},{"text":"Автор","name":"author","id":5}]}	47	1
7	{}	1	12
8	{"mention_list": [{"text": "\\u041e\\u0431\\u044a\\u0435\\u043a\\u0442\\u044b", "name": "title", "id": 51}, {"text": "\\u0424\\u0418\\u041e \\u0441\\u043f\\u0438\\u043a\\u0435\\u0440\\u0430", "name": "speakers", "id": 52}], "geography_list": [{"text": "\\u0421\\u0442\\u0440\\u0430\\u043d\\u0430", "name": "country", "id": 31}, {"text": "\\u0424\\u0435\\u0434\\u0435\\u0440\\u0430\\u043b\\u044c\\u043d\\u044b\\u0439 \\u043e\\u043a\\u0440\\u0443\\u0433", "name": "federal_district", "id": 32}, {"text": "\\u0413\\u043e\\u0440\\u043e\\u0434", "name": "city", "id": 35}], "media_list": [{"text": "\\u0423\\u0440\\u043e\\u0432\\u0435\\u043d\\u044c", "name": "media_level", "id": 21}, {"text": "\\u0422\\u0438\\u043f", "name": "media_type", "id": 22}, {"text": "\\u041a\\u0430\\u0442\\u0435\\u0433\\u043e\\u0440\\u0438\\u044f", "name": "media_category", "id": 25}, {"text": "\\u0412\\u0438\\u0434", "name": "media_view", "id": 23}], "indicators_list": [{"text": "PRV", "name": "prv", "id": 41}, {"text": "PRt", "name": "prt", "id": 42}, {"text": "Media outreach", "name": "mo", "id": 43}, {"text": "\\u0422\\u043e\\u043d\\u0430\\u043b\\u044c\\u043d\\u043e\\u0441\\u0442\\u044c", "name": "emotional_tone_object", "id": 44}], "main_list": [{"text": "\\u0418\\u0441\\u0442\\u043e\\u0447\\u043d\\u0438\\u043a", "name": "source", "id": 1}, {"text": "\\u0414\\u0430\\u0442\\u0430", "name": "date_up", "id": 2}, {"text": "\\u0412\\u0440\\u0435\\u043c\\u044f", "name": "release_time", "id": 3}, {"text": "\\u0417\\u0430\\u0433\\u043e\\u043b\\u043e\\u0432\\u043e\\u043a", "name": "title", "id": 4}, {"text": "\\u0410\\u0432\\u0442\\u043e\\u0440", "name": "author", "id": 5}, {"text": "\\u041f\\u043e\\u043b\\u043d\\u043e\\u0442\\u0435\\u043a\\u0441\\u0442", "name": "description", "id": 6}, {"text": "\\u0410\\u043d\\u043d\\u043e\\u0442\\u0430\\u0446\\u0438\\u044f", "name": "annotation", "id": 7}, {"text": "\\u041f\\u0435\\u0440\\u0435\\u043f\\u0435\\u0447\\u0430\\u0442\\u043a\\u0438", "name": "?????", "id": 8}]}	1	1
40	{"mention_list":[{"text":"Объекты","name":"title","id":51},{"text":"ФИО спикера","name":"speakers","id":52}],"geography_list":[{"text":"Страна","name":"country","id":31},{"text":"Федеральный округ","name":"federal_district","id":32},{"text":"Город","name":"city","id":35}],"media_list":[{"text":"Уровень","name":"media_level","id":21},{"text":"Тип","name":"media_type","id":22},{"text":"Категория","name":"media_category","id":25},{"text":"Вид","name":"media_view","id":23}],"indicators_list":[{"text":"PRV","name":"prv","id":41},{"text":"PRt","name":"prt","id":42},{"text":"Тональность","name":"emotional_tone_object","id":44}],"main_list":[{"text":"Источник","name":"source","id":1},{"text":"Дата","name":"date","id":2},{"text":"Время","name":"release_time","id":3},{"text":"Полнотекст","name":"description","id":6},{"text":"Аннотация","name":"annotation","id":7},{"text":"Перепечатки","name":"?????","id":8},{"text":"Url","name":"url","id":9},{"text":"Media outreach","name":"mo","id":10},{"text":"Заголовок","name":"title","id":4},{"text":"Автор","name":"author","id":5}]}	47	16
33	{"mention_list": [{"text": "\\u041e\\u0431\\u044a\\u0435\\u043a\\u0442\\u044b", "name": "title", "id": 51}, {"text": "\\u0424\\u0418\\u041e \\u0441\\u043f\\u0438\\u043a\\u0435\\u0440\\u0430", "name": "speakers", "id": 52}], "geography_list": [{"text": "\\u0421\\u0442\\u0440\\u0430\\u043d\\u0430", "name": "country", "id": 31}, {"text": "\\u0424\\u0435\\u0434\\u0435\\u0440\\u0430\\u043b\\u044c\\u043d\\u044b\\u0439 \\u043e\\u043a\\u0440\\u0443\\u0433", "name": "federal_district", "id": 32}, {"text": "\\u0413\\u043e\\u0440\\u043e\\u0434", "name": "city", "id": 35}], "media_list": [{"text": "\\u0423\\u0440\\u043e\\u0432\\u0435\\u043d\\u044c", "name": "media_level", "id": 21}, {"text": "\\u0422\\u0438\\u043f", "name": "media_type", "id": 22}, {"text": "\\u041a\\u0430\\u0442\\u0435\\u0433\\u043e\\u0440\\u0438\\u044f", "name": "media_category", "id": 25}, {"text": "\\u0412\\u0438\\u0434", "name": "media_view", "id": 23}], "indicators_list": [{"text": "PRV", "name": "prv", "id": 41}, {"text": "\\u0422\\u043e\\u043d\\u0430\\u043b\\u044c\\u043d\\u043e\\u0441\\u0442\\u044c", "name": "emotional_tone_object", "id": 44}], "main_list": [{"text": "\\u0418\\u0441\\u0442\\u043e\\u0447\\u043d\\u0438\\u043a", "name": "source", "id": 1}, {"text": "\\u0414\\u0430\\u0442\\u0430", "name": "date", "id": 2}, {"text": "\\u0412\\u0440\\u0435\\u043c\\u044f", "name": "release_time", "id": 3}, {"text": "\\u041f\\u043e\\u043b\\u043d\\u043e\\u0442\\u0435\\u043a\\u0441\\u0442", "name": "description", "id": 6}, {"text": "\\u0410\\u043d\\u043d\\u043e\\u0442\\u0430\\u0446\\u0438\\u044f", "name": "annotation", "id": 7}, {"text": "\\u041f\\u0435\\u0440\\u0435\\u043f\\u0435\\u0447\\u0430\\u0442\\u043a\\u0438", "name": "?????", "id": 8}, {"text": "Url", "name": "url", "id": 9}, {"text": "Media outreach", "name": "mo", "id": 10}, {"text": "\\u0417\\u0430\\u0433\\u043e\\u043b\\u043e\\u0432\\u043e\\u043a", "name": "title", "id": 4}, {"text": "\\u0410\\u0432\\u0442\\u043e\\u0440", "name": "author", "id": 5}]}	45	12
35	{"mention_list":[{"text":"Объекты","name":"title","id":51},{"text":"ФИО спикера","name":"speakers","id":52}],"geography_list":[{"text":"Страна","name":"country","id":31},{"text":"Федеральный округ","name":"federal_district","id":32},{"text":"Город","name":"city","id":35}],"media_list":[{"text":"Уровень","name":"media_level","id":21},{"text":"Тип","name":"media_type","id":22},{"text":"Категория","name":"media_category","id":25},{"text":"Вид","name":"media_view","id":23}],"indicators_list":[{"text":"PRV","name":"prv","id":41},{"text":"PRt","name":"prt","id":42},{"text":"Тональность","name":"emotional_tone_object","id":44}],"main_list":[{"text":"Источник","name":"source","id":1},{"text":"Дата","name":"date","id":2},{"text":"Время","name":"release_time","id":3},{"text":"Полнотекст","name":"description","id":6},{"text":"Аннотация","name":"annotation","id":7},{"text":"Перепечатки","name":"?????","id":8},{"text":"Url","name":"url","id":9},{"text":"Media outreach","name":"mo","id":10},{"text":"Заголовок","name":"title","id":4},{"text":"Автор","name":"author","id":5}]}	45	1
42	{"mention_list":[{"text":"Объекты","name":"title","id":51},{"text":"ФИО спикера","name":"speakers","id":52}],"geography_list":[{"text":"Страна","name":"country","id":31},{"text":"Федеральный округ","name":"federal_district","id":32},{"text":"Город","name":"city","id":35}],"media_list":[{"text":"Уровень","name":"media_level","id":21},{"text":"Тип","name":"media_type","id":22},{"text":"Категория","name":"media_category","id":25},{"text":"Вид","name":"media_view","id":23}],"indicators_list":[{"text":"PRV","name":"prv","id":41},{"text":"PRt","name":"prt","id":42},{"text":"Тональность","name":"emotional_tone_object","id":44}],"main_list":[{"text":"Источник","name":"source","id":1},{"text":"Дата","name":"date","id":2},{"text":"Время","name":"release_time","id":3},{"text":"Полнотекст","name":"description","id":6},{"text":"Аннотация","name":"annotation","id":7},{"text":"Перепечатки","name":"?????","id":8},{"text":"Url","name":"url","id":9},{"text":"Media outreach","name":"mo","id":10},{"text":"Заголовок","name":"title","id":4},{"text":"Автор","name":"author","id":5}]}	45	16
43	{"mention_list":[{"text":"Объекты","name":"title","id":51},{"text":"ФИО спикера","name":"speakers","id":52}],"geography_list":[{"text":"Страна","name":"country","id":31},{"text":"Федеральный округ","name":"federal_district","id":32},{"text":"Город","name":"city","id":35}],"media_list":[{"text":"Уровень","name":"media_level","id":21},{"text":"Тип","name":"media_type","id":22},{"text":"Категория","name":"media_category","id":25},{"text":"Вид","name":"media_view","id":23}],"indicators_list":[{"text":"PRV","name":"prv","id":41},{"text":"PRt","name":"prt","id":42},{"text":"Тональность","name":"emotional_tone_object","id":44}],"main_list":[{"text":"Источник","name":"source","id":1},{"text":"Дата","name":"date","id":2},{"text":"Время","name":"release_time","id":3},{"text":"Полнотекст","name":"description","id":6},{"text":"Аннотация","name":"annotation","id":7},{"text":"Перепечатки","name":"?????","id":8},{"text":"Url","name":"url","id":9},{"text":"Media outreach","name":"mo","id":10},{"text":"Заголовок","name":"title","id":4},{"text":"Автор","name":"author","id":5}]}	43	16
59	{"mention_list":[{"text":"Объекты","name":"title","id":51},{"text":"ФИО спикера","name":"speakers","id":52}],"geography_list":[{"text":"Страна","name":"country","id":31},{"text":"Федеральный округ","name":"federal_district","id":32},{"text":"Город","name":"city","id":35}],"media_list":[{"text":"Уровень","name":"media_level","id":21},{"text":"Тип","name":"media_type","id":22},{"text":"Категория","name":"media_category","id":25},{"text":"Вид","name":"media_view","id":23}],"indicators_list":[{"text":"PRV","name":"prv","id":41},{"text":"PRt","name":"prt","id":42},{"text":"Тональность","name":"emotional_tone_object","id":44}],"main_list":[{"text":"Источник","name":"source","id":1},{"text":"Дата","name":"date","id":2},{"text":"Время","name":"release_time","id":3},{"text":"Полнотекст","name":"description","id":6},{"text":"Аннотация","name":"annotation","id":7},{"text":"Перепечатки","name":"?????","id":8},{"text":"Url","name":"url","id":9},{"text":"Media outreach","name":"mo","id":10},{"text":"Заголовок","name":"title","id":4},{"text":"Автор","name":"author","id":5}]}	64	12
15	{}	9	1
19	{}	9	12
24	{}	7	1
25	{}	7	12
23	{"mention_list": [{"text": "\\u041e\\u0431\\u044a\\u0435\\u043a\\u0442\\u044b", "name": "title", "id": 51}, {"text": "\\u0424\\u0418\\u041e \\u0441\\u043f\\u0438\\u043a\\u0435\\u0440\\u0430", "name": "speakers", "id": 52}], "geography_list": [{"text": "\\u0421\\u0442\\u0440\\u0430\\u043d\\u0430", "name": "country", "id": 31}, {"text": "\\u0424\\u0435\\u0434\\u0435\\u0440\\u0430\\u043b\\u044c\\u043d\\u044b\\u0439 \\u043e\\u043a\\u0440\\u0443\\u0433", "name": "federal_district", "id": 32}, {"text": "\\u0413\\u043e\\u0440\\u043e\\u0434", "name": "city", "id": 35}], "media_list": [{"text": "\\u0423\\u0440\\u043e\\u0432\\u0435\\u043d\\u044c", "name": "media_level", "id": 21}, {"text": "\\u0422\\u0438\\u043f", "name": "media_type", "id": 22}, {"text": "\\u041a\\u0430\\u0442\\u0435\\u0433\\u043e\\u0440\\u0438\\u044f", "name": "media_category", "id": 25}, {"text": "\\u0412\\u0438\\u0434", "name": "media_view", "id": 23}], "indicators_list": [{"text": "PRV", "name": "prv", "id": 41}, {"text": "PRt", "name": "prt", "id": 42}, {"text": "\\u0422\\u043e\\u043d\\u0430\\u043b\\u044c\\u043d\\u043e\\u0441\\u0442\\u044c", "name": "emotional_tone_object", "id": 44}], "main_list": [{"text": "\\u0418\\u0441\\u0442\\u043e\\u0447\\u043d\\u0438\\u043a", "name": "source", "id": 1}, {"text": "\\u0414\\u0430\\u0442\\u0430", "name": "date", "id": 2}, {"text": "\\u0412\\u0440\\u0435\\u043c\\u044f", "name": "release_time", "id": 3}, {"text": "\\u0417\\u0430\\u0433\\u043e\\u043b\\u043e\\u0432\\u043e\\u043a", "name": "title", "id": 4}, {"text": "\\u0410\\u0432\\u0442\\u043e\\u0440", "name": "author", "id": 5}, {"text": "\\u041f\\u043e\\u043b\\u043d\\u043e\\u0442\\u0435\\u043a\\u0441\\u0442", "name": "description", "id": 6}, {"text": "\\u0410\\u043d\\u043d\\u043e\\u0442\\u0430\\u0446\\u0438\\u044f", "name": "annotation", "id": 7}, {"text": "\\u041f\\u0435\\u0440\\u0435\\u043f\\u0435\\u0447\\u0430\\u0442\\u043a\\u0438", "name": "?????", "id": 8}, {"text": "Url", "name": "url", "id": 9}, {"text": "Media outreach", "name": "mo", "id": 10}]}	43	1
26	{"mention_list": [{"text": "\\u041e\\u0431\\u044a\\u0435\\u043a\\u0442\\u044b", "name": "title", "id": 51}, {"text": "\\u0424\\u0418\\u041e \\u0441\\u043f\\u0438\\u043a\\u0435\\u0440\\u0430", "name": "speakers", "id": 52}], "geography_list": [{"text": "\\u0421\\u0442\\u0440\\u0430\\u043d\\u0430", "name": "country", "id": 31}, {"text": "\\u0424\\u0435\\u0434\\u0435\\u0440\\u0430\\u043b\\u044c\\u043d\\u044b\\u0439 \\u043e\\u043a\\u0440\\u0443\\u0433", "name": "federal_district", "id": 32}, {"text": "\\u0413\\u043e\\u0440\\u043e\\u0434", "name": "city", "id": 35}], "media_list": [{"text": "\\u0423\\u0440\\u043e\\u0432\\u0435\\u043d\\u044c", "name": "media_level", "id": 21}, {"text": "\\u0422\\u0438\\u043f", "name": "media_type", "id": 22}, {"text": "\\u041a\\u0430\\u0442\\u0435\\u0433\\u043e\\u0440\\u0438\\u044f", "name": "media_category", "id": 25}, {"text": "\\u0412\\u0438\\u0434", "name": "media_view", "id": 23}], "indicators_list": [{"text": "PRV", "name": "prv", "id": 41}, {"text": "PRt", "name": "prt", "id": 42}, {"text": "\\u0422\\u043e\\u043d\\u0430\\u043b\\u044c\\u043d\\u043e\\u0441\\u0442\\u044c", "name": "emotional_tone_object", "id": 44}], "main_list": [{"text": "\\u0418\\u0441\\u0442\\u043e\\u0447\\u043d\\u0438\\u043a", "name": "source", "id": 1}, {"text": "\\u0414\\u0430\\u0442\\u0430", "name": "date", "id": 2}, {"text": "\\u0412\\u0440\\u0435\\u043c\\u044f", "name": "release_time", "id": 3}, {"text": "\\u0417\\u0430\\u0433\\u043e\\u043b\\u043e\\u0432\\u043e\\u043a", "name": "title", "id": 4}, {"text": "\\u0410\\u0432\\u0442\\u043e\\u0440", "name": "author", "id": 5}, {"text": "\\u041f\\u043e\\u043b\\u043d\\u043e\\u0442\\u0435\\u043a\\u0441\\u0442", "name": "description", "id": 6}, {"text": "\\u0410\\u043d\\u043d\\u043e\\u0442\\u0430\\u0446\\u0438\\u044f", "name": "annotation", "id": 7}, {"text": "\\u041f\\u0435\\u0440\\u0435\\u043f\\u0435\\u0447\\u0430\\u0442\\u043a\\u0438", "name": "?????", "id": 8}, {"text": "Url", "name": "url", "id": 9}, {"text": "Media outreach", "name": "mo", "id": 10}]}	44	12
6	{"mention_list": [{"text": "\\u0424\\u0418\\u041e \\u0441\\u043f\\u0438\\u043a\\u0435\\u0440\\u0430", "name": "speakers", "id": 52}, {"text": "\\u041e\\u0431\\u044a\\u0435\\u043a\\u0442\\u044b", "name": "title", "id": 51}], "geography_list": [{"text": "\\u0424\\u0435\\u0434\\u0435\\u0440\\u0430\\u043b\\u044c\\u043d\\u044b\\u0439 \\u043e\\u043a\\u0440\\u0443\\u0433", "name": "federal_district", "id": 32}, {"text": "\\u0421\\u0442\\u0440\\u0430\\u043d\\u0430", "name": "country", "id": 31}, {"text": "\\u0413\\u043e\\u0440\\u043e\\u0434", "name": "city", "id": 35}], "media_list": [{"text": "\\u0422\\u0438\\u043f", "name": "media_type", "id": 22}, {"text": "\\u0412\\u0438\\u0434", "name": "media_view", "id": 23}, {"text": "\\u041a\\u0430\\u0442\\u0435\\u0433\\u043e\\u0440\\u0438\\u044f", "name": "media_category", "id": 25}, {"text": "\\u0423\\u0440\\u043e\\u0432\\u0435\\u043d\\u044c", "name": "media_level", "id": 21}], "indicators_list": [{"text": "PRt", "name": "prt", "id": 42}, {"text": "PRV", "name": "prv", "id": 41}, {"text": "Media outreach", "name": "mo", "id": 43}, {"text": "\\u0422\\u043e\\u043d\\u0430\\u043b\\u044c\\u043d\\u043e\\u0441\\u0442\\u044c", "name": "emotional_tone_object", "id": 44}], "main_list": [{"text": "\\u0414\\u0430\\u0442\\u0430", "name": "date_up", "id": 2}, {"text": "\\u0418\\u0441\\u0442\\u043e\\u0447\\u043d\\u0438\\u043a", "name": "source", "id": 1}, {"text": "\\u0412\\u0440\\u0435\\u043c\\u044f", "name": "release_time", "id": 3}, {"text": "\\u0417\\u0430\\u0433\\u043e\\u043b\\u043e\\u0432\\u043e\\u043a", "name": "title", "id": 4}, {"text": "\\u0410\\u0432\\u0442\\u043e\\u0440", "name": "author", "id": 5}, {"text": "\\u041f\\u043e\\u043b\\u043d\\u043e\\u0442\\u0435\\u043a\\u0441\\u0442", "name": "description", "id": 6}, {"text": "\\u0410\\u043d\\u043d\\u043e\\u0442\\u0430\\u0446\\u0438\\u044f", "name": "annotation", "id": 7}]}	2	12
\.


--
-- Name: monitoring_product_monitoringproductsetting_id_seq; Type: SEQUENCE SET; Schema: public; Owner: stas
--

SELECT pg_catalog.setval('monitoring_product_monitoringproductsetting_id_seq', 59, true);


--
-- Name: auth_group_name_key; Type: CONSTRAINT; Schema: public; Owner: stas; Tablespace: 
--

ALTER TABLE ONLY auth_group
    ADD CONSTRAINT auth_group_name_key UNIQUE (name);


--
-- Name: auth_group_permissions_group_id_permission_id_key; Type: CONSTRAINT; Schema: public; Owner: stas; Tablespace: 
--

ALTER TABLE ONLY auth_group_permissions
    ADD CONSTRAINT auth_group_permissions_group_id_permission_id_key UNIQUE (group_id, permission_id);


--
-- Name: auth_group_permissions_pkey; Type: CONSTRAINT; Schema: public; Owner: stas; Tablespace: 
--

ALTER TABLE ONLY auth_group_permissions
    ADD CONSTRAINT auth_group_permissions_pkey PRIMARY KEY (id);


--
-- Name: auth_group_pkey; Type: CONSTRAINT; Schema: public; Owner: stas; Tablespace: 
--

ALTER TABLE ONLY auth_group
    ADD CONSTRAINT auth_group_pkey PRIMARY KEY (id);


--
-- Name: auth_permission_content_type_id_codename_key; Type: CONSTRAINT; Schema: public; Owner: stas; Tablespace: 
--

ALTER TABLE ONLY auth_permission
    ADD CONSTRAINT auth_permission_content_type_id_codename_key UNIQUE (content_type_id, codename);


--
-- Name: auth_permission_pkey; Type: CONSTRAINT; Schema: public; Owner: stas; Tablespace: 
--

ALTER TABLE ONLY auth_permission
    ADD CONSTRAINT auth_permission_pkey PRIMARY KEY (id);


--
-- Name: auth_user_groups_pkey; Type: CONSTRAINT; Schema: public; Owner: stas; Tablespace: 
--

ALTER TABLE ONLY auth_user_groups
    ADD CONSTRAINT auth_user_groups_pkey PRIMARY KEY (id);


--
-- Name: auth_user_groups_user_id_group_id_key; Type: CONSTRAINT; Schema: public; Owner: stas; Tablespace: 
--

ALTER TABLE ONLY auth_user_groups
    ADD CONSTRAINT auth_user_groups_user_id_group_id_key UNIQUE (user_id, group_id);


--
-- Name: auth_user_pkey; Type: CONSTRAINT; Schema: public; Owner: stas; Tablespace: 
--

ALTER TABLE ONLY auth_user
    ADD CONSTRAINT auth_user_pkey PRIMARY KEY (id);


--
-- Name: auth_user_user_permissions_pkey; Type: CONSTRAINT; Schema: public; Owner: stas; Tablespace: 
--

ALTER TABLE ONLY auth_user_user_permissions
    ADD CONSTRAINT auth_user_user_permissions_pkey PRIMARY KEY (id);


--
-- Name: auth_user_user_permissions_user_id_permission_id_key; Type: CONSTRAINT; Schema: public; Owner: stas; Tablespace: 
--

ALTER TABLE ONLY auth_user_user_permissions
    ADD CONSTRAINT auth_user_user_permissions_user_id_permission_id_key UNIQUE (user_id, permission_id);


--
-- Name: auth_user_username_key; Type: CONSTRAINT; Schema: public; Owner: stas; Tablespace: 
--

ALTER TABLE ONLY auth_user
    ADD CONSTRAINT auth_user_username_key UNIQUE (username);


--
-- Name: custom_user_company_pkey; Type: CONSTRAINT; Schema: public; Owner: stas; Tablespace: 
--

ALTER TABLE ONLY custom_user_company
    ADD CONSTRAINT custom_user_company_pkey PRIMARY KEY (id);


--
-- Name: custom_user_customuser_access_customuser_id_monitoringprodu_key; Type: CONSTRAINT; Schema: public; Owner: stas; Tablespace: 
--

ALTER TABLE ONLY custom_user_customuser_access_to_products
    ADD CONSTRAINT custom_user_customuser_access_customuser_id_monitoringprodu_key UNIQUE (customuser_id, monitoringproduct_id);


--
-- Name: custom_user_customuser_access_to_products_pkey; Type: CONSTRAINT; Schema: public; Owner: stas; Tablespace: 
--

ALTER TABLE ONLY custom_user_customuser_access_to_products
    ADD CONSTRAINT custom_user_customuser_access_to_products_pkey PRIMARY KEY (id);


--
-- Name: custom_user_customuser_pkey; Type: CONSTRAINT; Schema: public; Owner: stas; Tablespace: 
--

ALTER TABLE ONLY custom_user_customuser
    ADD CONSTRAINT custom_user_customuser_pkey PRIMARY KEY (user_ptr_id);


--
-- Name: custom_user_customuser_project_customuser_id_project_id_key; Type: CONSTRAINT; Schema: public; Owner: stas; Tablespace: 
--

ALTER TABLE ONLY custom_user_customuser_project
    ADD CONSTRAINT custom_user_customuser_project_customuser_id_project_id_key UNIQUE (customuser_id, project_id);


--
-- Name: custom_user_customuser_project_pkey; Type: CONSTRAINT; Schema: public; Owner: stas; Tablespace: 
--

ALTER TABLE ONLY custom_user_customuser_project
    ADD CONSTRAINT custom_user_customuser_project_pkey PRIMARY KEY (id);


--
-- Name: custom_user_department_pkey; Type: CONSTRAINT; Schema: public; Owner: stas; Tablespace: 
--

ALTER TABLE ONLY custom_user_department
    ADD CONSTRAINT custom_user_department_pkey PRIMARY KEY (id);


--
-- Name: custom_user_productrating_pkey; Type: CONSTRAINT; Schema: public; Owner: stas; Tablespace: 
--

ALTER TABLE ONLY custom_user_productrating
    ADD CONSTRAINT custom_user_productrating_pkey PRIMARY KEY (id);


--
-- Name: custom_user_social_pkey; Type: CONSTRAINT; Schema: public; Owner: stas; Tablespace: 
--

ALTER TABLE ONLY custom_user_social
    ADD CONSTRAINT custom_user_social_pkey PRIMARY KEY (id);


--
-- Name: custom_user_useraplicationsettings_pkey; Type: CONSTRAINT; Schema: public; Owner: stas; Tablespace: 
--

ALTER TABLE ONLY custom_user_useraplicationsettings
    ADD CONSTRAINT custom_user_useraplicationsettings_pkey PRIMARY KEY (id);


--
-- Name: custom_user_useraplicationsettings_user_id_key; Type: CONSTRAINT; Schema: public; Owner: stas; Tablespace: 
--

ALTER TABLE ONLY custom_user_useraplicationsettings
    ADD CONSTRAINT custom_user_useraplicationsettings_user_id_key UNIQUE (user_id);


--
-- Name: django_admin_log_pkey; Type: CONSTRAINT; Schema: public; Owner: stas; Tablespace: 
--

ALTER TABLE ONLY django_admin_log
    ADD CONSTRAINT django_admin_log_pkey PRIMARY KEY (id);


--
-- Name: django_content_type_app_label_model_key; Type: CONSTRAINT; Schema: public; Owner: stas; Tablespace: 
--

ALTER TABLE ONLY django_content_type
    ADD CONSTRAINT django_content_type_app_label_model_key UNIQUE (app_label, model);


--
-- Name: django_content_type_pkey; Type: CONSTRAINT; Schema: public; Owner: stas; Tablespace: 
--

ALTER TABLE ONLY django_content_type
    ADD CONSTRAINT django_content_type_pkey PRIMARY KEY (id);


--
-- Name: django_migrations_pkey; Type: CONSTRAINT; Schema: public; Owner: stas; Tablespace: 
--

ALTER TABLE ONLY django_migrations
    ADD CONSTRAINT django_migrations_pkey PRIMARY KEY (id);


--
-- Name: django_session_pkey; Type: CONSTRAINT; Schema: public; Owner: stas; Tablespace: 
--

ALTER TABLE ONLY django_session
    ADD CONSTRAINT django_session_pkey PRIMARY KEY (session_key);


--
-- Name: django_site_pkey; Type: CONSTRAINT; Schema: public; Owner: stas; Tablespace: 
--

ALTER TABLE ONLY django_site
    ADD CONSTRAINT django_site_pkey PRIMARY KEY (id);


--
-- Name: guardian_groupobjectpermissio_group_id_permission_id_object_key; Type: CONSTRAINT; Schema: public; Owner: stas; Tablespace: 
--

ALTER TABLE ONLY guardian_groupobjectpermission
    ADD CONSTRAINT guardian_groupobjectpermissio_group_id_permission_id_object_key UNIQUE (group_id, permission_id, object_pk);


--
-- Name: guardian_groupobjectpermission_pkey; Type: CONSTRAINT; Schema: public; Owner: stas; Tablespace: 
--

ALTER TABLE ONLY guardian_groupobjectpermission
    ADD CONSTRAINT guardian_groupobjectpermission_pkey PRIMARY KEY (id);


--
-- Name: guardian_userobjectpermission_pkey; Type: CONSTRAINT; Schema: public; Owner: stas; Tablespace: 
--

ALTER TABLE ONLY guardian_userobjectpermission
    ADD CONSTRAINT guardian_userobjectpermission_pkey PRIMARY KEY (id);


--
-- Name: guardian_userobjectpermission_user_id_permission_id_object__key; Type: CONSTRAINT; Schema: public; Owner: stas; Tablespace: 
--

ALTER TABLE ONLY guardian_userobjectpermission
    ADD CONSTRAINT guardian_userobjectpermission_user_id_permission_id_object__key UNIQUE (user_id, permission_id, object_pk);


--
-- Name: main_advertisementpromo_monit_advertisementpromo_id_monitor_key; Type: CONSTRAINT; Schema: public; Owner: stas; Tablespace: 
--

ALTER TABLE ONLY main_advertisementpromo_monitoring_product
    ADD CONSTRAINT main_advertisementpromo_monit_advertisementpromo_id_monitor_key UNIQUE (advertisementpromo_id, monitoringproduct_id);


--
-- Name: main_advertisementpromo_monitoring_product_pkey; Type: CONSTRAINT; Schema: public; Owner: stas; Tablespace: 
--

ALTER TABLE ONLY main_advertisementpromo_monitoring_product
    ADD CONSTRAINT main_advertisementpromo_monitoring_product_pkey PRIMARY KEY (id);


--
-- Name: main_advertisementpromo_pkey; Type: CONSTRAINT; Schema: public; Owner: stas; Tablespace: 
--

ALTER TABLE ONLY main_advertisementpromo
    ADD CONSTRAINT main_advertisementpromo_pkey PRIMARY KEY (id);


--
-- Name: main_article_monitoring_produ_article_id_monitoringproduct__key; Type: CONSTRAINT; Schema: public; Owner: stas; Tablespace: 
--

ALTER TABLE ONLY main_article_monitoring_product
    ADD CONSTRAINT main_article_monitoring_produ_article_id_monitoringproduct__key UNIQUE (article_id, monitoringproduct_id);


--
-- Name: main_article_monitoring_product_pkey; Type: CONSTRAINT; Schema: public; Owner: stas; Tablespace: 
--

ALTER TABLE ONLY main_article_monitoring_product
    ADD CONSTRAINT main_article_monitoring_product_pkey PRIMARY KEY (id);


--
-- Name: main_article_pkey; Type: CONSTRAINT; Schema: public; Owner: stas; Tablespace: 
--

ALTER TABLE ONLY main_article
    ADD CONSTRAINT main_article_pkey PRIMARY KEY (id);


--
-- Name: main_articletitle_monitoring__articletitle_id_monitoringpro_key; Type: CONSTRAINT; Schema: public; Owner: stas; Tablespace: 
--

ALTER TABLE ONLY main_articletitle_monitoring_product
    ADD CONSTRAINT main_articletitle_monitoring__articletitle_id_monitoringpro_key UNIQUE (articletitle_id, monitoringproduct_id);


--
-- Name: main_articletitle_monitoring_product_pkey; Type: CONSTRAINT; Schema: public; Owner: stas; Tablespace: 
--

ALTER TABLE ONLY main_articletitle_monitoring_product
    ADD CONSTRAINT main_articletitle_monitoring_product_pkey PRIMARY KEY (id);


--
-- Name: main_articletitle_pkey; Type: CONSTRAINT; Schema: public; Owner: stas; Tablespace: 
--

ALTER TABLE ONLY main_articletitle
    ADD CONSTRAINT main_articletitle_pkey PRIMARY KEY (id);


--
-- Name: main_author_monitoring_produc_author_id_monitoringproduct_i_key; Type: CONSTRAINT; Schema: public; Owner: stas; Tablespace: 
--

ALTER TABLE ONLY main_author_monitoring_product
    ADD CONSTRAINT main_author_monitoring_produc_author_id_monitoringproduct_i_key UNIQUE (author_id, monitoringproduct_id);


--
-- Name: main_author_monitoring_product_pkey; Type: CONSTRAINT; Schema: public; Owner: stas; Tablespace: 
--

ALTER TABLE ONLY main_author_monitoring_product
    ADD CONSTRAINT main_author_monitoring_product_pkey PRIMARY KEY (id);


--
-- Name: main_author_pkey; Type: CONSTRAINT; Schema: public; Owner: stas; Tablespace: 
--

ALTER TABLE ONLY main_author
    ADD CONSTRAINT main_author_pkey PRIMARY KEY (id);


--
-- Name: main_bissinesdirection_monito_bissinesdirection_id_monitori_key; Type: CONSTRAINT; Schema: public; Owner: stas; Tablespace: 
--

ALTER TABLE ONLY main_bissinesdirection_monitoring_product
    ADD CONSTRAINT main_bissinesdirection_monito_bissinesdirection_id_monitori_key UNIQUE (bissinesdirection_id, monitoringproduct_id);


--
-- Name: main_bissinesdirection_monitoring_product_pkey; Type: CONSTRAINT; Schema: public; Owner: stas; Tablespace: 
--

ALTER TABLE ONLY main_bissinesdirection_monitoring_product
    ADD CONSTRAINT main_bissinesdirection_monitoring_product_pkey PRIMARY KEY (id);


--
-- Name: main_bissinesdirection_pkey; Type: CONSTRAINT; Schema: public; Owner: stas; Tablespace: 
--

ALTER TABLE ONLY main_bissinesdirection
    ADD CONSTRAINT main_bissinesdirection_pkey PRIMARY KEY (id);


--
-- Name: main_branch_monitoring_produc_branch_id_monitoringproduct_i_key; Type: CONSTRAINT; Schema: public; Owner: stas; Tablespace: 
--

ALTER TABLE ONLY main_branch_monitoring_product
    ADD CONSTRAINT main_branch_monitoring_produc_branch_id_monitoringproduct_i_key UNIQUE (branch_id, monitoringproduct_id);


--
-- Name: main_branch_monitoring_product_pkey; Type: CONSTRAINT; Schema: public; Owner: stas; Tablespace: 
--

ALTER TABLE ONLY main_branch_monitoring_product
    ADD CONSTRAINT main_branch_monitoring_product_pkey PRIMARY KEY (id);


--
-- Name: main_branch_pkey; Type: CONSTRAINT; Schema: public; Owner: stas; Tablespace: 
--

ALTER TABLE ONLY main_branch
    ADD CONSTRAINT main_branch_pkey PRIMARY KEY (id);


--
-- Name: main_brandorproduct_monitorin_brandorproduct_id_monitoringp_key; Type: CONSTRAINT; Schema: public; Owner: stas; Tablespace: 
--

ALTER TABLE ONLY main_brandorproduct_monitoring_product
    ADD CONSTRAINT main_brandorproduct_monitorin_brandorproduct_id_monitoringp_key UNIQUE (brandorproduct_id, monitoringproduct_id);


--
-- Name: main_brandorproduct_monitoring_product_pkey; Type: CONSTRAINT; Schema: public; Owner: stas; Tablespace: 
--

ALTER TABLE ONLY main_brandorproduct_monitoring_product
    ADD CONSTRAINT main_brandorproduct_monitoring_product_pkey PRIMARY KEY (id);


--
-- Name: main_brandorproduct_pkey; Type: CONSTRAINT; Schema: public; Owner: stas; Tablespace: 
--

ALTER TABLE ONLY main_brandorproduct
    ADD CONSTRAINT main_brandorproduct_pkey PRIMARY KEY (id);


--
-- Name: main_category_monitoring_prod_category_id_monitoringproduct_key; Type: CONSTRAINT; Schema: public; Owner: stas; Tablespace: 
--

ALTER TABLE ONLY main_category_monitoring_product
    ADD CONSTRAINT main_category_monitoring_prod_category_id_monitoringproduct_key UNIQUE (category_id, monitoringproduct_id);


--
-- Name: main_category_monitoring_product_pkey; Type: CONSTRAINT; Schema: public; Owner: stas; Tablespace: 
--

ALTER TABLE ONLY main_category_monitoring_product
    ADD CONSTRAINT main_category_monitoring_product_pkey PRIMARY KEY (id);


--
-- Name: main_category_pkey; Type: CONSTRAINT; Schema: public; Owner: stas; Tablespace: 
--

ALTER TABLE ONLY main_category
    ADD CONSTRAINT main_category_pkey PRIMARY KEY (id);


--
-- Name: main_city_monitoring_product_city_id_monitoringproduct_id_key; Type: CONSTRAINT; Schema: public; Owner: stas; Tablespace: 
--

ALTER TABLE ONLY main_city_monitoring_product
    ADD CONSTRAINT main_city_monitoring_product_city_id_monitoringproduct_id_key UNIQUE (city_id, monitoringproduct_id);


--
-- Name: main_city_monitoring_product_pkey; Type: CONSTRAINT; Schema: public; Owner: stas; Tablespace: 
--

ALTER TABLE ONLY main_city_monitoring_product
    ADD CONSTRAINT main_city_monitoring_product_pkey PRIMARY KEY (id);


--
-- Name: main_city_pkey; Type: CONSTRAINT; Schema: public; Owner: stas; Tablespace: 
--

ALTER TABLE ONLY main_city
    ADD CONSTRAINT main_city_pkey PRIMARY KEY (id);


--
-- Name: main_clientproduct_pkey; Type: CONSTRAINT; Schema: public; Owner: stas; Tablespace: 
--

ALTER TABLE ONLY main_clientproduct
    ADD CONSTRAINT main_clientproduct_pkey PRIMARY KEY (id);


--
-- Name: main_country_monitoring_produ_country_id_monitoringproduct__key; Type: CONSTRAINT; Schema: public; Owner: stas; Tablespace: 
--

ALTER TABLE ONLY main_country_monitoring_product
    ADD CONSTRAINT main_country_monitoring_produ_country_id_monitoringproduct__key UNIQUE (country_id, monitoringproduct_id);


--
-- Name: main_country_monitoring_product_pkey; Type: CONSTRAINT; Schema: public; Owner: stas; Tablespace: 
--

ALTER TABLE ONLY main_country_monitoring_product
    ADD CONSTRAINT main_country_monitoring_product_pkey PRIMARY KEY (id);


--
-- Name: main_country_pkey; Type: CONSTRAINT; Schema: public; Owner: stas; Tablespace: 
--

ALTER TABLE ONLY main_country
    ADD CONSTRAINT main_country_pkey PRIMARY KEY (id);


--
-- Name: main_day_monitoring_product_day_id_monitoringproduct_id_key; Type: CONSTRAINT; Schema: public; Owner: stas; Tablespace: 
--

ALTER TABLE ONLY main_day_monitoring_product
    ADD CONSTRAINT main_day_monitoring_product_day_id_monitoringproduct_id_key UNIQUE (day_id, monitoringproduct_id);


--
-- Name: main_day_monitoring_product_pkey; Type: CONSTRAINT; Schema: public; Owner: stas; Tablespace: 
--

ALTER TABLE ONLY main_day_monitoring_product
    ADD CONSTRAINT main_day_monitoring_product_pkey PRIMARY KEY (id);


--
-- Name: main_day_pkey; Type: CONSTRAINT; Schema: public; Owner: stas; Tablespace: 
--

ALTER TABLE ONLY main_day
    ADD CONSTRAINT main_day_pkey PRIMARY KEY (id);


--
-- Name: main_directorycategory_pkey; Type: CONSTRAINT; Schema: public; Owner: stas; Tablespace: 
--

ALTER TABLE ONLY main_directorycategory
    ADD CONSTRAINT main_directorycategory_pkey PRIMARY KEY (id);


--
-- Name: main_duration_monitoring_prod_duration_id_monitoringproduct_key; Type: CONSTRAINT; Schema: public; Owner: stas; Tablespace: 
--

ALTER TABLE ONLY main_duration_monitoring_product
    ADD CONSTRAINT main_duration_monitoring_prod_duration_id_monitoringproduct_key UNIQUE (duration_id, monitoringproduct_id);


--
-- Name: main_duration_monitoring_product_pkey; Type: CONSTRAINT; Schema: public; Owner: stas; Tablespace: 
--

ALTER TABLE ONLY main_duration_monitoring_product
    ADD CONSTRAINT main_duration_monitoring_product_pkey PRIMARY KEY (id);


--
-- Name: main_duration_pkey; Type: CONSTRAINT; Schema: public; Owner: stas; Tablespace: 
--

ALTER TABLE ONLY main_duration
    ADD CONSTRAINT main_duration_pkey PRIMARY KEY (id);


--
-- Name: main_edgeregion_monitoring_pr_edgeregion_id_monitoringprodu_key; Type: CONSTRAINT; Schema: public; Owner: stas; Tablespace: 
--

ALTER TABLE ONLY main_edgeregion_monitoring_product
    ADD CONSTRAINT main_edgeregion_monitoring_pr_edgeregion_id_monitoringprodu_key UNIQUE (edgeregion_id, monitoringproduct_id);


--
-- Name: main_edgeregion_monitoring_product_pkey; Type: CONSTRAINT; Schema: public; Owner: stas; Tablespace: 
--

ALTER TABLE ONLY main_edgeregion_monitoring_product
    ADD CONSTRAINT main_edgeregion_monitoring_product_pkey PRIMARY KEY (id);


--
-- Name: main_edgeregion_pkey; Type: CONSTRAINT; Schema: public; Owner: stas; Tablespace: 
--

ALTER TABLE ONLY main_edgeregion
    ADD CONSTRAINT main_edgeregion_pkey PRIMARY KEY (id);


--
-- Name: main_emotionaltonematerial_mo_emotionaltonematerial_id_moni_key; Type: CONSTRAINT; Schema: public; Owner: stas; Tablespace: 
--

ALTER TABLE ONLY main_emotionaltonematerial_monitoring_product
    ADD CONSTRAINT main_emotionaltonematerial_mo_emotionaltonematerial_id_moni_key UNIQUE (emotionaltonematerial_id, monitoringproduct_id);


--
-- Name: main_emotionaltonematerial_monitoring_product_pkey; Type: CONSTRAINT; Schema: public; Owner: stas; Tablespace: 
--

ALTER TABLE ONLY main_emotionaltonematerial_monitoring_product
    ADD CONSTRAINT main_emotionaltonematerial_monitoring_product_pkey PRIMARY KEY (id);


--
-- Name: main_emotionaltonematerial_pkey; Type: CONSTRAINT; Schema: public; Owner: stas; Tablespace: 
--

ALTER TABLE ONLY main_emotionaltonematerial
    ADD CONSTRAINT main_emotionaltonematerial_pkey PRIMARY KEY (id);


--
-- Name: main_emotionaltoneobject_moni_emotionaltoneobject_id_monito_key; Type: CONSTRAINT; Schema: public; Owner: stas; Tablespace: 
--

ALTER TABLE ONLY main_emotionaltoneobject_monitoring_product
    ADD CONSTRAINT main_emotionaltoneobject_moni_emotionaltoneobject_id_monito_key UNIQUE (emotionaltoneobject_id, monitoringproduct_id);


--
-- Name: main_emotionaltoneobject_monitoring_product_pkey; Type: CONSTRAINT; Schema: public; Owner: stas; Tablespace: 
--

ALTER TABLE ONLY main_emotionaltoneobject_monitoring_product
    ADD CONSTRAINT main_emotionaltoneobject_monitoring_product_pkey PRIMARY KEY (id);


--
-- Name: main_emotionaltoneobject_pkey; Type: CONSTRAINT; Schema: public; Owner: stas; Tablespace: 
--

ALTER TABLE ONLY main_emotionaltoneobject
    ADD CONSTRAINT main_emotionaltoneobject_pkey PRIMARY KEY (id);


--
-- Name: main_emotionaltonetitle_monit_emotionaltonetitle_id_monitor_key; Type: CONSTRAINT; Schema: public; Owner: stas; Tablespace: 
--

ALTER TABLE ONLY main_emotionaltonetitle_monitoring_product
    ADD CONSTRAINT main_emotionaltonetitle_monit_emotionaltonetitle_id_monitor_key UNIQUE (emotionaltonetitle_id, monitoringproduct_id);


--
-- Name: main_emotionaltonetitle_monitoring_product_pkey; Type: CONSTRAINT; Schema: public; Owner: stas; Tablespace: 
--

ALTER TABLE ONLY main_emotionaltonetitle_monitoring_product
    ADD CONSTRAINT main_emotionaltonetitle_monitoring_product_pkey PRIMARY KEY (id);


--
-- Name: main_emotionaltonetitle_pkey; Type: CONSTRAINT; Schema: public; Owner: stas; Tablespace: 
--

ALTER TABLE ONLY main_emotionaltonetitle
    ADD CONSTRAINT main_emotionaltonetitle_pkey PRIMARY KEY (id);


--
-- Name: main_emotionaltonetitleobject_emotionaltonetitleobject_id_m_key; Type: CONSTRAINT; Schema: public; Owner: stas; Tablespace: 
--

ALTER TABLE ONLY main_emotionaltonetitleobject_monitoring_product
    ADD CONSTRAINT main_emotionaltonetitleobject_emotionaltonetitleobject_id_m_key UNIQUE (emotionaltonetitleobject_id, monitoringproduct_id);


--
-- Name: main_emotionaltonetitleobject_monitoring_product_pkey; Type: CONSTRAINT; Schema: public; Owner: stas; Tablespace: 
--

ALTER TABLE ONLY main_emotionaltonetitleobject_monitoring_product
    ADD CONSTRAINT main_emotionaltonetitleobject_monitoring_product_pkey PRIMARY KEY (id);


--
-- Name: main_emotionaltonetitleobject_pkey; Type: CONSTRAINT; Schema: public; Owner: stas; Tablespace: 
--

ALTER TABLE ONLY main_emotionaltonetitleobject
    ADD CONSTRAINT main_emotionaltonetitleobject_pkey PRIMARY KEY (id);


--
-- Name: main_federaldistrict_monitori_federaldistrict_id_monitoring_key; Type: CONSTRAINT; Schema: public; Owner: stas; Tablespace: 
--

ALTER TABLE ONLY main_federaldistrict_monitoring_product
    ADD CONSTRAINT main_federaldistrict_monitori_federaldistrict_id_monitoring_key UNIQUE (federaldistrict_id, monitoringproduct_id);


--
-- Name: main_federaldistrict_monitoring_product_pkey; Type: CONSTRAINT; Schema: public; Owner: stas; Tablespace: 
--

ALTER TABLE ONLY main_federaldistrict_monitoring_product
    ADD CONSTRAINT main_federaldistrict_monitoring_product_pkey PRIMARY KEY (id);


--
-- Name: main_federaldistrict_pkey; Type: CONSTRAINT; Schema: public; Owner: stas; Tablespace: 
--

ALTER TABLE ONLY main_federaldistrict
    ADD CONSTRAINT main_federaldistrict_pkey PRIMARY KEY (id);


--
-- Name: main_globallocalevent_monitor_globallocalevent_id_monitorin_key; Type: CONSTRAINT; Schema: public; Owner: stas; Tablespace: 
--

ALTER TABLE ONLY main_globallocalevent_monitoring_product
    ADD CONSTRAINT main_globallocalevent_monitor_globallocalevent_id_monitorin_key UNIQUE (globallocalevent_id, monitoringproduct_id);


--
-- Name: main_globallocalevent_monitoring_product_pkey; Type: CONSTRAINT; Schema: public; Owner: stas; Tablespace: 
--

ALTER TABLE ONLY main_globallocalevent_monitoring_product
    ADD CONSTRAINT main_globallocalevent_monitoring_product_pkey PRIMARY KEY (id);


--
-- Name: main_globallocalevent_pkey; Type: CONSTRAINT; Schema: public; Owner: stas; Tablespace: 
--

ALTER TABLE ONLY main_globallocalevent
    ADD CONSTRAINT main_globallocalevent_pkey PRIMARY KEY (id);


--
-- Name: main_hashtags_monitoring_prod_hashtags_id_monitoringproduct_key; Type: CONSTRAINT; Schema: public; Owner: stas; Tablespace: 
--

ALTER TABLE ONLY main_hashtags_monitoring_product
    ADD CONSTRAINT main_hashtags_monitoring_prod_hashtags_id_monitoringproduct_key UNIQUE (hashtags_id, monitoringproduct_id);


--
-- Name: main_hashtags_monitoring_product_pkey; Type: CONSTRAINT; Schema: public; Owner: stas; Tablespace: 
--

ALTER TABLE ONLY main_hashtags_monitoring_product
    ADD CONSTRAINT main_hashtags_monitoring_product_pkey PRIMARY KEY (id);


--
-- Name: main_hashtags_pkey; Type: CONSTRAINT; Schema: public; Owner: stas; Tablespace: 
--

ALTER TABLE ONLY main_hashtags
    ADD CONSTRAINT main_hashtags_pkey PRIMARY KEY (id);


--
-- Name: main_headertonality_monitorin_headertonality_id_monitoringp_key; Type: CONSTRAINT; Schema: public; Owner: stas; Tablespace: 
--

ALTER TABLE ONLY main_headertonality_monitoring_product
    ADD CONSTRAINT main_headertonality_monitorin_headertonality_id_monitoringp_key UNIQUE (headertonality_id, monitoringproduct_id);


--
-- Name: main_headertonality_monitoring_product_pkey; Type: CONSTRAINT; Schema: public; Owner: stas; Tablespace: 
--

ALTER TABLE ONLY main_headertonality_monitoring_product
    ADD CONSTRAINT main_headertonality_monitoring_product_pkey PRIMARY KEY (id);


--
-- Name: main_headertonality_pkey; Type: CONSTRAINT; Schema: public; Owner: stas; Tablespace: 
--

ALTER TABLE ONLY main_headertonality
    ADD CONSTRAINT main_headertonality_pkey PRIMARY KEY (id);


--
-- Name: main_idpressrelease_monitorin_idpressrelease_id_monitoringp_key; Type: CONSTRAINT; Schema: public; Owner: stas; Tablespace: 
--

ALTER TABLE ONLY main_idpressrelease_monitoring_product
    ADD CONSTRAINT main_idpressrelease_monitorin_idpressrelease_id_monitoringp_key UNIQUE (idpressrelease_id, monitoringproduct_id);


--
-- Name: main_idpressrelease_monitoring_product_pkey; Type: CONSTRAINT; Schema: public; Owner: stas; Tablespace: 
--

ALTER TABLE ONLY main_idpressrelease_monitoring_product
    ADD CONSTRAINT main_idpressrelease_monitoring_product_pkey PRIMARY KEY (id);


--
-- Name: main_idpressrelease_pkey; Type: CONSTRAINT; Schema: public; Owner: stas; Tablespace: 
--

ALTER TABLE ONLY main_idpressrelease
    ADD CONSTRAINT main_idpressrelease_pkey PRIMARY KEY (id);


--
-- Name: main_image_monitoring_product_image_id_monitoringproduct_id_key; Type: CONSTRAINT; Schema: public; Owner: stas; Tablespace: 
--

ALTER TABLE ONLY main_image_monitoring_product
    ADD CONSTRAINT main_image_monitoring_product_image_id_monitoringproduct_id_key UNIQUE (image_id, monitoringproduct_id);


--
-- Name: main_image_monitoring_product_pkey; Type: CONSTRAINT; Schema: public; Owner: stas; Tablespace: 
--

ALTER TABLE ONLY main_image_monitoring_product
    ADD CONSTRAINT main_image_monitoring_product_pkey PRIMARY KEY (id);


--
-- Name: main_image_pkey; Type: CONSTRAINT; Schema: public; Owner: stas; Tablespace: 
--

ALTER TABLE ONLY main_image
    ADD CONSTRAINT main_image_pkey PRIMARY KEY (id);


--
-- Name: main_importfile_pkey; Type: CONSTRAINT; Schema: public; Owner: stas; Tablespace: 
--

ALTER TABLE ONLY main_importfile
    ADD CONSTRAINT main_importfile_pkey PRIMARY KEY (id);


--
-- Name: main_importfile_product_importfile_id_monitoringproduct_id_key; Type: CONSTRAINT; Schema: public; Owner: stas; Tablespace: 
--

ALTER TABLE ONLY main_importfile_product
    ADD CONSTRAINT main_importfile_product_importfile_id_monitoringproduct_id_key UNIQUE (importfile_id, monitoringproduct_id);


--
-- Name: main_importfile_product_pkey; Type: CONSTRAINT; Schema: public; Owner: stas; Tablespace: 
--

ALTER TABLE ONLY main_importfile_product
    ADD CONSTRAINT main_importfile_product_pkey PRIMARY KEY (id);


--
-- Name: main_inforeason_monitoring_pr_inforeason_id_monitoringprodu_key; Type: CONSTRAINT; Schema: public; Owner: stas; Tablespace: 
--

ALTER TABLE ONLY main_inforeason_monitoring_product
    ADD CONSTRAINT main_inforeason_monitoring_pr_inforeason_id_monitoringprodu_key UNIQUE (inforeason_id, monitoringproduct_id);


--
-- Name: main_inforeason_monitoring_product_pkey; Type: CONSTRAINT; Schema: public; Owner: stas; Tablespace: 
--

ALTER TABLE ONLY main_inforeason_monitoring_product
    ADD CONSTRAINT main_inforeason_monitoring_product_pkey PRIMARY KEY (id);


--
-- Name: main_inforeason_pkey; Type: CONSTRAINT; Schema: public; Owner: stas; Tablespace: 
--

ALTER TABLE ONLY main_inforeason
    ADD CONSTRAINT main_inforeason_pkey PRIMARY KEY (id);


--
-- Name: main_initiation_monitoring_pr_initiation_id_monitoringprodu_key; Type: CONSTRAINT; Schema: public; Owner: stas; Tablespace: 
--

ALTER TABLE ONLY main_initiation_monitoring_product
    ADD CONSTRAINT main_initiation_monitoring_pr_initiation_id_monitoringprodu_key UNIQUE (initiation_id, monitoringproduct_id);


--
-- Name: main_initiation_monitoring_product_pkey; Type: CONSTRAINT; Schema: public; Owner: stas; Tablespace: 
--

ALTER TABLE ONLY main_initiation_monitoring_product
    ADD CONSTRAINT main_initiation_monitoring_product_pkey PRIMARY KEY (id);


--
-- Name: main_initiation_pkey; Type: CONSTRAINT; Schema: public; Owner: stas; Tablespace: 
--

ALTER TABLE ONLY main_initiation
    ADD CONSTRAINT main_initiation_pkey PRIMARY KEY (id);


--
-- Name: main_interactionkind_monitori_interactionkind_id_monitoring_key; Type: CONSTRAINT; Schema: public; Owner: stas; Tablespace: 
--

ALTER TABLE ONLY main_interactionkind_monitoring_product
    ADD CONSTRAINT main_interactionkind_monitori_interactionkind_id_monitoring_key UNIQUE (interactionkind_id, monitoringproduct_id);


--
-- Name: main_interactionkind_monitoring_product_pkey; Type: CONSTRAINT; Schema: public; Owner: stas; Tablespace: 
--

ALTER TABLE ONLY main_interactionkind_monitoring_product
    ADD CONSTRAINT main_interactionkind_monitoring_product_pkey PRIMARY KEY (id);


--
-- Name: main_interactionkind_pkey; Type: CONSTRAINT; Schema: public; Owner: stas; Tablespace: 
--

ALTER TABLE ONLY main_interactionkind
    ADD CONSTRAINT main_interactionkind_pkey PRIMARY KEY (id);


--
-- Name: main_km_monitoring_product_km_id_monitoringproduct_id_key; Type: CONSTRAINT; Schema: public; Owner: stas; Tablespace: 
--

ALTER TABLE ONLY main_km_monitoring_product
    ADD CONSTRAINT main_km_monitoring_product_km_id_monitoringproduct_id_key UNIQUE (km_id, monitoringproduct_id);


--
-- Name: main_km_monitoring_product_pkey; Type: CONSTRAINT; Schema: public; Owner: stas; Tablespace: 
--

ALTER TABLE ONLY main_km_monitoring_product
    ADD CONSTRAINT main_km_monitoring_product_pkey PRIMARY KEY (id);


--
-- Name: main_km_pkey; Type: CONSTRAINT; Schema: public; Owner: stas; Tablespace: 
--

ALTER TABLE ONLY main_km
    ADD CONSTRAINT main_km_pkey PRIMARY KEY (id);


--
-- Name: main_kmkeyvalue_monitoring_pr_kmkeyvalue_id_monitoringprodu_key; Type: CONSTRAINT; Schema: public; Owner: stas; Tablespace: 
--

ALTER TABLE ONLY main_kmkeyvalue_monitoring_product
    ADD CONSTRAINT main_kmkeyvalue_monitoring_pr_kmkeyvalue_id_monitoringprodu_key UNIQUE (kmkeyvalue_id, monitoringproduct_id);


--
-- Name: main_kmkeyvalue_monitoring_product_pkey; Type: CONSTRAINT; Schema: public; Owner: stas; Tablespace: 
--

ALTER TABLE ONLY main_kmkeyvalue_monitoring_product
    ADD CONSTRAINT main_kmkeyvalue_monitoring_product_pkey PRIMARY KEY (id);


--
-- Name: main_kmkeyvalue_pkey; Type: CONSTRAINT; Schema: public; Owner: stas; Tablespace: 
--

ALTER TABLE ONLY main_kmkeyvalue
    ADD CONSTRAINT main_kmkeyvalue_pkey PRIMARY KEY (id);


--
-- Name: main_kmmention_monitoring_pro_kmmention_id_monitoringproduc_key; Type: CONSTRAINT; Schema: public; Owner: stas; Tablespace: 
--

ALTER TABLE ONLY main_kmmention_monitoring_product
    ADD CONSTRAINT main_kmmention_monitoring_pro_kmmention_id_monitoringproduc_key UNIQUE (kmmention_id, monitoringproduct_id);


--
-- Name: main_kmmention_monitoring_product_pkey; Type: CONSTRAINT; Schema: public; Owner: stas; Tablespace: 
--

ALTER TABLE ONLY main_kmmention_monitoring_product
    ADD CONSTRAINT main_kmmention_monitoring_product_pkey PRIMARY KEY (id);


--
-- Name: main_kmmention_pkey; Type: CONSTRAINT; Schema: public; Owner: stas; Tablespace: 
--

ALTER TABLE ONLY main_kmmention
    ADD CONSTRAINT main_kmmention_pkey PRIMARY KEY (id);


--
-- Name: main_kmspecial_monitoring_pro_kmspecial_id_monitoringproduc_key; Type: CONSTRAINT; Schema: public; Owner: stas; Tablespace: 
--

ALTER TABLE ONLY main_kmspecial_monitoring_product
    ADD CONSTRAINT main_kmspecial_monitoring_pro_kmspecial_id_monitoringproduc_key UNIQUE (kmspecial_id, monitoringproduct_id);


--
-- Name: main_kmspecial_monitoring_product_pkey; Type: CONSTRAINT; Schema: public; Owner: stas; Tablespace: 
--

ALTER TABLE ONLY main_kmspecial_monitoring_product
    ADD CONSTRAINT main_kmspecial_monitoring_product_pkey PRIMARY KEY (id);


--
-- Name: main_kmspecial_pkey; Type: CONSTRAINT; Schema: public; Owner: stas; Tablespace: 
--

ALTER TABLE ONLY main_kmspecial
    ADD CONSTRAINT main_kmspecial_pkey PRIMARY KEY (id);


--
-- Name: main_macroregion_monitoring_p_macroregion_id_monitoringprod_key; Type: CONSTRAINT; Schema: public; Owner: stas; Tablespace: 
--

ALTER TABLE ONLY main_macroregion_monitoring_product
    ADD CONSTRAINT main_macroregion_monitoring_p_macroregion_id_monitoringprod_key UNIQUE (macroregion_id, monitoringproduct_id);


--
-- Name: main_macroregion_monitoring_product_pkey; Type: CONSTRAINT; Schema: public; Owner: stas; Tablespace: 
--

ALTER TABLE ONLY main_macroregion_monitoring_product
    ADD CONSTRAINT main_macroregion_monitoring_product_pkey PRIMARY KEY (id);


--
-- Name: main_macroregion_pkey; Type: CONSTRAINT; Schema: public; Owner: stas; Tablespace: 
--

ALTER TABLE ONLY main_macroregion
    ADD CONSTRAINT main_macroregion_pkey PRIMARY KEY (id);


--
-- Name: main_maintonality_monitoring__maintonality_id_monitoringpro_key; Type: CONSTRAINT; Schema: public; Owner: stas; Tablespace: 
--

ALTER TABLE ONLY main_maintonality_monitoring_product
    ADD CONSTRAINT main_maintonality_monitoring__maintonality_id_monitoringpro_key UNIQUE (maintonality_id, monitoringproduct_id);


--
-- Name: main_maintonality_monitoring_product_pkey; Type: CONSTRAINT; Schema: public; Owner: stas; Tablespace: 
--

ALTER TABLE ONLY main_maintonality_monitoring_product
    ADD CONSTRAINT main_maintonality_monitoring_product_pkey PRIMARY KEY (id);


--
-- Name: main_maintonality_pkey; Type: CONSTRAINT; Schema: public; Owner: stas; Tablespace: 
--

ALTER TABLE ONLY main_maintonality
    ADD CONSTRAINT main_maintonality_pkey PRIMARY KEY (id);


--
-- Name: main_materialgenre_monitoring_materialgenre_id_monitoringpr_key; Type: CONSTRAINT; Schema: public; Owner: stas; Tablespace: 
--

ALTER TABLE ONLY main_materialgenre_monitoring_product
    ADD CONSTRAINT main_materialgenre_monitoring_materialgenre_id_monitoringpr_key UNIQUE (materialgenre_id, monitoringproduct_id);


--
-- Name: main_materialgenre_monitoring_product_pkey; Type: CONSTRAINT; Schema: public; Owner: stas; Tablespace: 
--

ALTER TABLE ONLY main_materialgenre_monitoring_product
    ADD CONSTRAINT main_materialgenre_monitoring_product_pkey PRIMARY KEY (id);


--
-- Name: main_materialgenre_pkey; Type: CONSTRAINT; Schema: public; Owner: stas; Tablespace: 
--

ALTER TABLE ONLY main_materialgenre
    ADD CONSTRAINT main_materialgenre_pkey PRIMARY KEY (id);


--
-- Name: main_materialreason_monitorin_materialreason_id_monitoringp_key; Type: CONSTRAINT; Schema: public; Owner: stas; Tablespace: 
--

ALTER TABLE ONLY main_materialreason_monitoring_product
    ADD CONSTRAINT main_materialreason_monitorin_materialreason_id_monitoringp_key UNIQUE (materialreason_id, monitoringproduct_id);


--
-- Name: main_materialreason_monitoring_product_pkey; Type: CONSTRAINT; Schema: public; Owner: stas; Tablespace: 
--

ALTER TABLE ONLY main_materialreason_monitoring_product
    ADD CONSTRAINT main_materialreason_monitoring_product_pkey PRIMARY KEY (id);


--
-- Name: main_materialreason_pkey; Type: CONSTRAINT; Schema: public; Owner: stas; Tablespace: 
--

ALTER TABLE ONLY main_materialreason
    ADD CONSTRAINT main_materialreason_pkey PRIMARY KEY (id);


--
-- Name: main_mediacategory_monitoring_mediacategory_id_monitoringpr_key; Type: CONSTRAINT; Schema: public; Owner: stas; Tablespace: 
--

ALTER TABLE ONLY main_mediacategory_monitoring_product
    ADD CONSTRAINT main_mediacategory_monitoring_mediacategory_id_monitoringpr_key UNIQUE (mediacategory_id, monitoringproduct_id);


--
-- Name: main_mediacategory_monitoring_product_pkey; Type: CONSTRAINT; Schema: public; Owner: stas; Tablespace: 
--

ALTER TABLE ONLY main_mediacategory_monitoring_product
    ADD CONSTRAINT main_mediacategory_monitoring_product_pkey PRIMARY KEY (id);


--
-- Name: main_mediacategory_pkey; Type: CONSTRAINT; Schema: public; Owner: stas; Tablespace: 
--

ALTER TABLE ONLY main_mediacategory
    ADD CONSTRAINT main_mediacategory_pkey PRIMARY KEY (id);


--
-- Name: main_mediacategoryspecial_mon_mediacategoryspecial_id_monit_key; Type: CONSTRAINT; Schema: public; Owner: stas; Tablespace: 
--

ALTER TABLE ONLY main_mediacategoryspecial_monitoring_product
    ADD CONSTRAINT main_mediacategoryspecial_mon_mediacategoryspecial_id_monit_key UNIQUE (mediacategoryspecial_id, monitoringproduct_id);


--
-- Name: main_mediacategoryspecial_monitoring_product_pkey; Type: CONSTRAINT; Schema: public; Owner: stas; Tablespace: 
--

ALTER TABLE ONLY main_mediacategoryspecial_monitoring_product
    ADD CONSTRAINT main_mediacategoryspecial_monitoring_product_pkey PRIMARY KEY (id);


--
-- Name: main_mediacategoryspecial_pkey; Type: CONSTRAINT; Schema: public; Owner: stas; Tablespace: 
--

ALTER TABLE ONLY main_mediacategoryspecial
    ADD CONSTRAINT main_mediacategoryspecial_pkey PRIMARY KEY (id);


--
-- Name: main_medialevel_monitoring_pr_medialevel_id_monitoringprodu_key; Type: CONSTRAINT; Schema: public; Owner: stas; Tablespace: 
--

ALTER TABLE ONLY main_medialevel_monitoring_product
    ADD CONSTRAINT main_medialevel_monitoring_pr_medialevel_id_monitoringprodu_key UNIQUE (medialevel_id, monitoringproduct_id);


--
-- Name: main_medialevel_monitoring_product_pkey; Type: CONSTRAINT; Schema: public; Owner: stas; Tablespace: 
--

ALTER TABLE ONLY main_medialevel_monitoring_product
    ADD CONSTRAINT main_medialevel_monitoring_product_pkey PRIMARY KEY (id);


--
-- Name: main_medialevel_pkey; Type: CONSTRAINT; Schema: public; Owner: stas; Tablespace: 
--

ALTER TABLE ONLY main_medialevel
    ADD CONSTRAINT main_medialevel_pkey PRIMARY KEY (id);


--
-- Name: main_medialist_monitoring_pro_medialist_id_monitoringproduc_key; Type: CONSTRAINT; Schema: public; Owner: stas; Tablespace: 
--

ALTER TABLE ONLY main_medialist_monitoring_product
    ADD CONSTRAINT main_medialist_monitoring_pro_medialist_id_monitoringproduc_key UNIQUE (medialist_id, monitoringproduct_id);


--
-- Name: main_medialist_monitoring_product_pkey; Type: CONSTRAINT; Schema: public; Owner: stas; Tablespace: 
--

ALTER TABLE ONLY main_medialist_monitoring_product
    ADD CONSTRAINT main_medialist_monitoring_product_pkey PRIMARY KEY (id);


--
-- Name: main_medialist_pkey; Type: CONSTRAINT; Schema: public; Owner: stas; Tablespace: 
--

ALTER TABLE ONLY main_medialist
    ADD CONSTRAINT main_medialist_pkey PRIMARY KEY (id);


--
-- Name: main_medialistspecial_monitor_medialistspecial_id_monitorin_key; Type: CONSTRAINT; Schema: public; Owner: stas; Tablespace: 
--

ALTER TABLE ONLY main_medialistspecial_monitoring_product
    ADD CONSTRAINT main_medialistspecial_monitor_medialistspecial_id_monitorin_key UNIQUE (medialistspecial_id, monitoringproduct_id);


--
-- Name: main_medialistspecial_monitoring_product_pkey; Type: CONSTRAINT; Schema: public; Owner: stas; Tablespace: 
--

ALTER TABLE ONLY main_medialistspecial_monitoring_product
    ADD CONSTRAINT main_medialistspecial_monitoring_product_pkey PRIMARY KEY (id);


--
-- Name: main_medialistspecial_pkey; Type: CONSTRAINT; Schema: public; Owner: stas; Tablespace: 
--

ALTER TABLE ONLY main_medialistspecial
    ADD CONSTRAINT main_medialistspecial_pkey PRIMARY KEY (id);


--
-- Name: main_mediatype_monitoring_pro_mediatype_id_monitoringproduc_key; Type: CONSTRAINT; Schema: public; Owner: stas; Tablespace: 
--

ALTER TABLE ONLY main_mediatype_monitoring_product
    ADD CONSTRAINT main_mediatype_monitoring_pro_mediatype_id_monitoringproduc_key UNIQUE (mediatype_id, monitoringproduct_id);


--
-- Name: main_mediatype_monitoring_product_pkey; Type: CONSTRAINT; Schema: public; Owner: stas; Tablespace: 
--

ALTER TABLE ONLY main_mediatype_monitoring_product
    ADD CONSTRAINT main_mediatype_monitoring_product_pkey PRIMARY KEY (id);


--
-- Name: main_mediatype_pkey; Type: CONSTRAINT; Schema: public; Owner: stas; Tablespace: 
--

ALTER TABLE ONLY main_mediatype
    ADD CONSTRAINT main_mediatype_pkey PRIMARY KEY (id);


--
-- Name: main_mediatypespecial_monitor_mediatypespecial_id_monitorin_key; Type: CONSTRAINT; Schema: public; Owner: stas; Tablespace: 
--

ALTER TABLE ONLY main_mediatypespecial_monitoring_product
    ADD CONSTRAINT main_mediatypespecial_monitor_mediatypespecial_id_monitorin_key UNIQUE (mediatypespecial_id, monitoringproduct_id);


--
-- Name: main_mediatypespecial_monitoring_product_pkey; Type: CONSTRAINT; Schema: public; Owner: stas; Tablespace: 
--

ALTER TABLE ONLY main_mediatypespecial_monitoring_product
    ADD CONSTRAINT main_mediatypespecial_monitoring_product_pkey PRIMARY KEY (id);


--
-- Name: main_mediatypespecial_pkey; Type: CONSTRAINT; Schema: public; Owner: stas; Tablespace: 
--

ALTER TABLE ONLY main_mediatypespecial
    ADD CONSTRAINT main_mediatypespecial_pkey PRIMARY KEY (id);


--
-- Name: main_mediaview_monitoring_pro_mediaview_id_monitoringproduc_key; Type: CONSTRAINT; Schema: public; Owner: stas; Tablespace: 
--

ALTER TABLE ONLY main_mediaview_monitoring_product
    ADD CONSTRAINT main_mediaview_monitoring_pro_mediaview_id_monitoringproduc_key UNIQUE (mediaview_id, monitoringproduct_id);


--
-- Name: main_mediaview_monitoring_product_pkey; Type: CONSTRAINT; Schema: public; Owner: stas; Tablespace: 
--

ALTER TABLE ONLY main_mediaview_monitoring_product
    ADD CONSTRAINT main_mediaview_monitoring_product_pkey PRIMARY KEY (id);


--
-- Name: main_mediaview_pkey; Type: CONSTRAINT; Schema: public; Owner: stas; Tablespace: 
--

ALTER TABLE ONLY main_mediaview
    ADD CONSTRAINT main_mediaview_pkey PRIMARY KEY (id);


--
-- Name: main_mentionproduct_monitorin_mentionproduct_id_monitoringp_key; Type: CONSTRAINT; Schema: public; Owner: stas; Tablespace: 
--

ALTER TABLE ONLY main_mentionproduct_monitoring_product
    ADD CONSTRAINT main_mentionproduct_monitorin_mentionproduct_id_monitoringp_key UNIQUE (mentionproduct_id, monitoringproduct_id);


--
-- Name: main_mentionproduct_monitoring_product_pkey; Type: CONSTRAINT; Schema: public; Owner: stas; Tablespace: 
--

ALTER TABLE ONLY main_mentionproduct_monitoring_product
    ADD CONSTRAINT main_mentionproduct_monitoring_product_pkey PRIMARY KEY (id);


--
-- Name: main_mentionproduct_pkey; Type: CONSTRAINT; Schema: public; Owner: stas; Tablespace: 
--

ALTER TABLE ONLY main_mentionproduct
    ADD CONSTRAINT main_mentionproduct_pkey PRIMARY KEY (id);


--
-- Name: main_mentionproductvalue_moni_mentionproductvalue_id_monito_key; Type: CONSTRAINT; Schema: public; Owner: stas; Tablespace: 
--

ALTER TABLE ONLY main_mentionproductvalue_monitoring_product
    ADD CONSTRAINT main_mentionproductvalue_moni_mentionproductvalue_id_monito_key UNIQUE (mentionproductvalue_id, monitoringproduct_id);


--
-- Name: main_mentionproductvalue_monitoring_product_pkey; Type: CONSTRAINT; Schema: public; Owner: stas; Tablespace: 
--

ALTER TABLE ONLY main_mentionproductvalue_monitoring_product
    ADD CONSTRAINT main_mentionproductvalue_monitoring_product_pkey PRIMARY KEY (id);


--
-- Name: main_mentionproductvalue_pkey; Type: CONSTRAINT; Schema: public; Owner: stas; Tablespace: 
--

ALTER TABLE ONLY main_mentionproductvalue
    ADD CONSTRAINT main_mentionproductvalue_pkey PRIMARY KEY (id);


--
-- Name: main_mentionsobject_monitorin_mentionsobject_id_monitoringp_key; Type: CONSTRAINT; Schema: public; Owner: stas; Tablespace: 
--

ALTER TABLE ONLY main_mentionsobject_monitoring_product
    ADD CONSTRAINT main_mentionsobject_monitorin_mentionsobject_id_monitoringp_key UNIQUE (mentionsobject_id, monitoringproduct_id);


--
-- Name: main_mentionsobject_monitoring_product_pkey; Type: CONSTRAINT; Schema: public; Owner: stas; Tablespace: 
--

ALTER TABLE ONLY main_mentionsobject_monitoring_product
    ADD CONSTRAINT main_mentionsobject_monitoring_product_pkey PRIMARY KEY (id);


--
-- Name: main_mentionsobject_pkey; Type: CONSTRAINT; Schema: public; Owner: stas; Tablespace: 
--

ALTER TABLE ONLY main_mentionsobject
    ADD CONSTRAINT main_mentionsobject_pkey PRIMARY KEY (id);


--
-- Name: main_mentionsobject_technolog_mentionsobject_id_technologie_key; Type: CONSTRAINT; Schema: public; Owner: stas; Tablespace: 
--

ALTER TABLE ONLY main_mentionsobject_technologies
    ADD CONSTRAINT main_mentionsobject_technolog_mentionsobject_id_technologie_key UNIQUE (mentionsobject_id, technologies_id);


--
-- Name: main_mentionsobject_technologies_pkey; Type: CONSTRAINT; Schema: public; Owner: stas; Tablespace: 
--

ALTER TABLE ONLY main_mentionsobject_technologies
    ADD CONSTRAINT main_mentionsobject_technologies_pkey PRIMARY KEY (id);


--
-- Name: main_month_monitoring_product_month_id_monitoringproduct_id_key; Type: CONSTRAINT; Schema: public; Owner: stas; Tablespace: 
--

ALTER TABLE ONLY main_month_monitoring_product
    ADD CONSTRAINT main_month_monitoring_product_month_id_monitoringproduct_id_key UNIQUE (month_id, monitoringproduct_id);


--
-- Name: main_month_monitoring_product_pkey; Type: CONSTRAINT; Schema: public; Owner: stas; Tablespace: 
--

ALTER TABLE ONLY main_month_monitoring_product
    ADD CONSTRAINT main_month_monitoring_product_pkey PRIMARY KEY (id);


--
-- Name: main_month_pkey; Type: CONSTRAINT; Schema: public; Owner: stas; Tablespace: 
--

ALTER TABLE ONLY main_month
    ADD CONSTRAINT main_month_pkey PRIMARY KEY (id);


--
-- Name: main_objectrole_monitoring_pr_objectrole_id_monitoringprodu_key; Type: CONSTRAINT; Schema: public; Owner: stas; Tablespace: 
--

ALTER TABLE ONLY main_objectrole_monitoring_product
    ADD CONSTRAINT main_objectrole_monitoring_pr_objectrole_id_monitoringprodu_key UNIQUE (objectrole_id, monitoringproduct_id);


--
-- Name: main_objectrole_monitoring_product_pkey; Type: CONSTRAINT; Schema: public; Owner: stas; Tablespace: 
--

ALTER TABLE ONLY main_objectrole_monitoring_product
    ADD CONSTRAINT main_objectrole_monitoring_product_pkey PRIMARY KEY (id);


--
-- Name: main_objectrole_pkey; Type: CONSTRAINT; Schema: public; Owner: stas; Tablespace: 
--

ALTER TABLE ONLY main_objectrole
    ADD CONSTRAINT main_objectrole_pkey PRIMARY KEY (id);


--
-- Name: main_penetration_monitoring_p_penetration_id_monitoringprod_key; Type: CONSTRAINT; Schema: public; Owner: stas; Tablespace: 
--

ALTER TABLE ONLY main_penetration_monitoring_product
    ADD CONSTRAINT main_penetration_monitoring_p_penetration_id_monitoringprod_key UNIQUE (penetration_id, monitoringproduct_id);


--
-- Name: main_penetration_monitoring_product_pkey; Type: CONSTRAINT; Schema: public; Owner: stas; Tablespace: 
--

ALTER TABLE ONLY main_penetration_monitoring_product
    ADD CONSTRAINT main_penetration_monitoring_product_pkey PRIMARY KEY (id);


--
-- Name: main_penetration_pkey; Type: CONSTRAINT; Schema: public; Owner: stas; Tablespace: 
--

ALTER TABLE ONLY main_penetration
    ADD CONSTRAINT main_penetration_pkey PRIMARY KEY (id);


--
-- Name: main_product_monitoring_produ_product_id_monitoringproduct__key; Type: CONSTRAINT; Schema: public; Owner: stas; Tablespace: 
--

ALTER TABLE ONLY main_product_monitoring_product
    ADD CONSTRAINT main_product_monitoring_produ_product_id_monitoringproduct__key UNIQUE (product_id, monitoringproduct_id);


--
-- Name: main_product_monitoring_product_pkey; Type: CONSTRAINT; Schema: public; Owner: stas; Tablespace: 
--

ALTER TABLE ONLY main_product_monitoring_product
    ADD CONSTRAINT main_product_monitoring_product_pkey PRIMARY KEY (id);


--
-- Name: main_product_pkey; Type: CONSTRAINT; Schema: public; Owner: stas; Tablespace: 
--

ALTER TABLE ONLY main_product
    ADD CONSTRAINT main_product_pkey PRIMARY KEY (id);


--
-- Name: main_project_pkey; Type: CONSTRAINT; Schema: public; Owner: stas; Tablespace: 
--

ALTER TABLE ONLY main_project
    ADD CONSTRAINT main_project_pkey PRIMARY KEY (id);


--
-- Name: main_project_slug_key; Type: CONSTRAINT; Schema: public; Owner: stas; Tablespace: 
--

ALTER TABLE ONLY main_project
    ADD CONSTRAINT main_project_slug_key UNIQUE (slug);


--
-- Name: main_referredobject_pkey; Type: CONSTRAINT; Schema: public; Owner: stas; Tablespace: 
--

ALTER TABLE ONLY main_referredobject
    ADD CONSTRAINT main_referredobject_pkey PRIMARY KEY (id);


--
-- Name: main_region_monitoring_produc_region_id_monitoringproduct_i_key; Type: CONSTRAINT; Schema: public; Owner: stas; Tablespace: 
--

ALTER TABLE ONLY main_region_monitoring_product
    ADD CONSTRAINT main_region_monitoring_produc_region_id_monitoringproduct_i_key UNIQUE (region_id, monitoringproduct_id);


--
-- Name: main_region_monitoring_product_pkey; Type: CONSTRAINT; Schema: public; Owner: stas; Tablespace: 
--

ALTER TABLE ONLY main_region_monitoring_product
    ADD CONSTRAINT main_region_monitoring_product_pkey PRIMARY KEY (id);


--
-- Name: main_region_pkey; Type: CONSTRAINT; Schema: public; Owner: stas; Tablespace: 
--

ALTER TABLE ONLY main_region
    ADD CONSTRAINT main_region_pkey PRIMARY KEY (id);


--
-- Name: main_sidespeaker_monitoring_p_sidespeaker_id_monitoringprod_key; Type: CONSTRAINT; Schema: public; Owner: stas; Tablespace: 
--

ALTER TABLE ONLY main_sidespeaker_monitoring_product
    ADD CONSTRAINT main_sidespeaker_monitoring_p_sidespeaker_id_monitoringprod_key UNIQUE (sidespeaker_id, monitoringproduct_id);


--
-- Name: main_sidespeaker_monitoring_product_pkey; Type: CONSTRAINT; Schema: public; Owner: stas; Tablespace: 
--

ALTER TABLE ONLY main_sidespeaker_monitoring_product
    ADD CONSTRAINT main_sidespeaker_monitoring_product_pkey PRIMARY KEY (id);


--
-- Name: main_sidespeaker_pkey; Type: CONSTRAINT; Schema: public; Owner: stas; Tablespace: 
--

ALTER TABLE ONLY main_sidespeaker
    ADD CONSTRAINT main_sidespeaker_pkey PRIMARY KEY (id);


--
-- Name: main_sidespeakerstatus_monito_sidespeakerstatus_id_monitori_key; Type: CONSTRAINT; Schema: public; Owner: stas; Tablespace: 
--

ALTER TABLE ONLY main_sidespeakerstatus_monitoring_product
    ADD CONSTRAINT main_sidespeakerstatus_monito_sidespeakerstatus_id_monitori_key UNIQUE (sidespeakerstatus_id, monitoringproduct_id);


--
-- Name: main_sidespeakerstatus_monitoring_product_pkey; Type: CONSTRAINT; Schema: public; Owner: stas; Tablespace: 
--

ALTER TABLE ONLY main_sidespeakerstatus_monitoring_product
    ADD CONSTRAINT main_sidespeakerstatus_monitoring_product_pkey PRIMARY KEY (id);


--
-- Name: main_sidespeakerstatus_pkey; Type: CONSTRAINT; Schema: public; Owner: stas; Tablespace: 
--

ALTER TABLE ONLY main_sidespeakerstatus
    ADD CONSTRAINT main_sidespeakerstatus_pkey PRIMARY KEY (id);


--
-- Name: main_sidespeakertonality_moni_sidespeakertonality_id_monito_key; Type: CONSTRAINT; Schema: public; Owner: stas; Tablespace: 
--

ALTER TABLE ONLY main_sidespeakertonality_monitoring_product
    ADD CONSTRAINT main_sidespeakertonality_moni_sidespeakertonality_id_monito_key UNIQUE (sidespeakertonality_id, monitoringproduct_id);


--
-- Name: main_sidespeakertonality_monitoring_product_pkey; Type: CONSTRAINT; Schema: public; Owner: stas; Tablespace: 
--

ALTER TABLE ONLY main_sidespeakertonality_monitoring_product
    ADD CONSTRAINT main_sidespeakertonality_monitoring_product_pkey PRIMARY KEY (id);


--
-- Name: main_sidespeakertonality_pkey; Type: CONSTRAINT; Schema: public; Owner: stas; Tablespace: 
--

ALTER TABLE ONLY main_sidespeakertonality
    ADD CONSTRAINT main_sidespeakertonality_pkey PRIMARY KEY (id);


--
-- Name: main_source_monitoring_produc_source_id_monitoringproduct_i_key; Type: CONSTRAINT; Schema: public; Owner: stas; Tablespace: 
--

ALTER TABLE ONLY main_source_monitoring_product
    ADD CONSTRAINT main_source_monitoring_produc_source_id_monitoringproduct_i_key UNIQUE (source_id, monitoringproduct_id);


--
-- Name: main_source_monitoring_product_pkey; Type: CONSTRAINT; Schema: public; Owner: stas; Tablespace: 
--

ALTER TABLE ONLY main_source_monitoring_product
    ADD CONSTRAINT main_source_monitoring_product_pkey PRIMARY KEY (id);


--
-- Name: main_source_pkey; Type: CONSTRAINT; Schema: public; Owner: stas; Tablespace: 
--

ALTER TABLE ONLY main_source
    ADD CONSTRAINT main_source_pkey PRIMARY KEY (id);


--
-- Name: main_speaker_monitoring_produ_speaker_id_monitoringproduct__key; Type: CONSTRAINT; Schema: public; Owner: stas; Tablespace: 
--

ALTER TABLE ONLY main_speaker_monitoring_product
    ADD CONSTRAINT main_speaker_monitoring_produ_speaker_id_monitoringproduct__key UNIQUE (speaker_id, monitoringproduct_id);


--
-- Name: main_speaker_monitoring_product_pkey; Type: CONSTRAINT; Schema: public; Owner: stas; Tablespace: 
--

ALTER TABLE ONLY main_speaker_monitoring_product
    ADD CONSTRAINT main_speaker_monitoring_product_pkey PRIMARY KEY (id);


--
-- Name: main_speaker_pkey; Type: CONSTRAINT; Schema: public; Owner: stas; Tablespace: 
--

ALTER TABLE ONLY main_speaker
    ADD CONSTRAINT main_speaker_pkey PRIMARY KEY (id);


--
-- Name: main_speakercategory_monitori_speakercategory_id_monitoring_key; Type: CONSTRAINT; Schema: public; Owner: stas; Tablespace: 
--

ALTER TABLE ONLY main_speakercategory_monitoring_product
    ADD CONSTRAINT main_speakercategory_monitori_speakercategory_id_monitoring_key UNIQUE (speakercategory_id, monitoringproduct_id);


--
-- Name: main_speakercategory_monitoring_product_pkey; Type: CONSTRAINT; Schema: public; Owner: stas; Tablespace: 
--

ALTER TABLE ONLY main_speakercategory_monitoring_product
    ADD CONSTRAINT main_speakercategory_monitoring_product_pkey PRIMARY KEY (id);


--
-- Name: main_speakercategory_pkey; Type: CONSTRAINT; Schema: public; Owner: stas; Tablespace: 
--

ALTER TABLE ONLY main_speakercategory
    ADD CONSTRAINT main_speakercategory_pkey PRIMARY KEY (id);


--
-- Name: main_speakerlevel_monitoring__speakerlevel_id_monitoringpro_key; Type: CONSTRAINT; Schema: public; Owner: stas; Tablespace: 
--

ALTER TABLE ONLY main_speakerlevel_monitoring_product
    ADD CONSTRAINT main_speakerlevel_monitoring__speakerlevel_id_monitoringpro_key UNIQUE (speakerlevel_id, monitoringproduct_id);


--
-- Name: main_speakerlevel_monitoring_product_pkey; Type: CONSTRAINT; Schema: public; Owner: stas; Tablespace: 
--

ALTER TABLE ONLY main_speakerlevel_monitoring_product
    ADD CONSTRAINT main_speakerlevel_monitoring_product_pkey PRIMARY KEY (id);


--
-- Name: main_speakerlevel_pkey; Type: CONSTRAINT; Schema: public; Owner: stas; Tablespace: 
--

ALTER TABLE ONLY main_speakerlevel
    ADD CONSTRAINT main_speakerlevel_pkey PRIMARY KEY (id);


--
-- Name: main_speakerquote_monitoring__speakerquote_id_monitoringpro_key; Type: CONSTRAINT; Schema: public; Owner: stas; Tablespace: 
--

ALTER TABLE ONLY main_speakerquote_monitoring_product
    ADD CONSTRAINT main_speakerquote_monitoring__speakerquote_id_monitoringpro_key UNIQUE (speakerquote_id, monitoringproduct_id);


--
-- Name: main_speakerquote_monitoring_product_pkey; Type: CONSTRAINT; Schema: public; Owner: stas; Tablespace: 
--

ALTER TABLE ONLY main_speakerquote_monitoring_product
    ADD CONSTRAINT main_speakerquote_monitoring_product_pkey PRIMARY KEY (id);


--
-- Name: main_speakerquote_pkey; Type: CONSTRAINT; Schema: public; Owner: stas; Tablespace: 
--

ALTER TABLE ONLY main_speakerquote
    ADD CONSTRAINT main_speakerquote_pkey PRIMARY KEY (id);


--
-- Name: main_speakerquoteuniqueness_m_speakerquoteuniqueness_id_mon_key; Type: CONSTRAINT; Schema: public; Owner: stas; Tablespace: 
--

ALTER TABLE ONLY main_speakerquoteuniqueness_monitoring_product
    ADD CONSTRAINT main_speakerquoteuniqueness_m_speakerquoteuniqueness_id_mon_key UNIQUE (speakerquoteuniqueness_id, monitoringproduct_id);


--
-- Name: main_speakerquoteuniqueness_monitoring_product_pkey; Type: CONSTRAINT; Schema: public; Owner: stas; Tablespace: 
--

ALTER TABLE ONLY main_speakerquoteuniqueness_monitoring_product
    ADD CONSTRAINT main_speakerquoteuniqueness_monitoring_product_pkey PRIMARY KEY (id);


--
-- Name: main_speakerquoteuniqueness_pkey; Type: CONSTRAINT; Schema: public; Owner: stas; Tablespace: 
--

ALTER TABLE ONLY main_speakerquoteuniqueness
    ADD CONSTRAINT main_speakerquoteuniqueness_pkey PRIMARY KEY (id);


--
-- Name: main_speakerspeechhate_monito_speakerspeechhate_id_monitori_key; Type: CONSTRAINT; Schema: public; Owner: stas; Tablespace: 
--

ALTER TABLE ONLY main_speakerspeechhate_monitoring_product
    ADD CONSTRAINT main_speakerspeechhate_monito_speakerspeechhate_id_monitori_key UNIQUE (speakerspeechhate_id, monitoringproduct_id);


--
-- Name: main_speakerspeechhate_monitoring_product_pkey; Type: CONSTRAINT; Schema: public; Owner: stas; Tablespace: 
--

ALTER TABLE ONLY main_speakerspeechhate_monitoring_product
    ADD CONSTRAINT main_speakerspeechhate_monitoring_product_pkey PRIMARY KEY (id);


--
-- Name: main_speakerspeechhate_pkey; Type: CONSTRAINT; Schema: public; Owner: stas; Tablespace: 
--

ALTER TABLE ONLY main_speakerspeechhate
    ADD CONSTRAINT main_speakerspeechhate_pkey PRIMARY KEY (id);


--
-- Name: main_statementspeaker_monitor_statementspeaker_id_monitorin_key; Type: CONSTRAINT; Schema: public; Owner: stas; Tablespace: 
--

ALTER TABLE ONLY main_statementspeaker_monitoring_product
    ADD CONSTRAINT main_statementspeaker_monitor_statementspeaker_id_monitorin_key UNIQUE (statementspeaker_id, monitoringproduct_id);


--
-- Name: main_statementspeaker_monitoring_product_pkey; Type: CONSTRAINT; Schema: public; Owner: stas; Tablespace: 
--

ALTER TABLE ONLY main_statementspeaker_monitoring_product
    ADD CONSTRAINT main_statementspeaker_monitoring_product_pkey PRIMARY KEY (id);


--
-- Name: main_statementspeaker_pkey; Type: CONSTRAINT; Schema: public; Owner: stas; Tablespace: 
--

ALTER TABLE ONLY main_statementspeaker
    ADD CONSTRAINT main_statementspeaker_pkey PRIMARY KEY (id);


--
-- Name: main_tag_monitoring_product_pkey; Type: CONSTRAINT; Schema: public; Owner: stas; Tablespace: 
--

ALTER TABLE ONLY main_tag_monitoring_product
    ADD CONSTRAINT main_tag_monitoring_product_pkey PRIMARY KEY (id);


--
-- Name: main_tag_monitoring_product_tag_id_monitoringproduct_id_key; Type: CONSTRAINT; Schema: public; Owner: stas; Tablespace: 
--

ALTER TABLE ONLY main_tag_monitoring_product
    ADD CONSTRAINT main_tag_monitoring_product_tag_id_monitoringproduct_id_key UNIQUE (tag_id, monitoringproduct_id);


--
-- Name: main_tag_pkey; Type: CONSTRAINT; Schema: public; Owner: stas; Tablespace: 
--

ALTER TABLE ONLY main_tag
    ADD CONSTRAINT main_tag_pkey PRIMARY KEY (id);


--
-- Name: main_technologies_monitoring__technologies_id_monitoringpro_key; Type: CONSTRAINT; Schema: public; Owner: stas; Tablespace: 
--

ALTER TABLE ONLY main_technologies_monitoring_product
    ADD CONSTRAINT main_technologies_monitoring__technologies_id_monitoringpro_key UNIQUE (technologies_id, monitoringproduct_id);


--
-- Name: main_technologies_monitoring_product_pkey; Type: CONSTRAINT; Schema: public; Owner: stas; Tablespace: 
--

ALTER TABLE ONLY main_technologies_monitoring_product
    ADD CONSTRAINT main_technologies_monitoring_product_pkey PRIMARY KEY (id);


--
-- Name: main_technologies_pkey; Type: CONSTRAINT; Schema: public; Owner: stas; Tablespace: 
--

ALTER TABLE ONLY main_technologies
    ADD CONSTRAINT main_technologies_pkey PRIMARY KEY (id);


--
-- Name: main_thematiccategory_monitor_thematiccategory_id_monitorin_key; Type: CONSTRAINT; Schema: public; Owner: stas; Tablespace: 
--

ALTER TABLE ONLY main_thematiccategory_monitoring_product
    ADD CONSTRAINT main_thematiccategory_monitor_thematiccategory_id_monitorin_key UNIQUE (thematiccategory_id, monitoringproduct_id);


--
-- Name: main_thematiccategory_monitoring_product_pkey; Type: CONSTRAINT; Schema: public; Owner: stas; Tablespace: 
--

ALTER TABLE ONLY main_thematiccategory_monitoring_product
    ADD CONSTRAINT main_thematiccategory_monitoring_product_pkey PRIMARY KEY (id);


--
-- Name: main_thematiccategory_pkey; Type: CONSTRAINT; Schema: public; Owner: stas; Tablespace: 
--

ALTER TABLE ONLY main_thematiccategory
    ADD CONSTRAINT main_thematiccategory_pkey PRIMARY KEY (id);


--
-- Name: main_thirdpartyspeakers_monit_thirdpartyspeakers_id_monitor_key; Type: CONSTRAINT; Schema: public; Owner: stas; Tablespace: 
--

ALTER TABLE ONLY main_thirdpartyspeakers_monitoring_product
    ADD CONSTRAINT main_thirdpartyspeakers_monit_thirdpartyspeakers_id_monitor_key UNIQUE (thirdpartyspeakers_id, monitoringproduct_id);


--
-- Name: main_thirdpartyspeakers_monitoring_product_pkey; Type: CONSTRAINT; Schema: public; Owner: stas; Tablespace: 
--

ALTER TABLE ONLY main_thirdpartyspeakers_monitoring_product
    ADD CONSTRAINT main_thirdpartyspeakers_monitoring_product_pkey PRIMARY KEY (id);


--
-- Name: main_thirdpartyspeakers_pkey; Type: CONSTRAINT; Schema: public; Owner: stas; Tablespace: 
--

ALTER TABLE ONLY main_thirdpartyspeakers
    ADD CONSTRAINT main_thirdpartyspeakers_pkey PRIMARY KEY (id);


--
-- Name: main_url_monitoring_product_pkey; Type: CONSTRAINT; Schema: public; Owner: stas; Tablespace: 
--

ALTER TABLE ONLY main_url_monitoring_product
    ADD CONSTRAINT main_url_monitoring_product_pkey PRIMARY KEY (id);


--
-- Name: main_url_monitoring_product_url_id_monitoringproduct_id_key; Type: CONSTRAINT; Schema: public; Owner: stas; Tablespace: 
--

ALTER TABLE ONLY main_url_monitoring_product
    ADD CONSTRAINT main_url_monitoring_product_url_id_monitoringproduct_id_key UNIQUE (url_id, monitoringproduct_id);


--
-- Name: main_url_pkey; Type: CONSTRAINT; Schema: public; Owner: stas; Tablespace: 
--

ALTER TABLE ONLY main_url
    ADD CONSTRAINT main_url_pkey PRIMARY KEY (id);


--
-- Name: main_visibility_monitoring_pr_visibility_id_monitoringprodu_key; Type: CONSTRAINT; Schema: public; Owner: stas; Tablespace: 
--

ALTER TABLE ONLY main_visibility_monitoring_product
    ADD CONSTRAINT main_visibility_monitoring_pr_visibility_id_monitoringprodu_key UNIQUE (visibility_id, monitoringproduct_id);


--
-- Name: main_visibility_monitoring_product_pkey; Type: CONSTRAINT; Schema: public; Owner: stas; Tablespace: 
--

ALTER TABLE ONLY main_visibility_monitoring_product
    ADD CONSTRAINT main_visibility_monitoring_product_pkey PRIMARY KEY (id);


--
-- Name: main_visibility_pkey; Type: CONSTRAINT; Schema: public; Owner: stas; Tablespace: 
--

ALTER TABLE ONLY main_visibility
    ADD CONSTRAINT main_visibility_pkey PRIMARY KEY (id);


--
-- Name: main_visibilityspecial_monito_visibilityspecial_id_monitori_key; Type: CONSTRAINT; Schema: public; Owner: stas; Tablespace: 
--

ALTER TABLE ONLY main_visibilityspecial_monitoring_product
    ADD CONSTRAINT main_visibilityspecial_monito_visibilityspecial_id_monitori_key UNIQUE (visibilityspecial_id, monitoringproduct_id);


--
-- Name: main_visibilityspecial_monitoring_product_pkey; Type: CONSTRAINT; Schema: public; Owner: stas; Tablespace: 
--

ALTER TABLE ONLY main_visibilityspecial_monitoring_product
    ADD CONSTRAINT main_visibilityspecial_monitoring_product_pkey PRIMARY KEY (id);


--
-- Name: main_visibilityspecial_pkey; Type: CONSTRAINT; Schema: public; Owner: stas; Tablespace: 
--

ALTER TABLE ONLY main_visibilityspecial
    ADD CONSTRAINT main_visibilityspecial_pkey PRIMARY KEY (id);


--
-- Name: main_week_monitoring_product_pkey; Type: CONSTRAINT; Schema: public; Owner: stas; Tablespace: 
--

ALTER TABLE ONLY main_week_monitoring_product
    ADD CONSTRAINT main_week_monitoring_product_pkey PRIMARY KEY (id);


--
-- Name: main_week_monitoring_product_week_id_monitoringproduct_id_key; Type: CONSTRAINT; Schema: public; Owner: stas; Tablespace: 
--

ALTER TABLE ONLY main_week_monitoring_product
    ADD CONSTRAINT main_week_monitoring_product_week_id_monitoringproduct_id_key UNIQUE (week_id, monitoringproduct_id);


--
-- Name: main_week_pkey; Type: CONSTRAINT; Schema: public; Owner: stas; Tablespace: 
--

ALTER TABLE ONLY main_week
    ADD CONSTRAINT main_week_pkey PRIMARY KEY (id);


--
-- Name: monitoring_product_constructorwidget_pkey; Type: CONSTRAINT; Schema: public; Owner: stas; Tablespace: 
--

ALTER TABLE ONLY monitoring_product_constructorwidget
    ADD CONSTRAINT monitoring_product_constructorwidget_pkey PRIMARY KEY (id);


--
-- Name: monitoring_product_monitoringproduct_pkey; Type: CONSTRAINT; Schema: public; Owner: stas; Tablespace: 
--

ALTER TABLE ONLY monitoring_product_monitoringproduct
    ADD CONSTRAINT monitoring_product_monitoringproduct_pkey PRIMARY KEY (id);


--
-- Name: monitoring_product_monitoringproductcategory_pkey; Type: CONSTRAINT; Schema: public; Owner: stas; Tablespace: 
--

ALTER TABLE ONLY monitoring_product_monitoringproductcategory
    ADD CONSTRAINT monitoring_product_monitoringproductcategory_pkey PRIMARY KEY (id);


--
-- Name: monitoring_product_monitoringproductmention_pkey; Type: CONSTRAINT; Schema: public; Owner: stas; Tablespace: 
--

ALTER TABLE ONLY monitoring_product_monitoringproductmention
    ADD CONSTRAINT monitoring_product_monitoringproductmention_pkey PRIMARY KEY (id);


--
-- Name: monitoring_product_monitoringproductmentionword_pkey; Type: CONSTRAINT; Schema: public; Owner: stas; Tablespace: 
--

ALTER TABLE ONLY monitoring_product_monitoringproductmentionword
    ADD CONSTRAINT monitoring_product_monitoringproductmentionword_pkey PRIMARY KEY (id);


--
-- Name: monitoring_product_monitoringproductsetting_pkey; Type: CONSTRAINT; Schema: public; Owner: stas; Tablespace: 
--

ALTER TABLE ONLY monitoring_product_monitoringproductsetting
    ADD CONSTRAINT monitoring_product_monitoringproductsetting_pkey PRIMARY KEY (id);


--
-- Name: custom_user_customuser_access_to_products_721e74b0; Type: INDEX; Schema: public; Owner: stas; Tablespace: 
--

CREATE INDEX custom_user_customuser_access_to_products_721e74b0 ON custom_user_customuser_access_to_products USING btree (customuser_id);


--
-- Name: custom_user_customuser_access_to_products_8f20a02f; Type: INDEX; Schema: public; Owner: stas; Tablespace: 
--

CREATE INDEX custom_user_customuser_access_to_products_8f20a02f ON custom_user_customuser_access_to_products USING btree (monitoringproduct_id);


--
-- Name: custom_user_customuser_project_721e74b0; Type: INDEX; Schema: public; Owner: stas; Tablespace: 
--

CREATE INDEX custom_user_customuser_project_721e74b0 ON custom_user_customuser_project USING btree (customuser_id);


--
-- Name: custom_user_customuser_project_b098ad43; Type: INDEX; Schema: public; Owner: stas; Tablespace: 
--

CREATE INDEX custom_user_customuser_project_b098ad43 ON custom_user_customuser_project USING btree (project_id);


--
-- Name: custom_user_productrating_9bea82de; Type: INDEX; Schema: public; Owner: stas; Tablespace: 
--

CREATE INDEX custom_user_productrating_9bea82de ON custom_user_productrating USING btree (product_id);


--
-- Name: custom_user_productrating_e8701ad4; Type: INDEX; Schema: public; Owner: stas; Tablespace: 
--

CREATE INDEX custom_user_productrating_e8701ad4 ON custom_user_productrating USING btree (user_id);


--
-- Name: guardian_groupobjectpermission_content_type_id; Type: INDEX; Schema: public; Owner: stas; Tablespace: 
--

CREATE INDEX guardian_groupobjectpermission_content_type_id ON guardian_groupobjectpermission USING btree (content_type_id);


--
-- Name: guardian_groupobjectpermission_group_id; Type: INDEX; Schema: public; Owner: stas; Tablespace: 
--

CREATE INDEX guardian_groupobjectpermission_group_id ON guardian_groupobjectpermission USING btree (group_id);


--
-- Name: guardian_groupobjectpermission_permission_id; Type: INDEX; Schema: public; Owner: stas; Tablespace: 
--

CREATE INDEX guardian_groupobjectpermission_permission_id ON guardian_groupobjectpermission USING btree (permission_id);


--
-- Name: guardian_userobjectpermission_content_type_id; Type: INDEX; Schema: public; Owner: stas; Tablespace: 
--

CREATE INDEX guardian_userobjectpermission_content_type_id ON guardian_userobjectpermission USING btree (content_type_id);


--
-- Name: guardian_userobjectpermission_permission_id; Type: INDEX; Schema: public; Owner: stas; Tablespace: 
--

CREATE INDEX guardian_userobjectpermission_permission_id ON guardian_userobjectpermission USING btree (permission_id);


--
-- Name: guardian_userobjectpermission_user_id; Type: INDEX; Schema: public; Owner: stas; Tablespace: 
--

CREATE INDEX guardian_userobjectpermission_user_id ON guardian_userobjectpermission USING btree (user_id);


--
-- Name: main_directorycategory_level; Type: INDEX; Schema: public; Owner: stas; Tablespace: 
--

CREATE INDEX main_directorycategory_level ON main_directorycategory USING btree (level);


--
-- Name: main_directorycategory_lft; Type: INDEX; Schema: public; Owner: stas; Tablespace: 
--

CREATE INDEX main_directorycategory_lft ON main_directorycategory USING btree (lft);


--
-- Name: main_directorycategory_parent_id; Type: INDEX; Schema: public; Owner: stas; Tablespace: 
--

CREATE INDEX main_directorycategory_parent_id ON main_directorycategory USING btree (parent_id);


--
-- Name: main_directorycategory_rght; Type: INDEX; Schema: public; Owner: stas; Tablespace: 
--

CREATE INDEX main_directorycategory_rght ON main_directorycategory USING btree (rght);


--
-- Name: main_directorycategory_tree_id; Type: INDEX; Schema: public; Owner: stas; Tablespace: 
--

CREATE INDEX main_directorycategory_tree_id ON main_directorycategory USING btree (tree_id);


--
-- Name: monitoring_product_monitoringproduct_4e893a26; Type: INDEX; Schema: public; Owner: stas; Tablespace: 
--

CREATE INDEX monitoring_product_monitoringproduct_4e893a26 ON monitoring_product_monitoringproduct USING btree (changed_by_id);


--
-- Name: monitoring_product_monitoringproduct_6be37982; Type: INDEX; Schema: public; Owner: stas; Tablespace: 
--

CREATE INDEX monitoring_product_monitoringproduct_6be37982 ON monitoring_product_monitoringproduct USING btree (parent_id);


--
-- Name: monitoring_product_monitoringproduct_e93cb7eb; Type: INDEX; Schema: public; Owner: stas; Tablespace: 
--

CREATE INDEX monitoring_product_monitoringproduct_e93cb7eb ON monitoring_product_monitoringproduct USING btree (created_by_id);


--
-- Name: monitoring_product_monitoringproductsetting_8a5db7e2; Type: INDEX; Schema: public; Owner: stas; Tablespace: 
--

CREATE INDEX monitoring_product_monitoringproductsetting_8a5db7e2 ON monitoring_product_monitoringproductsetting USING btree (monitoring_product_id);


--
-- Name: monitoring_product_monitoringproductsetting_e8701ad4; Type: INDEX; Schema: public; Owner: stas; Tablespace: 
--

CREATE INDEX monitoring_product_monitoringproductsetting_e8701ad4 ON monitoring_product_monitoringproductsetting USING btree (user_id);


--
-- Name: D958bce12219dbb97388f5fb51e1c5ee; Type: FK CONSTRAINT; Schema: public; Owner: stas
--

ALTER TABLE ONLY monitoring_product_monitoringproduct
    ADD CONSTRAINT "D958bce12219dbb97388f5fb51e1c5ee" FOREIGN KEY (parent_id) REFERENCES monitoring_product_monitoringproduct(id) DEFERRABLE INITIALLY DEFERRED;


--
-- Name: a52fd311333f346a9a604a38a37424b4; Type: FK CONSTRAINT; Schema: public; Owner: stas
--

ALTER TABLE ONLY custom_user_customuser_access_to_products
    ADD CONSTRAINT a52fd311333f346a9a604a38a37424b4 FOREIGN KEY (monitoringproduct_id) REFERENCES monitoring_product_monitoringproduct(id) DEFERRABLE INITIALLY DEFERRED;


--
-- Name: advertisementpromo_id_refs_id_bc49aca9; Type: FK CONSTRAINT; Schema: public; Owner: stas
--

ALTER TABLE ONLY main_advertisementpromo_monitoring_product
    ADD CONSTRAINT advertisementpromo_id_refs_id_bc49aca9 FOREIGN KEY (advertisementpromo_id) REFERENCES main_advertisementpromo(id) DEFERRABLE INITIALLY DEFERRED;


--
-- Name: article_id_refs_id_077fa166; Type: FK CONSTRAINT; Schema: public; Owner: stas
--

ALTER TABLE ONLY main_mentionproductvalue
    ADD CONSTRAINT article_id_refs_id_077fa166 FOREIGN KEY (article_id) REFERENCES main_article(id) DEFERRABLE INITIALLY DEFERRED;


--
-- Name: article_id_refs_id_18124d84; Type: FK CONSTRAINT; Schema: public; Owner: stas
--

ALTER TABLE ONLY main_mentionproduct
    ADD CONSTRAINT article_id_refs_id_18124d84 FOREIGN KEY (article_id) REFERENCES main_article(id) DEFERRABLE INITIALLY DEFERRED;


--
-- Name: article_id_refs_id_3e3692ad; Type: FK CONSTRAINT; Schema: public; Owner: stas
--

ALTER TABLE ONLY main_kmmention
    ADD CONSTRAINT article_id_refs_id_3e3692ad FOREIGN KEY (article_id) REFERENCES main_article(id) DEFERRABLE INITIALLY DEFERRED;


--
-- Name: article_id_refs_id_f958a665; Type: FK CONSTRAINT; Schema: public; Owner: stas
--

ALTER TABLE ONLY main_article_monitoring_product
    ADD CONSTRAINT article_id_refs_id_f958a665 FOREIGN KEY (article_id) REFERENCES main_article(id) DEFERRABLE INITIALLY DEFERRED;


--
-- Name: articletitle_id_refs_id_4c306182; Type: FK CONSTRAINT; Schema: public; Owner: stas
--

ALTER TABLE ONLY main_articletitle_monitoring_product
    ADD CONSTRAINT articletitle_id_refs_id_4c306182 FOREIGN KEY (articletitle_id) REFERENCES main_articletitle(id) DEFERRABLE INITIALLY DEFERRED;


--
-- Name: auth_group_permissions_permission_id_fkey; Type: FK CONSTRAINT; Schema: public; Owner: stas
--

ALTER TABLE ONLY auth_group_permissions
    ADD CONSTRAINT auth_group_permissions_permission_id_fkey FOREIGN KEY (permission_id) REFERENCES auth_permission(id) DEFERRABLE INITIALLY DEFERRED;


--
-- Name: auth_user_groups_group_id_fkey; Type: FK CONSTRAINT; Schema: public; Owner: stas
--

ALTER TABLE ONLY auth_user_groups
    ADD CONSTRAINT auth_user_groups_group_id_fkey FOREIGN KEY (group_id) REFERENCES auth_group(id) DEFERRABLE INITIALLY DEFERRED;


--
-- Name: auth_user_user_permissions_permission_id_fkey; Type: FK CONSTRAINT; Schema: public; Owner: stas
--

ALTER TABLE ONLY auth_user_user_permissions
    ADD CONSTRAINT auth_user_user_permissions_permission_id_fkey FOREIGN KEY (permission_id) REFERENCES auth_permission(id) DEFERRABLE INITIALLY DEFERRED;


--
-- Name: author_id_refs_id_b867e7c9; Type: FK CONSTRAINT; Schema: public; Owner: stas
--

ALTER TABLE ONLY main_author_monitoring_product
    ADD CONSTRAINT author_id_refs_id_b867e7c9 FOREIGN KEY (author_id) REFERENCES main_author(id) DEFERRABLE INITIALLY DEFERRED;


--
-- Name: b1ba6a00b24a08f0ded0078509053c0e; Type: FK CONSTRAINT; Schema: public; Owner: stas
--

ALTER TABLE ONLY monitoring_product_monitoringproduct
    ADD CONSTRAINT b1ba6a00b24a08f0ded0078509053c0e FOREIGN KEY (created_by_id) REFERENCES custom_user_customuser(user_ptr_id) DEFERRABLE INITIALLY DEFERRED;


--
-- Name: bissinesdirection_id_refs_id_71127951; Type: FK CONSTRAINT; Schema: public; Owner: stas
--

ALTER TABLE ONLY main_bissinesdirection_monitoring_product
    ADD CONSTRAINT bissinesdirection_id_refs_id_71127951 FOREIGN KEY (bissinesdirection_id) REFERENCES main_bissinesdirection(id) DEFERRABLE INITIALLY DEFERRED;


--
-- Name: branch_id_refs_id_3a439f3c; Type: FK CONSTRAINT; Schema: public; Owner: stas
--

ALTER TABLE ONLY main_branch_monitoring_product
    ADD CONSTRAINT branch_id_refs_id_3a439f3c FOREIGN KEY (branch_id) REFERENCES main_branch(id) DEFERRABLE INITIALLY DEFERRED;


--
-- Name: brandorproduct_id_refs_id_9d710309; Type: FK CONSTRAINT; Schema: public; Owner: stas
--

ALTER TABLE ONLY main_brandorproduct_monitoring_product
    ADD CONSTRAINT brandorproduct_id_refs_id_9d710309 FOREIGN KEY (brandorproduct_id) REFERENCES main_brandorproduct(id) DEFERRABLE INITIALLY DEFERRED;


--
-- Name: c12bb9446b525054f7096c0c08bec24a; Type: FK CONSTRAINT; Schema: public; Owner: stas
--

ALTER TABLE ONLY monitoring_product_monitoringproduct
    ADD CONSTRAINT c12bb9446b525054f7096c0c08bec24a FOREIGN KEY (changed_by_id) REFERENCES custom_user_customuser(user_ptr_id) DEFERRABLE INITIALLY DEFERRED;


--
-- Name: category_id_refs_id_1ade367f; Type: FK CONSTRAINT; Schema: public; Owner: stas
--

ALTER TABLE ONLY main_category_monitoring_product
    ADD CONSTRAINT category_id_refs_id_1ade367f FOREIGN KEY (category_id) REFERENCES main_category(id) DEFERRABLE INITIALLY DEFERRED;


--
-- Name: city_id_refs_id_23a354f7; Type: FK CONSTRAINT; Schema: public; Owner: stas
--

ALTER TABLE ONLY main_city_monitoring_product
    ADD CONSTRAINT city_id_refs_id_23a354f7 FOREIGN KEY (city_id) REFERENCES main_city(id) DEFERRABLE INITIALLY DEFERRED;


--
-- Name: company_id_refs_id_bdeaf275; Type: FK CONSTRAINT; Schema: public; Owner: stas
--

ALTER TABLE ONLY custom_user_department
    ADD CONSTRAINT company_id_refs_id_bdeaf275 FOREIGN KEY (company_id) REFERENCES custom_user_company(id) DEFERRABLE INITIALLY DEFERRED;


--
-- Name: content_type_id_refs_id_d043b34a; Type: FK CONSTRAINT; Schema: public; Owner: stas
--

ALTER TABLE ONLY auth_permission
    ADD CONSTRAINT content_type_id_refs_id_d043b34a FOREIGN KEY (content_type_id) REFERENCES django_content_type(id) DEFERRABLE INITIALLY DEFERRED;


--
-- Name: country_id_refs_id_19abbb83; Type: FK CONSTRAINT; Schema: public; Owner: stas
--

ALTER TABLE ONLY main_country_monitoring_product
    ADD CONSTRAINT country_id_refs_id_19abbb83 FOREIGN KEY (country_id) REFERENCES main_country(id) DEFERRABLE INITIALLY DEFERRED;


--
-- Name: custom_u_user_id_3893afd5_fk_custom_user_customuser_user_ptr_id; Type: FK CONSTRAINT; Schema: public; Owner: stas
--

ALTER TABLE ONLY custom_user_useraplicationsettings
    ADD CONSTRAINT custom_u_user_id_3893afd5_fk_custom_user_customuser_user_ptr_id FOREIGN KEY (user_id) REFERENCES custom_user_customuser(user_ptr_id) DEFERRABLE INITIALLY DEFERRED;


--
-- Name: custom_user_cust_project_id_1b7fbb57465d3a4e_fk_main_project_id; Type: FK CONSTRAINT; Schema: public; Owner: stas
--

ALTER TABLE ONLY custom_user_customuser_project
    ADD CONSTRAINT custom_user_cust_project_id_1b7fbb57465d3a4e_fk_main_project_id FOREIGN KEY (project_id) REFERENCES main_project(id) DEFERRABLE INITIALLY DEFERRED;


--
-- Name: custom_user_customuser_company_id_fkey; Type: FK CONSTRAINT; Schema: public; Owner: stas
--

ALTER TABLE ONLY custom_user_customuser
    ADD CONSTRAINT custom_user_customuser_company_id_fkey FOREIGN KEY (company_id) REFERENCES custom_user_company(id) DEFERRABLE INITIALLY DEFERRED;


--
-- Name: custom_user_customuser_department_id_fkey; Type: FK CONSTRAINT; Schema: public; Owner: stas
--

ALTER TABLE ONLY custom_user_customuser
    ADD CONSTRAINT custom_user_customuser_department_id_fkey FOREIGN KEY (department_id) REFERENCES custom_user_department(id) DEFERRABLE INITIALLY DEFERRED;


--
-- Name: custom_user_customuser_user_ptr_id_fkey; Type: FK CONSTRAINT; Schema: public; Owner: stas
--

ALTER TABLE ONLY custom_user_customuser
    ADD CONSTRAINT custom_user_customuser_user_ptr_id_fkey FOREIGN KEY (user_ptr_id) REFERENCES auth_user(id) DEFERRABLE INITIALLY DEFERRED;


--
-- Name: custom_user_social_custom_user_id_fkey; Type: FK CONSTRAINT; Schema: public; Owner: stas
--

ALTER TABLE ONLY custom_user_social
    ADD CONSTRAINT custom_user_social_custom_user_id_fkey FOREIGN KEY (custom_user_id) REFERENCES custom_user_customuser(user_ptr_id) DEFERRABLE INITIALLY DEFERRED;


--
-- Name: d631ffd613285025a5e0db1209597dc9; Type: FK CONSTRAINT; Schema: public; Owner: stas
--

ALTER TABLE ONLY custom_user_productrating
    ADD CONSTRAINT d631ffd613285025a5e0db1209597dc9 FOREIGN KEY (product_id) REFERENCES monitoring_product_monitoringproduct(id) DEFERRABLE INITIALLY DEFERRED;


--
-- Name: d7aa86fc3f404ed72316293e3e7300f9; Type: FK CONSTRAINT; Schema: public; Owner: stas
--

ALTER TABLE ONLY monitoring_product_monitoringproductsetting
    ADD CONSTRAINT d7aa86fc3f404ed72316293e3e7300f9 FOREIGN KEY (monitoring_product_id) REFERENCES monitoring_product_monitoringproduct(id) DEFERRABLE INITIALLY DEFERRED;


--
-- Name: d8e1fc58ba04e5d2d631e987e890cf57; Type: FK CONSTRAINT; Schema: public; Owner: stas
--

ALTER TABLE ONLY custom_user_customuser_project
    ADD CONSTRAINT d8e1fc58ba04e5d2d631e987e890cf57 FOREIGN KEY (customuser_id) REFERENCES custom_user_customuser(user_ptr_id) DEFERRABLE INITIALLY DEFERRED;


--
-- Name: day_id_refs_id_ca856d18; Type: FK CONSTRAINT; Schema: public; Owner: stas
--

ALTER TABLE ONLY main_day_monitoring_product
    ADD CONSTRAINT day_id_refs_id_ca856d18 FOREIGN KEY (day_id) REFERENCES main_day(id) DEFERRABLE INITIALLY DEFERRED;


--
-- Name: django_admin_log_content_type_id_fkey; Type: FK CONSTRAINT; Schema: public; Owner: stas
--

ALTER TABLE ONLY django_admin_log
    ADD CONSTRAINT django_admin_log_content_type_id_fkey FOREIGN KEY (content_type_id) REFERENCES django_content_type(id) DEFERRABLE INITIALLY DEFERRED;


--
-- Name: django_admin_log_user_id_fkey; Type: FK CONSTRAINT; Schema: public; Owner: stas
--

ALTER TABLE ONLY django_admin_log
    ADD CONSTRAINT django_admin_log_user_id_fkey FOREIGN KEY (user_id) REFERENCES auth_user(id) DEFERRABLE INITIALLY DEFERRED;


--
-- Name: duration_id_refs_id_1ec5afff; Type: FK CONSTRAINT; Schema: public; Owner: stas
--

ALTER TABLE ONLY main_duration_monitoring_product
    ADD CONSTRAINT duration_id_refs_id_1ec5afff FOREIGN KEY (duration_id) REFERENCES main_duration(id) DEFERRABLE INITIALLY DEFERRED;


--
-- Name: edgeregion_id_refs_id_362c0376; Type: FK CONSTRAINT; Schema: public; Owner: stas
--

ALTER TABLE ONLY main_edgeregion_monitoring_product
    ADD CONSTRAINT edgeregion_id_refs_id_362c0376 FOREIGN KEY (edgeregion_id) REFERENCES main_edgeregion(id) DEFERRABLE INITIALLY DEFERRED;


--
-- Name: emotionaltonematerial_id_refs_id_6c997176; Type: FK CONSTRAINT; Schema: public; Owner: stas
--

ALTER TABLE ONLY main_emotionaltonematerial_monitoring_product
    ADD CONSTRAINT emotionaltonematerial_id_refs_id_6c997176 FOREIGN KEY (emotionaltonematerial_id) REFERENCES main_emotionaltonematerial(id) DEFERRABLE INITIALLY DEFERRED;


--
-- Name: emotionaltoneobject_id_refs_id_8b92fbfc; Type: FK CONSTRAINT; Schema: public; Owner: stas
--

ALTER TABLE ONLY main_emotionaltoneobject_monitoring_product
    ADD CONSTRAINT emotionaltoneobject_id_refs_id_8b92fbfc FOREIGN KEY (emotionaltoneobject_id) REFERENCES main_emotionaltoneobject(id) DEFERRABLE INITIALLY DEFERRED;


--
-- Name: emotionaltonetitle_id_refs_id_b14145de; Type: FK CONSTRAINT; Schema: public; Owner: stas
--

ALTER TABLE ONLY main_emotionaltonetitle_monitoring_product
    ADD CONSTRAINT emotionaltonetitle_id_refs_id_b14145de FOREIGN KEY (emotionaltonetitle_id) REFERENCES main_emotionaltonetitle(id) DEFERRABLE INITIALLY DEFERRED;


--
-- Name: emotionaltonetitleobject_id_refs_id_244a8146; Type: FK CONSTRAINT; Schema: public; Owner: stas
--

ALTER TABLE ONLY main_emotionaltonetitleobject_monitoring_product
    ADD CONSTRAINT emotionaltonetitleobject_id_refs_id_244a8146 FOREIGN KEY (emotionaltonetitleobject_id) REFERENCES main_emotionaltonetitleobject(id) DEFERRABLE INITIALLY DEFERRED;


--
-- Name: f4b526abff77542e8807d1920ba60cf4; Type: FK CONSTRAINT; Schema: public; Owner: stas
--

ALTER TABLE ONLY custom_user_customuser_access_to_products
    ADD CONSTRAINT f4b526abff77542e8807d1920ba60cf4 FOREIGN KEY (customuser_id) REFERENCES custom_user_customuser(user_ptr_id) DEFERRABLE INITIALLY DEFERRED;


--
-- Name: federaldistrict_id_refs_id_c0ecf2c5; Type: FK CONSTRAINT; Schema: public; Owner: stas
--

ALTER TABLE ONLY main_federaldistrict_monitoring_product
    ADD CONSTRAINT federaldistrict_id_refs_id_c0ecf2c5 FOREIGN KEY (federaldistrict_id) REFERENCES main_federaldistrict(id) DEFERRABLE INITIALLY DEFERRED;


--
-- Name: globallocalevent_id_refs_id_0b5afeaf; Type: FK CONSTRAINT; Schema: public; Owner: stas
--

ALTER TABLE ONLY main_globallocalevent_monitoring_product
    ADD CONSTRAINT globallocalevent_id_refs_id_0b5afeaf FOREIGN KEY (globallocalevent_id) REFERENCES main_globallocalevent(id) DEFERRABLE INITIALLY DEFERRED;


--
-- Name: group_id_refs_id_f4b32aac; Type: FK CONSTRAINT; Schema: public; Owner: stas
--

ALTER TABLE ONLY auth_group_permissions
    ADD CONSTRAINT group_id_refs_id_f4b32aac FOREIGN KEY (group_id) REFERENCES auth_group(id) DEFERRABLE INITIALLY DEFERRED;


--
-- Name: guardian_groupobjectpermission_content_type_id_fkey; Type: FK CONSTRAINT; Schema: public; Owner: stas
--

ALTER TABLE ONLY guardian_groupobjectpermission
    ADD CONSTRAINT guardian_groupobjectpermission_content_type_id_fkey FOREIGN KEY (content_type_id) REFERENCES django_content_type(id) DEFERRABLE INITIALLY DEFERRED;


--
-- Name: guardian_groupobjectpermission_group_id_fkey; Type: FK CONSTRAINT; Schema: public; Owner: stas
--

ALTER TABLE ONLY guardian_groupobjectpermission
    ADD CONSTRAINT guardian_groupobjectpermission_group_id_fkey FOREIGN KEY (group_id) REFERENCES auth_group(id) DEFERRABLE INITIALLY DEFERRED;


--
-- Name: guardian_groupobjectpermission_permission_id_fkey; Type: FK CONSTRAINT; Schema: public; Owner: stas
--

ALTER TABLE ONLY guardian_groupobjectpermission
    ADD CONSTRAINT guardian_groupobjectpermission_permission_id_fkey FOREIGN KEY (permission_id) REFERENCES auth_permission(id) DEFERRABLE INITIALLY DEFERRED;


--
-- Name: guardian_userobjectpermission_content_type_id_fkey; Type: FK CONSTRAINT; Schema: public; Owner: stas
--

ALTER TABLE ONLY guardian_userobjectpermission
    ADD CONSTRAINT guardian_userobjectpermission_content_type_id_fkey FOREIGN KEY (content_type_id) REFERENCES django_content_type(id) DEFERRABLE INITIALLY DEFERRED;


--
-- Name: guardian_userobjectpermission_permission_id_fkey; Type: FK CONSTRAINT; Schema: public; Owner: stas
--

ALTER TABLE ONLY guardian_userobjectpermission
    ADD CONSTRAINT guardian_userobjectpermission_permission_id_fkey FOREIGN KEY (permission_id) REFERENCES auth_permission(id) DEFERRABLE INITIALLY DEFERRED;


--
-- Name: guardian_userobjectpermission_user_id_fkey; Type: FK CONSTRAINT; Schema: public; Owner: stas
--

ALTER TABLE ONLY guardian_userobjectpermission
    ADD CONSTRAINT guardian_userobjectpermission_user_id_fkey FOREIGN KEY (user_id) REFERENCES auth_user(id) DEFERRABLE INITIALLY DEFERRED;


--
-- Name: hashtags_id_refs_id_eed7cf51; Type: FK CONSTRAINT; Schema: public; Owner: stas
--

ALTER TABLE ONLY main_hashtags_monitoring_product
    ADD CONSTRAINT hashtags_id_refs_id_eed7cf51 FOREIGN KEY (hashtags_id) REFERENCES main_hashtags(id) DEFERRABLE INITIALLY DEFERRED;


--
-- Name: headertonality_id_refs_id_6631d062; Type: FK CONSTRAINT; Schema: public; Owner: stas
--

ALTER TABLE ONLY main_headertonality_monitoring_product
    ADD CONSTRAINT headertonality_id_refs_id_6631d062 FOREIGN KEY (headertonality_id) REFERENCES main_headertonality(id) DEFERRABLE INITIALLY DEFERRED;


--
-- Name: idpressrelease_id_refs_id_c627f590; Type: FK CONSTRAINT; Schema: public; Owner: stas
--

ALTER TABLE ONLY main_idpressrelease_monitoring_product
    ADD CONSTRAINT idpressrelease_id_refs_id_c627f590 FOREIGN KEY (idpressrelease_id) REFERENCES main_idpressrelease(id) DEFERRABLE INITIALLY DEFERRED;


--
-- Name: image_id_refs_id_60a7fd56; Type: FK CONSTRAINT; Schema: public; Owner: stas
--

ALTER TABLE ONLY main_image_monitoring_product
    ADD CONSTRAINT image_id_refs_id_60a7fd56 FOREIGN KEY (image_id) REFERENCES main_image(id) DEFERRABLE INITIALLY DEFERRED;


--
-- Name: importfile_id_refs_id_9db5045b; Type: FK CONSTRAINT; Schema: public; Owner: stas
--

ALTER TABLE ONLY main_importfile_product
    ADD CONSTRAINT importfile_id_refs_id_9db5045b FOREIGN KEY (importfile_id) REFERENCES main_importfile(id) DEFERRABLE INITIALLY DEFERRED;


--
-- Name: inforeason_id_refs_id_68612907; Type: FK CONSTRAINT; Schema: public; Owner: stas
--

ALTER TABLE ONLY main_inforeason_monitoring_product
    ADD CONSTRAINT inforeason_id_refs_id_68612907 FOREIGN KEY (inforeason_id) REFERENCES main_inforeason(id) DEFERRABLE INITIALLY DEFERRED;


--
-- Name: initiation_id_refs_id_fb3e32d1; Type: FK CONSTRAINT; Schema: public; Owner: stas
--

ALTER TABLE ONLY main_initiation_monitoring_product
    ADD CONSTRAINT initiation_id_refs_id_fb3e32d1 FOREIGN KEY (initiation_id) REFERENCES main_initiation(id) DEFERRABLE INITIALLY DEFERRED;


--
-- Name: interactionkind_id_refs_id_c3044ef7; Type: FK CONSTRAINT; Schema: public; Owner: stas
--

ALTER TABLE ONLY main_interactionkind_monitoring_product
    ADD CONSTRAINT interactionkind_id_refs_id_c3044ef7 FOREIGN KEY (interactionkind_id) REFERENCES main_interactionkind(id) DEFERRABLE INITIALLY DEFERRED;


--
-- Name: km_id_refs_id_ee015da1; Type: FK CONSTRAINT; Schema: public; Owner: stas
--

ALTER TABLE ONLY main_km_monitoring_product
    ADD CONSTRAINT km_id_refs_id_ee015da1 FOREIGN KEY (km_id) REFERENCES main_km(id) DEFERRABLE INITIALLY DEFERRED;


--
-- Name: kmkeyvalue_id_refs_id_8a1992ad; Type: FK CONSTRAINT; Schema: public; Owner: stas
--

ALTER TABLE ONLY main_kmkeyvalue_monitoring_product
    ADD CONSTRAINT kmkeyvalue_id_refs_id_8a1992ad FOREIGN KEY (kmkeyvalue_id) REFERENCES main_kmkeyvalue(id) DEFERRABLE INITIALLY DEFERRED;


--
-- Name: kmmention_id_refs_id_74d395f0; Type: FK CONSTRAINT; Schema: public; Owner: stas
--

ALTER TABLE ONLY main_kmmention_monitoring_product
    ADD CONSTRAINT kmmention_id_refs_id_74d395f0 FOREIGN KEY (kmmention_id) REFERENCES main_kmmention(id) DEFERRABLE INITIALLY DEFERRED;


--
-- Name: kmspecial_id_refs_id_506bbbb2; Type: FK CONSTRAINT; Schema: public; Owner: stas
--

ALTER TABLE ONLY main_kmspecial_monitoring_product
    ADD CONSTRAINT kmspecial_id_refs_id_506bbbb2 FOREIGN KEY (kmspecial_id) REFERENCES main_kmspecial(id) DEFERRABLE INITIALLY DEFERRED;


--
-- Name: macroregion_id_refs_id_5994f885; Type: FK CONSTRAINT; Schema: public; Owner: stas
--

ALTER TABLE ONLY main_macroregion_monitoring_product
    ADD CONSTRAINT macroregion_id_refs_id_5994f885 FOREIGN KEY (macroregion_id) REFERENCES main_macroregion(id) DEFERRABLE INITIALLY DEFERRED;


--
-- Name: main_advertisementpromo_monitoring_pr_monitoringproduct_id_fkey; Type: FK CONSTRAINT; Schema: public; Owner: stas
--

ALTER TABLE ONLY main_advertisementpromo_monitoring_product
    ADD CONSTRAINT main_advertisementpromo_monitoring_pr_monitoringproduct_id_fkey FOREIGN KEY (monitoringproduct_id) REFERENCES monitoring_product_monitoringproduct(id) DEFERRABLE INITIALLY DEFERRED;


--
-- Name: main_advertisementpromo_project_id_fkey; Type: FK CONSTRAINT; Schema: public; Owner: stas
--

ALTER TABLE ONLY main_advertisementpromo
    ADD CONSTRAINT main_advertisementpromo_project_id_fkey FOREIGN KEY (project_id) REFERENCES main_project(id) DEFERRABLE INITIALLY DEFERRED;


--
-- Name: main_article_author_id_fkey; Type: FK CONSTRAINT; Schema: public; Owner: stas
--

ALTER TABLE ONLY main_article
    ADD CONSTRAINT main_article_author_id_fkey FOREIGN KEY (author_id) REFERENCES main_author(id) DEFERRABLE INITIALLY DEFERRED;


--
-- Name: main_article_bissines_direction_id_fkey; Type: FK CONSTRAINT; Schema: public; Owner: stas
--

ALTER TABLE ONLY main_article
    ADD CONSTRAINT main_article_bissines_direction_id_fkey FOREIGN KEY (bissines_direction_id) REFERENCES main_bissinesdirection(id) DEFERRABLE INITIALLY DEFERRED;


--
-- Name: main_article_branch_id_fkey; Type: FK CONSTRAINT; Schema: public; Owner: stas
--

ALTER TABLE ONLY main_article
    ADD CONSTRAINT main_article_branch_id_fkey FOREIGN KEY (branch_id) REFERENCES main_branch(id) DEFERRABLE INITIALLY DEFERRED;


--
-- Name: main_article_brand_or_product_id_fkey; Type: FK CONSTRAINT; Schema: public; Owner: stas
--

ALTER TABLE ONLY main_article
    ADD CONSTRAINT main_article_brand_or_product_id_fkey FOREIGN KEY (brand_or_product_id) REFERENCES main_brandorproduct(id) DEFERRABLE INITIALLY DEFERRED;


--
-- Name: main_article_category_id_fkey; Type: FK CONSTRAINT; Schema: public; Owner: stas
--

ALTER TABLE ONLY main_article
    ADD CONSTRAINT main_article_category_id_fkey FOREIGN KEY (category_id) REFERENCES main_category(id) DEFERRABLE INITIALLY DEFERRED;


--
-- Name: main_article_city_id_fkey; Type: FK CONSTRAINT; Schema: public; Owner: stas
--

ALTER TABLE ONLY main_article
    ADD CONSTRAINT main_article_city_id_fkey FOREIGN KEY (city_id) REFERENCES main_city(id) DEFERRABLE INITIALLY DEFERRED;


--
-- Name: main_article_country_id_fkey; Type: FK CONSTRAINT; Schema: public; Owner: stas
--

ALTER TABLE ONLY main_article
    ADD CONSTRAINT main_article_country_id_fkey FOREIGN KEY (country_id) REFERENCES main_country(id) DEFERRABLE INITIALLY DEFERRED;


--
-- Name: main_article_day_id_fkey; Type: FK CONSTRAINT; Schema: public; Owner: stas
--

ALTER TABLE ONLY main_article
    ADD CONSTRAINT main_article_day_id_fkey FOREIGN KEY (day_id) REFERENCES main_day(id) DEFERRABLE INITIALLY DEFERRED;


--
-- Name: main_article_duration_id_fkey; Type: FK CONSTRAINT; Schema: public; Owner: stas
--

ALTER TABLE ONLY main_article
    ADD CONSTRAINT main_article_duration_id_fkey FOREIGN KEY (duration_id) REFERENCES main_duration(id) DEFERRABLE INITIALLY DEFERRED;


--
-- Name: main_article_edge_region_id_fkey; Type: FK CONSTRAINT; Schema: public; Owner: stas
--

ALTER TABLE ONLY main_article
    ADD CONSTRAINT main_article_edge_region_id_fkey FOREIGN KEY (edge_region_id) REFERENCES main_edgeregion(id) DEFERRABLE INITIALLY DEFERRED;


--
-- Name: main_article_emotional_tone_material_id_fkey; Type: FK CONSTRAINT; Schema: public; Owner: stas
--

ALTER TABLE ONLY main_article
    ADD CONSTRAINT main_article_emotional_tone_material_id_fkey FOREIGN KEY (emotional_tone_material_id) REFERENCES main_emotionaltonematerial(id) DEFERRABLE INITIALLY DEFERRED;


--
-- Name: main_article_emotional_tone_title_id_fkey; Type: FK CONSTRAINT; Schema: public; Owner: stas
--

ALTER TABLE ONLY main_article
    ADD CONSTRAINT main_article_emotional_tone_title_id_fkey FOREIGN KEY (emotional_tone_title_id) REFERENCES main_emotionaltonetitle(id) DEFERRABLE INITIALLY DEFERRED;


--
-- Name: main_article_federal_district_id_fkey; Type: FK CONSTRAINT; Schema: public; Owner: stas
--

ALTER TABLE ONLY main_article
    ADD CONSTRAINT main_article_federal_district_id_fkey FOREIGN KEY (federal_district_id) REFERENCES main_federaldistrict(id) DEFERRABLE INITIALLY DEFERRED;


--
-- Name: main_article_global_local_event_id_fkey; Type: FK CONSTRAINT; Schema: public; Owner: stas
--

ALTER TABLE ONLY main_article
    ADD CONSTRAINT main_article_global_local_event_id_fkey FOREIGN KEY (global_local_event_id) REFERENCES main_globallocalevent(id) DEFERRABLE INITIALLY DEFERRED;


--
-- Name: main_article_headder_tonality_id_fkey; Type: FK CONSTRAINT; Schema: public; Owner: stas
--

ALTER TABLE ONLY main_article
    ADD CONSTRAINT main_article_headder_tonality_id_fkey FOREIGN KEY (headder_tonality_id) REFERENCES main_headertonality(id) DEFERRABLE INITIALLY DEFERRED;


--
-- Name: main_article_id_press_release_id_fkey; Type: FK CONSTRAINT; Schema: public; Owner: stas
--

ALTER TABLE ONLY main_article
    ADD CONSTRAINT main_article_id_press_release_id_fkey FOREIGN KEY (id_press_release_id) REFERENCES main_idpressrelease(id) DEFERRABLE INITIALLY DEFERRED;


--
-- Name: main_article_image_id_fkey; Type: FK CONSTRAINT; Schema: public; Owner: stas
--

ALTER TABLE ONLY main_article
    ADD CONSTRAINT main_article_image_id_fkey FOREIGN KEY (image_id) REFERENCES main_image(id) DEFERRABLE INITIALLY DEFERRED;


--
-- Name: main_article_interaction_kind_id_fkey; Type: FK CONSTRAINT; Schema: public; Owner: stas
--

ALTER TABLE ONLY main_article
    ADD CONSTRAINT main_article_interaction_kind_id_fkey FOREIGN KEY (interaction_kind_id) REFERENCES main_interactionkind(id) DEFERRABLE INITIALLY DEFERRED;


--
-- Name: main_article_km_special_id_fkey; Type: FK CONSTRAINT; Schema: public; Owner: stas
--

ALTER TABLE ONLY main_article
    ADD CONSTRAINT main_article_km_special_id_fkey FOREIGN KEY (km_special_id) REFERENCES main_kmspecial(id) DEFERRABLE INITIALLY DEFERRED;


--
-- Name: main_article_macroregion_id_fkey; Type: FK CONSTRAINT; Schema: public; Owner: stas
--

ALTER TABLE ONLY main_article
    ADD CONSTRAINT main_article_macroregion_id_fkey FOREIGN KEY (macroregion_id) REFERENCES main_macroregion(id) DEFERRABLE INITIALLY DEFERRED;


--
-- Name: main_article_main_tonality_id_fkey; Type: FK CONSTRAINT; Schema: public; Owner: stas
--

ALTER TABLE ONLY main_article
    ADD CONSTRAINT main_article_main_tonality_id_fkey FOREIGN KEY (main_tonality_id) REFERENCES main_maintonality(id) DEFERRABLE INITIALLY DEFERRED;


--
-- Name: main_article_material_genre_id_fkey; Type: FK CONSTRAINT; Schema: public; Owner: stas
--

ALTER TABLE ONLY main_article
    ADD CONSTRAINT main_article_material_genre_id_fkey FOREIGN KEY (material_genre_id) REFERENCES main_materialgenre(id) DEFERRABLE INITIALLY DEFERRED;


--
-- Name: main_article_material_reason_id_fkey; Type: FK CONSTRAINT; Schema: public; Owner: stas
--

ALTER TABLE ONLY main_article
    ADD CONSTRAINT main_article_material_reason_id_fkey FOREIGN KEY (material_reason_id) REFERENCES main_materialreason(id) DEFERRABLE INITIALLY DEFERRED;


--
-- Name: main_article_media_category_id_fkey; Type: FK CONSTRAINT; Schema: public; Owner: stas
--

ALTER TABLE ONLY main_article
    ADD CONSTRAINT main_article_media_category_id_fkey FOREIGN KEY (media_category_id) REFERENCES main_mediacategory(id) DEFERRABLE INITIALLY DEFERRED;


--
-- Name: main_article_media_category_special_id_fkey; Type: FK CONSTRAINT; Schema: public; Owner: stas
--

ALTER TABLE ONLY main_article
    ADD CONSTRAINT main_article_media_category_special_id_fkey FOREIGN KEY (media_category_special_id) REFERENCES main_mediacategoryspecial(id) DEFERRABLE INITIALLY DEFERRED;


--
-- Name: main_article_media_level_id_fkey; Type: FK CONSTRAINT; Schema: public; Owner: stas
--

ALTER TABLE ONLY main_article
    ADD CONSTRAINT main_article_media_level_id_fkey FOREIGN KEY (media_level_id) REFERENCES main_medialevel(id) DEFERRABLE INITIALLY DEFERRED;


--
-- Name: main_article_media_list_id_fkey; Type: FK CONSTRAINT; Schema: public; Owner: stas
--

ALTER TABLE ONLY main_article
    ADD CONSTRAINT main_article_media_list_id_fkey FOREIGN KEY (media_list_id) REFERENCES main_medialist(id) DEFERRABLE INITIALLY DEFERRED;


--
-- Name: main_article_media_list_special_id_fkey; Type: FK CONSTRAINT; Schema: public; Owner: stas
--

ALTER TABLE ONLY main_article
    ADD CONSTRAINT main_article_media_list_special_id_fkey FOREIGN KEY (media_list_special_id) REFERENCES main_medialistspecial(id) DEFERRABLE INITIALLY DEFERRED;


--
-- Name: main_article_media_type_id_fkey; Type: FK CONSTRAINT; Schema: public; Owner: stas
--

ALTER TABLE ONLY main_article
    ADD CONSTRAINT main_article_media_type_id_fkey FOREIGN KEY (media_type_id) REFERENCES main_mediatype(id) DEFERRABLE INITIALLY DEFERRED;


--
-- Name: main_article_media_type_special_id_fkey; Type: FK CONSTRAINT; Schema: public; Owner: stas
--

ALTER TABLE ONLY main_article
    ADD CONSTRAINT main_article_media_type_special_id_fkey FOREIGN KEY (media_type_special_id) REFERENCES main_mediatypespecial(id) DEFERRABLE INITIALLY DEFERRED;


--
-- Name: main_article_media_view_id_fkey; Type: FK CONSTRAINT; Schema: public; Owner: stas
--

ALTER TABLE ONLY main_article
    ADD CONSTRAINT main_article_media_view_id_fkey FOREIGN KEY (media_view_id) REFERENCES main_mediaview(id) DEFERRABLE INITIALLY DEFERRED;


--
-- Name: main_article_monitoring_product_monitoringproduct_id_fkey; Type: FK CONSTRAINT; Schema: public; Owner: stas
--

ALTER TABLE ONLY main_article_monitoring_product
    ADD CONSTRAINT main_article_monitoring_product_monitoringproduct_id_fkey FOREIGN KEY (monitoringproduct_id) REFERENCES monitoring_product_monitoringproduct(id) DEFERRABLE INITIALLY DEFERRED;


--
-- Name: main_article_month_id_fkey; Type: FK CONSTRAINT; Schema: public; Owner: stas
--

ALTER TABLE ONLY main_article
    ADD CONSTRAINT main_article_month_id_fkey FOREIGN KEY (month_id) REFERENCES main_month(id) DEFERRABLE INITIALLY DEFERRED;


--
-- Name: main_article_penetration_id_fkey; Type: FK CONSTRAINT; Schema: public; Owner: stas
--

ALTER TABLE ONLY main_article
    ADD CONSTRAINT main_article_penetration_id_fkey FOREIGN KEY (penetration_id) REFERENCES main_penetration(id) DEFERRABLE INITIALLY DEFERRED;


--
-- Name: main_article_project_id_fkey; Type: FK CONSTRAINT; Schema: public; Owner: stas
--

ALTER TABLE ONLY main_article
    ADD CONSTRAINT main_article_project_id_fkey FOREIGN KEY (project_id) REFERENCES main_project(id) DEFERRABLE INITIALLY DEFERRED;


--
-- Name: main_article_region_id_fkey; Type: FK CONSTRAINT; Schema: public; Owner: stas
--

ALTER TABLE ONLY main_article
    ADD CONSTRAINT main_article_region_id_fkey FOREIGN KEY (region_id) REFERENCES main_region(id) DEFERRABLE INITIALLY DEFERRED;


--
-- Name: main_article_source_id_fkey; Type: FK CONSTRAINT; Schema: public; Owner: stas
--

ALTER TABLE ONLY main_article
    ADD CONSTRAINT main_article_source_id_fkey FOREIGN KEY (source_id) REFERENCES main_source(id) DEFERRABLE INITIALLY DEFERRED;


--
-- Name: main_article_speaker_quote_id_fkey; Type: FK CONSTRAINT; Schema: public; Owner: stas
--

ALTER TABLE ONLY main_article
    ADD CONSTRAINT main_article_speaker_quote_id_fkey FOREIGN KEY (speaker_quote_id) REFERENCES main_speakerquote(id) DEFERRABLE INITIALLY DEFERRED;


--
-- Name: main_article_tag_id_fkey; Type: FK CONSTRAINT; Schema: public; Owner: stas
--

ALTER TABLE ONLY main_article
    ADD CONSTRAINT main_article_tag_id_fkey FOREIGN KEY (tag_id) REFERENCES main_tag(id) DEFERRABLE INITIALLY DEFERRED;


--
-- Name: main_article_thematic_category_id_fkey; Type: FK CONSTRAINT; Schema: public; Owner: stas
--

ALTER TABLE ONLY main_article
    ADD CONSTRAINT main_article_thematic_category_id_fkey FOREIGN KEY (thematic_category_id) REFERENCES main_thematiccategory(id) DEFERRABLE INITIALLY DEFERRED;


--
-- Name: main_article_third_patry_speakers_id_fkey; Type: FK CONSTRAINT; Schema: public; Owner: stas
--

ALTER TABLE ONLY main_article
    ADD CONSTRAINT main_article_third_patry_speakers_id_fkey FOREIGN KEY (third_patry_speakers_id) REFERENCES main_thirdpartyspeakers(id) DEFERRABLE INITIALLY DEFERRED;


--
-- Name: main_article_title_id_fkey; Type: FK CONSTRAINT; Schema: public; Owner: stas
--

ALTER TABLE ONLY main_article
    ADD CONSTRAINT main_article_title_id_fkey FOREIGN KEY (title_id) REFERENCES main_articletitle(id) DEFERRABLE INITIALLY DEFERRED;


--
-- Name: main_article_url_id_fkey; Type: FK CONSTRAINT; Schema: public; Owner: stas
--

ALTER TABLE ONLY main_article
    ADD CONSTRAINT main_article_url_id_fkey FOREIGN KEY (url_id) REFERENCES main_url(id) DEFERRABLE INITIALLY DEFERRED;


--
-- Name: main_article_visibility_id_fkey; Type: FK CONSTRAINT; Schema: public; Owner: stas
--

ALTER TABLE ONLY main_article
    ADD CONSTRAINT main_article_visibility_id_fkey FOREIGN KEY (visibility_id) REFERENCES main_visibility(id) DEFERRABLE INITIALLY DEFERRED;


--
-- Name: main_article_visibility_special_id_fkey; Type: FK CONSTRAINT; Schema: public; Owner: stas
--

ALTER TABLE ONLY main_article
    ADD CONSTRAINT main_article_visibility_special_id_fkey FOREIGN KEY (visibility_special_id) REFERENCES main_visibilityspecial(id) DEFERRABLE INITIALLY DEFERRED;


--
-- Name: main_article_week_id_fkey; Type: FK CONSTRAINT; Schema: public; Owner: stas
--

ALTER TABLE ONLY main_article
    ADD CONSTRAINT main_article_week_id_fkey FOREIGN KEY (week_id) REFERENCES main_week(id) DEFERRABLE INITIALLY DEFERRED;


--
-- Name: main_articletitle_monitoring_product_monitoringproduct_id_fkey; Type: FK CONSTRAINT; Schema: public; Owner: stas
--

ALTER TABLE ONLY main_articletitle_monitoring_product
    ADD CONSTRAINT main_articletitle_monitoring_product_monitoringproduct_id_fkey FOREIGN KEY (monitoringproduct_id) REFERENCES monitoring_product_monitoringproduct(id) DEFERRABLE INITIALLY DEFERRED;


--
-- Name: main_articletitle_project_id_fkey; Type: FK CONSTRAINT; Schema: public; Owner: stas
--

ALTER TABLE ONLY main_articletitle
    ADD CONSTRAINT main_articletitle_project_id_fkey FOREIGN KEY (project_id) REFERENCES main_project(id) DEFERRABLE INITIALLY DEFERRED;


--
-- Name: main_author_monitoring_product_monitoringproduct_id_fkey; Type: FK CONSTRAINT; Schema: public; Owner: stas
--

ALTER TABLE ONLY main_author_monitoring_product
    ADD CONSTRAINT main_author_monitoring_product_monitoringproduct_id_fkey FOREIGN KEY (monitoringproduct_id) REFERENCES monitoring_product_monitoringproduct(id) DEFERRABLE INITIALLY DEFERRED;


--
-- Name: main_author_project_id_fkey; Type: FK CONSTRAINT; Schema: public; Owner: stas
--

ALTER TABLE ONLY main_author
    ADD CONSTRAINT main_author_project_id_fkey FOREIGN KEY (project_id) REFERENCES main_project(id) DEFERRABLE INITIALLY DEFERRED;


--
-- Name: main_bissinesdirection_monitoring_pro_monitoringproduct_id_fkey; Type: FK CONSTRAINT; Schema: public; Owner: stas
--

ALTER TABLE ONLY main_bissinesdirection_monitoring_product
    ADD CONSTRAINT main_bissinesdirection_monitoring_pro_monitoringproduct_id_fkey FOREIGN KEY (monitoringproduct_id) REFERENCES monitoring_product_monitoringproduct(id) DEFERRABLE INITIALLY DEFERRED;


--
-- Name: main_bissinesdirection_project_id_fkey; Type: FK CONSTRAINT; Schema: public; Owner: stas
--

ALTER TABLE ONLY main_bissinesdirection
    ADD CONSTRAINT main_bissinesdirection_project_id_fkey FOREIGN KEY (project_id) REFERENCES main_project(id) DEFERRABLE INITIALLY DEFERRED;


--
-- Name: main_branch_monitoring_product_monitoringproduct_id_fkey; Type: FK CONSTRAINT; Schema: public; Owner: stas
--

ALTER TABLE ONLY main_branch_monitoring_product
    ADD CONSTRAINT main_branch_monitoring_product_monitoringproduct_id_fkey FOREIGN KEY (monitoringproduct_id) REFERENCES monitoring_product_monitoringproduct(id) DEFERRABLE INITIALLY DEFERRED;


--
-- Name: main_branch_project_id_fkey; Type: FK CONSTRAINT; Schema: public; Owner: stas
--

ALTER TABLE ONLY main_branch
    ADD CONSTRAINT main_branch_project_id_fkey FOREIGN KEY (project_id) REFERENCES main_project(id) DEFERRABLE INITIALLY DEFERRED;


--
-- Name: main_brandorproduct_monitoring_produc_monitoringproduct_id_fkey; Type: FK CONSTRAINT; Schema: public; Owner: stas
--

ALTER TABLE ONLY main_brandorproduct_monitoring_product
    ADD CONSTRAINT main_brandorproduct_monitoring_produc_monitoringproduct_id_fkey FOREIGN KEY (monitoringproduct_id) REFERENCES monitoring_product_monitoringproduct(id) DEFERRABLE INITIALLY DEFERRED;


--
-- Name: main_brandorproduct_project_id_fkey; Type: FK CONSTRAINT; Schema: public; Owner: stas
--

ALTER TABLE ONLY main_brandorproduct
    ADD CONSTRAINT main_brandorproduct_project_id_fkey FOREIGN KEY (project_id) REFERENCES main_project(id) DEFERRABLE INITIALLY DEFERRED;


--
-- Name: main_category_monitoring_product_monitoringproduct_id_fkey; Type: FK CONSTRAINT; Schema: public; Owner: stas
--

ALTER TABLE ONLY main_category_monitoring_product
    ADD CONSTRAINT main_category_monitoring_product_monitoringproduct_id_fkey FOREIGN KEY (monitoringproduct_id) REFERENCES monitoring_product_monitoringproduct(id) DEFERRABLE INITIALLY DEFERRED;


--
-- Name: main_category_project_id_fkey; Type: FK CONSTRAINT; Schema: public; Owner: stas
--

ALTER TABLE ONLY main_category
    ADD CONSTRAINT main_category_project_id_fkey FOREIGN KEY (project_id) REFERENCES main_project(id) DEFERRABLE INITIALLY DEFERRED;


--
-- Name: main_city_monitoring_product_monitoringproduct_id_fkey; Type: FK CONSTRAINT; Schema: public; Owner: stas
--

ALTER TABLE ONLY main_city_monitoring_product
    ADD CONSTRAINT main_city_monitoring_product_monitoringproduct_id_fkey FOREIGN KEY (monitoringproduct_id) REFERENCES monitoring_product_monitoringproduct(id) DEFERRABLE INITIALLY DEFERRED;


--
-- Name: main_city_project_id_fkey; Type: FK CONSTRAINT; Schema: public; Owner: stas
--

ALTER TABLE ONLY main_city
    ADD CONSTRAINT main_city_project_id_fkey FOREIGN KEY (project_id) REFERENCES main_project(id) DEFERRABLE INITIALLY DEFERRED;


--
-- Name: main_clientproduct_project_id_fkey; Type: FK CONSTRAINT; Schema: public; Owner: stas
--

ALTER TABLE ONLY main_clientproduct
    ADD CONSTRAINT main_clientproduct_project_id_fkey FOREIGN KEY (project_id) REFERENCES main_project(id) DEFERRABLE INITIALLY DEFERRED;


--
-- Name: main_country_monitoring_product_monitoringproduct_id_fkey; Type: FK CONSTRAINT; Schema: public; Owner: stas
--

ALTER TABLE ONLY main_country_monitoring_product
    ADD CONSTRAINT main_country_monitoring_product_monitoringproduct_id_fkey FOREIGN KEY (monitoringproduct_id) REFERENCES monitoring_product_monitoringproduct(id) DEFERRABLE INITIALLY DEFERRED;


--
-- Name: main_country_project_id_fkey; Type: FK CONSTRAINT; Schema: public; Owner: stas
--

ALTER TABLE ONLY main_country
    ADD CONSTRAINT main_country_project_id_fkey FOREIGN KEY (project_id) REFERENCES main_project(id) DEFERRABLE INITIALLY DEFERRED;


--
-- Name: main_day_monitoring_product_monitoringproduct_id_fkey; Type: FK CONSTRAINT; Schema: public; Owner: stas
--

ALTER TABLE ONLY main_day_monitoring_product
    ADD CONSTRAINT main_day_monitoring_product_monitoringproduct_id_fkey FOREIGN KEY (monitoringproduct_id) REFERENCES monitoring_product_monitoringproduct(id) DEFERRABLE INITIALLY DEFERRED;


--
-- Name: main_day_project_id_fkey; Type: FK CONSTRAINT; Schema: public; Owner: stas
--

ALTER TABLE ONLY main_day
    ADD CONSTRAINT main_day_project_id_fkey FOREIGN KEY (project_id) REFERENCES main_project(id) DEFERRABLE INITIALLY DEFERRED;


--
-- Name: main_directorycategory_parent_id_fkey; Type: FK CONSTRAINT; Schema: public; Owner: stas
--

ALTER TABLE ONLY main_directorycategory
    ADD CONSTRAINT main_directorycategory_parent_id_fkey FOREIGN KEY (parent_id) REFERENCES main_directorycategory(id) DEFERRABLE INITIALLY DEFERRED;


--
-- Name: main_duration_monitoring_product_monitoringproduct_id_fkey; Type: FK CONSTRAINT; Schema: public; Owner: stas
--

ALTER TABLE ONLY main_duration_monitoring_product
    ADD CONSTRAINT main_duration_monitoring_product_monitoringproduct_id_fkey FOREIGN KEY (monitoringproduct_id) REFERENCES monitoring_product_monitoringproduct(id) DEFERRABLE INITIALLY DEFERRED;


--
-- Name: main_duration_project_id_fkey; Type: FK CONSTRAINT; Schema: public; Owner: stas
--

ALTER TABLE ONLY main_duration
    ADD CONSTRAINT main_duration_project_id_fkey FOREIGN KEY (project_id) REFERENCES main_project(id) DEFERRABLE INITIALLY DEFERRED;


--
-- Name: main_edgeregion_monitoring_product_monitoringproduct_id_fkey; Type: FK CONSTRAINT; Schema: public; Owner: stas
--

ALTER TABLE ONLY main_edgeregion_monitoring_product
    ADD CONSTRAINT main_edgeregion_monitoring_product_monitoringproduct_id_fkey FOREIGN KEY (monitoringproduct_id) REFERENCES monitoring_product_monitoringproduct(id) DEFERRABLE INITIALLY DEFERRED;


--
-- Name: main_edgeregion_project_id_fkey; Type: FK CONSTRAINT; Schema: public; Owner: stas
--

ALTER TABLE ONLY main_edgeregion
    ADD CONSTRAINT main_edgeregion_project_id_fkey FOREIGN KEY (project_id) REFERENCES main_project(id) DEFERRABLE INITIALLY DEFERRED;


--
-- Name: main_emotionaltonematerial_monitoring_monitoringproduct_id_fkey; Type: FK CONSTRAINT; Schema: public; Owner: stas
--

ALTER TABLE ONLY main_emotionaltonematerial_monitoring_product
    ADD CONSTRAINT main_emotionaltonematerial_monitoring_monitoringproduct_id_fkey FOREIGN KEY (monitoringproduct_id) REFERENCES monitoring_product_monitoringproduct(id) DEFERRABLE INITIALLY DEFERRED;


--
-- Name: main_emotionaltonematerial_project_id_fkey; Type: FK CONSTRAINT; Schema: public; Owner: stas
--

ALTER TABLE ONLY main_emotionaltonematerial
    ADD CONSTRAINT main_emotionaltonematerial_project_id_fkey FOREIGN KEY (project_id) REFERENCES main_project(id) DEFERRABLE INITIALLY DEFERRED;


--
-- Name: main_emotionaltoneobject_monitoring_p_monitoringproduct_id_fkey; Type: FK CONSTRAINT; Schema: public; Owner: stas
--

ALTER TABLE ONLY main_emotionaltoneobject_monitoring_product
    ADD CONSTRAINT main_emotionaltoneobject_monitoring_p_monitoringproduct_id_fkey FOREIGN KEY (monitoringproduct_id) REFERENCES monitoring_product_monitoringproduct(id) DEFERRABLE INITIALLY DEFERRED;


--
-- Name: main_emotionaltoneobject_project_id_fkey; Type: FK CONSTRAINT; Schema: public; Owner: stas
--

ALTER TABLE ONLY main_emotionaltoneobject
    ADD CONSTRAINT main_emotionaltoneobject_project_id_fkey FOREIGN KEY (project_id) REFERENCES main_project(id) DEFERRABLE INITIALLY DEFERRED;


--
-- Name: main_emotionaltonetitle_monitoring_pr_monitoringproduct_id_fkey; Type: FK CONSTRAINT; Schema: public; Owner: stas
--

ALTER TABLE ONLY main_emotionaltonetitle_monitoring_product
    ADD CONSTRAINT main_emotionaltonetitle_monitoring_pr_monitoringproduct_id_fkey FOREIGN KEY (monitoringproduct_id) REFERENCES monitoring_product_monitoringproduct(id) DEFERRABLE INITIALLY DEFERRED;


--
-- Name: main_emotionaltonetitle_project_id_fkey; Type: FK CONSTRAINT; Schema: public; Owner: stas
--

ALTER TABLE ONLY main_emotionaltonetitle
    ADD CONSTRAINT main_emotionaltonetitle_project_id_fkey FOREIGN KEY (project_id) REFERENCES main_project(id) DEFERRABLE INITIALLY DEFERRED;


--
-- Name: main_emotionaltonetitleobject_monitor_monitoringproduct_id_fkey; Type: FK CONSTRAINT; Schema: public; Owner: stas
--

ALTER TABLE ONLY main_emotionaltonetitleobject_monitoring_product
    ADD CONSTRAINT main_emotionaltonetitleobject_monitor_monitoringproduct_id_fkey FOREIGN KEY (monitoringproduct_id) REFERENCES monitoring_product_monitoringproduct(id) DEFERRABLE INITIALLY DEFERRED;


--
-- Name: main_emotionaltonetitleobject_project_id_fkey; Type: FK CONSTRAINT; Schema: public; Owner: stas
--

ALTER TABLE ONLY main_emotionaltonetitleobject
    ADD CONSTRAINT main_emotionaltonetitleobject_project_id_fkey FOREIGN KEY (project_id) REFERENCES main_project(id) DEFERRABLE INITIALLY DEFERRED;


--
-- Name: main_federaldistrict_monitoring_produ_monitoringproduct_id_fkey; Type: FK CONSTRAINT; Schema: public; Owner: stas
--

ALTER TABLE ONLY main_federaldistrict_monitoring_product
    ADD CONSTRAINT main_federaldistrict_monitoring_produ_monitoringproduct_id_fkey FOREIGN KEY (monitoringproduct_id) REFERENCES monitoring_product_monitoringproduct(id) DEFERRABLE INITIALLY DEFERRED;


--
-- Name: main_federaldistrict_project_id_fkey; Type: FK CONSTRAINT; Schema: public; Owner: stas
--

ALTER TABLE ONLY main_federaldistrict
    ADD CONSTRAINT main_federaldistrict_project_id_fkey FOREIGN KEY (project_id) REFERENCES main_project(id) DEFERRABLE INITIALLY DEFERRED;


--
-- Name: main_globallocalevent_monitoring_prod_monitoringproduct_id_fkey; Type: FK CONSTRAINT; Schema: public; Owner: stas
--

ALTER TABLE ONLY main_globallocalevent_monitoring_product
    ADD CONSTRAINT main_globallocalevent_monitoring_prod_monitoringproduct_id_fkey FOREIGN KEY (monitoringproduct_id) REFERENCES monitoring_product_monitoringproduct(id) DEFERRABLE INITIALLY DEFERRED;


--
-- Name: main_globallocalevent_project_id_fkey; Type: FK CONSTRAINT; Schema: public; Owner: stas
--

ALTER TABLE ONLY main_globallocalevent
    ADD CONSTRAINT main_globallocalevent_project_id_fkey FOREIGN KEY (project_id) REFERENCES main_project(id) DEFERRABLE INITIALLY DEFERRED;


--
-- Name: main_hashtags_article_id_fkey; Type: FK CONSTRAINT; Schema: public; Owner: stas
--

ALTER TABLE ONLY main_hashtags
    ADD CONSTRAINT main_hashtags_article_id_fkey FOREIGN KEY (article_id) REFERENCES main_article(id) DEFERRABLE INITIALLY DEFERRED;


--
-- Name: main_hashtags_monitoring_product_monitoringproduct_id_fkey; Type: FK CONSTRAINT; Schema: public; Owner: stas
--

ALTER TABLE ONLY main_hashtags_monitoring_product
    ADD CONSTRAINT main_hashtags_monitoring_product_monitoringproduct_id_fkey FOREIGN KEY (monitoringproduct_id) REFERENCES monitoring_product_monitoringproduct(id) DEFERRABLE INITIALLY DEFERRED;


--
-- Name: main_hashtags_project_id_fkey; Type: FK CONSTRAINT; Schema: public; Owner: stas
--

ALTER TABLE ONLY main_hashtags
    ADD CONSTRAINT main_hashtags_project_id_fkey FOREIGN KEY (project_id) REFERENCES main_project(id) DEFERRABLE INITIALLY DEFERRED;


--
-- Name: main_headertonality_monitoring_produc_monitoringproduct_id_fkey; Type: FK CONSTRAINT; Schema: public; Owner: stas
--

ALTER TABLE ONLY main_headertonality_monitoring_product
    ADD CONSTRAINT main_headertonality_monitoring_produc_monitoringproduct_id_fkey FOREIGN KEY (monitoringproduct_id) REFERENCES monitoring_product_monitoringproduct(id) DEFERRABLE INITIALLY DEFERRED;


--
-- Name: main_headertonality_project_id_fkey; Type: FK CONSTRAINT; Schema: public; Owner: stas
--

ALTER TABLE ONLY main_headertonality
    ADD CONSTRAINT main_headertonality_project_id_fkey FOREIGN KEY (project_id) REFERENCES main_project(id) DEFERRABLE INITIALLY DEFERRED;


--
-- Name: main_idpressrelease_monitoring_produc_monitoringproduct_id_fkey; Type: FK CONSTRAINT; Schema: public; Owner: stas
--

ALTER TABLE ONLY main_idpressrelease_monitoring_product
    ADD CONSTRAINT main_idpressrelease_monitoring_produc_monitoringproduct_id_fkey FOREIGN KEY (monitoringproduct_id) REFERENCES monitoring_product_monitoringproduct(id) DEFERRABLE INITIALLY DEFERRED;


--
-- Name: main_idpressrelease_project_id_fkey; Type: FK CONSTRAINT; Schema: public; Owner: stas
--

ALTER TABLE ONLY main_idpressrelease
    ADD CONSTRAINT main_idpressrelease_project_id_fkey FOREIGN KEY (project_id) REFERENCES main_project(id) DEFERRABLE INITIALLY DEFERRED;


--
-- Name: main_image_monitoring_product_monitoringproduct_id_fkey; Type: FK CONSTRAINT; Schema: public; Owner: stas
--

ALTER TABLE ONLY main_image_monitoring_product
    ADD CONSTRAINT main_image_monitoring_product_monitoringproduct_id_fkey FOREIGN KEY (monitoringproduct_id) REFERENCES monitoring_product_monitoringproduct(id) DEFERRABLE INITIALLY DEFERRED;


--
-- Name: main_image_project_id_fkey; Type: FK CONSTRAINT; Schema: public; Owner: stas
--

ALTER TABLE ONLY main_image
    ADD CONSTRAINT main_image_project_id_fkey FOREIGN KEY (project_id) REFERENCES main_project(id) DEFERRABLE INITIALLY DEFERRED;


--
-- Name: main_importfile_product_monitoringproduct_id_fkey; Type: FK CONSTRAINT; Schema: public; Owner: stas
--

ALTER TABLE ONLY main_importfile_product
    ADD CONSTRAINT main_importfile_product_monitoringproduct_id_fkey FOREIGN KEY (monitoringproduct_id) REFERENCES monitoring_product_monitoringproduct(id) DEFERRABLE INITIALLY DEFERRED;


--
-- Name: main_importfile_project_id_fkey; Type: FK CONSTRAINT; Schema: public; Owner: stas
--

ALTER TABLE ONLY main_importfile
    ADD CONSTRAINT main_importfile_project_id_fkey FOREIGN KEY (project_id) REFERENCES main_project(id) DEFERRABLE INITIALLY DEFERRED;


--
-- Name: main_inforeason_monitoring_product_monitoringproduct_id_fkey; Type: FK CONSTRAINT; Schema: public; Owner: stas
--

ALTER TABLE ONLY main_inforeason_monitoring_product
    ADD CONSTRAINT main_inforeason_monitoring_product_monitoringproduct_id_fkey FOREIGN KEY (monitoringproduct_id) REFERENCES monitoring_product_monitoringproduct(id) DEFERRABLE INITIALLY DEFERRED;


--
-- Name: main_inforeason_project_id_fkey; Type: FK CONSTRAINT; Schema: public; Owner: stas
--

ALTER TABLE ONLY main_inforeason
    ADD CONSTRAINT main_inforeason_project_id_fkey FOREIGN KEY (project_id) REFERENCES main_project(id) DEFERRABLE INITIALLY DEFERRED;


--
-- Name: main_initiation_monitoring_product_monitoringproduct_id_fkey; Type: FK CONSTRAINT; Schema: public; Owner: stas
--

ALTER TABLE ONLY main_initiation_monitoring_product
    ADD CONSTRAINT main_initiation_monitoring_product_monitoringproduct_id_fkey FOREIGN KEY (monitoringproduct_id) REFERENCES monitoring_product_monitoringproduct(id) DEFERRABLE INITIALLY DEFERRED;


--
-- Name: main_initiation_project_id_fkey; Type: FK CONSTRAINT; Schema: public; Owner: stas
--

ALTER TABLE ONLY main_initiation
    ADD CONSTRAINT main_initiation_project_id_fkey FOREIGN KEY (project_id) REFERENCES main_project(id) DEFERRABLE INITIALLY DEFERRED;


--
-- Name: main_interactionkind_monitoring_produ_monitoringproduct_id_fkey; Type: FK CONSTRAINT; Schema: public; Owner: stas
--

ALTER TABLE ONLY main_interactionkind_monitoring_product
    ADD CONSTRAINT main_interactionkind_monitoring_produ_monitoringproduct_id_fkey FOREIGN KEY (monitoringproduct_id) REFERENCES monitoring_product_monitoringproduct(id) DEFERRABLE INITIALLY DEFERRED;


--
-- Name: main_interactionkind_project_id_fkey; Type: FK CONSTRAINT; Schema: public; Owner: stas
--

ALTER TABLE ONLY main_interactionkind
    ADD CONSTRAINT main_interactionkind_project_id_fkey FOREIGN KEY (project_id) REFERENCES main_project(id) DEFERRABLE INITIALLY DEFERRED;


--
-- Name: main_km_monitoring_product_monitoringproduct_id_fkey; Type: FK CONSTRAINT; Schema: public; Owner: stas
--

ALTER TABLE ONLY main_km_monitoring_product
    ADD CONSTRAINT main_km_monitoring_product_monitoringproduct_id_fkey FOREIGN KEY (monitoringproduct_id) REFERENCES monitoring_product_monitoringproduct(id) DEFERRABLE INITIALLY DEFERRED;


--
-- Name: main_km_project_id_fkey; Type: FK CONSTRAINT; Schema: public; Owner: stas
--

ALTER TABLE ONLY main_km
    ADD CONSTRAINT main_km_project_id_fkey FOREIGN KEY (project_id) REFERENCES main_project(id) DEFERRABLE INITIALLY DEFERRED;


--
-- Name: main_kmkeyvalue_monitoring_product_monitoringproduct_id_fkey; Type: FK CONSTRAINT; Schema: public; Owner: stas
--

ALTER TABLE ONLY main_kmkeyvalue_monitoring_product
    ADD CONSTRAINT main_kmkeyvalue_monitoring_product_monitoringproduct_id_fkey FOREIGN KEY (monitoringproduct_id) REFERENCES monitoring_product_monitoringproduct(id) DEFERRABLE INITIALLY DEFERRED;


--
-- Name: main_kmkeyvalue_project_id_fkey; Type: FK CONSTRAINT; Schema: public; Owner: stas
--

ALTER TABLE ONLY main_kmkeyvalue
    ADD CONSTRAINT main_kmkeyvalue_project_id_fkey FOREIGN KEY (project_id) REFERENCES main_project(id) DEFERRABLE INITIALLY DEFERRED;


--
-- Name: main_kmmention_key_id_fkey; Type: FK CONSTRAINT; Schema: public; Owner: stas
--

ALTER TABLE ONLY main_kmmention
    ADD CONSTRAINT main_kmmention_key_id_fkey FOREIGN KEY (key_id) REFERENCES main_kmkeyvalue(id) DEFERRABLE INITIALLY DEFERRED;


--
-- Name: main_kmmention_km_id_fkey; Type: FK CONSTRAINT; Schema: public; Owner: stas
--

ALTER TABLE ONLY main_kmmention
    ADD CONSTRAINT main_kmmention_km_id_fkey FOREIGN KEY (km_id) REFERENCES main_km(id) DEFERRABLE INITIALLY DEFERRED;


--
-- Name: main_kmmention_monitoring_product_monitoringproduct_id_fkey; Type: FK CONSTRAINT; Schema: public; Owner: stas
--

ALTER TABLE ONLY main_kmmention_monitoring_product
    ADD CONSTRAINT main_kmmention_monitoring_product_monitoringproduct_id_fkey FOREIGN KEY (monitoringproduct_id) REFERENCES monitoring_product_monitoringproduct(id) DEFERRABLE INITIALLY DEFERRED;


--
-- Name: main_kmmention_project_id_fkey; Type: FK CONSTRAINT; Schema: public; Owner: stas
--

ALTER TABLE ONLY main_kmmention
    ADD CONSTRAINT main_kmmention_project_id_fkey FOREIGN KEY (project_id) REFERENCES main_project(id) DEFERRABLE INITIALLY DEFERRED;


--
-- Name: main_kmspecial_monitoring_product_monitoringproduct_id_fkey; Type: FK CONSTRAINT; Schema: public; Owner: stas
--

ALTER TABLE ONLY main_kmspecial_monitoring_product
    ADD CONSTRAINT main_kmspecial_monitoring_product_monitoringproduct_id_fkey FOREIGN KEY (monitoringproduct_id) REFERENCES monitoring_product_monitoringproduct(id) DEFERRABLE INITIALLY DEFERRED;


--
-- Name: main_kmspecial_project_id_fkey; Type: FK CONSTRAINT; Schema: public; Owner: stas
--

ALTER TABLE ONLY main_kmspecial
    ADD CONSTRAINT main_kmspecial_project_id_fkey FOREIGN KEY (project_id) REFERENCES main_project(id) DEFERRABLE INITIALLY DEFERRED;


--
-- Name: main_macroregion_monitoring_product_monitoringproduct_id_fkey; Type: FK CONSTRAINT; Schema: public; Owner: stas
--

ALTER TABLE ONLY main_macroregion_monitoring_product
    ADD CONSTRAINT main_macroregion_monitoring_product_monitoringproduct_id_fkey FOREIGN KEY (monitoringproduct_id) REFERENCES monitoring_product_monitoringproduct(id) DEFERRABLE INITIALLY DEFERRED;


--
-- Name: main_macroregion_project_id_fkey; Type: FK CONSTRAINT; Schema: public; Owner: stas
--

ALTER TABLE ONLY main_macroregion
    ADD CONSTRAINT main_macroregion_project_id_fkey FOREIGN KEY (project_id) REFERENCES main_project(id) DEFERRABLE INITIALLY DEFERRED;


--
-- Name: main_maintonality_monitoring_product_monitoringproduct_id_fkey; Type: FK CONSTRAINT; Schema: public; Owner: stas
--

ALTER TABLE ONLY main_maintonality_monitoring_product
    ADD CONSTRAINT main_maintonality_monitoring_product_monitoringproduct_id_fkey FOREIGN KEY (monitoringproduct_id) REFERENCES monitoring_product_monitoringproduct(id) DEFERRABLE INITIALLY DEFERRED;


--
-- Name: main_maintonality_project_id_fkey; Type: FK CONSTRAINT; Schema: public; Owner: stas
--

ALTER TABLE ONLY main_maintonality
    ADD CONSTRAINT main_maintonality_project_id_fkey FOREIGN KEY (project_id) REFERENCES main_project(id) DEFERRABLE INITIALLY DEFERRED;


--
-- Name: main_materialgenre_monitoring_product_monitoringproduct_id_fkey; Type: FK CONSTRAINT; Schema: public; Owner: stas
--

ALTER TABLE ONLY main_materialgenre_monitoring_product
    ADD CONSTRAINT main_materialgenre_monitoring_product_monitoringproduct_id_fkey FOREIGN KEY (monitoringproduct_id) REFERENCES monitoring_product_monitoringproduct(id) DEFERRABLE INITIALLY DEFERRED;


--
-- Name: main_materialgenre_project_id_fkey; Type: FK CONSTRAINT; Schema: public; Owner: stas
--

ALTER TABLE ONLY main_materialgenre
    ADD CONSTRAINT main_materialgenre_project_id_fkey FOREIGN KEY (project_id) REFERENCES main_project(id) DEFERRABLE INITIALLY DEFERRED;


--
-- Name: main_materialreason_monitoring_produc_monitoringproduct_id_fkey; Type: FK CONSTRAINT; Schema: public; Owner: stas
--

ALTER TABLE ONLY main_materialreason_monitoring_product
    ADD CONSTRAINT main_materialreason_monitoring_produc_monitoringproduct_id_fkey FOREIGN KEY (monitoringproduct_id) REFERENCES monitoring_product_monitoringproduct(id) DEFERRABLE INITIALLY DEFERRED;


--
-- Name: main_materialreason_project_id_fkey; Type: FK CONSTRAINT; Schema: public; Owner: stas
--

ALTER TABLE ONLY main_materialreason
    ADD CONSTRAINT main_materialreason_project_id_fkey FOREIGN KEY (project_id) REFERENCES main_project(id) DEFERRABLE INITIALLY DEFERRED;


--
-- Name: main_mediacategory_monitoring_product_monitoringproduct_id_fkey; Type: FK CONSTRAINT; Schema: public; Owner: stas
--

ALTER TABLE ONLY main_mediacategory_monitoring_product
    ADD CONSTRAINT main_mediacategory_monitoring_product_monitoringproduct_id_fkey FOREIGN KEY (monitoringproduct_id) REFERENCES monitoring_product_monitoringproduct(id) DEFERRABLE INITIALLY DEFERRED;


--
-- Name: main_mediacategory_project_id_fkey; Type: FK CONSTRAINT; Schema: public; Owner: stas
--

ALTER TABLE ONLY main_mediacategory
    ADD CONSTRAINT main_mediacategory_project_id_fkey FOREIGN KEY (project_id) REFERENCES main_project(id) DEFERRABLE INITIALLY DEFERRED;


--
-- Name: main_mediacategoryspecial_monitoring__monitoringproduct_id_fkey; Type: FK CONSTRAINT; Schema: public; Owner: stas
--

ALTER TABLE ONLY main_mediacategoryspecial_monitoring_product
    ADD CONSTRAINT main_mediacategoryspecial_monitoring__monitoringproduct_id_fkey FOREIGN KEY (monitoringproduct_id) REFERENCES monitoring_product_monitoringproduct(id) DEFERRABLE INITIALLY DEFERRED;


--
-- Name: main_mediacategoryspecial_project_id_fkey; Type: FK CONSTRAINT; Schema: public; Owner: stas
--

ALTER TABLE ONLY main_mediacategoryspecial
    ADD CONSTRAINT main_mediacategoryspecial_project_id_fkey FOREIGN KEY (project_id) REFERENCES main_project(id) DEFERRABLE INITIALLY DEFERRED;


--
-- Name: main_medialevel_monitoring_product_monitoringproduct_id_fkey; Type: FK CONSTRAINT; Schema: public; Owner: stas
--

ALTER TABLE ONLY main_medialevel_monitoring_product
    ADD CONSTRAINT main_medialevel_monitoring_product_monitoringproduct_id_fkey FOREIGN KEY (monitoringproduct_id) REFERENCES monitoring_product_monitoringproduct(id) DEFERRABLE INITIALLY DEFERRED;


--
-- Name: main_medialevel_project_id_fkey; Type: FK CONSTRAINT; Schema: public; Owner: stas
--

ALTER TABLE ONLY main_medialevel
    ADD CONSTRAINT main_medialevel_project_id_fkey FOREIGN KEY (project_id) REFERENCES main_project(id) DEFERRABLE INITIALLY DEFERRED;


--
-- Name: main_medialist_monitoring_product_monitoringproduct_id_fkey; Type: FK CONSTRAINT; Schema: public; Owner: stas
--

ALTER TABLE ONLY main_medialist_monitoring_product
    ADD CONSTRAINT main_medialist_monitoring_product_monitoringproduct_id_fkey FOREIGN KEY (monitoringproduct_id) REFERENCES monitoring_product_monitoringproduct(id) DEFERRABLE INITIALLY DEFERRED;


--
-- Name: main_medialist_project_id_fkey; Type: FK CONSTRAINT; Schema: public; Owner: stas
--

ALTER TABLE ONLY main_medialist
    ADD CONSTRAINT main_medialist_project_id_fkey FOREIGN KEY (project_id) REFERENCES main_project(id) DEFERRABLE INITIALLY DEFERRED;


--
-- Name: main_medialistspecial_monitoring_prod_monitoringproduct_id_fkey; Type: FK CONSTRAINT; Schema: public; Owner: stas
--

ALTER TABLE ONLY main_medialistspecial_monitoring_product
    ADD CONSTRAINT main_medialistspecial_monitoring_prod_monitoringproduct_id_fkey FOREIGN KEY (monitoringproduct_id) REFERENCES monitoring_product_monitoringproduct(id) DEFERRABLE INITIALLY DEFERRED;


--
-- Name: main_medialistspecial_project_id_fkey; Type: FK CONSTRAINT; Schema: public; Owner: stas
--

ALTER TABLE ONLY main_medialistspecial
    ADD CONSTRAINT main_medialistspecial_project_id_fkey FOREIGN KEY (project_id) REFERENCES main_project(id) DEFERRABLE INITIALLY DEFERRED;


--
-- Name: main_mediatype_monitoring_product_monitoringproduct_id_fkey; Type: FK CONSTRAINT; Schema: public; Owner: stas
--

ALTER TABLE ONLY main_mediatype_monitoring_product
    ADD CONSTRAINT main_mediatype_monitoring_product_monitoringproduct_id_fkey FOREIGN KEY (monitoringproduct_id) REFERENCES monitoring_product_monitoringproduct(id) DEFERRABLE INITIALLY DEFERRED;


--
-- Name: main_mediatype_project_id_fkey; Type: FK CONSTRAINT; Schema: public; Owner: stas
--

ALTER TABLE ONLY main_mediatype
    ADD CONSTRAINT main_mediatype_project_id_fkey FOREIGN KEY (project_id) REFERENCES main_project(id) DEFERRABLE INITIALLY DEFERRED;


--
-- Name: main_mediatypespecial_monitoring_prod_monitoringproduct_id_fkey; Type: FK CONSTRAINT; Schema: public; Owner: stas
--

ALTER TABLE ONLY main_mediatypespecial_monitoring_product
    ADD CONSTRAINT main_mediatypespecial_monitoring_prod_monitoringproduct_id_fkey FOREIGN KEY (monitoringproduct_id) REFERENCES monitoring_product_monitoringproduct(id) DEFERRABLE INITIALLY DEFERRED;


--
-- Name: main_mediatypespecial_project_id_fkey; Type: FK CONSTRAINT; Schema: public; Owner: stas
--

ALTER TABLE ONLY main_mediatypespecial
    ADD CONSTRAINT main_mediatypespecial_project_id_fkey FOREIGN KEY (project_id) REFERENCES main_project(id) DEFERRABLE INITIALLY DEFERRED;


--
-- Name: main_mediaview_monitoring_product_monitoringproduct_id_fkey; Type: FK CONSTRAINT; Schema: public; Owner: stas
--

ALTER TABLE ONLY main_mediaview_monitoring_product
    ADD CONSTRAINT main_mediaview_monitoring_product_monitoringproduct_id_fkey FOREIGN KEY (monitoringproduct_id) REFERENCES monitoring_product_monitoringproduct(id) DEFERRABLE INITIALLY DEFERRED;


--
-- Name: main_mediaview_project_id_fkey; Type: FK CONSTRAINT; Schema: public; Owner: stas
--

ALTER TABLE ONLY main_mediaview
    ADD CONSTRAINT main_mediaview_project_id_fkey FOREIGN KEY (project_id) REFERENCES main_project(id) DEFERRABLE INITIALLY DEFERRED;


--
-- Name: main_mentionproduct_mention_product_value_id_fkey; Type: FK CONSTRAINT; Schema: public; Owner: stas
--

ALTER TABLE ONLY main_mentionproduct
    ADD CONSTRAINT main_mentionproduct_mention_product_value_id_fkey FOREIGN KEY (mention_product_value_id) REFERENCES main_mentionproductvalue(id) DEFERRABLE INITIALLY DEFERRED;


--
-- Name: main_mentionproduct_monitoring_produc_monitoringproduct_id_fkey; Type: FK CONSTRAINT; Schema: public; Owner: stas
--

ALTER TABLE ONLY main_mentionproduct_monitoring_product
    ADD CONSTRAINT main_mentionproduct_monitoring_produc_monitoringproduct_id_fkey FOREIGN KEY (monitoringproduct_id) REFERENCES monitoring_product_monitoringproduct(id) DEFERRABLE INITIALLY DEFERRED;


--
-- Name: main_mentionproduct_product_id_fkey; Type: FK CONSTRAINT; Schema: public; Owner: stas
--

ALTER TABLE ONLY main_mentionproduct
    ADD CONSTRAINT main_mentionproduct_product_id_fkey FOREIGN KEY (product_id) REFERENCES main_product(id) DEFERRABLE INITIALLY DEFERRED;


--
-- Name: main_mentionproductvalue_monitoring_p_monitoringproduct_id_fkey; Type: FK CONSTRAINT; Schema: public; Owner: stas
--

ALTER TABLE ONLY main_mentionproductvalue_monitoring_product
    ADD CONSTRAINT main_mentionproductvalue_monitoring_p_monitoringproduct_id_fkey FOREIGN KEY (monitoringproduct_id) REFERENCES monitoring_product_monitoringproduct(id) DEFERRABLE INITIALLY DEFERRED;


--
-- Name: main_mentionproductvalue_project_id_fkey; Type: FK CONSTRAINT; Schema: public; Owner: stas
--

ALTER TABLE ONLY main_mentionproductvalue
    ADD CONSTRAINT main_mentionproductvalue_project_id_fkey FOREIGN KEY (project_id) REFERENCES main_project(id) DEFERRABLE INITIALLY DEFERRED;


--
-- Name: main_mentionsobject_advertisement_promo_id_fkey; Type: FK CONSTRAINT; Schema: public; Owner: stas
--

ALTER TABLE ONLY main_mentionsobject
    ADD CONSTRAINT main_mentionsobject_advertisement_promo_id_fkey FOREIGN KEY (advertisement_promo_id) REFERENCES main_advertisementpromo(id) DEFERRABLE INITIALLY DEFERRED;


--
-- Name: main_mentionsobject_article_id_fkey; Type: FK CONSTRAINT; Schema: public; Owner: stas
--

ALTER TABLE ONLY main_mentionsobject
    ADD CONSTRAINT main_mentionsobject_article_id_fkey FOREIGN KEY (article_id) REFERENCES main_article(id) DEFERRABLE INITIALLY DEFERRED;


--
-- Name: main_mentionsobject_emotional_tone_object_id_fkey; Type: FK CONSTRAINT; Schema: public; Owner: stas
--

ALTER TABLE ONLY main_mentionsobject
    ADD CONSTRAINT main_mentionsobject_emotional_tone_object_id_fkey FOREIGN KEY (emotional_tone_object_id) REFERENCES main_emotionaltoneobject(id) DEFERRABLE INITIALLY DEFERRED;


--
-- Name: main_mentionsobject_emotional_tone_title_id_fkey; Type: FK CONSTRAINT; Schema: public; Owner: stas
--

ALTER TABLE ONLY main_mentionsobject
    ADD CONSTRAINT main_mentionsobject_emotional_tone_title_id_fkey FOREIGN KEY (emotional_tone_title_id) REFERENCES main_emotionaltonetitleobject(id) DEFERRABLE INITIALLY DEFERRED;


--
-- Name: main_mentionsobject_info_reason_id_fkey; Type: FK CONSTRAINT; Schema: public; Owner: stas
--

ALTER TABLE ONLY main_mentionsobject
    ADD CONSTRAINT main_mentionsobject_info_reason_id_fkey FOREIGN KEY (info_reason_id) REFERENCES main_inforeason(id) DEFERRABLE INITIALLY DEFERRED;


--
-- Name: main_mentionsobject_initiation_id_fkey; Type: FK CONSTRAINT; Schema: public; Owner: stas
--

ALTER TABLE ONLY main_mentionsobject
    ADD CONSTRAINT main_mentionsobject_initiation_id_fkey FOREIGN KEY (initiation_id) REFERENCES main_initiation(id) DEFERRABLE INITIALLY DEFERRED;


--
-- Name: main_mentionsobject_monitoring_produc_monitoringproduct_id_fkey; Type: FK CONSTRAINT; Schema: public; Owner: stas
--

ALTER TABLE ONLY main_mentionsobject_monitoring_product
    ADD CONSTRAINT main_mentionsobject_monitoring_produc_monitoringproduct_id_fkey FOREIGN KEY (monitoringproduct_id) REFERENCES monitoring_product_monitoringproduct(id) DEFERRABLE INITIALLY DEFERRED;


--
-- Name: main_mentionsobject_object_role_id_fkey; Type: FK CONSTRAINT; Schema: public; Owner: stas
--

ALTER TABLE ONLY main_mentionsobject
    ADD CONSTRAINT main_mentionsobject_object_role_id_fkey FOREIGN KEY (object_role_id) REFERENCES main_objectrole(id) DEFERRABLE INITIALLY DEFERRED;


--
-- Name: main_mentionsobject_project_id_fkey; Type: FK CONSTRAINT; Schema: public; Owner: stas
--

ALTER TABLE ONLY main_mentionsobject
    ADD CONSTRAINT main_mentionsobject_project_id_fkey FOREIGN KEY (project_id) REFERENCES main_project(id) DEFERRABLE INITIALLY DEFERRED;


--
-- Name: main_mentionsobject_referred_object_id_fkey; Type: FK CONSTRAINT; Schema: public; Owner: stas
--

ALTER TABLE ONLY main_mentionsobject
    ADD CONSTRAINT main_mentionsobject_referred_object_id_fkey FOREIGN KEY (referred_object_id) REFERENCES main_referredobject(id) DEFERRABLE INITIALLY DEFERRED;


--
-- Name: main_mentionsobject_technologies_technologies_id_fkey; Type: FK CONSTRAINT; Schema: public; Owner: stas
--

ALTER TABLE ONLY main_mentionsobject_technologies
    ADD CONSTRAINT main_mentionsobject_technologies_technologies_id_fkey FOREIGN KEY (technologies_id) REFERENCES main_technologies(id) DEFERRABLE INITIALLY DEFERRED;


--
-- Name: main_month_monitoring_product_monitoringproduct_id_fkey; Type: FK CONSTRAINT; Schema: public; Owner: stas
--

ALTER TABLE ONLY main_month_monitoring_product
    ADD CONSTRAINT main_month_monitoring_product_monitoringproduct_id_fkey FOREIGN KEY (monitoringproduct_id) REFERENCES monitoring_product_monitoringproduct(id) DEFERRABLE INITIALLY DEFERRED;


--
-- Name: main_month_project_id_fkey; Type: FK CONSTRAINT; Schema: public; Owner: stas
--

ALTER TABLE ONLY main_month
    ADD CONSTRAINT main_month_project_id_fkey FOREIGN KEY (project_id) REFERENCES main_project(id) DEFERRABLE INITIALLY DEFERRED;


--
-- Name: main_objectrole_monitoring_product_monitoringproduct_id_fkey; Type: FK CONSTRAINT; Schema: public; Owner: stas
--

ALTER TABLE ONLY main_objectrole_monitoring_product
    ADD CONSTRAINT main_objectrole_monitoring_product_monitoringproduct_id_fkey FOREIGN KEY (monitoringproduct_id) REFERENCES monitoring_product_monitoringproduct(id) DEFERRABLE INITIALLY DEFERRED;


--
-- Name: main_objectrole_project_id_fkey; Type: FK CONSTRAINT; Schema: public; Owner: stas
--

ALTER TABLE ONLY main_objectrole
    ADD CONSTRAINT main_objectrole_project_id_fkey FOREIGN KEY (project_id) REFERENCES main_project(id) DEFERRABLE INITIALLY DEFERRED;


--
-- Name: main_penetration_monitoring_product_monitoringproduct_id_fkey; Type: FK CONSTRAINT; Schema: public; Owner: stas
--

ALTER TABLE ONLY main_penetration_monitoring_product
    ADD CONSTRAINT main_penetration_monitoring_product_monitoringproduct_id_fkey FOREIGN KEY (monitoringproduct_id) REFERENCES monitoring_product_monitoringproduct(id) DEFERRABLE INITIALLY DEFERRED;


--
-- Name: main_penetration_project_id_fkey; Type: FK CONSTRAINT; Schema: public; Owner: stas
--

ALTER TABLE ONLY main_penetration
    ADD CONSTRAINT main_penetration_project_id_fkey FOREIGN KEY (project_id) REFERENCES main_project(id) DEFERRABLE INITIALLY DEFERRED;


--
-- Name: main_product_monitoring_product_monitoringproduct_id_fkey; Type: FK CONSTRAINT; Schema: public; Owner: stas
--

ALTER TABLE ONLY main_product_monitoring_product
    ADD CONSTRAINT main_product_monitoring_product_monitoringproduct_id_fkey FOREIGN KEY (monitoringproduct_id) REFERENCES monitoring_product_monitoringproduct(id) DEFERRABLE INITIALLY DEFERRED;


--
-- Name: main_product_project_id_fkey; Type: FK CONSTRAINT; Schema: public; Owner: stas
--

ALTER TABLE ONLY main_product
    ADD CONSTRAINT main_product_project_id_fkey FOREIGN KEY (project_id) REFERENCES main_project(id) DEFERRABLE INITIALLY DEFERRED;


--
-- Name: main_referredobject_project_id_fkey; Type: FK CONSTRAINT; Schema: public; Owner: stas
--

ALTER TABLE ONLY main_referredobject
    ADD CONSTRAINT main_referredobject_project_id_fkey FOREIGN KEY (project_id) REFERENCES main_project(id) DEFERRABLE INITIALLY DEFERRED;


--
-- Name: main_region_monitoring_product_monitoringproduct_id_fkey; Type: FK CONSTRAINT; Schema: public; Owner: stas
--

ALTER TABLE ONLY main_region_monitoring_product
    ADD CONSTRAINT main_region_monitoring_product_monitoringproduct_id_fkey FOREIGN KEY (monitoringproduct_id) REFERENCES monitoring_product_monitoringproduct(id) DEFERRABLE INITIALLY DEFERRED;


--
-- Name: main_region_project_id_fkey; Type: FK CONSTRAINT; Schema: public; Owner: stas
--

ALTER TABLE ONLY main_region
    ADD CONSTRAINT main_region_project_id_fkey FOREIGN KEY (project_id) REFERENCES main_project(id) DEFERRABLE INITIALLY DEFERRED;


--
-- Name: main_sidespeaker_article_id_fkey; Type: FK CONSTRAINT; Schema: public; Owner: stas
--

ALTER TABLE ONLY main_sidespeaker
    ADD CONSTRAINT main_sidespeaker_article_id_fkey FOREIGN KEY (article_id) REFERENCES main_article(id) DEFERRABLE INITIALLY DEFERRED;


--
-- Name: main_sidespeaker_mentions_object_id_fkey; Type: FK CONSTRAINT; Schema: public; Owner: stas
--

ALTER TABLE ONLY main_sidespeaker
    ADD CONSTRAINT main_sidespeaker_mentions_object_id_fkey FOREIGN KEY (mentions_object_id) REFERENCES main_mentionsobject(id) DEFERRABLE INITIALLY DEFERRED;


--
-- Name: main_sidespeaker_monitoring_product_monitoringproduct_id_fkey; Type: FK CONSTRAINT; Schema: public; Owner: stas
--

ALTER TABLE ONLY main_sidespeaker_monitoring_product
    ADD CONSTRAINT main_sidespeaker_monitoring_product_monitoringproduct_id_fkey FOREIGN KEY (monitoringproduct_id) REFERENCES monitoring_product_monitoringproduct(id) DEFERRABLE INITIALLY DEFERRED;


--
-- Name: main_sidespeaker_project_id_fkey; Type: FK CONSTRAINT; Schema: public; Owner: stas
--

ALTER TABLE ONLY main_sidespeaker
    ADD CONSTRAINT main_sidespeaker_project_id_fkey FOREIGN KEY (project_id) REFERENCES main_project(id) DEFERRABLE INITIALLY DEFERRED;


--
-- Name: main_sidespeaker_side_speaker_status_id_fkey; Type: FK CONSTRAINT; Schema: public; Owner: stas
--

ALTER TABLE ONLY main_sidespeaker
    ADD CONSTRAINT main_sidespeaker_side_speaker_status_id_fkey FOREIGN KEY (side_speaker_status_id) REFERENCES main_sidespeakerstatus(id) DEFERRABLE INITIALLY DEFERRED;


--
-- Name: main_sidespeaker_side_speaker_tonality_id_fkey; Type: FK CONSTRAINT; Schema: public; Owner: stas
--

ALTER TABLE ONLY main_sidespeaker
    ADD CONSTRAINT main_sidespeaker_side_speaker_tonality_id_fkey FOREIGN KEY (side_speaker_tonality_id) REFERENCES main_sidespeakertonality(id) DEFERRABLE INITIALLY DEFERRED;


--
-- Name: main_sidespeakerstatus_monitoring_pro_monitoringproduct_id_fkey; Type: FK CONSTRAINT; Schema: public; Owner: stas
--

ALTER TABLE ONLY main_sidespeakerstatus_monitoring_product
    ADD CONSTRAINT main_sidespeakerstatus_monitoring_pro_monitoringproduct_id_fkey FOREIGN KEY (monitoringproduct_id) REFERENCES monitoring_product_monitoringproduct(id) DEFERRABLE INITIALLY DEFERRED;


--
-- Name: main_sidespeakerstatus_project_id_fkey; Type: FK CONSTRAINT; Schema: public; Owner: stas
--

ALTER TABLE ONLY main_sidespeakerstatus
    ADD CONSTRAINT main_sidespeakerstatus_project_id_fkey FOREIGN KEY (project_id) REFERENCES main_project(id) DEFERRABLE INITIALLY DEFERRED;


--
-- Name: main_sidespeakertonality_monitoring_p_monitoringproduct_id_fkey; Type: FK CONSTRAINT; Schema: public; Owner: stas
--

ALTER TABLE ONLY main_sidespeakertonality_monitoring_product
    ADD CONSTRAINT main_sidespeakertonality_monitoring_p_monitoringproduct_id_fkey FOREIGN KEY (monitoringproduct_id) REFERENCES monitoring_product_monitoringproduct(id) DEFERRABLE INITIALLY DEFERRED;


--
-- Name: main_sidespeakertonality_project_id_fkey; Type: FK CONSTRAINT; Schema: public; Owner: stas
--

ALTER TABLE ONLY main_sidespeakertonality
    ADD CONSTRAINT main_sidespeakertonality_project_id_fkey FOREIGN KEY (project_id) REFERENCES main_project(id) DEFERRABLE INITIALLY DEFERRED;


--
-- Name: main_source_monitoring_product_monitoringproduct_id_fkey; Type: FK CONSTRAINT; Schema: public; Owner: stas
--

ALTER TABLE ONLY main_source_monitoring_product
    ADD CONSTRAINT main_source_monitoring_product_monitoringproduct_id_fkey FOREIGN KEY (monitoringproduct_id) REFERENCES monitoring_product_monitoringproduct(id) DEFERRABLE INITIALLY DEFERRED;


--
-- Name: main_source_project_id_fkey; Type: FK CONSTRAINT; Schema: public; Owner: stas
--

ALTER TABLE ONLY main_source
    ADD CONSTRAINT main_source_project_id_fkey FOREIGN KEY (project_id) REFERENCES main_project(id) DEFERRABLE INITIALLY DEFERRED;


--
-- Name: main_speaker_monitoring_product_monitoringproduct_id_fkey; Type: FK CONSTRAINT; Schema: public; Owner: stas
--

ALTER TABLE ONLY main_speaker_monitoring_product
    ADD CONSTRAINT main_speaker_monitoring_product_monitoringproduct_id_fkey FOREIGN KEY (monitoringproduct_id) REFERENCES monitoring_product_monitoringproduct(id) DEFERRABLE INITIALLY DEFERRED;


--
-- Name: main_speaker_project_id_fkey; Type: FK CONSTRAINT; Schema: public; Owner: stas
--

ALTER TABLE ONLY main_speaker
    ADD CONSTRAINT main_speaker_project_id_fkey FOREIGN KEY (project_id) REFERENCES main_project(id) DEFERRABLE INITIALLY DEFERRED;


--
-- Name: main_speaker_speaker_category_id_fkey; Type: FK CONSTRAINT; Schema: public; Owner: stas
--

ALTER TABLE ONLY main_speaker
    ADD CONSTRAINT main_speaker_speaker_category_id_fkey FOREIGN KEY (speaker_category_id) REFERENCES main_speakercategory(id) DEFERRABLE INITIALLY DEFERRED;


--
-- Name: main_speaker_speaker_level_id_fkey; Type: FK CONSTRAINT; Schema: public; Owner: stas
--

ALTER TABLE ONLY main_speaker
    ADD CONSTRAINT main_speaker_speaker_level_id_fkey FOREIGN KEY (speaker_level_id) REFERENCES main_speakerlevel(id) DEFERRABLE INITIALLY DEFERRED;


--
-- Name: main_speaker_speaker_quote_uniqueness_id_fkey; Type: FK CONSTRAINT; Schema: public; Owner: stas
--

ALTER TABLE ONLY main_speaker
    ADD CONSTRAINT main_speaker_speaker_quote_uniqueness_id_fkey FOREIGN KEY (speaker_quote_uniqueness_id) REFERENCES main_speakerquoteuniqueness(id) DEFERRABLE INITIALLY DEFERRED;


--
-- Name: main_speakercategory_monitoring_produ_monitoringproduct_id_fkey; Type: FK CONSTRAINT; Schema: public; Owner: stas
--

ALTER TABLE ONLY main_speakercategory_monitoring_product
    ADD CONSTRAINT main_speakercategory_monitoring_produ_monitoringproduct_id_fkey FOREIGN KEY (monitoringproduct_id) REFERENCES monitoring_product_monitoringproduct(id) DEFERRABLE INITIALLY DEFERRED;


--
-- Name: main_speakercategory_project_id_fkey; Type: FK CONSTRAINT; Schema: public; Owner: stas
--

ALTER TABLE ONLY main_speakercategory
    ADD CONSTRAINT main_speakercategory_project_id_fkey FOREIGN KEY (project_id) REFERENCES main_project(id) DEFERRABLE INITIALLY DEFERRED;


--
-- Name: main_speakerlevel_monitoring_product_monitoringproduct_id_fkey; Type: FK CONSTRAINT; Schema: public; Owner: stas
--

ALTER TABLE ONLY main_speakerlevel_monitoring_product
    ADD CONSTRAINT main_speakerlevel_monitoring_product_monitoringproduct_id_fkey FOREIGN KEY (monitoringproduct_id) REFERENCES monitoring_product_monitoringproduct(id) DEFERRABLE INITIALLY DEFERRED;


--
-- Name: main_speakerlevel_project_id_fkey; Type: FK CONSTRAINT; Schema: public; Owner: stas
--

ALTER TABLE ONLY main_speakerlevel
    ADD CONSTRAINT main_speakerlevel_project_id_fkey FOREIGN KEY (project_id) REFERENCES main_project(id) DEFERRABLE INITIALLY DEFERRED;


--
-- Name: main_speakerquote_monitoring_product_monitoringproduct_id_fkey; Type: FK CONSTRAINT; Schema: public; Owner: stas
--

ALTER TABLE ONLY main_speakerquote_monitoring_product
    ADD CONSTRAINT main_speakerquote_monitoring_product_monitoringproduct_id_fkey FOREIGN KEY (monitoringproduct_id) REFERENCES monitoring_product_monitoringproduct(id) DEFERRABLE INITIALLY DEFERRED;


--
-- Name: main_speakerquote_project_id_fkey; Type: FK CONSTRAINT; Schema: public; Owner: stas
--

ALTER TABLE ONLY main_speakerquote
    ADD CONSTRAINT main_speakerquote_project_id_fkey FOREIGN KEY (project_id) REFERENCES main_project(id) DEFERRABLE INITIALLY DEFERRED;


--
-- Name: main_speakerquoteuniqueness_monitorin_monitoringproduct_id_fkey; Type: FK CONSTRAINT; Schema: public; Owner: stas
--

ALTER TABLE ONLY main_speakerquoteuniqueness_monitoring_product
    ADD CONSTRAINT main_speakerquoteuniqueness_monitorin_monitoringproduct_id_fkey FOREIGN KEY (monitoringproduct_id) REFERENCES monitoring_product_monitoringproduct(id) DEFERRABLE INITIALLY DEFERRED;


--
-- Name: main_speakerquoteuniqueness_project_id_fkey; Type: FK CONSTRAINT; Schema: public; Owner: stas
--

ALTER TABLE ONLY main_speakerquoteuniqueness
    ADD CONSTRAINT main_speakerquoteuniqueness_project_id_fkey FOREIGN KEY (project_id) REFERENCES main_project(id) DEFERRABLE INITIALLY DEFERRED;


--
-- Name: main_speakerspeechhate_monitoring_pro_monitoringproduct_id_fkey; Type: FK CONSTRAINT; Schema: public; Owner: stas
--

ALTER TABLE ONLY main_speakerspeechhate_monitoring_product
    ADD CONSTRAINT main_speakerspeechhate_monitoring_pro_monitoringproduct_id_fkey FOREIGN KEY (monitoringproduct_id) REFERENCES monitoring_product_monitoringproduct(id) DEFERRABLE INITIALLY DEFERRED;


--
-- Name: main_speakerspeechhate_project_id_fkey; Type: FK CONSTRAINT; Schema: public; Owner: stas
--

ALTER TABLE ONLY main_speakerspeechhate
    ADD CONSTRAINT main_speakerspeechhate_project_id_fkey FOREIGN KEY (project_id) REFERENCES main_project(id) DEFERRABLE INITIALLY DEFERRED;


--
-- Name: main_statementspeaker_article_id_fkey; Type: FK CONSTRAINT; Schema: public; Owner: stas
--

ALTER TABLE ONLY main_statementspeaker
    ADD CONSTRAINT main_statementspeaker_article_id_fkey FOREIGN KEY (article_id) REFERENCES main_article(id) DEFERRABLE INITIALLY DEFERRED;


--
-- Name: main_statementspeaker_mentions_object_id_fkey; Type: FK CONSTRAINT; Schema: public; Owner: stas
--

ALTER TABLE ONLY main_statementspeaker
    ADD CONSTRAINT main_statementspeaker_mentions_object_id_fkey FOREIGN KEY (mentions_object_id) REFERENCES main_mentionsobject(id) DEFERRABLE INITIALLY DEFERRED;


--
-- Name: main_statementspeaker_monitoring_prod_monitoringproduct_id_fkey; Type: FK CONSTRAINT; Schema: public; Owner: stas
--

ALTER TABLE ONLY main_statementspeaker_monitoring_product
    ADD CONSTRAINT main_statementspeaker_monitoring_prod_monitoringproduct_id_fkey FOREIGN KEY (monitoringproduct_id) REFERENCES monitoring_product_monitoringproduct(id) DEFERRABLE INITIALLY DEFERRED;


--
-- Name: main_statementspeaker_project_id_fkey; Type: FK CONSTRAINT; Schema: public; Owner: stas
--

ALTER TABLE ONLY main_statementspeaker
    ADD CONSTRAINT main_statementspeaker_project_id_fkey FOREIGN KEY (project_id) REFERENCES main_project(id) DEFERRABLE INITIALLY DEFERRED;


--
-- Name: main_statementspeaker_speaker_id_fkey; Type: FK CONSTRAINT; Schema: public; Owner: stas
--

ALTER TABLE ONLY main_statementspeaker
    ADD CONSTRAINT main_statementspeaker_speaker_id_fkey FOREIGN KEY (speaker_id) REFERENCES main_speaker(id) DEFERRABLE INITIALLY DEFERRED;


--
-- Name: main_statementspeaker_speaker_speech_hate_id_fkey; Type: FK CONSTRAINT; Schema: public; Owner: stas
--

ALTER TABLE ONLY main_statementspeaker
    ADD CONSTRAINT main_statementspeaker_speaker_speech_hate_id_fkey FOREIGN KEY (speaker_speech_hate_id) REFERENCES main_speakerspeechhate(id) DEFERRABLE INITIALLY DEFERRED;


--
-- Name: main_tag_monitoring_product_monitoringproduct_id_fkey; Type: FK CONSTRAINT; Schema: public; Owner: stas
--

ALTER TABLE ONLY main_tag_monitoring_product
    ADD CONSTRAINT main_tag_monitoring_product_monitoringproduct_id_fkey FOREIGN KEY (monitoringproduct_id) REFERENCES monitoring_product_monitoringproduct(id) DEFERRABLE INITIALLY DEFERRED;


--
-- Name: main_tag_project_id_fkey; Type: FK CONSTRAINT; Schema: public; Owner: stas
--

ALTER TABLE ONLY main_tag
    ADD CONSTRAINT main_tag_project_id_fkey FOREIGN KEY (project_id) REFERENCES main_project(id) DEFERRABLE INITIALLY DEFERRED;


--
-- Name: main_technologies_monitoring_product_monitoringproduct_id_fkey; Type: FK CONSTRAINT; Schema: public; Owner: stas
--

ALTER TABLE ONLY main_technologies_monitoring_product
    ADD CONSTRAINT main_technologies_monitoring_product_monitoringproduct_id_fkey FOREIGN KEY (monitoringproduct_id) REFERENCES monitoring_product_monitoringproduct(id) DEFERRABLE INITIALLY DEFERRED;


--
-- Name: main_technologies_project_id_fkey; Type: FK CONSTRAINT; Schema: public; Owner: stas
--

ALTER TABLE ONLY main_technologies
    ADD CONSTRAINT main_technologies_project_id_fkey FOREIGN KEY (project_id) REFERENCES main_project(id) DEFERRABLE INITIALLY DEFERRED;


--
-- Name: main_thematiccategory_monitoring_prod_monitoringproduct_id_fkey; Type: FK CONSTRAINT; Schema: public; Owner: stas
--

ALTER TABLE ONLY main_thematiccategory_monitoring_product
    ADD CONSTRAINT main_thematiccategory_monitoring_prod_monitoringproduct_id_fkey FOREIGN KEY (monitoringproduct_id) REFERENCES monitoring_product_monitoringproduct(id) DEFERRABLE INITIALLY DEFERRED;


--
-- Name: main_thematiccategory_project_id_fkey; Type: FK CONSTRAINT; Schema: public; Owner: stas
--

ALTER TABLE ONLY main_thematiccategory
    ADD CONSTRAINT main_thematiccategory_project_id_fkey FOREIGN KEY (project_id) REFERENCES main_project(id) DEFERRABLE INITIALLY DEFERRED;


--
-- Name: main_thirdpartyspeakers_monitoring_pr_monitoringproduct_id_fkey; Type: FK CONSTRAINT; Schema: public; Owner: stas
--

ALTER TABLE ONLY main_thirdpartyspeakers_monitoring_product
    ADD CONSTRAINT main_thirdpartyspeakers_monitoring_pr_monitoringproduct_id_fkey FOREIGN KEY (monitoringproduct_id) REFERENCES monitoring_product_monitoringproduct(id) DEFERRABLE INITIALLY DEFERRED;


--
-- Name: main_thirdpartyspeakers_project_id_fkey; Type: FK CONSTRAINT; Schema: public; Owner: stas
--

ALTER TABLE ONLY main_thirdpartyspeakers
    ADD CONSTRAINT main_thirdpartyspeakers_project_id_fkey FOREIGN KEY (project_id) REFERENCES main_project(id) DEFERRABLE INITIALLY DEFERRED;


--
-- Name: main_url_monitoring_product_monitoringproduct_id_fkey; Type: FK CONSTRAINT; Schema: public; Owner: stas
--

ALTER TABLE ONLY main_url_monitoring_product
    ADD CONSTRAINT main_url_monitoring_product_monitoringproduct_id_fkey FOREIGN KEY (monitoringproduct_id) REFERENCES monitoring_product_monitoringproduct(id) DEFERRABLE INITIALLY DEFERRED;


--
-- Name: main_url_project_id_fkey; Type: FK CONSTRAINT; Schema: public; Owner: stas
--

ALTER TABLE ONLY main_url
    ADD CONSTRAINT main_url_project_id_fkey FOREIGN KEY (project_id) REFERENCES main_project(id) DEFERRABLE INITIALLY DEFERRED;


--
-- Name: main_visibility_monitoring_product_monitoringproduct_id_fkey; Type: FK CONSTRAINT; Schema: public; Owner: stas
--

ALTER TABLE ONLY main_visibility_monitoring_product
    ADD CONSTRAINT main_visibility_monitoring_product_monitoringproduct_id_fkey FOREIGN KEY (monitoringproduct_id) REFERENCES monitoring_product_monitoringproduct(id) DEFERRABLE INITIALLY DEFERRED;


--
-- Name: main_visibility_project_id_fkey; Type: FK CONSTRAINT; Schema: public; Owner: stas
--

ALTER TABLE ONLY main_visibility
    ADD CONSTRAINT main_visibility_project_id_fkey FOREIGN KEY (project_id) REFERENCES main_project(id) DEFERRABLE INITIALLY DEFERRED;


--
-- Name: main_visibilityspecial_monitoring_pro_monitoringproduct_id_fkey; Type: FK CONSTRAINT; Schema: public; Owner: stas
--

ALTER TABLE ONLY main_visibilityspecial_monitoring_product
    ADD CONSTRAINT main_visibilityspecial_monitoring_pro_monitoringproduct_id_fkey FOREIGN KEY (monitoringproduct_id) REFERENCES monitoring_product_monitoringproduct(id) DEFERRABLE INITIALLY DEFERRED;


--
-- Name: main_visibilityspecial_project_id_fkey; Type: FK CONSTRAINT; Schema: public; Owner: stas
--

ALTER TABLE ONLY main_visibilityspecial
    ADD CONSTRAINT main_visibilityspecial_project_id_fkey FOREIGN KEY (project_id) REFERENCES main_project(id) DEFERRABLE INITIALLY DEFERRED;


--
-- Name: main_week_monitoring_product_monitoringproduct_id_fkey; Type: FK CONSTRAINT; Schema: public; Owner: stas
--

ALTER TABLE ONLY main_week_monitoring_product
    ADD CONSTRAINT main_week_monitoring_product_monitoringproduct_id_fkey FOREIGN KEY (monitoringproduct_id) REFERENCES monitoring_product_monitoringproduct(id) DEFERRABLE INITIALLY DEFERRED;


--
-- Name: main_week_project_id_fkey; Type: FK CONSTRAINT; Schema: public; Owner: stas
--

ALTER TABLE ONLY main_week
    ADD CONSTRAINT main_week_project_id_fkey FOREIGN KEY (project_id) REFERENCES main_project(id) DEFERRABLE INITIALLY DEFERRED;


--
-- Name: maintonality_id_refs_id_65e0429c; Type: FK CONSTRAINT; Schema: public; Owner: stas
--

ALTER TABLE ONLY main_maintonality_monitoring_product
    ADD CONSTRAINT maintonality_id_refs_id_65e0429c FOREIGN KEY (maintonality_id) REFERENCES main_maintonality(id) DEFERRABLE INITIALLY DEFERRED;


--
-- Name: materialgenre_id_refs_id_7bcee9ff; Type: FK CONSTRAINT; Schema: public; Owner: stas
--

ALTER TABLE ONLY main_materialgenre_monitoring_product
    ADD CONSTRAINT materialgenre_id_refs_id_7bcee9ff FOREIGN KEY (materialgenre_id) REFERENCES main_materialgenre(id) DEFERRABLE INITIALLY DEFERRED;


--
-- Name: materialreason_id_refs_id_d5a9180c; Type: FK CONSTRAINT; Schema: public; Owner: stas
--

ALTER TABLE ONLY main_materialreason_monitoring_product
    ADD CONSTRAINT materialreason_id_refs_id_d5a9180c FOREIGN KEY (materialreason_id) REFERENCES main_materialreason(id) DEFERRABLE INITIALLY DEFERRED;


--
-- Name: mediacategory_id_refs_id_76bbb18e; Type: FK CONSTRAINT; Schema: public; Owner: stas
--

ALTER TABLE ONLY main_mediacategory_monitoring_product
    ADD CONSTRAINT mediacategory_id_refs_id_76bbb18e FOREIGN KEY (mediacategory_id) REFERENCES main_mediacategory(id) DEFERRABLE INITIALLY DEFERRED;


--
-- Name: mediacategoryspecial_id_refs_id_f41c1dce; Type: FK CONSTRAINT; Schema: public; Owner: stas
--

ALTER TABLE ONLY main_mediacategoryspecial_monitoring_product
    ADD CONSTRAINT mediacategoryspecial_id_refs_id_f41c1dce FOREIGN KEY (mediacategoryspecial_id) REFERENCES main_mediacategoryspecial(id) DEFERRABLE INITIALLY DEFERRED;


--
-- Name: medialevel_id_refs_id_f6b47d3c; Type: FK CONSTRAINT; Schema: public; Owner: stas
--

ALTER TABLE ONLY main_medialevel_monitoring_product
    ADD CONSTRAINT medialevel_id_refs_id_f6b47d3c FOREIGN KEY (medialevel_id) REFERENCES main_medialevel(id) DEFERRABLE INITIALLY DEFERRED;


--
-- Name: medialist_id_refs_id_8bb95c82; Type: FK CONSTRAINT; Schema: public; Owner: stas
--

ALTER TABLE ONLY main_medialist_monitoring_product
    ADD CONSTRAINT medialist_id_refs_id_8bb95c82 FOREIGN KEY (medialist_id) REFERENCES main_medialist(id) DEFERRABLE INITIALLY DEFERRED;


--
-- Name: medialistspecial_id_refs_id_669452f5; Type: FK CONSTRAINT; Schema: public; Owner: stas
--

ALTER TABLE ONLY main_medialistspecial_monitoring_product
    ADD CONSTRAINT medialistspecial_id_refs_id_669452f5 FOREIGN KEY (medialistspecial_id) REFERENCES main_medialistspecial(id) DEFERRABLE INITIALLY DEFERRED;


--
-- Name: mediatype_id_refs_id_5bc8fa02; Type: FK CONSTRAINT; Schema: public; Owner: stas
--

ALTER TABLE ONLY main_mediatype_monitoring_product
    ADD CONSTRAINT mediatype_id_refs_id_5bc8fa02 FOREIGN KEY (mediatype_id) REFERENCES main_mediatype(id) DEFERRABLE INITIALLY DEFERRED;


--
-- Name: mediatypespecial_id_refs_id_d34d2c17; Type: FK CONSTRAINT; Schema: public; Owner: stas
--

ALTER TABLE ONLY main_mediatypespecial_monitoring_product
    ADD CONSTRAINT mediatypespecial_id_refs_id_d34d2c17 FOREIGN KEY (mediatypespecial_id) REFERENCES main_mediatypespecial(id) DEFERRABLE INITIALLY DEFERRED;


--
-- Name: mediaview_id_refs_id_89c95504; Type: FK CONSTRAINT; Schema: public; Owner: stas
--

ALTER TABLE ONLY main_mediaview_monitoring_product
    ADD CONSTRAINT mediaview_id_refs_id_89c95504 FOREIGN KEY (mediaview_id) REFERENCES main_mediaview(id) DEFERRABLE INITIALLY DEFERRED;


--
-- Name: mentionproduct_id_refs_id_ec65bb3a; Type: FK CONSTRAINT; Schema: public; Owner: stas
--

ALTER TABLE ONLY main_mentionproduct_monitoring_product
    ADD CONSTRAINT mentionproduct_id_refs_id_ec65bb3a FOREIGN KEY (mentionproduct_id) REFERENCES main_mentionproduct(id) DEFERRABLE INITIALLY DEFERRED;


--
-- Name: mentionproductvalue_id_refs_id_8336da62; Type: FK CONSTRAINT; Schema: public; Owner: stas
--

ALTER TABLE ONLY main_mentionproductvalue_monitoring_product
    ADD CONSTRAINT mentionproductvalue_id_refs_id_8336da62 FOREIGN KEY (mentionproductvalue_id) REFERENCES main_mentionproductvalue(id) DEFERRABLE INITIALLY DEFERRED;


--
-- Name: mentionsobject_id_refs_id_84389d17; Type: FK CONSTRAINT; Schema: public; Owner: stas
--

ALTER TABLE ONLY main_mentionsobject_monitoring_product
    ADD CONSTRAINT mentionsobject_id_refs_id_84389d17 FOREIGN KEY (mentionsobject_id) REFERENCES main_mentionsobject(id) DEFERRABLE INITIALLY DEFERRED;


--
-- Name: mentionsobject_id_refs_id_a2272be4; Type: FK CONSTRAINT; Schema: public; Owner: stas
--

ALTER TABLE ONLY main_mentionsobject_technologies
    ADD CONSTRAINT mentionsobject_id_refs_id_a2272be4 FOREIGN KEY (mentionsobject_id) REFERENCES main_mentionsobject(id) DEFERRABLE INITIALLY DEFERRED;


--
-- Name: monitoring_product_constructorwidget_monitoring_product_id_fkey; Type: FK CONSTRAINT; Schema: public; Owner: stas
--

ALTER TABLE ONLY monitoring_product_constructorwidget
    ADD CONSTRAINT monitoring_product_constructorwidget_monitoring_product_id_fkey FOREIGN KEY (monitoring_product_id) REFERENCES monitoring_product_monitoringproduct(id) DEFERRABLE INITIALLY DEFERRED;


--
-- Name: monitoring_product_monitoring_monitoring_product_mention_i_fkey; Type: FK CONSTRAINT; Schema: public; Owner: stas
--

ALTER TABLE ONLY monitoring_product_monitoringproductmentionword
    ADD CONSTRAINT monitoring_product_monitoring_monitoring_product_mention_i_fkey FOREIGN KEY (monitoring_product_mention_id) REFERENCES monitoring_product_monitoringproductmention(id) DEFERRABLE INITIALLY DEFERRED;


--
-- Name: monitoring_product_monitoringp_user_id_1f2febfc_fk_auth_user_id; Type: FK CONSTRAINT; Schema: public; Owner: stas
--

ALTER TABLE ONLY monitoring_product_monitoringproductsetting
    ADD CONSTRAINT monitoring_product_monitoringp_user_id_1f2febfc_fk_auth_user_id FOREIGN KEY (user_id) REFERENCES auth_user(id) DEFERRABLE INITIALLY DEFERRED;


--
-- Name: monitoring_product_monitoringproduc_monitoring_product_id_fkey1; Type: FK CONSTRAINT; Schema: public; Owner: stas
--

ALTER TABLE ONLY monitoring_product_monitoringproductcategory
    ADD CONSTRAINT monitoring_product_monitoringproduc_monitoring_product_id_fkey1 FOREIGN KEY (monitoring_product_id) REFERENCES monitoring_product_monitoringproduct(id) DEFERRABLE INITIALLY DEFERRED;


--
-- Name: monitoring_product_monitoringproduct_monitoring_product_id_fkey; Type: FK CONSTRAINT; Schema: public; Owner: stas
--

ALTER TABLE ONLY monitoring_product_monitoringproductmention
    ADD CONSTRAINT monitoring_product_monitoringproduct_monitoring_product_id_fkey FOREIGN KEY (monitoring_product_id) REFERENCES monitoring_product_monitoringproduct(id) DEFERRABLE INITIALLY DEFERRED;


--
-- Name: month_id_refs_id_93681a73; Type: FK CONSTRAINT; Schema: public; Owner: stas
--

ALTER TABLE ONLY main_month_monitoring_product
    ADD CONSTRAINT month_id_refs_id_93681a73 FOREIGN KEY (month_id) REFERENCES main_month(id) DEFERRABLE INITIALLY DEFERRED;


--
-- Name: objectrole_id_refs_id_c5bf1757; Type: FK CONSTRAINT; Schema: public; Owner: stas
--

ALTER TABLE ONLY main_objectrole_monitoring_product
    ADD CONSTRAINT objectrole_id_refs_id_c5bf1757 FOREIGN KEY (objectrole_id) REFERENCES main_objectrole(id) DEFERRABLE INITIALLY DEFERRED;


--
-- Name: parent_id_refs_id_2c331f40; Type: FK CONSTRAINT; Schema: public; Owner: stas
--

ALTER TABLE ONLY main_category
    ADD CONSTRAINT parent_id_refs_id_2c331f40 FOREIGN KEY (parent_id) REFERENCES main_category(id) DEFERRABLE INITIALLY DEFERRED;


--
-- Name: penetration_id_refs_id_4e1e82b9; Type: FK CONSTRAINT; Schema: public; Owner: stas
--

ALTER TABLE ONLY main_penetration_monitoring_product
    ADD CONSTRAINT penetration_id_refs_id_4e1e82b9 FOREIGN KEY (penetration_id) REFERENCES main_penetration(id) DEFERRABLE INITIALLY DEFERRED;


--
-- Name: product_id_refs_id_920e0d72; Type: FK CONSTRAINT; Schema: public; Owner: stas
--

ALTER TABLE ONLY main_product_monitoring_product
    ADD CONSTRAINT product_id_refs_id_920e0d72 FOREIGN KEY (product_id) REFERENCES main_product(id) DEFERRABLE INITIALLY DEFERRED;


--
-- Name: region_id_refs_id_268d64f8; Type: FK CONSTRAINT; Schema: public; Owner: stas
--

ALTER TABLE ONLY main_region_monitoring_product
    ADD CONSTRAINT region_id_refs_id_268d64f8 FOREIGN KEY (region_id) REFERENCES main_region(id) DEFERRABLE INITIALLY DEFERRED;


--
-- Name: sidespeaker_id_refs_id_c2258c77; Type: FK CONSTRAINT; Schema: public; Owner: stas
--

ALTER TABLE ONLY main_sidespeaker_monitoring_product
    ADD CONSTRAINT sidespeaker_id_refs_id_c2258c77 FOREIGN KEY (sidespeaker_id) REFERENCES main_sidespeaker(id) DEFERRABLE INITIALLY DEFERRED;


--
-- Name: sidespeakerstatus_id_refs_id_a92b9065; Type: FK CONSTRAINT; Schema: public; Owner: stas
--

ALTER TABLE ONLY main_sidespeakerstatus_monitoring_product
    ADD CONSTRAINT sidespeakerstatus_id_refs_id_a92b9065 FOREIGN KEY (sidespeakerstatus_id) REFERENCES main_sidespeakerstatus(id) DEFERRABLE INITIALLY DEFERRED;


--
-- Name: sidespeakertonality_id_refs_id_32bd5857; Type: FK CONSTRAINT; Schema: public; Owner: stas
--

ALTER TABLE ONLY main_sidespeakertonality_monitoring_product
    ADD CONSTRAINT sidespeakertonality_id_refs_id_32bd5857 FOREIGN KEY (sidespeakertonality_id) REFERENCES main_sidespeakertonality(id) DEFERRABLE INITIALLY DEFERRED;


--
-- Name: source_id_refs_id_42c52c44; Type: FK CONSTRAINT; Schema: public; Owner: stas
--

ALTER TABLE ONLY main_source_monitoring_product
    ADD CONSTRAINT source_id_refs_id_42c52c44 FOREIGN KEY (source_id) REFERENCES main_source(id) DEFERRABLE INITIALLY DEFERRED;


--
-- Name: speaker_id_refs_id_20912867; Type: FK CONSTRAINT; Schema: public; Owner: stas
--

ALTER TABLE ONLY main_speaker_monitoring_product
    ADD CONSTRAINT speaker_id_refs_id_20912867 FOREIGN KEY (speaker_id) REFERENCES main_speaker(id) DEFERRABLE INITIALLY DEFERRED;


--
-- Name: speakercategory_id_refs_id_73e5bb69; Type: FK CONSTRAINT; Schema: public; Owner: stas
--

ALTER TABLE ONLY main_speakercategory_monitoring_product
    ADD CONSTRAINT speakercategory_id_refs_id_73e5bb69 FOREIGN KEY (speakercategory_id) REFERENCES main_speakercategory(id) DEFERRABLE INITIALLY DEFERRED;


--
-- Name: speakerlevel_id_refs_id_3fc25044; Type: FK CONSTRAINT; Schema: public; Owner: stas
--

ALTER TABLE ONLY main_speakerlevel_monitoring_product
    ADD CONSTRAINT speakerlevel_id_refs_id_3fc25044 FOREIGN KEY (speakerlevel_id) REFERENCES main_speakerlevel(id) DEFERRABLE INITIALLY DEFERRED;


--
-- Name: speakerquote_id_refs_id_cee1240c; Type: FK CONSTRAINT; Schema: public; Owner: stas
--

ALTER TABLE ONLY main_speakerquote_monitoring_product
    ADD CONSTRAINT speakerquote_id_refs_id_cee1240c FOREIGN KEY (speakerquote_id) REFERENCES main_speakerquote(id) DEFERRABLE INITIALLY DEFERRED;


--
-- Name: speakerquoteuniqueness_id_refs_id_0fcbf2a1; Type: FK CONSTRAINT; Schema: public; Owner: stas
--

ALTER TABLE ONLY main_speakerquoteuniqueness_monitoring_product
    ADD CONSTRAINT speakerquoteuniqueness_id_refs_id_0fcbf2a1 FOREIGN KEY (speakerquoteuniqueness_id) REFERENCES main_speakerquoteuniqueness(id) DEFERRABLE INITIALLY DEFERRED;


--
-- Name: speakerspeechhate_id_refs_id_4a6e2999; Type: FK CONSTRAINT; Schema: public; Owner: stas
--

ALTER TABLE ONLY main_speakerspeechhate_monitoring_product
    ADD CONSTRAINT speakerspeechhate_id_refs_id_4a6e2999 FOREIGN KEY (speakerspeechhate_id) REFERENCES main_speakerspeechhate(id) DEFERRABLE INITIALLY DEFERRED;


--
-- Name: statementspeaker_id_refs_id_a37c4b6b; Type: FK CONSTRAINT; Schema: public; Owner: stas
--

ALTER TABLE ONLY main_statementspeaker_monitoring_product
    ADD CONSTRAINT statementspeaker_id_refs_id_a37c4b6b FOREIGN KEY (statementspeaker_id) REFERENCES main_statementspeaker(id) DEFERRABLE INITIALLY DEFERRED;


--
-- Name: tag_id_refs_id_693b0dd7; Type: FK CONSTRAINT; Schema: public; Owner: stas
--

ALTER TABLE ONLY main_tag_monitoring_product
    ADD CONSTRAINT tag_id_refs_id_693b0dd7 FOREIGN KEY (tag_id) REFERENCES main_tag(id) DEFERRABLE INITIALLY DEFERRED;


--
-- Name: technologies_id_refs_id_904aa87f; Type: FK CONSTRAINT; Schema: public; Owner: stas
--

ALTER TABLE ONLY main_technologies_monitoring_product
    ADD CONSTRAINT technologies_id_refs_id_904aa87f FOREIGN KEY (technologies_id) REFERENCES main_technologies(id) DEFERRABLE INITIALLY DEFERRED;


--
-- Name: thematiccategory_id_refs_id_835ab9ba; Type: FK CONSTRAINT; Schema: public; Owner: stas
--

ALTER TABLE ONLY main_thematiccategory_monitoring_product
    ADD CONSTRAINT thematiccategory_id_refs_id_835ab9ba FOREIGN KEY (thematiccategory_id) REFERENCES main_thematiccategory(id) DEFERRABLE INITIALLY DEFERRED;


--
-- Name: thirdpartyspeakers_id_refs_id_27a862d6; Type: FK CONSTRAINT; Schema: public; Owner: stas
--

ALTER TABLE ONLY main_thirdpartyspeakers_monitoring_product
    ADD CONSTRAINT thirdpartyspeakers_id_refs_id_27a862d6 FOREIGN KEY (thirdpartyspeakers_id) REFERENCES main_thirdpartyspeakers(id) DEFERRABLE INITIALLY DEFERRED;


--
-- Name: url_id_refs_id_9aac4767; Type: FK CONSTRAINT; Schema: public; Owner: stas
--

ALTER TABLE ONLY main_url_monitoring_product
    ADD CONSTRAINT url_id_refs_id_9aac4767 FOREIGN KEY (url_id) REFERENCES main_url(id) DEFERRABLE INITIALLY DEFERRED;


--
-- Name: user_id_2dfe46213955a1b4_fk_custom_user_customuser_user_ptr_id; Type: FK CONSTRAINT; Schema: public; Owner: stas
--

ALTER TABLE ONLY custom_user_productrating
    ADD CONSTRAINT user_id_2dfe46213955a1b4_fk_custom_user_customuser_user_ptr_id FOREIGN KEY (user_id) REFERENCES custom_user_customuser(user_ptr_id) DEFERRABLE INITIALLY DEFERRED;


--
-- Name: user_id_refs_id_40c41112; Type: FK CONSTRAINT; Schema: public; Owner: stas
--

ALTER TABLE ONLY auth_user_groups
    ADD CONSTRAINT user_id_refs_id_40c41112 FOREIGN KEY (user_id) REFERENCES auth_user(id) DEFERRABLE INITIALLY DEFERRED;


--
-- Name: user_id_refs_id_4dc23c39; Type: FK CONSTRAINT; Schema: public; Owner: stas
--

ALTER TABLE ONLY auth_user_user_permissions
    ADD CONSTRAINT user_id_refs_id_4dc23c39 FOREIGN KEY (user_id) REFERENCES auth_user(id) DEFERRABLE INITIALLY DEFERRED;


--
-- Name: visibility_id_refs_id_ce4c1b8d; Type: FK CONSTRAINT; Schema: public; Owner: stas
--

ALTER TABLE ONLY main_visibility_monitoring_product
    ADD CONSTRAINT visibility_id_refs_id_ce4c1b8d FOREIGN KEY (visibility_id) REFERENCES main_visibility(id) DEFERRABLE INITIALLY DEFERRED;


--
-- Name: visibilityspecial_id_refs_id_52f6d148; Type: FK CONSTRAINT; Schema: public; Owner: stas
--

ALTER TABLE ONLY main_visibilityspecial_monitoring_product
    ADD CONSTRAINT visibilityspecial_id_refs_id_52f6d148 FOREIGN KEY (visibilityspecial_id) REFERENCES main_visibilityspecial(id) DEFERRABLE INITIALLY DEFERRED;


--
-- Name: week_id_refs_id_e4bc5821; Type: FK CONSTRAINT; Schema: public; Owner: stas
--

ALTER TABLE ONLY main_week_monitoring_product
    ADD CONSTRAINT week_id_refs_id_e4bc5821 FOREIGN KEY (week_id) REFERENCES main_week(id) DEFERRABLE INITIALLY DEFERRED;


--
-- Name: public; Type: ACL; Schema: -; Owner: postgres
--

REVOKE ALL ON SCHEMA public FROM PUBLIC;
REVOKE ALL ON SCHEMA public FROM postgres;
GRANT ALL ON SCHEMA public TO postgres;
GRANT ALL ON SCHEMA public TO PUBLIC;


--
-- PostgreSQL database dump complete
--

